date,ticker,open,high,low,close,adjClose,volume,return
2020-01-02,DIS,145.2899932861328,148.1999969482422,145.10000610351562,148.1999969482422,143.6892547607422,9502100,
2020-01-03,DIS,146.39999389648438,147.89999389648438,146.0500030517578,146.5,142.04100036621094,7320200,-0.011470964876780565
2020-01-06,DIS,145.5399932861328,146.02999877929688,144.30999755859375,145.64999389648438,141.2168731689453,8262500,-0.005802037405684635
2020-01-07,DIS,145.99000549316406,146.8699951171875,145.4199981689453,145.6999969482422,141.26535034179688,6906500,0.0003432817323010262
2020-01-08,DIS,145.49000549316406,146.1300048828125,144.82000732421875,145.39999389648438,140.97447204589844,6984200,-0.0020590915974415536
2020-01-09,DIS,146.47000122070312,146.6300048828125,144.61000061035156,144.8300018310547,140.42184448242188,6664200,-0.003920054144956442
2020-01-10,DIS,145.3000030517578,145.5,144.25999450683594,144.6199951171875,140.2182159423828,5152500,-0.0014501201062385727
2020-01-13,DIS,144.75,144.75,143.36000061035156,143.8800048828125,139.50076293945312,9921300,-0.005116688998699659
2020-01-14,DIS,143.41000366210938,146.72000122070312,142.2899932861328,145.1999969482422,140.7805633544922,14839100,0.009174146349253398
2020-01-15,DIS,145.7100067138672,145.7100067138672,143.92999267578125,144.32000732421875,139.9273681640625,6818200,-0.006060461544547868
2020-01-16,DIS,145.08999633789062,145.42999267578125,144.44000244140625,145.1199951171875,140.70301818847656,6948400,0.005543233140100412
2020-01-17,DIS,145.5399932861328,145.63999938964844,144.00999450683594,144.3300018310547,139.93707275390625,10355300,-0.0054437029456205765
2020-01-21,DIS,144.24000549316406,144.58999633789062,143.00999450683594,143.55999755859375,139.19049072265625,9250200,-0.00533512682920656
2020-01-22,DIS,144.4499969482422,144.7899932861328,143.5399932861328,144.00999450683594,139.62680053710938,7550000,0.0031346237245652997
2020-01-23,DIS,143.60000610351562,143.61000061035156,140.64999389648438,142.1999969482422,137.87188720703125,11082000,-0.012568599461761032
2020-01-24,DIS,141.39999389648438,142.25,139.1999969482422,140.0800018310547,135.81642150878906,13076300,-0.014908519349964733
2020-01-27,DIS,135.86000061035156,137.72999572753906,135.0,135.89999389648438,131.76364135742188,12831800,-0.029840133515113387
2020-01-28,DIS,136.5,138.92999267578125,135.86000061035156,138.3699951171875,134.15846252441406,10390000,0.01817512890749584
2020-01-29,DIS,138.60000610351562,138.67999267578125,135.7899932861328,136.05999755859375,131.91876220703125,9382700,-0.016694439361029767
2020-01-30,DIS,135.08999633789062,137.85000610351562,134.8300018310547,137.80999755859375,133.61550903320312,11847300,0.012862058419779832
2020-01-31,DIS,138.39999389648438,138.6699981689453,137.05999755859375,138.30999755859375,134.1002655029297,12379100,0.0036279955316123047
2020-02-03,DIS,139.7899932861328,141.82000732421875,139.75,141.32000732421875,137.0186767578125,12639900,0.0217629043755998
2020-02-04,DIS,145.49000549316406,145.58999633789062,143.25,144.72999572753906,140.3248748779297,23519700,0.0241295434925346
2020-02-05,DIS,146.60000610351562,147.3000030517578,138.57000732421875,141.3699951171875,137.06712341308594,27824100,-0.023215780293249555
2020-02-06,DIS,141.9199981689453,143.9499969482422,141.22000122070312,142.6999969482422,138.35665893554688,9504600,0.009408058550806508
2020-02-07,DIS,141.88999938964844,141.99000549316406,140.1199951171875,141.02000427246094,136.72779846191406,10948900,-0.011772909856052616
2020-02-10,DIS,141.02999877929688,142.58999633789062,140.4600067138672,142.58999633789062,138.25001525878906,8162100,0.011133191743001758
2020-02-11,DIS,142.85000610351562,142.99000549316406,140.4600067138672,141.00999450683594,136.7180938720703,10790100,-0.011080804467552219
2020-02-12,DIS,141.33999633789062,142.22000122070312,140.8699951171875,141.85000610351562,137.53256225585938,8168200,0.0059572830539254
2020-02-13,DIS,141.1699981689453,141.89999389648438,140.82000732421875,140.89999389648438,136.61146545410156,7543100,-0.006697299800495604
2020-02-14,DIS,141.10000610351562,141.27999877929688,139.1300048828125,139.5399932861328,135.2928466796875,9110500,-0.009652328741448835
2020-02-18,DIS,139.02000427246094,139.66000366210938,138.10000610351562,139.13999938964844,134.90499877929688,8214900,-0.0028667288028085824
2020-02-19,DIS,139.6300048828125,141.8699951171875,139.22999572753906,141.3000030517578,136.999267578125,7080900,0.01552402666897712
2020-02-20,DIS,141.6300048828125,141.6300048828125,138.85000610351562,140.3699951171875,136.09759521484375,5981700,-0.006581585283053193
2020-02-21,DIS,139.86000061035156,139.8800048828125,138.5800018310547,138.97000122070312,134.74017333984375,7725800,-0.009973885819636763
2020-02-24,DIS,132.89999389648438,134.44000244140625,131.2100067138672,133.00999450683594,128.96157836914062,19336500,-0.042886949210969694
2020-02-25,DIS,133.75,133.94000244140625,127.9800033569336,128.19000244140625,124.2883071899414,21032500,-0.03623770147898164
2020-02-26,DIS,126.12000274658203,128.3699951171875,122.12999725341797,123.36000061035156,119.6053237915039,31195900,-0.03767839070557788
2020-02-27,DIS,119.80999755859375,122.9000015258789,117.91999816894531,118.04000091552734,114.44723510742188,30827500,-0.04312591212974448
2020-02-28,DIS,114.51000213623047,118.30999755859375,113.20999908447266,117.6500015258789,114.06910705566406,35389900,-0.0033039509552406088
2020-03-02,DIS,119.12999725341797,119.9800033569336,116.02999877929688,119.9800033569336,116.32818603515625,21775900,0.01980447675802166
2020-03-03,DIS,121.1500015258789,121.77999877929688,115.1500015258789,116.44999694824219,112.90562438964844,19529700,-0.029421602469357322
2020-03-04,DIS,118.95999908447266,119.23999786376953,115.4800033569336,119.18000030517578,115.55253601074219,13842100,0.023443576308997738
2020-03-05,DIS,116.86000061035156,116.95999908447266,112.11000061035156,113.9800033569336,110.51081848144531,22397200,-0.04363138796735866
2020-03-06,DIS,110.76000213623047,115.87000274658203,110.31999969482422,115.2699966430664,111.76154327392578,22899600,0.01131766834837511
2020-03-09,DIS,108.69000244140625,110.43000030517578,104.27999877929688,104.3499984741211,101.17391204833984,26233600,-0.09473411797505171
2020-03-10,DIS,108.0999984741211,111.58000183105469,102.43000030517578,111.45999908447266,108.06752014160156,24083700,0.06813622161776278
2020-03-11,DIS,108.41999816894531,108.9000015258789,102.86000061035156,105.51000213623047,102.29861450195312,24771300,-0.05338241899221341
2020-03-12,DIS,97.62000274658203,100.0,91.63999938964844,91.80999755859375,89.01559448242188,40392900,-0.12984555151797916
2020-03-13,DIS,100.77999877929688,102.87000274658203,92.25,102.5199966430664,99.39961242675781,40960100,0.11665391895334132
2020-03-16,DIS,91.80000305175781,98.27999877929688,90.0,95.01000213623047,92.11819458007812,35379500,-0.07325398629743118
2020-03-17,DIS,95.80000305175781,97.45999908447266,91.1500015258789,93.52999877929688,90.68323516845703,27526200,-0.015577372289615199
2020-03-18,DIS,87.58999633789062,89.33999633789062,79.06999969482422,88.80000305175781,86.09721374511719,43592500,-0.05057187709305533
2020-03-19,DIS,88.0,97.4000015258789,85.11000061035156,94.93000030517578,92.04063415527344,30866800,0.06903150696317772
2020-03-20,DIS,95.98999786376953,96.98999786376953,85.83999633789062,85.9800033569336,83.36304473876953,31957800,-0.09427998292433237
2020-03-23,DIS,84.48999786376953,87.27999877929688,81.08999633789062,85.76000213623047,83.14974212646484,32246600,-0.0025587190699800644
2020-03-24,DIS,92.33000183105469,99.16999816894531,91.80000305175781,98.12000274658203,95.133544921875,32538100,0.14412315046249513
2020-03-25,DIS,100.66000366210938,105.91999816894531,95.51000213623047,100.7300033569336,97.66410064697266,28533000,0.02660003605642758
2020-03-26,DIS,100.83000183105469,107.7300033569336,100.80000305175781,105.36000061035156,102.15318298339844,24520300,0.04596450800947327
2020-03-27,DIS,100.44999694824219,101.48999786376953,95.54000091552734,96.4000015258789,93.46588897705078,30591500,-0.08504183376997154
2020-03-30,DIS,96.0,100.45999908447266,92.0999984741211,99.80000305175781,96.76239776611328,23119200,0.03526964569792845
2020-03-31,DIS,100.22000122070312,103.16000366210938,96.16000366210938,96.5999984741211,93.65979766845703,21563200,-0.032064109295385834
2020-04-01,DIS,93.5,97.4000015258789,92.55999755859375,94.91999816894531,92.03093719482422,18303900,-0.01739124484764276
2020-04-02,DIS,94.19999694824219,97.26000213623047,94.19999694824219,96.97000122070312,94.01854705810547,13936500,0.021597192464460013
2020-04-03,DIS,96.30999755859375,96.91999816894531,92.70999908447266,93.87999725341797,91.02259063720703,14814600,-0.03186558944637674
2020-04-06,DIS,97.26000213623047,100.19000244140625,94.5199966430664,99.58000183105469,96.5490951538086,20407400,0.06071574625500187
2020-04-07,DIS,104.86000061035156,105.88999938964844,100.25,101.23999786376953,98.1585693359375,22899600,0.016670007932906294
2020-04-08,DIS,100.52999877929688,102.3499984741211,98.6500015258789,101.06999969482422,97.99374389648438,22562500,-0.001679175242347175
2020-04-09,DIS,107.91999816894531,107.98999786376953,103.52999877929688,104.5,101.31935119628906,31453600,0.03393693482430571
2020-04-13,DIS,104.70999908447266,104.87000274658203,99.61000061035156,103.5,100.34980010986328,17306000,-0.009569258734665964
2020-04-14,DIS,105.5,107.63999938964844,103.9000015258789,106.02999877929688,102.80278015136719,19866900,0.024444294246908083
2020-04-15,DIS,104.38999938964844,104.87999725341797,102.69999694824219,103.37000274658203,100.22374725341797,14157600,-0.025087190192248143
2020-04-16,DIS,103.52999877929688,103.72000122070312,100.88999938964844,102.0199966430664,98.91482543945312,18029300,-0.013059996755611314
2020-04-17,DIS,106.20999908447266,106.79000091552734,104.3499984741211,106.62999725341797,103.38451385498047,17926900,0.045187244638704716
2020-04-20,DIS,103.58000183105469,104.86000061035156,102.0,102.26000213623047,99.14752197265625,17021000,-0.04098284863308954
2020-04-21,DIS,100.01000213623047,101.51000213623047,99.12999725341797,100.54000091552734,97.4798812866211,16101400,-0.016819791890462676
2020-04-22,DIS,101.80000305175781,102.62999725341797,100.88999938964844,100.98999786376953,97.91617584228516,11463800,0.004475739505480414
2020-04-23,DIS,100.6500015258789,102.52999877929688,99.45999908447266,101.0,97.92589569091797,17132200,9.92670368220594e-05
2020-04-24,DIS,101.77999877929688,101.91999816894531,99.5199966430664,101.19000244140625,98.110107421875,13614100,0.0018811339907316427
2020-04-27,DIS,102.0,106.5199966430664,101.61000061035156,106.05999755859375,102.83186340332031,15518300,0.048127110503932924
2020-04-28,DIS,108.79000091552734,110.05999755859375,105.9800033569336,106.20999908447266,102.97731018066406,16503700,0.001414413514741808
2020-04-29,DIS,109.94000244140625,112.69999694824219,108.55999755859375,112.25,108.8334732055664,20139800,0.05686847922739724
2020-04-30,DIS,109.44000244140625,110.30999755859375,106.86000061035156,108.1500015258789,104.85826110839844,18638700,-0.036525638483111966
2020-05-01,DIS,106.36000061035156,106.91000366210938,104.47000122070312,105.5,102.28890991210938,13209100,-0.02450308796970191
2020-05-04,DIS,102.01000213623047,103.83000183105469,100.55000305175781,103.18000030517578,100.03953552246094,19514800,-0.02199040337394531
2020-05-05,DIS,101.51000213623047,105.18000030517578,100.9000015258789,101.05999755859375,97.98405456542969,30169800,-0.020546686330523367
2020-05-06,DIS,101.4800033569336,105.2699966430664,98.86000061035156,100.87999725341797,97.80952453613281,51992400,-0.0017812084840838072
2020-05-07,DIS,101.8499984741211,105.61000061035156,101.83000183105469,105.56999969482422,102.3567886352539,20868800,0.04649101527368371
2020-05-08,DIS,109.05000305175781,109.18000030517578,106.62999725341797,109.16000366210938,105.83751678466797,24079700,0.03400583582020689
2020-05-11,DIS,108.4000015258789,108.80999755859375,106.41000366210938,107.7699966430664,104.48981475830078,20555900,-0.012733689029280182
2020-05-12,DIS,109.05999755859375,109.44000244140625,104.48999786376953,104.55999755859375,101.37752532958984,17049700,-0.02978557705274998
2020-05-13,DIS,104.5,104.54000091552734,101.5999984741211,102.91999816894531,99.78744506835938,21085800,-0.015684741327635865
2020-05-14,DIS,101.9800033569336,105.91999816894531,99.66000366210938,105.91000366210938,102.68643188476562,22002200,0.029051618812570013
2020-05-15,DIS,104.9800033569336,109.37999725341797,104.2699966430664,109.05000305175781,105.73086547851562,29766000,0.029647866206574003
2020-05-18,DIS,114.47000122070312,119.77999877929688,114.47000122070312,116.8499984741211,113.29344177246094,40044600,0.07152666593353496
2020-05-19,DIS,115.0999984741211,116.47000122070312,113.41999816894531,114.37000274658203,110.8889389038086,20332600,-0.021223672182910325
2020-05-20,DIS,116.41999816894531,120.87000274658203,116.04000091552734,119.91999816894531,116.27002716064453,25749900,0.04852682612017589
2020-05-21,DIS,119.33999633789062,120.30000305175781,116.5,117.83000183105469,114.24363708496094,17578300,-0.01742830998812639
2020-05-22,DIS,117.5,118.56999969482422,116.83000183105469,118.0199966430664,114.42784118652344,9288200,0.0016123795273210728
2020-05-26,DIS,121.05000305175781,122.51000213623047,120.43000030517578,120.94999694824219,117.26866912841797,16466400,0.02482637015989697
2020-05-27,DIS,123.68000030517578,123.77999877929688,119.70999908447266,121.52999877929688,117.83100891113281,19345400,0.004795311372546074
2020-05-28,DIS,121.5999984741211,121.9800033569336,116.0,116.75,113.19650268554688,18606000,-0.03933180466171893
2020-05-29,DIS,116.19000244140625,117.75,114.12000274658203,117.30000305175781,113.72976684570312,17745100,0.004710959680774174
2020-06-01,DIS,117.26000213623047,119.6500015258789,116.93000030517578,118.7699966430664,115.15501403808594,10538300,0.012531874740554505
2020-06-02,DIS,119.0,119.8499984741211,117.83000183105469,118.75,115.13563537597656,10753100,-0.00016828326817763806
2020-06-03,DIS,119.98999786376953,122.44999694824219,119.31999969482422,122.18000030517578,118.46123504638672,12584300,0.02888419088973082
2020-06-04,DIS,121.94999694824219,124.5,121.8499984741211,123.69000244140625,119.92527770996094,14195100,0.012358833360136101
2020-06-05,DIS,126.30999755859375,127.81999969482422,124.27999877929688,124.81999969482422,121.0208740234375,16581600,0.009135657922979767
2020-06-08,DIS,125.0999984741211,127.44000244140625,123.94000244140625,127.27999877929688,123.40599060058594,13858100,0.019708307318012874
2020-06-09,DIS,125.62999725341797,125.79000091552734,123.51000213623047,123.88999938964844,120.11917877197266,10882800,-0.0266341351227537
2020-06-10,DIS,124.0199966430664,124.0999984741211,120.93000030517578,122.18000030517578,118.46123504638672,11497100,-0.01380248968179576
2020-06-11,DIS,117.5999984741211,118.0,112.25,112.63999938964844,109.21160125732422,26078800,-0.07808152418333769
2020-06-12,DIS,115.16999816894531,117.0,112.88999938964844,115.48999786376953,111.974853515625,18361900,0.02530181982947033
2020-06-15,DIS,112.08000183105469,118.12000274658203,111.70999908447266,117.08000183105469,113.5164566040039,14156400,0.01376740437676749
2020-06-16,DIS,121.23999786376953,121.5,116.05000305175781,118.44000244140625,114.8350601196289,12951200,0.011615967896398294
2020-06-17,DIS,118.63999938964844,119.2300033569336,117.13999938964844,117.6500015258789,114.06910705566406,8921600,-0.006670027978971871
2020-06-18,DIS,116.87999725341797,118.52999877929688,115.93000030517578,118.37000274658203,114.76720428466797,9577300,0.0061199499761424025
2020-06-19,DIS,119.9800033569336,120.12000274658203,114.3499984741211,114.3499984741211,110.86953735351562,23496300,-0.03396150455564462
2020-06-22,DIS,114.19000244140625,116.19000244140625,113.11000061035156,115.91999816894531,112.39176177978516,12868000,0.013729870824803925
2020-06-23,DIS,116.95999908447266,117.44999694824219,115.97000122070312,116.58999633789062,113.04136657714844,10187600,0.005779825737015187
2020-06-24,DIS,115.8499984741211,116.0,110.02999877929688,112.06999969482422,108.65894317626953,22252500,-0.03876831582611828
2020-06-25,DIS,108.98999786376953,111.51000213623047,108.5,111.36000061035156,107.9705581665039,17240400,-0.006335281658766956
2020-06-26,DIS,110.94999694824219,111.19999694824219,108.0199966430664,109.0999984741211,105.77934265136719,15270900,-0.02029456504019911
2020-06-29,DIS,109.0,111.56999969482422,108.0999984741211,111.5199966430664,108.12568664550781,12584300,0.022181495321575317
2020-06-30,DIS,111.5,112.05000305175781,109.93000030517578,111.51000213623047,108.11599731445312,10565900,-8.961174125488025e-05
2020-07-01,DIS,112.81999969482422,115.5999984741211,112.29000091552734,113.01000213623047,109.57034301757812,11930900,0.013451716112788281
2020-07-02,DIS,115.0,115.0999984741211,112.0,112.18000030517578,108.76559448242188,10312000,-0.0073445835158802986
2020-07-06,DIS,113.83000183105469,114.52999877929688,112.9000015258789,114.43000030517578,110.94711303710938,11933400,0.020057064599045216
2020-07-07,DIS,113.62999725341797,115.08000183105469,112.61000061035156,113.62999725341797,110.17146301269531,10836500,-0.006991169064080371
2020-07-08,DIS,113.4800033569336,117.12999725341797,112.80999755859375,116.66000366210938,113.10924530029297,13629500,0.02666554666029186
2020-07-09,DIS,116.51000213623047,117.8499984741211,115.37999725341797,116.80999755859375,113.25468444824219,13582900,0.0012858290015382856
2020-07-10,DIS,116.83000183105469,119.44000244140625,116.20999908447266,119.33999633789062,115.7076644897461,14207900,0.021658972019165557
2020-07-13,DIS,119.94000244140625,120.12999725341797,115.88999938964844,116.22000122070312,112.68263244628906,15620200,-0.02614374818467713
2020-07-14,DIS,115.2300033569336,119.08000183105469,114.54000091552734,118.66000366210938,115.04837036132812,12425100,0.020994698683195034
2020-07-15,DIS,121.62999725341797,122.08999633789062,119.69999694824219,120.9000015258789,117.2201919555664,15314200,0.01887746508201138
2020-07-16,DIS,117.72000122070312,119.98999786376953,117.5999984741211,119.43000030517578,115.79492950439453,10210100,-0.01215884761314956
2020-07-17,DIS,118.9000015258789,119.55999755859375,117.05999755859375,118.6500015258789,115.03866577148438,9843500,-0.006531060868960159
2020-07-20,DIS,118.05000305175781,118.48999786376953,116.81999969482422,117.79000091552734,114.2048568725586,8947900,-0.007248075187016534
2020-07-21,DIS,118.05000305175781,120.38999938964844,117.66000366210938,118.62000274658203,115.00959014892578,8946300,0.0070464015139495295
2020-07-22,DIS,118.19000244140625,119.30000305175781,117.93000030517578,119.02999877929688,115.4071044921875,7063300,0.003456358228448364
2020-07-23,DIS,118.86000061035156,119.3499984741211,117.01000213623047,118.12000274658203,114.5248031616211,7255800,-0.00764512145459928
2020-07-24,DIS,115.69999694824219,118.20999908447266,115.52999877929688,117.61000061035156,114.03031921386719,8233300,-0.004317701791253681
2020-07-27,DIS,117.19999694824219,117.41999816894531,115.68000030517578,116.30999755859375,112.76988983154297,9413000,-0.011053458334710498
2020-07-28,DIS,115.45999908447266,116.83999633789062,114.68000030517578,116.18000030517578,112.64385986328125,6821100,-0.001117585274313826
2020-07-29,DIS,116.22000122070312,116.70999908447266,115.11000061035156,115.61000061035156,112.09120178222656,9496500,-0.004906242397281657
2020-07-30,DIS,114.91000366210938,116.29000091552734,113.37000274658203,115.66000366210938,112.13969421386719,9713500,0.00043261585984999407
2020-07-31,DIS,115.22000122070312,117.05000305175781,114.12000274658203,116.94000244140625,113.38072204589844,9601000,0.01106680235514479
2020-08-03,DIS,116.16999816894531,117.12000274658203,115.3499984741211,116.3499984741211,112.80867004394531,10229200,-0.005045407999091367
2020-08-04,DIS,115.95999908447266,118.3499984741211,115.76000213623047,117.29000091552734,113.72007751464844,17293900,0.008079232476972509
2020-08-05,DIS,123.37000274658203,130.30999755859375,123.27999877929688,127.61000061035156,123.7259521484375,53000200,0.08798687841643615
2020-08-06,DIS,126.95999908447266,131.6300048828125,125.61000061035156,130.82000732421875,126.83826446533203,27238000,0.025154886770728524
2020-08-07,DIS,130.22000122070312,131.94000244140625,128.66000366210938,129.92999267578125,125.97532653808594,16088600,-0.006803451079086309
2020-08-10,DIS,129.75,131.32000732421875,128.49000549316406,128.7899932861328,124.87003326416016,8529200,-0.008773886953105992
2020-08-11,DIS,130.52999877929688,132.75999450683594,130.0,130.49000549316406,126.518310546875,13885700,0.013199942689435806
2020-08-12,DIS,130.6699981689453,133.0,130.49000549316406,131.7899932861328,127.77873229980469,12204200,0.009962366296874414
2020-08-13,DIS,130.63999938964844,132.35000610351562,130.4499969482422,130.9600067138672,126.97399139404297,6468600,-0.006297925259373893
2020-08-14,DIS,130.00999450683594,131.0800018310547,129.74000549316406,130.52999877929688,126.55707550048828,6507600,-0.0032834747413811316
2020-08-17,DIS,130.10000610351562,130.13999938964844,128.5399932861328,129.3699951171875,125.4323959350586,7492200,-0.008886737947933598
2020-08-18,DIS,129.44000244140625,129.58999633789062,128.36000061035156,128.9199981689453,124.99607849121094,6714600,-0.0034785068131326646
2020-08-19,DIS,129.25,130.22000122070312,127.43000030517578,127.7699966430664,123.8810806274414,7624200,-0.00892026275726665
2020-08-20,DIS,126.80000305175781,128.4499969482422,126.52999877929688,128.1199951171875,124.2204360961914,4918100,0.002739364776535691
2020-08-21,DIS,127.72000122070312,128.30999755859375,127.2300033569336,127.44000244140625,123.56112670898438,6064700,-0.005307575854076818
2020-08-24,DIS,128.14999389648438,130.8800048828125,127.93000030517578,130.69000244140625,126.71220397949219,7613600,0.02550217333263194
2020-08-25,DIS,130.8300018310547,131.08999633789062,129.30999755859375,129.7899932861328,125.839599609375,5494400,-0.0068865061352607615
2020-08-26,DIS,130.0,132.60000610351562,129.52000427246094,132.17999267578125,128.15684509277344,8447800,0.01841427889624181
2020-08-27,DIS,133.0,136.36000061035156,132.82000732421875,133.72999572753906,129.65968322753906,13667600,0.011726553768374393
2020-08-28,DIS,134.5,136.8000030517578,133.5800018310547,135.5399932861328,131.41458129882812,11020100,0.01353464722113662
2020-08-31,DIS,135.25,135.5399932861328,131.25,131.8699951171875,127.85628509521484,11617500,-0.02707687509593737
2020-09-01,DIS,131.9199981689453,133.61000061035156,130.88999938964844,133.5500030517578,129.4851837158203,7351200,0.012740074681447444
2020-09-02,DIS,133.6300048828125,135.9199981689453,133.25999450683594,135.38999938964844,131.2691650390625,8187800,0.013777493857192846
2020-09-03,DIS,135.24000549316406,137.24000549316406,132.02000427246094,133.24000549316406,129.1846160888672,12079200,-0.01587995893456773
2020-09-04,DIS,133.75,134.8800048828125,129.4199981689453,131.99000549316406,127.97264862060547,11248300,-0.0093816702402707
2020-09-08,DIS,131.99000549316406,137.13999938964844,130.86000061035156,134.1999969482422,130.11538696289062,17257300,0.016743721141832646
2020-09-09,DIS,134.27999877929688,135.5500030517578,132.25999450683594,133.36000061035156,129.3009490966797,8891800,-0.006259350913226158
2020-09-10,DIS,133.5800018310547,136.75,132.74000549316406,133.22000122070312,129.1652069091797,9853400,-0.0010498158632888943
2020-09-11,DIS,133.74000549316406,133.74000549316406,131.08999633789062,131.75,127.73994445800781,7165300,-0.011034414648319557
2020-09-14,DIS,132.52999877929688,132.92999267578125,130.89999389648438,131.25,127.25518798828125,8391900,-0.003794869895891617
2020-09-15,DIS,131.4600067138672,132.5399932861328,131.00999450683594,131.24000549316406,127.24549102783203,7289100,-7.62009046744172e-05
2020-09-16,DIS,132.1699981689453,133.6199951171875,131.39999389648438,132.08999633789062,128.06959533691406,6601000,0.006476491248729399
2020-09-17,DIS,130.5500030517578,131.77000427246094,128.60000610351562,130.22000122070312,126.25651550292969,6723500,-0.014156988856056651
2020-09-18,DIS,129.5,130.7899932861328,128.1199951171875,128.6300048828125,124.71491241455078,9916300,-0.012210087394207703
2020-09-21,DIS,125.9800033569336,126.88999938964844,123.58999633789062,125.41000366210938,121.5929183959961,10352700,-0.025033045031352952
2020-09-22,DIS,125.26000213623047,127.47000122070312,124.69999694824219,127.20999908447266,123.33814239501953,6978800,0.01435300691887087
2020-09-23,DIS,127.06999969482422,127.30000305175781,122.9000015258789,123.27999877929688,119.52774810791016,8323600,-0.030893884187956133
2020-09-24,DIS,121.93000030517578,123.80000305175781,120.77999877929688,122.48999786376953,118.76178741455078,8480000,-0.006408224914166927
2020-09-25,DIS,121.36000061035156,124.19000244140625,120.9800033569336,124.0,120.22583770751953,6851800,0.01232762090265882
2020-09-28,DIS,125.75,126.86000061035156,125.37000274658203,125.98999786376953,122.15526580810547,6283700,0.016048364788938008
2020-09-29,DIS,125.91999816894531,126.29000091552734,123.68000030517578,125.4000015258789,121.5832290649414,7405800,-0.004682866017930665
2020-09-30,DIS,123.23999786376953,125.55000305175781,123.23999786376953,124.08000183105469,120.30340576171875,13642500,-0.0105263144684129
2020-10-01,DIS,124.94000244140625,125.47000122070312,122.41999816894531,123.30999755859375,119.55683135986328,8908300,-0.006205762813849103
2020-10-02,DIS,121.98999786376953,123.68000030517578,121.69000244140625,122.55000305175781,118.8199691772461,6490200,-0.006163279623890738
2020-10-05,DIS,123.26000213623047,123.5999984741211,122.33000183105469,123.37000274658203,119.6150131225586,5919200,0.006691164379335257
2020-10-06,DIS,123.12999725341797,124.19000244140625,120.61000061035156,120.93000030517578,117.24928283691406,9052000,-0.019777870886663607
2020-10-07,DIS,121.94999694824219,123.30999755859375,120.93000030517578,122.91000366210938,119.16901397705078,10187800,0.016373073623033862
2020-10-08,DIS,123.58000183105469,123.75,122.41999816894531,123.08999633789062,119.3435287475586,7404600,0.001464430766721092
2020-10-09,DIS,123.8499984741211,125.55000305175781,123.33000183105469,124.9800033569336,121.17601013183594,11502200,0.015354677404867845
2020-10-12,DIS,124.9000015258789,125.94000244140625,123.7300033569336,124.97000122070312,121.16630554199219,10958200,-8.00867253608617e-05
2020-10-13,DIS,129.8000030517578,131.36000061035156,127.9000015258789,128.9600067138672,125.03486633300781,22389000,0.031927694532824624
2020-10-14,DIS,129.13999938964844,129.5,125.29000091552734,126.58999633789062,122.73699951171875,11531500,-0.018377808436001453
2020-10-15,DIS,125.0,127.4000015258789,124.43000030517578,127.36000061035156,123.48355865478516,7744000,0.006082592421490007
2020-10-16,DIS,127.80999755859375,128.1199951171875,126.33000183105469,126.80999755859375,122.95030212402344,6291700,-0.0043184415526321684
2020-10-19,DIS,127.37000274658203,127.4000015258789,123.70999908447266,124.2300033569336,120.44883728027344,6576900,-0.020345333037300684
2020-10-20,DIS,124.58000183105469,125.7300033569336,123.63999938964844,124.94999694824219,121.14691925048828,6161200,0.0057956721374610165
2020-10-21,DIS,124.36000061035156,127.55999755859375,123.83999633789062,126.62999725341797,122.77578735351562,6591500,0.0134453943451871
2020-10-22,DIS,126.66999816894531,128.10000610351562,125.97000122070312,127.55999755859375,123.67748260498047,5177700,0.0073442432820123305
2020-10-23,DIS,128.10000610351562,128.5,126.3499984741211,128.35000610351562,124.44343566894531,5439900,0.006193148888801847
2020-10-26,DIS,127.11000061035156,127.11000061035156,122.94999694824219,124.05999755859375,120.28400421142578,8578900,-0.03342427372854595
2020-10-27,DIS,124.02999877929688,124.61000061035156,123.02999877929688,123.30999755859375,119.55683135986328,6813800,-0.0060454659481100625
2020-10-28,DIS,121.01000213623047,121.52999877929688,118.31999969482422,118.47000122070312,114.86415100097656,11654700,-0.03925062504175825
2020-10-29,DIS,118.16000366210938,122.62999725341797,117.2300033569336,121.54000091552734,117.84070587158203,9583700,0.025913697569402316
2020-10-30,DIS,120.63999938964844,121.75,119.08999633789062,121.25,117.55953216552734,8090200,-0.0023860490649224575
2020-11-02,DIS,122.23999786376953,122.93000030517578,119.80999755859375,120.12999725341797,116.47361755371094,9186000,-0.009237146421163023
2020-11-03,DIS,121.61000061035156,125.06999969482422,121.37000274658203,124.0199966430664,120.24522399902344,8144900,0.032381637357260296
2020-11-04,DIS,123.58000183105469,126.86000061035156,123.41000366210938,125.06999969482422,121.26327514648438,7483000,0.008466458072956096
2020-11-05,DIS,126.77999877929688,128.6199951171875,125.80000305175781,126.95999908447266,123.09574127197266,7654800,0.015111468194098254
2020-11-06,DIS,126.26000213623047,128.0399932861328,124.61000061035156,127.45999908447266,123.58052825927734,6259700,0.003938292115513331
2020-11-09,DIS,140.25999450683594,147.67999267578125,138.07000732421875,142.58999633789062,138.25001525878906,35634700,0.11870387031146601
2020-11-10,DIS,139.97000122070312,142.3699951171875,137.6699981689453,142.11000061035156,137.78460693359375,18115400,-0.003366425127144579
2020-11-11,DIS,141.47000122070312,142.0,136.6199951171875,137.82000732421875,133.62521362304688,9600900,-0.03018764870121904
2020-11-12,DIS,136.33999633789062,138.49000549316406,134.10000610351562,135.52000427246094,131.3952178955078,13768200,-0.016688435266639323
2020-11-13,DIS,140.89999389648438,141.19000244140625,136.52000427246094,138.36000061035156,134.14877319335938,21062300,0.020956282442800456
2020-11-16,DIS,141.57000732421875,144.74000549316406,141.57000732421875,144.6699981689453,140.26669311523438,16382500,0.04560548543412146
2020-11-17,DIS,144.39999389648438,144.8300018310547,142.55999755859375,144.5,140.10186767578125,9354900,-0.0011750860863150026
2020-11-18,DIS,144.5,145.47999572753906,143.35000610351562,143.89999389648438,139.5201416015625,9456200,-0.004152165020133491
2020-11-19,DIS,142.57000732421875,143.3000030517578,141.6999969482422,141.72000122070312,137.40650939941406,8892500,-0.015149298000173284
2020-11-20,DIS,141.7100067138672,142.61000061035156,140.86000061035156,141.07000732421875,136.77627563476562,8481600,-0.0045866368878964
2020-11-23,DIS,142.4499969482422,147.75,141.6999969482422,145.97999572753906,141.53683471679688,12887000,0.034805444584142586
2020-11-24,DIS,148.16000366210938,151.86000061035156,147.85000610351562,151.49000549316406,146.87911987304688,16711700,0.03774483982872345
2020-11-25,DIS,150.27000427246094,150.27000427246094,147.24000549316406,149.08999633789062,144.55218505859375,9552000,-0.01584251605309439
2020-11-27,DIS,149.0,150.35000610351562,146.52999877929688,147.1300048828125,142.65185546875,5306400,-0.013146322133238297
2020-11-30,DIS,147.05999755859375,148.69000244140625,146.2899932861328,148.00999450683594,143.5050506591797,9710100,0.005980961044117494
2020-12-01,DIS,149.57000732421875,151.39999389648438,149.0,149.44000244140625,144.89151000976562,8825500,0.009661397589961762
2020-12-02,DIS,149.49000549316406,154.00999450683594,148.33999633789062,153.61000061035156,148.93458557128906,10601900,0.027904157816085462
2020-12-03,DIS,153.4499969482422,154.44000244140625,152.1300048828125,153.24000549316406,148.57586669921875,9063200,-0.0024085666246985715
2020-12-04,DIS,153.69000244140625,154.67999267578125,152.80999755859375,154.13999938964844,149.44845581054688,6033300,0.0058730205026811255
2020-12-07,DIS,153.17999267578125,153.8800048828125,152.25999450683594,153.67999267578125,149.00247192382812,6815500,-0.0029841986944589838
2020-12-08,DIS,152.4199981689453,154.8800048828125,152.25,153.72000122070312,149.04124450683594,7900600,0.00026021436092449335
2020-12-09,DIS,156.2899932861328,157.4600067138672,153.88999938964844,154.42999267578125,149.72962951660156,10804300,0.004618755110663786
2020-12-10,DIS,153.32000732421875,155.33999633789062,152.5,154.69000244140625,149.98171997070312,8993200,0.0016836377336633124
2020-12-11,DIS,169.67999267578125,179.4499969482422,165.3300018310547,175.72000122070312,170.37164306640625,87410700,0.13594938836336867
2020-12-14,DIS,173.8000030517578,177.3000030517578,168.80999755859375,169.3000030517578,164.1470489501953,30939400,-0.03653538819124236
2020-12-15,DIS,170.49000549316406,174.47000122070312,167.82000732421875,173.94000244140625,168.64581298828125,18802600,0.02740691390346539
2020-12-16,DIS,173.99000549316406,174.85000610351562,171.6199951171875,173.1199951171875,167.85079956054688,11105800,-0.004714101190224196
2020-12-17,DIS,173.82000732421875,174.83999633789062,171.9600067138672,173.5500030517578,168.26768493652344,9004600,0.0024836663100087364
2020-12-18,DIS,173.60000610351562,175.83999633789062,172.27999877929688,172.88999938964844,167.62779235839844,21172100,-0.0038028251138439995
2020-12-21,DIS,170.08999633789062,171.94000244140625,168.19000244140625,170.69000244140625,165.49473571777344,11424200,-0.012724958138590758
2020-12-22,DIS,170.0,171.4499969482422,169.16000366210938,170.4499969482422,165.26205444335938,6419200,-0.0014059738722497217
2020-12-23,DIS,172.9600067138672,175.9499969482422,172.3000030517578,173.5500030517578,168.26768493652344,9994000,0.01818705753893557
2020-12-24,DIS,173.99000549316406,174.5800018310547,172.3800048828125,173.72999572753906,168.4422149658203,2721000,0.001037216559808929
2020-12-28,DIS,175.75,179.9199981689453,175.0500030517578,178.86000061035156,173.41607666015625,13145400,0.029528593502200273
2020-12-29,DIS,180.00999450683594,180.1999969482422,176.22000122070312,177.3000030517578,171.903564453125,6875400,-0.008721868445884184
2020-12-30,DIS,178.5,183.39999389648438,178.3699951171875,181.1699981689453,175.65577697753906,11680400,0.021827427117936393
2020-12-31,DIS,181.22000122070312,183.39999389648438,180.27000427246094,181.17999267578125,175.66546630859375,7073500,5.516090174428889e-05
2021-01-04,DIS,182.25999450683594,182.58999633789062,174.72999572753906,177.67999267578125,172.27195739746094,13426600,-0.01931801954273349
2021-01-05,DIS,176.1999969482422,180.33999633789062,176.1999969482422,178.44000244140625,173.00885009765625,7771800,0.0042774965312268876
2021-01-06,DIS,178.32000732421875,181.61000061035156,177.27999877929688,179.1199951171875,173.66815185546875,7517800,0.0038107978721340086
2021-01-07,DIS,179.5,179.9499969482422,177.5800018310547,178.5800018310547,173.14459228515625,7300800,-0.003014712627034899
2021-01-08,DIS,178.80999755859375,180.02000427246094,176.60000610351562,178.69000244140625,173.25125122070312,7894500,0.0006160107811581383
2021-01-11,DIS,177.75,181.25999450683594,177.35000610351562,179.08999633789062,173.63906860351562,6461300,0.0022384680057430106
2021-01-12,DIS,177.3000030517578,178.32000732421875,174.86000061035156,175.99000549316406,170.63343811035156,8349800,-0.017309644179369976
2021-01-13,DIS,174.39999389648438,177.72999572753906,173.74000549316406,176.1199951171875,170.7594451904297,6839500,0.0007384665132084134
2021-01-14,DIS,177.00999450683594,178.35000610351562,173.39999389648438,173.42999267578125,168.15135192871094,8951200,-0.015273493415314254
2021-01-15,DIS,172.9499969482422,174.19000244140625,170.1699981689453,171.44000244140625,166.22190856933594,12232500,-0.011474444524198657
2021-01-19,DIS,172.10000610351562,173.7100067138672,171.44000244140625,172.25999450683594,167.01695251464844,7834700,0.004783027412904817
2021-01-20,DIS,175.22000122070312,177.8800048828125,173.0,173.63999938964844,168.35494995117188,9809200,0.008011147469632274
2021-01-21,DIS,173.24000549316406,175.0,171.02000427246094,171.27999877929688,166.0667724609375,8416400,-0.013591388259733495
2021-01-22,DIS,174.0,175.25,171.88999938964844,172.77999877929688,167.52113342285156,9517200,0.008757687888804933
2021-01-25,DIS,171.88999938964844,173.11000061035156,168.77000427246094,171.88999938964844,166.658203125,7833700,-0.0051511727518782635
2021-01-26,DIS,173.0,173.35000610351562,169.0500030517578,169.55999755859375,164.3991241455078,7523200,-0.013555162225034834
2021-01-27,DIS,165.00999450683594,166.33999633789062,160.52000427246094,163.02999877929688,158.06788635253906,18239200,-0.03851138396190623
2021-01-28,DIS,166.1699981689453,172.8800048828125,165.9499969482422,171.8800048828125,166.6485137939453,14449100,0.05428444473704719
2021-01-29,DIS,168.8000030517578,169.80999755859375,165.7899932861328,168.1699981689453,163.0514373779297,12848800,-0.02158480945388619
2021-02-01,DIS,170.83999633789062,171.72999572753906,168.02999877929688,170.97000122070312,165.76622009277344,8140400,0.016649854539774855
2021-02-02,DIS,173.77000427246094,179.75999450683594,172.8000030517578,176.9600067138672,171.5738983154297,12215200,0.03503535412345116
2021-02-03,DIS,177.0,178.42999267578125,175.75999450683594,176.42999267578125,171.0600128173828,5508600,-0.0029951263163707775
2021-02-04,DIS,177.58999633789062,181.3800048828125,176.49000549316406,180.22999572753906,174.74436950683594,9035400,0.021538386609303073
2021-02-05,DIS,181.7100067138672,182.32000732421875,179.3300018310547,181.16000366210938,175.6460723876953,6640500,0.005160125521664449
2021-02-08,DIS,183.85000610351562,190.63999938964844,183.3000030517578,190.0,184.2169952392578,16085700,0.04879655283520545
2021-02-09,DIS,188.1699981689453,189.25,186.0399932861328,188.2100067138672,182.48146057128906,11270800,-0.009421143069425653
2021-02-10,DIS,189.97999572753906,190.6999969482422,185.80999755859375,189.6300048828125,183.8582763671875,11464600,0.007544962603806882
2021-02-11,DIS,189.17999267578125,191.25,188.07000732421875,190.91000366210938,185.0993194580078,17507900,0.006749998506141663
2021-02-12,DIS,193.0,193.85000610351562,186.55999755859375,187.6699981689453,181.9579315185547,27233800,-0.01697136406903854
2021-02-16,DIS,187.3000030517578,188.44000244140625,184.86000061035156,186.35000610351562,180.67811584472656,11630700,-0.007033580032193454
2021-02-17,DIS,185.36000061035156,187.6300048828125,182.16000366210938,186.44000244140625,180.76536560058594,11391800,0.0004829016256420182
2021-02-18,DIS,184.7899932861328,186.39999389648438,182.83999633789062,183.0,177.43006896972656,12380900,-0.018450971621571277
2021-02-19,DIS,184.27000427246094,184.77999877929688,182.7899932861328,183.64999389648438,178.06028747558594,8834500,0.0035519261730485585
2021-02-22,DIS,181.74000549316406,194.02000427246094,181.52999877929688,191.75999450683594,185.92343139648438,18799600,0.044160009131607
2021-02-23,DIS,193.58999633789062,198.94000244140625,188.66000366210938,197.08999633789062,191.09121704101562,23191400,0.027795235951249664
2021-02-24,DIS,197.5800018310547,200.60000610351562,195.3300018310547,197.50999450683594,191.4984130859375,16205900,0.0021308987991555117
2021-02-25,DIS,197.72999572753906,197.9600067138672,190.3800048828125,190.97999572753906,185.1671600341797,12712000,-0.03306164761227848
2021-02-26,DIS,190.07000732421875,191.61000061035156,185.4499969482422,189.0399932861328,183.28622436523438,15844000,-0.010158041353543035
2021-03-01,DIS,193.22999572753906,196.89999389648438,191.38999938964844,194.97999572753906,189.04542541503906,10709900,0.03142189801634143
2021-03-02,DIS,196.10000610351562,197.9600067138672,193.49000549316406,193.94000244140625,188.03709411621094,8371400,-0.005333804278069065
2021-03-03,DIS,194.6300048828125,196.80999755859375,192.2100067138672,192.25999450683594,186.40821838378906,8750300,-0.008662523424315394
2021-03-04,DIS,189.89999389648438,192.47999572753906,184.1199951171875,188.02999877929688,182.30694580078125,12542600,-0.02200156526663355
2021-03-05,DIS,189.14999389648438,190.57000732421875,183.33999633789062,189.99000549316406,184.20730590820312,10266400,0.01042395888469616
2021-03-08,DIS,197.30999755859375,203.02000427246094,193.7899932861328,201.91000366210938,195.76451110839844,25093200,0.06274021078162151
2021-03-09,DIS,200.19000244140625,201.6999969482422,194.3699951171875,194.50999450683594,188.5897216796875,23331000,-0.036650102656952566
2021-03-10,DIS,197.30999755859375,198.8000030517578,194.67999267578125,195.05999755859375,189.1230010986328,13662100,0.0028277226043689208
2021-03-11,DIS,197.3800048828125,199.0500030517578,195.39999389648438,196.75,190.76156616210938,11933900,0.008664017882319852
2021-03-12,DIS,196.52999877929688,198.41000366210938,195.17999267578125,197.16000366210938,191.15907287597656,13249100,0.002083788269642284
2021-03-15,DIS,198.5399932861328,198.5399932861328,194.80999755859375,196.75999450683594,190.771240234375,10311400,-0.0020288476804508626
2021-03-16,DIS,196.10000610351562,196.58999633789062,192.8800048828125,194.24000549316406,188.32797241210938,9680700,-0.012807317388427664
2021-03-17,DIS,193.44000244140625,196.19000244140625,191.77999877929688,195.24000549316406,189.29751586914062,14418700,0.005148164898784335
2021-03-18,DIS,194.9499969482422,195.0800018310547,191.74000549316406,192.27999877929688,186.42759704589844,9644500,-0.015160890041611141
2021-03-19,DIS,190.9199981689453,194.0,189.75999450683594,191.13999938964844,185.32229614257812,28354600,-0.0059288480934943655
2021-03-22,DIS,193.25999450683594,196.3300018310547,192.0,192.86000061035156,186.9899444580078,8838500,0.008998638318978625
2021-03-23,DIS,191.58999633789062,192.33999633789062,187.97000122070312,188.72999572753906,182.98565673828125,10701200,-0.021414454832493934
2021-03-24,DIS,190.05999755859375,190.5,184.63999938964844,184.72000122070312,179.09768676757812,13549100,-0.02124740288395377
2021-03-25,DIS,181.85000610351562,187.7100067138672,181.00999450683594,186.91000366210938,181.22105407714844,9609200,0.01185591700202071
2021-03-26,DIS,188.8300018310547,188.97999572753906,182.57000732421875,185.9199981689453,180.26116943359375,10196100,-0.0052967611762485545
2021-03-29,DIS,185.24000549316406,185.94000244140625,183.14999389648438,184.85000610351562,179.22373962402344,7544700,-0.005755148559337897
2021-03-30,DIS,183.8300018310547,186.32000732421875,183.55999755859375,185.52999877929688,179.88307189941406,5929700,0.0036788222183834485
2021-03-31,DIS,185.8300018310547,186.89999389648438,184.4199981689453,184.52000427246094,178.90380859375,8478000,-0.005443888050853607
2021-04-01,DIS,186.42999267578125,189.10000610351562,185.58999633789062,188.97000122070312,183.2183380126953,7749400,0.024116476070907167
2021-04-05,DIS,191.47000122070312,191.6699981689453,188.08999633789062,188.5,182.76266479492188,7405300,-0.002487050274093572
2021-04-06,DIS,188.5,191.27999877929688,187.8699951171875,189.72999572753906,183.9552001953125,7926200,0.006525049313155673
2021-04-07,DIS,189.8000030517578,190.3300018310547,186.9499969482422,187.55999755859375,181.8512725830078,6238700,-0.011437173888375396
2021-04-08,DIS,187.1999969482422,188.0500030517578,185.6300048828125,187.32000732421875,181.61859130859375,7763000,-0.0012795141387192954
2021-04-09,DIS,188.1699981689453,188.22000122070312,186.14999389648438,187.88999938964844,182.17123413085938,6089300,0.0030428758327203376
2021-04-12,DIS,187.75,187.85000610351562,185.47999572753906,186.49000549316406,180.81385803222656,6662500,-0.007451100087831453
2021-04-13,DIS,185.58999633789062,186.44000244140625,184.60000610351562,185.49000549316406,179.8442840576172,6826500,-0.00536227690267288
2021-04-14,DIS,185.97000122070312,190.39999389648438,185.7100067138672,187.4600067138672,181.75433349609375,9089900,0.010620573506048281
2021-04-15,DIS,188.08999633789062,188.89999389648438,185.6999969482422,185.92999267578125,180.27085876464844,7262500,-0.008161977229980022
2021-04-16,DIS,187.57000732421875,189.47000122070312,186.1999969482422,187.25999450683594,181.56039428710938,9453500,0.007153322124817008
2021-04-19,DIS,187.50999450683594,190.3300018310547,185.64999389648438,187.42999267578125,181.7252197265625,7625800,0.0009078270627265184
2021-04-20,DIS,187.2899932861328,188.0800018310547,181.82000732421875,182.7899932861328,177.2264404296875,10765800,-0.02475594363646505
2021-04-21,DIS,181.2899932861328,183.3800048828125,178.86000061035156,183.11000061035156,177.53671264648438,8400200,0.001750710650423315
2021-04-22,DIS,184.22000122070312,184.8800048828125,181.25999450683594,182.75999450683594,177.19735717773438,7378300,-0.0019114664437080986
2021-04-23,DIS,182.35000610351562,183.89999389648438,181.9600067138672,183.02000427246094,177.449462890625,6075500,0.0014227396892705357
2021-04-26,DIS,183.9600067138672,185.60000610351562,183.25999450683594,184.27000427246094,178.6614227294922,6178300,0.006829887333128726
2021-04-27,DIS,184.99000549316406,185.80999755859375,184.14999389648438,184.63999938964844,179.02015686035156,4870000,0.0020078992172951615
2021-04-28,DIS,184.7899932861328,184.7899932861328,182.82000732421875,183.38999938964844,177.80819702148438,5199300,-0.00676996300373367
2021-04-29,DIS,184.8000030517578,185.5500030517578,182.75,185.3300018310547,179.68914794921875,5958300,0.010578538893272205
2021-04-30,DIS,184.2899932861328,186.32000732421875,183.5399932861328,186.02000427246094,180.35813903808594,7866300,0.0037230466976017063
2021-05-03,DIS,187.69000244140625,189.22000122070312,185.25,185.50999450683594,179.86366271972656,7542800,-0.0027416357309771877
2021-05-04,DIS,184.8699951171875,185.6300048828125,182.30999755859375,184.25,178.64199829101562,7069300,-0.006792169192143094
2021-05-05,DIS,185.00999450683594,185.00999450683594,181.36000061035156,181.50999450683594,175.9854278564453,5901700,-0.014870917589281829
2021-05-06,DIS,182.77999877929688,182.99000549316406,179.80999755859375,181.7899932861328,176.2568817138672,6944900,0.001542479174146738
2021-05-07,DIS,182.0,185.1199951171875,181.50999450683594,184.83999633789062,179.21405029296875,6888400,0.01677760635696579
2021-05-10,DIS,185.6999969482422,186.97000122070312,184.02999877929688,184.3000030517578,178.6905059814453,8260300,-0.002921335189219665
2021-05-11,DIS,181.8000030517578,182.25,178.42999267578125,181.6699981689453,176.1405487060547,10865600,-0.014270244864914128
2021-05-12,DIS,180.6999969482422,182.4600067138672,177.5800018310547,177.85000610351562,172.4368133544922,8988100,-0.021027159156539965
2021-05-13,DIS,178.3699951171875,180.75,175.8000030517578,178.33999633789062,172.91188049316406,12332200,0.0027550215608267425
2021-05-14,DIS,172.92999267578125,174.91000366210938,168.77999877929688,173.6999969482422,168.41311645507812,33149400,-0.02601766879901457
2021-05-17,DIS,172.6999969482422,172.99000549316406,168.57000732421875,170.0800018310547,164.9033203125,17771600,-0.020840396617886392
2021-05-18,DIS,170.25999450683594,171.25999450683594,169.4499969482422,169.67999267578125,164.51547241210938,10401000,-0.0023519714439687034
2021-05-19,DIS,167.7100067138672,169.39999389648438,167.10000610351562,169.27000427246094,164.1179656982422,9251000,-0.0024162269240636247
2021-05-20,DIS,169.2100067138672,171.89999389648438,168.97999572753906,171.36000061035156,166.14434814453125,7400700,0.012347109212984542
2021-05-21,DIS,172.22000122070312,173.1199951171875,171.52000427246094,172.39999389648438,167.15267944335938,8105700,0.006069007523210823
2021-05-24,DIS,172.4499969482422,175.11000061035156,171.75,174.30999755859375,169.00454711914062,7346700,0.0110788991354982
2021-05-25,DIS,175.60000610351562,177.4499969482422,175.39999389648438,176.1699981689453,170.80795288085938,8089700,0.010670752902568026
2021-05-26,DIS,176.6199951171875,177.89999389648438,176.1999969482422,176.47000122070312,171.09881591796875,8086200,0.0017028658923876616
2021-05-27,DIS,177.1999969482422,179.58999633789062,176.7899932861328,179.0399932861328,173.59059143066406,13567800,0.014563370876219173
2021-05-28,DIS,179.50999450683594,180.13999938964844,178.0800018310547,178.64999389648438,173.2124481201172,7124800,-0.002178362936783418
2021-06-01,DIS,180.17999267578125,181.00999450683594,178.74000549316406,178.83999633789062,173.39669799804688,7475600,0.0010637219202740411
2021-06-02,DIS,179.0399932861328,179.10000610351562,176.92999267578125,177.0,171.61268615722656,7851700,-0.010288614843406152
2021-06-03,DIS,176.27000427246094,176.97000122070312,175.4199981689453,176.24000549316406,170.87582397460938,5583900,-0.004293751232016141
2021-06-04,DIS,175.92999267578125,177.52000427246094,175.61000061035156,177.17999267578125,171.7871856689453,6343400,0.005333473589987481
2021-06-07,DIS,177.97000122070312,178.07000732421875,176.39999389648438,176.99000549316406,171.60296630859375,5178100,-0.0010723696277705752
2021-06-08,DIS,175.97000122070312,177.1199951171875,175.19000244140625,176.3300018310547,170.9630584716797,5356200,-0.0037290021884780478
2021-06-09,DIS,176.30999755859375,177.3300018310547,175.8800048828125,176.0399932861328,170.68191528320312,5082400,-0.0016444674714516383
2021-06-10,DIS,176.44000244140625,177.61000061035156,175.5500030517578,176.57000732421875,171.19578552246094,5253000,0.003010689435990699
2021-06-11,DIS,177.4499969482422,178.49000549316406,176.80999755859375,177.3800048828125,171.9811248779297,5476300,0.0045873755190410925
2021-06-14,DIS,177.64999389648438,178.8699951171875,176.89999389648438,178.17999267578125,172.75677490234375,10170000,0.004510088098124809
2021-06-15,DIS,178.17999267578125,178.6999969482422,175.6199951171875,175.86000061035156,170.50738525390625,7895000,-0.013020558236914503
2021-06-16,DIS,176.00999450683594,176.25999450683594,173.5500030517578,174.66000366210938,169.34390258789062,8336000,-0.006823649686980127
2021-06-17,DIS,174.58999633789062,176.25999450683594,173.83999633789062,174.64999389648438,169.33419799804688,8906000,-5.730699302097797e-05
2021-06-18,DIS,173.13999938964844,173.86000061035156,172.1199951171875,172.4199981689453,167.1720733642578,12357500,-0.012768387362687372
2021-06-21,DIS,172.1300048828125,174.25999450683594,171.30999755859375,173.97000122070312,168.6749267578125,9196900,0.008989859151175672
2021-06-22,DIS,174.3699951171875,174.6999969482422,172.35000610351562,173.5,168.2191925048828,8097100,-0.0027018494194104292
2021-06-23,DIS,173.6199951171875,175.4499969482422,172.94000244140625,175.3300018310547,169.99351501464844,9174200,0.01054768176772769
2021-06-24,DIS,176.1300048828125,178.24000549316406,175.77999877929688,177.92999267578125,172.51437377929688,7549400,0.014829146655572112
2021-06-25,DIS,178.8300018310547,179.08999633789062,177.49000549316406,178.35000610351562,172.92161560058594,7431800,0.002360625450317899
2021-06-28,DIS,178.5,178.66000366210938,174.99000549316406,176.57000732421875,171.19578552246094,9881400,-0.009980418423289117
2021-06-29,DIS,176.63999938964844,177.02000427246094,173.8000030517578,173.92999267578125,168.63612365722656,13498300,-0.014951664011019439
2021-06-30,DIS,173.88999938964844,175.97999572753906,173.33999633789062,175.77000427246094,170.4201202392578,7481900,0.010578970527438392
2021-07-01,DIS,175.35000610351562,177.60000610351562,174.60000610351562,177.25999450683594,171.86477661132812,5887100,0.008477029414379667
2021-07-02,DIS,177.86000061035156,178.36000061035156,174.6199951171875,177.11000061035156,171.71934509277344,11099300,-0.0008461973501620035
2021-07-06,DIS,176.75999450683594,177.0,172.22000122070312,173.69000244140625,168.40342712402344,11557900,-0.01931010141553091
2021-07-07,DIS,172.86000061035156,174.32000732421875,171.99000549316406,172.82000732421875,167.55992126464844,6757300,-0.00500884022243675
2021-07-08,DIS,170.17999267578125,173.75,169.80999755859375,172.8000030517578,167.54052734375,6960100,-0.00011574319653573362
2021-07-09,DIS,174.6999969482422,177.52000427246094,173.92999267578125,177.0399932861328,171.65147399902344,7873300,0.02453702826683135
2021-07-12,DIS,177.7100067138672,184.99000549316406,177.3699951171875,184.3800048828125,178.76806640625,21835500,0.041459547310773726
2021-07-13,DIS,184.08999633789062,185.6699981689453,181.83999633789062,183.64999389648438,178.06028747558594,12534600,-0.00395920224955415
2021-07-14,DIS,185.1999969482422,186.2899932861328,182.0800018310547,183.4199981689453,177.8372802734375,8787300,-0.001252425261747403
2021-07-15,DIS,183.4499969482422,185.4199981689453,183.0500030517578,184.14999389648438,178.54507446289062,7867000,0.003980010200138162
2021-07-16,DIS,184.94000244140625,185.2899932861328,178.9199981689453,179.30999755859375,173.8523712158203,8348800,-0.026283017110313223
2021-07-19,DIS,175.7100067138672,176.47999572753906,172.16000366210938,172.9499969482422,167.6859588623047,14651800,-0.03546924502893689
2021-07-20,DIS,173.6999969482422,177.50999450683594,172.8699951171875,176.75,171.3702850341797,8372400,0.02197158424516865
2021-07-21,DIS,176.5,177.89999389648438,175.32000732421875,176.88999938964844,171.50604248046875,6302200,0.0007921877836754021
2021-07-22,DIS,176.6999969482422,176.72000122070312,173.89999389648438,175.1300048828125,169.79962158203125,5713700,-0.009949625527810979
2021-07-23,DIS,175.66000366210938,176.5,174.02999877929688,176.13999938964844,170.7788543701172,5126300,0.0057669904029371555
2021-07-26,DIS,175.6199951171875,178.77999877929688,175.33999633789062,178.74000549316406,173.29974365234375,5641000,0.014761132410241018
2021-07-27,DIS,178.25,179.55999755859375,176.57000732421875,179.5,174.03659057617188,6684100,0.0042518638995006075
2021-07-28,DIS,179.69000244140625,180.35000610351562,177.5500030517578,179.10000610351562,173.6487579345703,5926900,-0.0022284546043885856
2021-07-29,DIS,179.80999755859375,181.4199981689453,178.27000427246094,178.35000610351562,172.92161560058594,6209100,-0.004187431817153309
2021-07-30,DIS,177.52999877929688,179.1999969482422,175.13999938964844,176.02000427246094,170.66250610351562,6813400,-0.013064355715299403
2021-08-02,DIS,177.22000122070312,178.82000732421875,175.30999755859375,175.5500030517578,170.20681762695312,5847200,-0.00267011476021628
2021-08-03,DIS,176.02000427246094,176.1300048828125,170.9199981689453,172.99000549316406,167.72476196289062,9931300,-0.01458258663588019
2021-08-04,DIS,172.5,173.25,171.33999633789062,172.5800018310547,167.3272247314453,5665800,-0.0023701761552255007
2021-08-05,DIS,172.49000549316406,177.1199951171875,172.49000549316406,176.7100067138672,171.33151245117188,8864200,0.02393087990405207
2021-08-06,DIS,177.42999267578125,178.80999755859375,176.6300048828125,177.1300048828125,171.73873901367188,5505200,0.002376833990863414
2021-08-09,DIS,177.0,177.30999755859375,175.05999755859375,176.72000122070312,171.34120178222656,5339000,-0.002314779028473435
2021-08-10,DIS,176.25,177.39999389648438,175.5800018310547,177.07000732421875,171.68055725097656,5185000,0.001980582984245194
2021-08-11,DIS,177.36000061035156,178.49000549316406,176.50999450683594,178.08999633789062,172.6695098876953,5359900,0.005760423035399587
2021-08-12,DIS,178.08999633789062,179.72000122070312,176.4499969482422,179.2899932861328,173.8329620361328,11081300,0.0067380289038534436
2021-08-13,DIS,186.2899932861328,187.5800018310547,180.8800048828125,181.0800018310547,175.56851196289062,32504600,0.009984009398614768
2021-08-16,DIS,180.50999450683594,180.58999633789062,176.50999450683594,179.08999633789062,173.63906860351562,8746700,-0.010989689083785281
2021-08-17,DIS,177.14999389648438,178.4499969482422,174.9199981689453,175.8300018310547,170.47828674316406,8534500,-0.018203172164951154
2021-08-18,DIS,175.89999389648438,176.7899932861328,174.5,174.74000549316406,169.42147827148438,7063500,-0.006199079612243086
2021-08-19,DIS,174.0,174.67999267578125,172.55999755859375,173.25,167.97682189941406,8478600,-0.008526996617013172
2021-08-20,DIS,173.0,175.2100067138672,172.64999389648438,175.1199951171875,169.7899169921875,6239600,0.010793721849667648
2021-08-23,DIS,177.0800018310547,178.30999755859375,175.91000366210938,177.66000366210938,172.25259399414062,7395900,0.014504259414099607
2021-08-24,DIS,177.9199981689453,180.0800018310547,177.75999450683594,178.47000122070312,173.03794860839844,5886900,0.004559319520520688
2021-08-25,DIS,178.16000366210938,178.58999633789062,176.8800048828125,178.30999755859375,172.8828125,4842100,-0.0008965438485954991
2021-08-26,DIS,178.33999633789062,178.94000244140625,176.33999633789062,176.55999755859375,171.1860809326172,4563000,-0.009814345005422775
2021-08-27,DIS,176.27999877929688,180.5399932861328,176.27999877929688,180.13999938964844,174.6571044921875,8697000,0.020276318849407948
2021-08-30,DIS,180.5,181.38999938964844,178.8699951171875,179.97999572753906,174.50196838378906,6421300,-0.0008882324532374364
2021-08-31,DIS,179.25,182.97999572753906,178.52999877929688,181.3000030517578,175.7818145751953,8620000,0.007334279396731036
2021-09-01,DIS,181.9600067138672,184.2100067138672,181.77999877929688,183.47999572753906,177.8954620361328,7302800,0.012024266935948269
2021-09-02,DIS,184.16000366210938,185.3000030517578,181.5500030517578,181.86000061035156,176.32473754882812,6492600,-0.008829480355073138
2021-09-03,DIS,181.82000732421875,181.82000732421875,179.1300048828125,181.0,175.49093627929688,6847400,-0.004728782138696541
2021-09-07,DIS,181.02000427246094,185.5500030517578,180.0500030517578,184.33999633789062,178.72927856445312,10702900,0.0184530458029033
2021-09-08,DIS,184.33999633789062,187.4600067138672,183.9199981689453,185.14999389648438,179.51461791992188,8634000,0.00439401625618685
2021-09-09,DIS,185.14999389648438,187.5800018310547,184.57000732421875,185.91000366210938,180.25149536132812,7190700,0.004104832519739254
2021-09-10,DIS,186.36000061035156,187.10000610351562,184.00999450683594,184.1199951171875,178.51596069335938,5572200,-0.009628406491106967
2021-09-13,DIS,185.1199951171875,185.8000030517578,183.5,184.97999572753906,179.34979248046875,6818200,0.004670908886078129
2021-09-14,DIS,184.9600067138672,185.1300048828125,182.14999389648438,182.39999389648438,176.8483123779297,6185900,-0.01394749371015569
2021-09-15,DIS,182.05999755859375,184.66000366210938,181.10000610351562,184.41000366210938,178.79713439941406,5933400,0.01101973773614362
2021-09-16,DIS,183.97000122070312,184.63999938964844,182.1199951171875,183.33999633789062,177.7597198486328,5678200,-0.005802187793814251
2021-09-17,DIS,182.91000366210938,185.89999389648438,182.72999572753906,183.47000122070312,177.88575744628906,10035100,0.0007090335074986243
2021-09-20,DIS,179.74000549316406,180.8800048828125,176.5500030517578,178.61000061035156,173.17367553710938,8056600,-0.026489371475411416
2021-09-21,DIS,180.32000732421875,182.22999572753906,169.02999877929688,171.1699981689453,165.96014404296875,23216000,-0.04165489628702157
2021-09-22,DIS,172.94000244140625,175.33999633789062,171.66000366210938,173.64999389648438,168.36465454101562,14214500,0.014488481628603056
2021-09-23,DIS,174.94000244140625,177.19000244140625,174.3699951171875,176.25,170.88551330566406,8052900,0.014972612699029053
2021-09-24,DIS,175.3000030517578,176.6999969482422,175.0800018310547,176.0,170.6431121826172,5712800,-0.00141850013121525
2021-09-27,DIS,176.6300048828125,179.4499969482422,175.9600067138672,178.25999450683594,172.83433532714844,7755000,0.012840970353296566
2021-09-28,DIS,177.75,178.0,173.86000061035156,174.52000427246094,169.20816040039062,9133100,-0.02098063975479192
2021-09-29,DIS,174.25,174.9600067138672,172.58999633789062,172.67999267578125,167.42416381835938,6240800,-0.010543206532178218
2021-09-30,DIS,173.10000610351562,173.67999267578125,169.10000610351562,169.1699981689453,164.02099609375,13978000,-0.02032662219714898
2021-10-01,DIS,172.27999877929688,177.32000732421875,171.97000122070312,176.00999450683594,170.65280151367188,12165000,0.04043266153640057
2021-10-04,DIS,175.55999755859375,175.9600067138672,172.6699981689453,173.4600067138672,168.180419921875,7200600,-0.014487787893706527
2021-10-05,DIS,173.8300018310547,176.24000549316406,173.61000061035156,174.61000061035156,169.29544067382812,6798200,0.006629908240632698
2021-10-06,DIS,173.0,175.7100067138672,171.5500030517578,175.47999572753906,170.13893127441406,6005200,0.0049823586342827575
2021-10-07,DIS,177.6999969482422,179.6300048828125,177.3300018310547,177.7100067138672,172.30108642578125,7780000,0.012708174050299448
2021-10-08,DIS,177.92999267578125,178.60000610351562,176.39999389648438,176.74000549316406,171.360595703125,4132200,-0.005458414349937213
2021-10-11,DIS,176.02000427246094,176.52000427246094,173.47999572753906,173.52000427246094,168.2386016845703,8046300,-0.01821885600796702
2021-10-12,DIS,173.6199951171875,174.49000549316406,172.5500030517578,173.1300048828125,167.8604736328125,5188400,-0.002247570105621599
2021-10-13,DIS,173.6300048828125,173.6999969482422,170.94000244140625,172.9600067138672,167.69566345214844,8914700,-0.0009818284024658563
2021-10-14,DIS,174.07000732421875,176.02000427246094,174.0,174.41000366210938,169.1015167236328,7450200,0.008383360920275251
2021-10-15,DIS,175.69000244140625,178.88999938964844,174.10000610351562,176.4600067138672,171.089111328125,13943900,0.011753854388784513
2021-10-18,DIS,172.36000061035156,173.33999633789062,169.8000030517578,171.13999938964844,165.93106079101562,20494800,-0.03014832736618145
2021-10-19,DIS,171.44000244140625,171.5800018310547,170.17999267578125,171.17999267578125,165.96981811523438,9669500,0.0002335748595470033
2021-10-20,DIS,170.97000122070312,171.02000427246094,169.8800048828125,170.5500030517578,165.35899353027344,9737600,-0.003680335327817419
2021-10-21,DIS,170.1999969482422,172.5,170.10000610351562,171.33999633789062,166.12493896484375,7509000,0.004632015581481408
2021-10-22,DIS,170.57000732421875,170.8000030517578,168.60000610351562,169.4199981689453,164.2633819580078,7854300,-0.011205764880551028
2021-10-25,DIS,169.89999389648438,172.57000732421875,169.02999877929688,172.00999450683594,166.77456665039062,9798700,0.01528755016760086
2021-10-26,DIS,172.9499969482422,173.1199951171875,170.7100067138672,172.0399932861328,166.80364990234375,5850200,0.0001743866138419481
2021-10-27,DIS,171.77000427246094,172.0399932861328,169.42999267578125,169.5500030517578,164.38941955566406,7054700,-0.014473486330143892
2021-10-28,DIS,169.47999572753906,170.35000610351562,168.60000610351562,169.67999267578125,164.51547241210938,7884500,0.0007667942181803777
2021-10-29,DIS,169.02000427246094,170.4600067138672,168.14999389648438,169.07000732421875,163.92404174804688,7598800,-0.00359498505150313
2021-11-01,DIS,169.2100067138672,171.25,169.08999633789062,170.19000244140625,165.00994873046875,8182900,0.006624452220931332
2021-11-02,DIS,170.02999877929688,170.85000610351562,168.97999572753906,169.8300018310547,164.66090393066406,6777200,-0.0021152954866668905
2021-11-03,DIS,169.6999969482422,170.19000244140625,168.3699951171875,170.0800018310547,164.9033203125,6829300,0.0014722157843736206
2021-11-04,DIS,170.02999877929688,170.4199981689453,168.6699981689453,170.27999877929688,165.0972137451172,7505500,0.0011758006585298464
2021-11-05,DIS,173.5,176.99000549316406,172.3300018310547,175.6300048828125,170.2843780517578,16859200,0.03141884825899455
2021-11-08,DIS,178.69000244140625,179.25,176.10000610351562,176.8699951171875,171.48663330078125,10584600,0.007060279179914142
2021-11-09,DIS,176.9499969482422,177.1199951171875,173.2100067138672,175.11000061035156,169.78021240234375,7293300,-0.009950751645141365
2021-11-10,DIS,174.69000244140625,176.8699951171875,173.8699951171875,174.4499969482422,169.14028930664062,11045800,-0.0037691264879952113
2021-11-11,DIS,162.88999938964844,163.9600067138672,158.3300018310547,162.11000061035156,157.17587280273438,62366500,-0.07073664443257233
2021-11-12,DIS,163.52000427246094,163.61000061035156,158.92999267578125,159.6300048828125,154.77137756347656,25638400,-0.01529811921118207
2021-11-15,DIS,160.08999633789062,160.72000122070312,157.66000366210938,158.42999267578125,153.60789489746094,21285300,-0.0075174278625157465
2021-11-16,DIS,159.05999755859375,160.24000549316406,158.5500030517578,158.8300018310547,153.99571228027344,15516200,0.0025247229842670915
2021-11-17,DIS,158.72999572753906,158.88999938964844,156.75,157.3300018310547,152.54136657714844,14695500,-0.009444066211909075
2021-11-18,DIS,157.08999633789062,157.3000030517578,153.7100067138672,155.5800018310547,150.8446502685547,14487700,-0.011122991400077886
2021-11-19,DIS,155.02000427246094,155.2100067138672,152.77000427246094,154.0,149.31271362304688,16776500,-0.010155724069633498
2021-11-22,DIS,153.22999572753906,155.82000732421875,152.57000732421875,154.16000366210938,149.46786499023438,12790400,0.001039103525900531
2021-11-23,DIS,153.83999633789062,154.25,150.19000244140625,151.02999877929688,146.43312072753906,17382900,-0.020303656996061292
2021-11-24,DIS,150.69000244140625,151.41000366210938,148.8000030517578,151.33999633789062,146.73370361328125,14123700,0.002052697396933034
2021-11-26,DIS,146.8000030517578,148.85000610351562,145.85000610351562,148.11000061035156,143.6020050048828,12027700,-0.021342735385812106
2021-11-29,DIS,148.80999755859375,149.3000030517578,144.25,147.80999755859375,143.31114196777344,21231300,-0.0020254803343413563
2021-11-30,DIS,146.72000122070312,147.27999877929688,143.11000061035156,144.89999389648438,140.4897003173828,26011100,-0.019687524721735072
2021-12-01,DIS,146.6999969482422,148.3699951171875,142.0399932861328,142.14999389648438,137.82339477539062,16469000,-0.018978654918963334
2021-12-02,DIS,142.83999633789062,147.64999389648438,142.77000427246094,147.1999969482422,142.71969604492188,18177700,0.035525908192224565
2021-12-03,DIS,147.80999755859375,148.32000732421875,144.32000732421875,146.22000122070312,141.76951599121094,14975600,-0.0066576659006607475
2021-12-06,DIS,147.27999877929688,150.74000549316406,146.6699981689453,150.3699951171875,145.79319763183594,14333900,0.028381853549351632
2021-12-07,DIS,151.83999633789062,152.75999450683594,149.72000122070312,150.80999755859375,146.21983337402344,14661100,0.0029263075995140664
2021-12-08,DIS,150.91000366210938,153.66000366210938,150.55999755859375,153.33999633789062,148.67282104492188,12886300,0.016776025620435675
2021-12-09,DIS,152.27000427246094,154.2899932861328,151.6999969482422,152.94000244140625,148.28500366210938,11862300,-0.002608529118414471
2021-12-10,DIS,153.5800018310547,154.66000366210938,151.4499969482422,152.7100067138672,148.06199645996094,10247900,-0.0015039093410726956
2021-12-13,DIS,152.1199951171875,152.5,149.2899932861328,150.42999267578125,145.8513946533203,10195800,-0.014930244488756572
2021-12-14,DIS,149.25999450683594,151.6199951171875,148.52000427246094,149.10000610351562,144.5618896484375,10872000,-0.008841225056146262
2021-12-15,DIS,148.75999450683594,150.9199981689453,147.35000610351562,150.39999389648438,145.82228088378906,12231500,0.008718696458774433
2021-12-16,DIS,151.35000610351562,152.05999755859375,148.5800018310547,148.75,144.2225341796875,11145600,-0.01097052312174751
2021-12-17,DIS,148.50999450683594,149.83999633789062,146.57000732421875,148.75999450683594,144.2322235107422,13785000,6.718319789489335e-05
2021-12-20,DIS,146.97999572753906,147.72999572753906,145.0800018310547,146.47000122070312,142.01193237304688,11201900,-0.015393863338243219
2021-12-21,DIS,147.55999755859375,151.42999267578125,147.38999938964844,151.0500030517578,146.4525146484375,10781400,0.03126907859915451
2021-12-22,DIS,150.4199981689453,152.1999969482422,149.8699951171875,151.8800048828125,147.25723266601562,7820400,0.005494736771914477
2021-12-23,DIS,152.32000732421875,154.19000244140625,151.92999267578125,153.6300048828125,148.95399475097656,6572400,0.011522436312579876
2021-12-27,DIS,152.8800048828125,154.02000427246094,151.39999389648438,152.8000030517578,148.1492462158203,7762000,-0.00540266500741815
2021-12-28,DIS,152.6199951171875,156.5,152.41000366210938,155.1999969482422,150.47621154785156,12198700,0.01570689957234994
2021-12-29,DIS,154.55999755859375,155.9199981689453,154.17999267578125,154.8699951171875,150.15623474121094,8737000,-0.0021264278476260667
2021-12-30,DIS,155.7100067138672,157.07000732421875,155.50999450683594,155.92999267578125,151.18397521972656,7228400,0.00684447422570833
2021-12-31,DIS,155.8699951171875,156.57000732421875,154.74000549316406,154.88999938964844,150.17564392089844,6410200,-0.006669564663600358
2022-01-03,DIS,155.8300018310547,157.55999755859375,155.36000061035156,156.75999450683594,151.98870849609375,10222800,0.01207296022083515
2022-01-04,DIS,158.58999633789062,160.32000732421875,155.5500030517578,155.72999572753906,150.9900665283203,16582000,-0.006570501043497656
2022-01-05,DIS,156.52000427246094,159.3800048828125,155.10000610351562,155.19000244140625,150.46649169921875,12272100,-0.003467611089523981
2022-01-06,DIS,156.24000549316406,157.77000427246094,153.67999267578125,156.89999389648438,152.1244659423828,11095300,0.011018893472164892
2022-01-07,DIS,156.89999389648438,159.3000030517578,156.2899932861328,157.8300018310547,153.02613830566406,9554600,0.005927201503686863
2022-01-10,DIS,157.97999572753906,158.27000427246094,154.64999389648438,156.60000610351562,151.83360290527344,8672900,-0.007793017673938696
2022-01-11,DIS,156.6199951171875,158.22000122070312,155.9499969482422,157.88999938964844,153.08432006835938,8042600,0.008237420038476273
2022-01-12,DIS,158.5,158.99000549316406,156.3300018310547,157.8000030517578,152.9970703125,6995600,-0.0005699457385343054
2022-01-13,DIS,157.6999969482422,158.52999877929688,155.1699981689453,155.44000244140625,150.7089080810547,9680600,-0.014955595076243555
2022-01-14,DIS,152.35000610351562,152.6199951171875,148.4199981689453,151.94000244140625,147.3154296875,16832000,-0.022516773804303614
2022-01-18,DIS,151.11000061035156,153.1300048828125,149.8300018310547,152.27000427246094,147.63540649414062,10419500,0.0021720522237174134
2022-01-19,DIS,150.83999633789062,152.86000061035156,149.9600067138672,150.11000061035156,145.5411376953125,10413200,-0.014185410184183955
2022-01-20,DIS,150.91000366210938,152.66000366210938,147.14999389648438,147.6199951171875,143.12692260742188,11760400,-0.016587853620773085
2022-01-21,DIS,141.22999572753906,141.8699951171875,136.6300048828125,137.3800048828125,133.1986083984375,34491800,-0.06936720239710892
2022-01-24,DIS,134.82000732421875,137.67999267578125,129.25999450683594,137.4600067138672,133.27615356445312,31419500,0.0005821769983036518
2022-01-25,DIS,135.2899932861328,137.75,132.3800048828125,136.50999450683594,132.35507202148438,14694400,-0.006911075374960496
2022-01-26,DIS,137.7100067138672,138.1999969482422,132.25999450683594,133.60000610351562,129.53366088867188,14569900,-0.021316985361577334
2022-01-27,DIS,135.07000732421875,137.91000366210938,134.02000427246094,135.4199981689453,131.29824829101562,11913900,0.013622616625190043
2022-01-28,DIS,135.2100067138672,138.69000244140625,133.55999755859375,138.6300048828125,134.41053771972656,10011700,0.02370396764024396
2022-01-31,DIS,138.86000061035156,143.14999389648438,138.47000122070312,142.97000122070312,138.6184539794922,10185500,0.031306446139959476
2022-02-01,DIS,143.02000427246094,144.69000244140625,142.25,144.49000549316406,140.09219360351562,8573300,0.010631626466137467
2022-02-02,DIS,144.19000244140625,144.58999633789062,141.3800048828125,142.6199951171875,138.2790985107422,9529900,-0.012942156490923451
2022-02-03,DIS,140.0,142.0399932861328,139.25,140.02999877929688,135.76792907714844,9820600,-0.01816015190031539
2022-02-04,DIS,140.0399932861328,143.19000244140625,139.52999877929688,142.02000427246094,137.69735717773438,8061100,0.01421122141068798
2022-02-07,DIS,143.38999938964844,144.08999633789062,141.61000061035156,142.50999450683594,138.17245483398438,10937500,0.003450303375371
2022-02-08,DIS,141.7899932861328,142.88999938964844,140.74000549316406,142.47999572753906,138.1433563232422,9231700,-0.00021059559792258042
2022-02-09,DIS,144.3699951171875,147.35000610351562,143.25,147.22999572753906,142.748779296875,22877400,0.033337998266500524
2022-02-10,DIS,156.02000427246094,157.5,151.11000061035156,152.16000366210938,147.5287322998047,42500300,0.033485070951036366
2022-02-11,DIS,153.5399932861328,154.69000244140625,148.55999755859375,149.47000122070312,144.9206085205078,17975200,-0.017678751377031454
2022-02-14,DIS,149.3699951171875,153.72999572753906,149.2100067138672,150.85000610351562,146.2585906982422,14694700,0.009232518351901975
2022-02-15,DIS,153.5399932861328,154.85000610351562,152.50999450683594,154.72000122070312,150.0108184814453,12726000,0.025654751391285036
2022-02-16,DIS,154.97999572753906,156.72999572753906,153.75,156.35000610351562,151.59120178222656,10656400,0.010535128844568753
2022-02-17,DIS,154.69000244140625,155.36000061035156,152.61000061035156,152.9499969482422,148.294677734375,8110300,-0.021746143635613446
2022-02-18,DIS,152.91000366210938,153.67999267578125,150.0500030517578,151.36000061035156,146.75308227539062,10785500,-0.010395487434455841
2022-02-22,DIS,150.19000244140625,150.7899932861328,147.61000061035156,148.08999633789062,143.58261108398438,12227200,-0.02160411994248046
2022-02-23,DIS,149.5,149.74000549316406,145.5,145.8699951171875,141.43017578125,9300700,-0.014990919070801523
2022-02-24,DIS,140.0,149.57000732421875,140.0,149.39999389648438,144.85272216796875,12475500,0.024199548418948558
2022-02-25,DIS,149.55999755859375,150.27999877929688,147.22000122070312,149.52999877929688,144.97877502441406,10149500,0.0008702139287319888
2022-02-28,DIS,147.8300018310547,149.47999572753906,146.4600067138672,148.4600067138672,143.9413604736328,10834700,-0.007155630543895453
2022-03-01,DIS,147.86000061035156,148.14999389648438,143.77999877929688,145.6999969482422,141.26535034179688,8944000,-0.01859097429002088
2022-03-02,DIS,146.30999755859375,148.47000122070312,145.9199981689453,147.33999633789062,142.85543823242188,7851000,0.011256036153081572
2022-03-03,DIS,147.30999755859375,148.64999389648438,144.4499969482422,145.57000732421875,141.13931274414062,8048400,-0.012013021761825837
2022-03-04,DIS,144.00999450683594,144.25999450683594,139.5500030517578,140.72000122070312,136.43692016601562,12913000,-0.03331738327683065
2022-03-07,DIS,140.27999877929688,140.88999938964844,133.44000244140625,133.5,129.43667602539062,14549700,-0.0513075502738346
2022-03-08,DIS,133.02000427246094,135.49000549316406,129.2899932861328,131.75,127.73994445800781,16552000,-0.013108584208775365
2022-03-09,DIS,135.49000549316406,135.5,133.36000061035156,133.64999389648438,129.5821075439453,14673100,0.014421198425861759
2022-03-10,DIS,132.36000061035156,134.1999969482422,131.6199951171875,133.63999938964844,129.5724334716797,8447200,-7.465592626165751e-05
2022-03-11,DIS,135.0800018310547,136.16000366210938,131.57000732421875,131.75,127.73994445800781,7058400,-0.014142583916758822
2022-03-14,DIS,130.97999572753906,133.07000732421875,128.3800048828125,129.02999877929688,125.10274505615234,9971500,-0.02064506457275317
2022-03-15,DIS,129.74000549316406,134.55999755859375,129.50999450683594,134.1999969482422,130.11538696289062,9834800,0.04006820077759565
2022-03-16,DIS,135.64999389648438,138.97999572753906,134.94000244140625,138.13999938964844,133.93545532226562,10638700,0.02935908233869755
2022-03-17,DIS,137.44000244140625,139.47000122070312,136.55999755859375,139.47000122070312,135.22496032714844,6816000,0.009627809169574286
2022-03-18,DIS,139.5500030517578,140.72999572753906,138.3000030517578,140.3000030517578,136.0297088623047,11308800,0.0059511833703580486
2022-03-21,DIS,138.89999389648438,139.3000030517578,136.8800048828125,138.6199951171875,134.4008331298828,9090300,-0.011974411663783657
2022-03-22,DIS,139.05999755859375,142.19000244140625,138.89999389648438,140.11000061035156,135.84548950195312,8511600,0.010748864708853612
2022-03-23,DIS,139.07000732421875,139.75999450683594,137.5399932861328,137.63999938964844,133.45066833496094,8761300,-0.017629007601005053
2022-03-24,DIS,138.5800018310547,139.27000427246094,137.41000366210938,138.9600067138672,134.73048400878906,5858800,0.009590178077008904
2022-03-25,DIS,139.27999877929688,140.3800048828125,138.1199951171875,139.13999938964844,134.90499877929688,5949400,0.00129528793570155
2022-03-28,DIS,138.8800048828125,139.6300048828125,136.27999877929688,138.72000122070312,134.49781799316406,8456100,-0.0030182779720339115
2022-03-29,DIS,140.9600067138672,144.4600067138672,140.9600067138672,142.3800048828125,138.04641723632812,11280700,0.026384065526954714
2022-03-30,DIS,141.30999755859375,143.27000427246094,140.0800018310547,140.9600067138672,136.6696319580078,7922400,-0.009973350311318296
2022-03-31,DIS,140.13999938964844,140.8800048828125,137.11000061035156,137.16000366210938,132.98529052734375,12306500,-0.026958010919324704
2022-04-01,DIS,137.33999633789062,138.10000610351562,135.52999877929688,137.0,132.8301544189453,10341000,-0.0011665659245714277
2022-04-04,DIS,136.97000122070312,139.25999450683594,136.88999938964844,138.5800018310547,134.36207580566406,8174600,0.011532933868969808
2022-04-05,DIS,137.74000549316406,139.1999969482422,135.1300048828125,135.6199951171875,131.4921417236328,8694100,-0.021359703359913884
2022-04-06,DIS,133.75,133.92999267578125,130.80999755859375,132.57000732421875,128.53500366210938,11679700,-0.022489085832510636
2022-04-07,DIS,133.00999450683594,133.2100067138672,130.02000427246094,131.8699951171875,127.85628509521484,9858700,-0.005280418155032218
2022-04-08,DIS,132.0,133.1199951171875,130.6300048828125,131.8699951171875,127.85628509521484,6702000,0.0
2022-04-11,DIS,130.0399932861328,132.42999267578125,130.0399932861328,130.64999389648438,126.67341613769531,9915300,-0.009251551119592194
2022-04-12,DIS,131.80999755859375,133.2100067138672,130.14999389648438,130.83999633789062,126.85762786865234,7885600,0.0014542256502878548
2022-04-13,DIS,131.0500030517578,132.88999938964844,130.75,132.35000610351562,128.32168579101562,7694500,0.011540953011348831
2022-04-14,DIS,132.80999755859375,133.58999633789062,130.35000610351562,130.47000122070312,126.49891662597656,7283500,-0.01420468530944663
2022-04-18,DIS,130.07000732421875,130.22000122070312,126.81999969482422,127.7699966430664,123.8810806274414,10571000,-0.020694532952210132
2022-04-19,DIS,128.08999633789062,133.19000244140625,127.79000091552734,131.89999389648438,127.88539123535156,12767200,0.03232382691230051
2022-04-20,DIS,126.05000305175781,127.3499984741211,124.11000061035156,124.56999969482422,120.77848815917969,36465700,-0.05557243878695117
2022-04-21,DIS,125.54000091552734,126.44999694824219,121.27999877929688,121.66000366210938,117.95706176757812,18688600,-0.023360338704381478
2022-04-22,DIS,120.01000213623047,121.88999938964844,118.1500015258789,118.2699966430664,114.67024230957031,19472800,-0.02786454162858132
2022-04-25,DIS,117.66000366210938,120.33000183105469,116.75,119.94999694824219,116.29910278320312,16491000,0.014204735603814633
2022-04-26,DIS,119.1500015258789,119.1500015258789,115.63999938964844,115.7699966430664,112.246337890625,16116000,-0.034847774364459294
2022-04-27,DIS,115.43000030517578,116.9000015258789,113.38999938964844,115.20999908447266,111.703369140625,15553000,-0.004837295899391192
2022-04-28,DIS,115.22000122070312,116.0,112.69000244140625,115.29000091552734,111.78093719482422,23192100,0.0006944110530950898
2022-04-29,DIS,115.19999694824219,115.98999786376953,111.36000061035156,111.62999725341797,108.23233032226562,16907000,-0.03174608266500478
2022-05-02,DIS,111.70999908447266,113.66000366210938,111.01000213623047,113.5,110.04541778564453,14300700,0.01675181027684025
2022-05-03,DIS,114.05000305175781,114.83000183105469,112.69000244140625,113.55000305175781,110.09390258789062,11149500,0.00044058901516952353
2022-05-04,DIS,113.37000274658203,116.44000244140625,111.83000183105469,116.19000244140625,112.65354919433594,11488300,0.023249667295624166
2022-05-05,DIS,114.73999786376953,115.2699966430664,111.4800033569336,112.61000061035156,109.18251037597656,12720200,-0.030811624162604634
2022-05-06,DIS,111.7699966430664,112.08999633789062,108.30000305175781,110.29000091552734,106.93312072753906,12525200,-0.020602105966345596
2022-05-09,DIS,108.11000061035156,110.73999786376953,106.4800033569336,106.9800033569336,103.72386932373047,17941600,-0.03001176232372027
2022-05-10,DIS,109.83999633789062,110.69999694824219,106.13999938964844,107.68000030517578,104.4025650024414,15657700,0.006543293102503567
2022-05-11,DIS,107.9000015258789,110.06999969482422,104.79000091552734,105.20999908447266,102.00773620605469,26933300,-0.02293840957193649
2022-05-12,DIS,102.9000015258789,105.0,99.47000122070312,104.30999755859375,101.13513946533203,36298800,-0.008554221210830715
2022-05-13,DIS,105.36000061035156,107.69000244140625,105.30999755859375,107.33000183105469,104.06322479248047,16782600,0.02895220536233256
2022-05-16,DIS,107.45999908447266,107.62000274658203,104.8499984741211,105.18000030517578,101.9786605834961,11993600,-0.02003170873419835
2022-05-17,DIS,107.7300033569336,108.79000091552734,106.30000305175781,108.63999938964844,105.33334350585938,11847600,0.0328959304149381
2022-05-18,DIS,107.37999725341797,107.66000366210938,103.87999725341797,104.30000305175781,101.12544250488281,11794000,-0.03994842336645743
2022-05-19,DIS,103.43000030517578,105.30000305175781,102.95999908447266,103.13999938964844,100.00074005126953,11285000,-0.011121854458723157
2022-05-20,DIS,104.48999786376953,104.80000305175781,100.05000305175781,102.41999816894531,99.30265808105469,15650400,-0.006980768040885876
2022-05-23,DIS,103.76000213623047,106.02999877929688,101.55999755859375,105.83000183105469,102.60887908935547,14402400,0.03329438579178934
2022-05-24,DIS,103.70999908447266,103.83999633789062,100.12999725341797,101.58999633789062,98.49793243408203,13970200,-0.04006423899917544
2022-05-25,DIS,101.43000030517578,103.80999755859375,101.16000366210938,103.26000213623047,100.11709594726562,11026600,0.016438553309402693
2022-05-26,DIS,104.22000122070312,106.12999725341797,103.95999908447266,105.61000061035156,102.39556884765625,11297800,0.022758080214299925
2022-05-27,DIS,106.88999938964844,109.37000274658203,106.52999877929688,109.31999969482422,105.99264526367188,13671300,0.03512921952088899
2022-05-31,DIS,110.0,111.23999786376953,107.91000366210938,110.44000244140625,107.07856750488281,20274600,0.010245260305651982
2022-06-01,DIS,112.01000213623047,112.8499984741211,108.2699966430664,109.19000244140625,105.86660766601562,11829700,-0.011318416627229544
2022-06-02,DIS,109.43000030517578,110.94999694824219,107.91000366210938,110.87000274658203,107.49547576904297,8829900,0.01538604229358187
2022-06-03,DIS,109.16999816894531,109.8499984741211,107.91999816894531,108.66999816894531,105.3624267578125,6767600,-0.019843151499821077
2022-06-06,DIS,109.75,110.19000244140625,107.6500015258789,107.83000183105469,104.54800415039062,7575900,-0.007729725220679606
2022-06-07,DIS,106.79000091552734,107.91999816894531,106.0,107.79000091552734,104.50922393798828,7279100,-0.00037093211599292797
2022-06-08,DIS,107.43000030517578,109.36000061035156,106.95999908447266,107.33999633789062,104.07290649414062,7019500,-0.004174918035048769
2022-06-09,DIS,106.52999877929688,107.05999755859375,103.25,103.30000305175781,100.15586853027344,8261200,-0.03763744182630013
2022-06-10,DIS,101.43000030517578,102.12000274658203,99.37999725341797,99.4000015258789,96.37458038330078,15369700,-0.0377540348105484
2022-06-13,DIS,97.61000061035156,97.61000061035156,94.83000183105469,95.70999908447266,92.79689025878906,15239700,-0.03712275695813705
2022-06-14,DIS,96.2699966430664,96.2699966430664,93.0999984741211,94.22000122070312,91.35224914550781,12443700,-0.01556777505423379
2022-06-15,DIS,94.61000061035156,97.30000305175781,94.08999633789062,95.87999725341797,92.96171569824219,11751600,0.01761824769273912
2022-06-16,DIS,94.01000213623047,95.37999725341797,93.41000366210938,94.27999877929688,91.41041564941406,15298500,-0.016687515254814267
2022-06-17,DIS,94.01000213623047,95.97000122070312,93.47000122070312,94.33999633789062,91.46858215332031,15403800,0.0006363224966543513
2022-06-21,DIS,94.9000015258789,95.44999694824219,93.2699966430664,93.29000091552734,90.45054626464844,16649800,-0.011129896896897695
2022-06-22,DIS,92.16999816894531,94.61000061035156,92.01000213623047,93.5,90.65415954589844,11403500,0.002251100625243918
2022-06-23,DIS,93.95999908447266,94.6500015258789,92.06999969482422,94.30000305175781,91.42981719970703,11348800,0.008556227951304063
2022-06-24,DIS,95.44999694824219,98.56999969482422,95.4000015258789,97.77999877929688,94.80388641357422,11681200,0.036903379195184494
2022-06-27,DIS,98.22000122070312,98.2300033569336,95.80000305175781,96.61000061035156,93.66949462890625,10793700,-0.011965667522524148
2022-06-28,DIS,99.73999786376953,100.4000015258789,95.77999877929688,95.91999816894531,93.00049591064453,16812400,-0.0071421194371990016
2022-06-29,DIS,95.94999694824219,96.19999694824219,94.52999877929688,95.6500015258789,92.73871612548828,8653200,-0.002814821389853339
2022-06-30,DIS,94.41999816894531,95.44000244140625,92.54000091552734,94.4000015258789,91.52677154541016,10983500,-0.013068377811465415
2022-07-01,DIS,94.23999786376953,96.30999755859375,93.9800033569336,96.13999938964844,93.21379852294922,10543400,0.01843206035845002
2022-07-05,DIS,94.26000213623047,97.2300033569336,92.30999755859375,97.18000030517578,94.22215270996094,10660600,0.010817649350095548
2022-07-06,DIS,97.52999877929688,98.19000244140625,95.4000015258789,96.08000183105469,93.15562438964844,8640200,-0.011319294769198684
2022-07-07,DIS,96.9000015258789,97.52999877929688,95.93000030517578,97.43000030517578,94.46453857421875,7813100,0.01405083367908544
2022-07-08,DIS,96.56999969482422,97.12000274658203,95.3499984741211,95.86000061035156,92.94232177734375,7717300,-0.01611416114290365
2022-07-11,DIS,95.0,95.33999633789062,93.43000030517578,93.63999938964844,90.7898941040039,7643700,-0.023158746544940878
2022-07-12,DIS,93.58000183105469,95.25,93.30999755859375,93.5999984741211,90.75111389160156,8665300,-0.000427142390516666
2022-07-13,DIS,92.12000274658203,93.25,91.01000213623047,92.94000244140625,90.11119842529297,12006400,-0.007051323547091037
2022-07-14,DIS,91.4800033569336,92.04000091552734,90.2300033569336,91.83999633789062,89.044677734375,11146400,-0.011835606556738543
2022-07-15,DIS,92.91000366210938,95.31999969482422,92.69999694824219,95.19999694824219,92.30241394042969,14946700,0.03658541182857311
2022-07-18,DIS,96.36000061035156,97.2699966430664,95.30999755859375,95.69999694824219,92.78718566894531,10430400,0.005251994046748143
2022-07-19,DIS,96.68000030517578,99.8499984741211,96.68000030517578,99.61000061035156,96.57819366455078,13683400,0.040857021023693596
2022-07-20,DIS,100.25,104.26000213623047,99.94999694824219,103.3499984741211,100.204345703125,15112700,0.037546281422171646
2022-07-21,DIS,102.70999908447266,104.25,101.61000061035156,104.18000030517578,101.00909423828125,8611300,0.008031074196527044
2022-07-22,DIS,103.27999877929688,104.56999969482422,102.11000061035156,102.72000122070312,99.5935287475586,7803500,-0.01401423803863966
2022-07-25,DIS,102.77999877929688,103.38999938964844,101.80999755859375,102.69000244140625,99.56444549560547,6726700,-0.00029201949482926537
2022-07-26,DIS,102.13999938964844,102.36000061035156,99.55999755859375,99.77999877929688,96.74301147460938,6346600,-0.02833776662895815
2022-07-27,DIS,100.97000122070312,103.6500015258789,100.80999755859375,103.5,100.34980010986328,9684800,0.03728216209395674
2022-07-28,DIS,103.25,104.97000122070312,102.70999908447266,104.9000015258789,101.7071762084961,7970300,0.013526445465230186
2022-07-29,DIS,105.13999938964844,106.33999633789062,103.37000274658203,106.0999984741211,102.87065124511719,10320000,0.01143945864976148
2022-08-01,DIS,104.87000274658203,106.6500015258789,103.86000061035156,106.22000122070312,102.98699951171875,7769700,0.001131015165096283
2022-08-02,DIS,105.73999786376953,106.36000061035156,104.62000274658203,104.70999908447266,101.52296447753906,9093000,-0.01421572665599502
2022-08-03,DIS,105.7300033569336,109.69999694824219,105.7300033569336,109.0199966430664,105.70177459716797,11243000,0.04116123028059748
2022-08-04,DIS,108.91999816894531,109.44999694824219,107.66000366210938,108.12000274658203,104.82917785644531,7322400,-0.008255270491419275
2022-08-05,DIS,106.80999755859375,107.69999694824219,105.37000274658203,106.62999725341797,103.38451385498047,10100000,-0.013781124978803017
2022-08-08,DIS,108.20999908447266,111.2300033569336,107.9000015258789,109.11000061035156,105.7890396118164,13025900,0.023258084476837748
2022-08-09,DIS,109.22000122070312,109.22000122070312,107.02999877929688,108.12999725341797,104.83885955810547,8776500,-0.008981838356766803
2022-08-10,DIS,112.4800033569336,112.66999816894531,109.91000366210938,112.43000030517578,109.00798797607422,26398700,0.039767014211539164
2022-08-11,DIS,122.20999908447266,123.2699966430664,117.33000183105469,117.69000244140625,114.10789489746094,50375000,0.046784708314275836
2022-08-12,DIS,119.0,121.61000061035156,118.91999816894531,121.56999969482422,117.86978912353516,21964800,0.03296786983455191
2022-08-15,DIS,121.0,125.95999908447266,120.98999786376953,124.26000213623047,120.47792053222656,24628300,0.022127225543416618
2022-08-16,DIS,124.7300033569336,126.4800033569336,123.44999694824219,124.95999908447266,121.1566162109375,14607300,0.005633361496552247
2022-08-17,DIS,123.44999694824219,124.4800033569336,122.56999969482422,122.80999755859375,119.0720443725586,9140900,-0.017205596388971456
2022-08-18,DIS,123.01000213623047,123.12999725341797,121.70999908447266,122.66999816894531,118.93631744384766,7343900,-0.0011398723304545388
2022-08-19,DIS,121.25,121.38999938964844,119.4800033569336,120.13999938964844,116.48332214355469,8702500,-0.020624443004560677
2022-08-22,DIS,117.69999694824219,118.20999908447266,115.69000244140625,115.94000244140625,112.4111557006836,11575800,-0.03495922307102928
2022-08-23,DIS,115.9800033569336,116.37000274658203,114.62000274658203,114.86000061035156,111.36402893066406,7180700,-0.009315149937678013
2022-08-24,DIS,114.66999816894531,117.16000366210938,114.0999984741211,116.41000366210938,112.86685180664062,7840500,0.013494688459163351
2022-08-25,DIS,117.0199966430664,117.7699966430664,116.11000061035156,117.45999908447266,113.8848876953125,6920900,0.009019795204493919
2022-08-26,DIS,117.47000122070312,118.37000274658203,113.88999938964844,114.06999969482422,110.59808349609375,7807400,-0.028860758136867615
2022-08-29,DIS,112.54000091552734,114.47000122070312,112.41000366210938,113.52999877929688,110.07450866699219,6882700,-0.004734031662673943
2022-08-30,DIS,114.27999877929688,114.75,111.44999694824219,112.43000030517578,109.00798797607422,8060000,-0.009689079731843298
2022-08-31,DIS,112.87000274658203,113.75,111.8499984741211,112.08000183105469,108.66864776611328,7353000,-0.0031129848028698115
2022-09-01,DIS,111.79000091552734,112.58999633789062,110.02999877929688,112.52999877929688,109.10494995117188,7718700,0.004014977585785839
2022-09-02,DIS,113.05000305175781,113.88999938964844,110.83999633789062,111.19999694824219,107.8154296875,8465100,-0.01181908120803854
2022-09-06,DIS,111.7699966430664,111.77999877929688,108.5199966430664,110.08999633789062,106.73921203613281,9537300,-0.009982037399346
2022-09-07,DIS,109.87000274658203,112.95999908447266,109.87000274658203,112.69000244140625,109.26007843017578,8193900,0.02361706017831211
2022-09-08,DIS,111.06999969482422,112.98999786376953,110.36000061035156,112.33000183105469,108.91104125976562,8443300,-0.003194553540735501
2022-09-09,DIS,113.2699966430664,115.52999877929688,113.19000244140625,115.18000030517578,111.6742935180664,9563100,0.025371644842785868
2022-09-12,DIS,116.13999938964844,117.48999786376953,115.2699966430664,116.38999938964844,112.84745025634766,7923400,0.010505163733956824
2022-09-13,DIS,113.05000305175781,113.81999969482422,111.16999816894531,111.76000213623047,108.35838317871094,10504600,-0.039779960180218676
2022-09-14,DIS,111.8499984741211,112.73999786376953,109.87999725341797,112.5,109.07585906982422,8610400,0.006621323335269658
2022-09-15,DIS,112.38999938964844,114.41000366210938,110.70999908447266,110.7699966430664,107.39851379394531,9739800,-0.015377786525661574
2022-09-16,DIS,109.20999908447266,109.58000183105469,106.95999908447266,108.25,104.95520782470703,15978800,-0.022749904844363122
2022-09-19,DIS,107.52999877929688,109.22000122070312,107.04000091552734,109.16999816894531,105.84720611572266,7979500,0.00849884736072748
2022-09-20,DIS,108.27999877929688,108.41000366210938,106.86000061035156,107.56999969482422,104.29591369628906,6957400,-0.014655960004627544
2022-09-21,DIS,107.38999938964844,108.04000091552734,104.48999786376953,104.48999786376953,101.30965423583984,9776400,-0.028632564350941303
2022-09-22,DIS,104.20999908447266,104.66000366210938,102.0199966430664,102.16000366210938,99.05059051513672,10953400,-0.02229860261337213
2022-09-23,DIS,100.62000274658203,101.18000030517578,98.0199966430664,99.5,96.4715347290039,11976900,-0.02603776285148629
2022-09-26,DIS,98.94999694824219,100.66000366210938,98.05999755859375,98.12000274658203,95.133544921875,9760500,-0.01386927046291353
2022-09-27,DIS,99.52999877929688,99.63999938964844,95.43000030517578,95.8499984741211,92.93263244628906,13360200,-0.023134978071019607
2022-09-28,DIS,95.79000091552734,99.87000274658203,95.44999694824219,99.4000015258789,96.37458038330078,12895500,0.037037021834079864
2022-09-29,DIS,98.52999877929688,98.5999984741211,96.2300033569336,97.44999694824219,94.48394012451172,9435100,-0.019617623768317438
2022-09-30,DIS,96.5,97.4800033569336,94.27999877929688,94.33000183105469,91.45890045166016,12094900,-0.03201644288823202
2022-10-03,DIS,95.7300033569336,97.77999877929688,94.5,97.12999725341797,94.17367553710938,9468400,0.029683005940838836
2022-10-04,DIS,98.68000030517578,101.5199966430664,98.2300033569336,101.44000244140625,98.35249328613281,10229000,0.044373522910622354
2022-10-05,DIS,100.04000091552734,101.22000122070312,98.69999694824219,100.80000305175781,97.7319564819336,7562800,-0.00630931442067173
2022-10-06,DIS,100.43000030517578,101.45999908447266,99.87000274658203,100.04000091552734,96.99510192871094,6728200,-0.007539545709993711
2022-10-07,DIS,98.51000213623047,98.80000305175781,96.44999694824219,97.16000366210938,94.2027587890625,7051000,-0.028788496368618133
2022-10-10,DIS,97.58999633789062,97.73999786376953,94.41999816894531,95.16000366210938,92.26363372802734,9532300,-0.02058458888000525
2022-10-11,DIS,94.80999755859375,95.05999755859375,92.6500015258789,93.0999984741211,90.26631927490234,8900900,-0.021647905815336044
2022-10-12,DIS,93.16000366210938,94.06999969482422,92.19999694824219,93.41000366210938,90.56690979003906,6156200,0.0033300406790852666
2022-10-13,DIS,91.56999969482422,96.97000122070312,90.70999908447266,96.63999938964844,93.6985855102539,11025400,0.034578586455858984
2022-10-14,DIS,97.47000122070312,98.08999633789062,94.33000183105469,94.44999694824219,91.57522583007812,8202100,-0.02266159802319978
2022-10-17,DIS,96.37999725341797,97.97000122070312,96.26000213623047,97.33000183105469,94.36758422851562,7083800,0.030492509006953883
2022-10-18,DIS,99.87000274658203,100.37000274658203,97.63999938964844,98.4800033569336,95.48258972167969,8533500,0.011815556181495879
2022-10-19,DIS,100.44000244140625,101.87000274658203,98.5,98.98999786376953,95.97706604003906,11731000,0.005178706608196526
2022-10-20,DIS,98.2300033569336,100.75,98.11000061035156,98.58999633789062,95.5892333984375,8212400,-0.004040888699804235
2022-10-21,DIS,98.3499984741211,102.30000305175781,97.88999938964844,102.04000091552734,98.93421936035156,10193400,0.03499333390374004
2022-10-24,DIS,102.12000274658203,103.19000244140625,100.12000274658203,101.72000122070312,98.62397003173828,8221500,-0.0031359152638911203
2022-10-25,DIS,102.16000366210938,104.7300033569336,102.02999877929688,104.36000061035156,101.18360900878906,7687500,0.025953517955392247
2022-10-26,DIS,103.52999877929688,107.43000030517578,103.52999877929688,104.62999725341797,101.44538879394531,9203700,0.0025871758056534855
2022-10-27,DIS,105.80999755859375,106.87000274658203,104.30999755859375,104.44000244140625,101.26118469238281,8673500,-0.0018157957079414366
2022-10-28,DIS,104.08000183105469,106.08999633789062,103.52999877929688,105.94999694824219,102.72521209716797,7250900,0.014457932812386831
2022-10-31,DIS,105.66000366210938,106.9000015258789,104.81999969482422,106.54000091552734,103.29725646972656,8814800,0.0055686852417251576
2022-11-01,DIS,107.69999694824219,108.83999633789062,105.63999938964844,106.0,102.77368927001953,7955800,-0.005068548939249684
2022-11-02,DIS,105.44999694824219,106.08000183105469,101.79000091552734,101.81999969482422,98.72090911865234,9583200,-0.039434024215275865
2022-11-03,DIS,100.19999694824219,100.69999694824219,98.55999755859375,99.25,96.22914123535156,8978400,-0.025240528126680206
2022-11-04,DIS,101.1500015258789,101.16000366210938,98.11000061035156,99.58000183105469,96.5490951538086,11035800,0.003324917112941028
2022-11-07,DIS,100.87999725341797,101.55999755859375,98.98999786376953,100.43000030517578,97.37322998046875,11355200,0.008535914555670043
2022-11-08,DIS,100.73999786376953,101.97000122070312,98.05000305175781,99.9000015258789,96.85935974121094,27130300,-0.005277325599252314
2022-11-09,DIS,90.55000305175781,91.0999984741211,86.27999877929688,86.75,84.1095962524414,62029800,-0.1316317134744064
2022-11-10,DIS,89.75,90.5,87.61000061035156,90.45999908447266,87.70668029785156,36968100,0.04276663074941034
2022-11-11,DIS,91.58000183105469,95.58000183105469,91.0999984741211,95.01000213623047,92.11819458007812,22373300,0.05029849798493191
2022-11-14,DIS,95.8499984741211,96.62000274658203,94.20999908447266,94.27999877929688,91.41041564941406,20598000,-0.007683378228269477
2022-11-15,DIS,96.0,97.18000030517578,93.69999694824219,95.51000213623047,92.60297393798828,15801900,0.01304619697987186
2022-11-16,DIS,95.22000122070312,95.22000122070312,93.72000122070312,93.94999694824219,91.09044647216797,11137700,-0.016333465346730414
2022-11-17,DIS,92.12000274658203,92.2699966430664,90.8499984741211,91.44999694824219,88.66653442382812,12306400,-0.02660994804850858
2022-11-18,DIS,92.86000061035156,93.16000366210938,90.91000366210938,91.80000305175781,89.00589752197266,10011700,0.003827409070962018
2022-11-21,DIS,100.12000274658203,100.88999938964844,96.31999969482422,97.58000183105469,94.60997009277344,70273500,0.06296293534276565
2022-11-22,DIS,97.0,97.66999816894531,94.68000030517578,96.20999908447266,93.28166961669922,25753700,-0.014039751569223657
2022-11-23,DIS,96.0,99.33999633789062,95.77999877929688,98.87999725341797,95.87041473388672,15503200,0.027751916617968275
2022-11-25,DIS,98.80999755859375,99.80999755859375,98.08000183105469,98.87000274658203,95.8607177734375,6664300,-0.00010114653698056753
2022-11-28,DIS,98.20999908447266,99.12999725341797,95.43000030517578,95.69000244140625,92.77750396728516,13660000,-0.03216347506847783
2022-11-29,DIS,96.0,96.43000030517578,93.91999816894531,94.69000244140625,91.80792999267578,13205300,-0.010450528772052992
2022-11-30,DIS,94.94999694824219,97.94000244140625,93.87000274658203,97.87000274658203,94.89115905761719,15368100,0.03358347220318958
2022-12-01,DIS,97.87000274658203,98.83999633789062,96.58000183105469,98.58999633789062,95.5892333984375,13855700,0.007356579345779268
2022-12-02,DIS,97.45999908447266,99.69000244140625,97.01000213623047,99.43000030517578,96.40367126464844,12608100,0.008520184096635353
2022-12-05,DIS,98.23999786376953,99.16000366210938,95.66999816894531,95.93000030517578,93.01019287109375,10764500,-0.035200717452335106
2022-12-06,DIS,95.7300033569336,96.0,91.9800033569336,92.29000091552734,89.48098754882812,11492400,-0.037944285602728334
2022-12-07,DIS,92.66000366210938,92.79000091552734,91.26000213623047,92.1500015258789,89.34525299072266,10353400,-0.0015169094779089454
2022-12-08,DIS,92.5,93.43000030517578,91.66999816894531,92.55000305175781,89.73307037353516,9351200,0.004340660189890322
2022-12-09,DIS,92.37000274658203,94.91000366210938,91.9000015258789,93.37999725341797,90.53781127929688,10111900,0.008968164160791492
2022-12-12,DIS,93.7300033569336,94.66000366210938,92.61000061035156,94.66000366210938,91.77885437011719,14140700,0.013707456291293107
2022-12-13,DIS,96.48999786376953,97.38999938964844,93.56999969482422,94.69999694824219,91.817626953125,22882100,0.0004224566026009846
2022-12-14,DIS,94.54000091552734,95.47000122070312,92.62000274658203,94.1500015258789,91.28438568115234,11505400,-0.0058076133055027235
2022-12-15,DIS,92.47000122070312,93.12000274658203,90.12000274658203,90.48999786376953,87.73576354980469,15957700,-0.038874360657283225
2022-12-16,DIS,90.19000244140625,91.08000183105469,88.80999755859375,90.08000183105469,87.33824920654297,26383900,-0.004530813059329675
2022-12-19,DIS,89.44000244140625,89.45999908447266,85.41000366210938,85.77999877929688,83.16912078857422,19225300,-0.04773542469473291
2022-12-20,DIS,86.08000183105469,87.83999633789062,85.76000213623047,87.0199966430664,84.37138366699219,14918400,0.01445564011039946
2022-12-21,DIS,87.19000244140625,88.0999984741211,86.4800033569336,86.91999816894531,84.27442932128906,11004800,-0.001149137793991839
2022-12-22,DIS,86.02999877929688,86.7300033569336,84.69000244140625,86.66999816894531,84.03203582763672,15487400,-0.0028762401075210775
2022-12-23,DIS,86.05999755859375,88.06999969482422,85.7699966430664,88.01000213623047,85.33125305175781,11171600,0.015460975225995988
2022-12-27,DIS,87.41999816894531,87.94000244140625,85.95999908447266,86.37000274658203,83.74118041992188,11561400,-0.018634117922438964
2022-12-28,DIS,86.08000183105469,86.69000244140625,84.06999969482422,84.16999816894531,81.60813903808594,12399500,-0.02547183322637392
2022-12-29,DIS,85.25,88.23999786376953,84.97000122070312,87.18000030517578,84.5265121459961,13045100,0.03576080942794402
2022-12-30,DIS,85.7300033569336,87.12000274658203,85.2300033569336,86.87999725341797,84.23564910888672,23231000,-0.003441086467722565
2023-01-03,DIS,88.9800033569336,89.97000122070312,87.83000183105469,88.97000122070312,86.26203155517578,14997100,0.02405611481274006
2023-01-04,DIS,90.0,92.75,89.36000061035156,91.9800033569336,89.180419921875,14957200,0.033831667468120497
2023-01-05,DIS,91.66000366210938,92.4800033569336,90.51000213623047,91.91999816894531,89.12224578857422,11622600,-0.0006523195714007723
2023-01-06,DIS,92.66000366210938,94.69000244140625,91.31999969482422,93.91999816894531,91.06137084960938,9828100,0.021758036322775842
2023-01-09,DIS,94.43000030517578,95.69999694824219,93.44999694824219,94.7699966430664,91.885498046875,11675800,0.009050239300995022
2023-01-10,DIS,94.27999877929688,95.63999938964844,93.81999969482422,95.55999755859375,92.65145111083984,6914600,0.008335951594604207
2023-01-11,DIS,95.91999816894531,96.55000305175781,95.05000305175781,96.33000183105469,93.39802551269531,8757300,0.008057881370496123
2023-01-12,DIS,98.5,100.62999725341797,97.56999969482422,99.80999755859375,96.7720947265625,19764300,0.0361257017516774
2023-01-13,DIS,99.37999725341797,99.5999984741211,98.01000213623047,99.4000015258789,96.37458038330078,12230200,-0.004107737301594305
2023-01-17,DIS,100.31999969482422,100.98999786376953,99.0,99.91000366210938,96.86905670166016,14914200,0.005130775318478609
2023-01-18,DIS,100.27999877929688,101.12999725341797,98.72000122070312,99.04000091552734,96.0255355834961,11384500,-0.008707848996217238
2023-01-19,DIS,98.12000274658203,99.44999694824219,97.12000274658203,99.08000183105469,96.06432342529297,10973600,0.0004039325744051858
2023-01-20,DIS,100.33999633789062,103.58999633789062,99.30000305175781,103.4800033569336,100.33040618896484,14549900,0.044408606770540704
2023-01-23,DIS,103.29000091552734,105.94999694824219,102.91999816894531,105.69000244140625,102.47312927246094,11479100,0.021356667085155046
2023-01-24,DIS,104.69999694824219,108.44000244140625,102.0,106.0,102.77368927001953,8606700,0.0029330615712870323
2023-01-25,DIS,104.95999908447266,108.16000366210938,104.18000030517578,108.12000274658203,104.82917785644531,10008000,0.020000144015705823
2023-01-26,DIS,108.16999816894531,109.76000213623047,107.56999969482422,109.69999694824219,106.361083984375,9204400,0.0146133563121853
2023-01-27,DIS,109.26000213623047,110.58000183105469,109.16000366210938,109.54000091552734,106.20594787597656,10249700,-0.0014585796100125004
2023-01-30,DIS,108.26000213623047,108.97000122070312,107.4800033569336,107.58999633789062,104.31529998779297,8548500,-0.017801713802238495
2023-01-31,DIS,107.58000183105469,108.72000122070312,107.44999694824219,108.48999786376953,105.18790435791016,8251700,0.008365066008718669
2023-02-01,DIS,108.5,109.94000244140625,106.9000015258789,109.38999938964844,106.06051635742188,9975500,0.008295744694585716
2023-02-02,DIS,110.66999816894531,113.52999877929688,109.69000244140625,113.20999908447266,109.76424407958984,13093200,0.03492089091558337
2023-02-03,DIS,111.47000122070312,113.13999938964844,110.37000274658203,110.70999908447266,107.34033966064453,12472500,-0.022082823411854857
2023-02-06,DIS,110.16999816894531,110.43000030517578,108.52999877929688,109.87000274658203,106.52590942382812,11956500,-0.00758736407385352
2023-02-07,DIS,109.30000305175781,112.12000274658203,108.86000061035156,111.62999725341797,108.23233032226562,10844000,0.01601883436308693
2023-02-08,DIS,112.19999694824219,113.33000183105469,110.29000091552734,111.77999877929688,108.37776947021484,27719900,0.0013437680544821085
2023-02-09,DIS,118.04000091552734,118.18000030517578,109.80999755859375,110.36000061035156,107.00099182128906,46137200,-0.01270350603870063
2023-02-10,DIS,108.95999908447266,109.73999786376953,107.20999908447266,108.05999755859375,104.77098846435547,15566000,-0.020840959686225125
2023-02-13,DIS,108.0999984741211,108.29000091552734,106.55000305175781,107.66000366210938,104.38317108154297,12341500,-0.0037015722433929588
2023-02-14,DIS,106.81999969482422,108.44000244140625,105.81999969482422,107.66000366210938,104.38317108154297,10768100,0.0
2023-02-15,DIS,107.08999633789062,109.2699966430664,106.69999694824219,109.23999786376953,105.91507720947266,8156000,0.014675796031651256
2023-02-16,DIS,107.55000305175781,108.0199966430664,105.69999694824219,105.83000183105469,102.60887908935547,9479900,-0.03121555690865785
2023-02-17,DIS,105.02999877929688,105.80000305175781,103.87999725341797,105.22000122070312,102.01744079589844,9492200,-0.0057640069622239
2023-02-21,DIS,103.55000305175781,103.7300033569336,101.83000183105469,102.08999633789062,98.98270416259766,10648200,-0.029747233508555015
2023-02-22,DIS,101.33000183105469,102.55999755859375,101.08999633789062,101.68000030517578,98.58518981933594,9885100,-0.004015998013236044
2023-02-23,DIS,101.44999694824219,102.05000305175781,99.61000061035156,101.7300033569336,98.63365936279297,10974800,0.0004916513681807455
2023-02-24,DIS,99.52999877929688,100.43000030517578,98.95999908447266,100.30000305175781,97.24718475341797,8523000,-0.014056810001089826
2023-02-27,DIS,100.7300033569336,101.47000122070312,100.05999755859375,100.44999694824219,97.39261627197266,6641200,0.001495483071550563
2023-02-28,DIS,100.44999694824219,100.75,99.56999969482422,99.61000061035156,96.57819366455078,8233700,-0.008362262341814142
2023-03-01,DIS,99.19000244140625,99.62999725341797,98.0999984741211,98.54000091552734,95.54075622558594,7898300,-0.010741942871371313
2023-03-02,DIS,97.73999786376953,99.29000091552734,97.41999816894531,98.91999816894531,95.90918731689453,7776600,0.0038562714580012702
2023-03-03,DIS,99.66999816894531,101.18000030517578,98.87999725341797,101.13999938964844,98.0616226196289,7434300,0.022442430834310967
2023-03-06,DIS,101.61000061035156,102.69999694824219,100.48999786376953,100.66000366210938,97.59622955322266,6773300,-0.00474592459285994
2023-03-07,DIS,100.4000015258789,100.94000244140625,98.88999938964844,99.05999755859375,96.044921875,6951300,-0.015895159939315784
2023-03-08,DIS,99.0,99.62000274658203,98.30000305175781,99.30000305175781,96.27762603759766,5668700,0.002422867946110907
2023-03-09,DIS,99.44999694824219,100.05000305175781,95.91999816894531,96.13999938964844,93.21379852294922,8275600,-0.03182284026666771
2023-03-10,DIS,95.5999984741211,95.9000015258789,92.83000183105469,93.56999969482422,90.72203063964844,13978800,-0.02673174919148169
2023-03-13,DIS,91.88999938964844,94.0199966430664,90.45999908447266,92.5999984741211,89.78154754638672,11915300,-0.010366645087535042
2023-03-14,DIS,94.0,94.30000305175781,92.33999633789062,93.36000061035156,90.51842498779297,10323600,0.008207448652246985
2023-03-15,DIS,91.62999725341797,93.36000061035156,91.41000366210938,93.0999984741211,90.26631927490234,9543800,-0.002785131457210266
2023-03-16,DIS,92.66999816894531,94.55999755859375,91.88999938964844,94.29000091552734,91.42011260986328,9931700,0.012782102385798133
2023-03-17,DIS,94.05000305175781,94.2699966430664,92.91000366210938,93.19999694824219,90.36328887939453,12943200,-0.01156007907120793
2023-03-20,DIS,93.43000030517578,94.91999816894531,93.0,94.22000122070312,91.35224914550781,6657200,0.010944270382115207
2023-03-21,DIS,95.16999816894531,96.8499984741211,95.16999816894531,96.54000091552734,93.60162353515625,7285800,0.02462308712361949
2023-03-22,DIS,97.44999694824219,97.93000030517578,94.81999969482422,94.9000015258789,92.01155853271484,8811100,-0.016987579300311917
2023-03-23,DIS,95.27999877929688,97.0199966430664,94.76000213623047,95.83000183105469,92.91324615478516,9527000,0.009799721213826773
2023-03-24,DIS,94.80999755859375,95.0,93.0199966430664,94.08000183105469,91.21649932861328,9534600,-0.01826162464870995
2023-03-27,DIS,94.77999877929688,96.0199966430664,94.37999725341797,95.62000274658203,92.70962524414062,7487900,0.016369033305567493
2023-03-28,DIS,95.51000213623047,96.0,94.58999633789062,94.81999969482422,91.9339828491211,5426100,-0.00836636317941053
2023-03-29,DIS,96.08000183105469,96.91000366210938,95.3499984741211,96.87000274658203,93.92158508300781,5889100,0.02161988605615739
2023-03-30,DIS,98.7300033569336,98.91999816894531,97.66999816894531,98.0999984741211,95.1141357421875,7669500,0.012697301244710912
2023-03-31,DIS,98.88999938964844,100.19999694824219,98.5,100.12999725341797,97.08236694335938,8920000,0.020693361568325574
2023-04-03,DIS,100.20999908447266,100.43000030517578,99.2699966430664,99.76000213623047,96.7236328125,7313200,-0.0036951522933992287
2023-04-04,DIS,100.30000305175781,100.41999816894531,98.76000213623047,99.56999969482422,96.53941345214844,6794200,-0.0019045951335251443
2023-04-05,DIS,99.69999694824219,100.18000030517578,98.62999725341797,99.91000366210938,96.86905670166016,7747200,0.0034145976003376877
2023-04-06,DIS,99.44000244140625,100.31999969482422,98.55000305175781,99.97000122070312,96.92723083496094,7042500,0.0006005440259415629
2023-04-10,DIS,99.30000305175781,100.80999755859375,98.9000015258789,100.80999755859375,97.74166107177734,8016600,0.008402491537214507
2023-04-11,DIS,101.16000366210938,101.91000366210938,100.29000091552734,100.41999816894531,97.36354064941406,7504600,-0.0038685696377269707
2023-04-12,DIS,101.25,102.22000122070312,97.69999694824219,97.94000244140625,94.95902252197266,9289200,-0.024696288892159135
2023-04-13,DIS,98.51000213623047,101.06999969482422,98.51000213623047,100.83999633789062,97.770751953125,8745000,0.029609923906932956
2023-04-14,DIS,100.5,100.86000061035156,98.93000030517578,99.9000015258789,96.85935974121094,7337300,-0.009321726525648666
2023-04-17,DIS,99.56999969482422,100.56999969482422,99.1500015258789,100.30000305175781,97.24718475341797,6705300,0.004004001402066137
2023-04-18,DIS,100.61000061035156,101.1500015258789,99.5999984741211,100.93000030517578,97.8580093383789,8180100,0.0062811544263183805
2023-04-19,DIS,99.77999877929688,99.83000183105469,98.36000061035156,98.75,95.7443618774414,11523300,-0.02159912586846935
2023-04-20,DIS,97.75,98.58000183105469,97.38999938964844,98.06999969482422,95.08506774902344,7762700,-0.006885983837480736
2023-04-21,DIS,98.16000366210938,99.72000122070312,97.72000122070312,99.56999969482422,96.53941345214844,9468000,0.01529520604606116
2023-04-24,DIS,100.1500015258789,100.73999786376953,98.66999816894531,99.68000030517578,96.64606475830078,8540600,0.0011047436724400672
2023-04-25,DIS,99.37999725341797,99.70999908447266,98.01000213623047,98.01000213623047,95.02688598632812,6511400,-0.01675369582840247
2023-04-26,DIS,97.83999633789062,98.4800033569336,96.45999908447266,96.61000061035156,93.66949462890625,8634500,-0.01428428747646393
2023-04-27,DIS,97.12999725341797,100.06999969482422,96.70999908447266,99.93000030517578,96.8884506225586,8166500,0.034365040682721615
2023-04-28,DIS,99.37000274658203,102.55999755859375,99.08000183105469,102.5,99.3802261352539,11329700,0.02571798286260507
2023-05-01,DIS,102.41000366210938,102.61000061035156,101.61000061035156,102.20999908447266,99.09905242919922,6909500,-0.0028292721498944795
2023-05-02,DIS,101.33000183105469,101.69999694824219,99.62000274658203,100.5999984741211,97.53805541992188,6955900,-0.015751886330019005
2023-05-03,DIS,101.05999755859375,102.58000183105469,100.63999938964844,100.86000061035156,97.79014587402344,7772100,0.0025845343442234547
2023-05-04,DIS,99.54000091552734,99.54000091552734,96.61000061035156,97.44999694824219,94.48394012451172,13260700,-0.03380919130411042
2023-05-05,DIS,98.58999633789062,100.8499984741211,98.11000061035156,100.5199966430664,97.46048736572266,9300100,0.03150320824140507
2023-05-08,DIS,101.69999694824219,103.91000366210938,101.69000244140625,102.97000122070312,99.8359146118164,10810100,0.024373233813000716
2023-05-09,DIS,102.91000366210938,102.9800033569336,102.08999633789062,102.18000030517578,99.0699691772461,6829900,-0.007672043047318944
2023-05-10,DIS,103.0,103.25,100.04000091552734,101.13999938964844,98.0616226196289,19525200,-0.010178125278439865
2023-05-11,DIS,94.80000305175781,95.11000061035156,91.87999725341797,92.30999755859375,89.50037384033203,57127200,-0.0873047839775718
2023-05-12,DIS,92.33999633789062,92.87999725341797,91.23999786376953,91.98999786376953,89.19010925292969,21837500,-0.003466628954599149
2023-05-15,DIS,91.54000091552734,92.87000274658203,90.69999694824219,92.86000061035156,90.03363800048828,16792000,0.009457648999694257
2023-05-16,DIS,92.04000091552734,92.41999816894531,90.77999877929688,90.9800033569336,88.21085357666016,17013300,-0.02024559336165266
2023-05-17,DIS,91.0199966430664,93.05000305175781,90.8499984741211,92.7699966430664,89.94637298583984,12461600,0.019674669712513637
2023-05-18,DIS,92.8499984741211,94.23999786376953,92.45999908447266,93.76000213623047,90.90625,15014800,0.01067165892627231
2023-05-19,DIS,93.0,93.0,91.31999969482422,91.3499984741211,88.56959533691406,16429000,-0.025704004544087278
2023-05-22,DIS,91.33000183105469,91.94000244140625,89.88999938964844,91.81999969482422,89.02529907226562,14150600,0.0051451486666287405
2023-05-23,DIS,91.0999984741211,92.02999877929688,89.80999755859375,89.81999969482422,87.08615112304688,14778700,-0.021781987473523223
2023-05-24,DIS,89.44000244140625,89.48999786376953,88.41000366210938,89.06999969482422,86.35899353027344,15350800,-0.008349864856767142
2023-05-25,DIS,89.55999755859375,89.55999755859375,87.79000091552734,88.13999938964844,85.4572982788086,13605800,-0.010441243171144032
2023-05-26,DIS,88.48999786376953,89.23999786376953,88.0999984741211,88.29000091552734,85.60272979736328,12892700,0.0017018033741273975
2023-05-30,DIS,88.97000122070312,88.97000122070312,87.01000213623047,87.81999969482422,85.14703369140625,14800700,-0.005323382876173954
2023-05-31,DIS,87.58000183105469,88.16999816894531,87.1500015258789,87.95999908447266,85.28277587890625,11440600,0.0015942092356613369
2023-06-01,DIS,88.4000015258789,89.05999755859375,87.11000061035156,88.58999633789062,85.89359283447266,11993200,0.007162254620249664
2023-06-02,DIS,89.62999725341797,91.33999633789062,89.5999984741211,90.7699966430664,88.00724792480469,14350200,0.024607831860116836
2023-06-05,DIS,91.19999694824219,91.76000213623047,89.44000244140625,91.0,88.23025512695312,18506700,0.0025339640473587277
2023-06-06,DIS,91.0999984741211,92.51000213623047,91.0199966430664,92.16000366210938,89.35494995117188,12109100,0.01274726931935577
2023-06-07,DIS,92.77999877929688,93.08000183105469,91.86000061035156,92.5199966430664,89.7039794921875,11082400,0.0039061019138431075
2023-06-08,DIS,92.5199966430664,92.68000030517578,91.30000305175781,92.52999877929688,89.71367645263672,9030200,0.00010809955705548546
2023-06-09,DIS,92.77999877929688,92.91999816894531,91.55000305175781,91.93000030517578,89.1319351196289,9625400,-0.006484421952264285
2023-06-12,DIS,92.25,93.2300033569336,91.7699966430664,93.13999938964844,90.30511474609375,12341600,0.013162281564853773
2023-06-13,DIS,94.12000274658203,94.44000244140625,93.44000244140625,93.8499984741211,90.9935073852539,12964400,0.007622964004814881
2023-06-14,DIS,94.26000213623047,94.5199966430664,91.91999816894531,92.44999694824219,89.6361083984375,15877400,-0.01491753671027718
2023-06-15,DIS,92.05999755859375,93.5199966430664,91.61000061035156,92.94000244140625,90.11119842529297,13354600,0.005300208089620062
2023-06-16,DIS,92.87999725341797,92.97000122070312,90.86000061035156,91.31999969482422,88.5405044555664,22683400,-0.017430619025988747
2023-06-20,DIS,90.29000091552734,90.77999877929688,89.73999786376953,89.75,87.01829528808594,14939200,-0.017192235088793528
2023-06-21,DIS,89.55000305175781,89.66999816894531,88.11000061035156,88.63999938964844,85.94207763671875,17873000,-0.012367717016337987
2023-06-22,DIS,88.44000244140625,89.19000244140625,88.12000274658203,88.48999786376953,85.79663848876953,10915300,-0.0016922926690694506
2023-06-23,DIS,88.0199966430664,88.4000015258789,87.61000061035156,88.0999984741211,85.41852569580078,13538000,-0.004407081671599977
2023-06-26,DIS,88.04000091552734,89.48999786376953,87.7699966430664,88.69999694824219,86.00025177001953,13132700,0.006810303379508609
2023-06-27,DIS,88.9000015258789,89.66000366210938,88.48999786376953,89.05999755859375,86.34928131103516,10032700,0.004058471153654208
2023-06-28,DIS,89.38999938964844,89.4000015258789,88.52999877929688,88.83000183105469,86.12629699707031,12118300,-0.0025823528647753724
2023-06-29,DIS,87.80000305175781,89.12000274658203,87.33999633789062,88.94999694824219,86.24263763427734,13402600,0.0013508143420004615
2023-06-30,DIS,89.18000030517578,89.5999984741211,88.61000061035156,89.27999877929688,86.56259155273438,12837500,0.0037099273310010616
2023-07-03,DIS,89.12000274658203,90.94999694824219,88.91000366210938,90.5,87.74546813964844,7979500,0.013664985829282328
2023-07-05,DIS,90.11000061035156,90.38999938964844,89.25,89.79000091552734,87.05707550048828,11028800,-0.007845335534190423
2023-07-06,DIS,88.66999816894531,88.83000183105469,87.77999877929688,88.73999786376953,86.03903198242188,12084600,-0.011693977912923259
2023-07-07,DIS,88.30999755859375,89.7300033569336,88.08000183105469,88.63999938964844,85.94207763671875,9705100,-0.001126864673732464
2023-07-10,DIS,88.25,88.68000030517578,87.86000061035156,88.0999984741211,85.41852569580078,13642600,-0.006091916268664677
2023-07-11,DIS,88.19999694824219,89.58999633789062,88.1500015258789,89.48999786376953,86.76619720458984,13735500,0.01577727428343234
2023-07-12,DIS,90.11000061035156,90.70999908447266,89.56999969482422,90.1500015258789,87.4061279296875,14912100,0.00737534599550016
2023-07-13,DIS,90.55000305175781,90.80999755859375,89.08000183105469,90.47000122070312,87.71637725830078,15325500,0.0035495146159874036
2023-07-14,DIS,90.41000366210938,90.48999786376953,88.41999816894531,88.62000274658203,85.92269134521484,17770000,-0.02044870033567414
2023-07-17,DIS,88.41999816894531,88.48999786376953,85.30000305175781,85.55999755859375,82.95582580566406,34503400,-0.03452947635951831
2023-07-18,DIS,85.51000213623047,87.30000305175781,85.30999755859375,85.94999694824219,83.33395385742188,21885100,0.004558185613673826
2023-07-19,DIS,86.19999694824219,87.88999938964844,86.19000244140625,87.04000091552734,84.39078521728516,17177000,0.012681881885401092
2023-07-20,DIS,86.83999633789062,87.18000030517578,86.02999877929688,86.20999908447266,83.5860366821289,15277500,-0.009535976387519352
2023-07-21,DIS,86.30000305175781,87.9000015258789,85.87999725341797,87.18000030517578,84.5265121459961,19901000,0.011251585805458708
2023-07-24,DIS,87.48999786376953,87.95999908447266,86.55000305175781,86.5999984741211,83.96417236328125,13911900,-0.006652821327154279
2023-07-25,DIS,85.7300033569336,86.30999755859375,85.16000366210938,85.62999725341797,83.02369689941406,15335400,-0.011200913882627339
2023-07-26,DIS,85.66999816894531,86.2699966430664,85.44999694824219,85.86000061035156,83.24668884277344,14983700,0.002685883087445884
2023-07-27,DIS,86.5999984741211,86.87999725341797,85.19000244140625,85.36000061035156,82.76190948486328,16691400,-0.005823407088608068
2023-07-28,DIS,85.86000061035156,86.58000183105469,85.44999694824219,86.12999725341797,83.50847625732422,13638300,0.009020656689868733
2023-07-31,DIS,87.0,89.36000061035156,86.87999725341797,88.88999938964844,86.1844711303711,20837800,0.03204458987852954
2023-08-01,DIS,89.12000274658203,89.7300033569336,88.45999908447266,89.02999877929688,86.32020568847656,13717500,0.0015749305684100712
2023-08-02,DIS,88.26000213623047,88.33000183105469,86.26000213623047,86.30000305175781,83.67330169677734,15162700,-0.03066378225802313
2023-08-03,DIS,85.81999969482422,86.45999908447266,85.44999694824219,85.48999786376953,82.8879623413086,14145400,-0.009385781838927909
2023-08-04,DIS,85.94000244140625,87.11000061035156,85.44999694824219,86.30000305175781,83.67330169677734,11533900,0.00947470939428996
2023-08-07,DIS,86.66000366210938,87.2300033569336,85.98999786376953,86.83000183105469,84.18716430664062,10818400,0.006141297157431058
2023-08-08,DIS,86.5,88.33000183105469,86.0999984741211,88.12999725341797,85.4476089477539,16767900,0.014971933684834404
2023-08-09,DIS,89.19999694824219,89.55999755859375,87.04000091552734,87.48999786376953,84.82707214355469,32517900,-0.0072621903859081405
2023-08-10,DIS,89.97000122070312,92.52999877929688,87.75,91.76000213623047,88.96713256835938,56716800,0.04880588614208414
2023-08-11,DIS,91.31999969482422,91.3499984741211,88.86000061035156,89.0199966430664,86.31051635742188,21998900,-0.029860647794804906
2023-08-14,DIS,88.98999786376953,89.30000305175781,87.98999786376953,88.80999755859375,86.10689544677734,13676400,-0.0023591668690905454
2023-08-15,DIS,87.98999786376953,88.2300033569336,86.88999938964844,87.05999755859375,84.4101791381836,13677900,-0.01970476696192691
2023-08-16,DIS,86.54000091552734,87.05999755859375,86.08000183105469,86.3499984741211,83.72177124023438,12182700,-0.008155508079449314
2023-08-17,DIS,86.91999816894531,86.95999908447266,85.80000305175781,85.91999816894531,83.30486297607422,14206000,-0.004979687576889269
2023-08-18,DIS,85.37000274658203,86.72000122070312,85.37000274658203,85.95999908447266,83.34365844726562,12364400,0.0004657047596674513
2023-08-21,DIS,85.80999755859375,86.25,85.41000366210938,85.87999725341797,83.26608276367188,11215000,-0.0009307928766150164
2023-08-22,DIS,85.70999908447266,86.08999633789062,85.37000274658203,85.79000091552734,83.1788330078125,9835300,-0.0010478426865234702
2023-08-23,DIS,85.80999755859375,86.33000183105469,85.63999938964844,85.83000183105469,83.21760559082031,7576000,0.00046613521259875057
2023-08-24,DIS,85.51000213623047,85.94999694824219,82.45999908447266,82.47000122070312,79.95987701416016,27531000,-0.03914710779685682
2023-08-25,DIS,83.06999969482422,83.6500015258789,82.45999908447266,83.36000061035156,80.82278442382812,16050900,0.010791755088807253
2023-08-28,DIS,83.83000183105469,84.69000244140625,83.52999877929688,84.16000366210938,81.59844207763672,12166400,0.009597017219069137
2023-08-29,DIS,83.79000091552734,84.55000305175781,83.7300033569336,84.4000015258789,81.83113098144531,11210700,0.002851634147465809
2023-08-30,DIS,84.4000015258789,84.68000030517578,83.83000183105469,84.27999877929688,81.71478271484375,11816600,-0.0014218093432919465
2023-08-31,DIS,84.45999908447266,84.61000061035156,83.63999938964844,83.68000030517578,81.13304901123047,10448000,-0.007119075451051837
2023-09-01,DIS,82.11000061035156,82.2300033569336,80.52999877929688,81.63999938964844,79.15513610839844,27701900,-0.024378633946793293
2023-09-05,DIS,81.41999816894531,82.38999938964844,81.18000030517578,81.19000244140625,78.71884155273438,12741700,-0.0055118919265906285
2023-09-06,DIS,80.79000091552734,82.08999633789062,80.52999877929688,80.9800033569336,78.51522827148438,15518500,-0.0025865888932524728
2023-09-07,DIS,80.81999969482422,80.8499984741211,79.75,80.56999969482422,78.1176986694336,14768000,-0.005063089171392754
2023-09-08,DIS,80.54000091552734,81.66999816894531,80.16999816894531,81.58000183105469,79.09696197509766,16220900,0.012535741865719263
2023-09-11,DIS,81.94000244140625,83.8499984741211,81.16999816894531,82.5199966430664,80.00835418701172,26579100,0.01152246798304346
2023-09-12,DIS,83.02999877929688,84.66999816894531,82.56999969482422,83.68000030517578,81.13304901123047,16594600,0.014057217344952244
2023-09-13,DIS,83.3499984741211,84.05000305175781,83.12000274658203,83.4800033569336,80.93914794921875,9772700,-0.0023899146448308484
2023-09-14,DIS,84.0,84.73999786376953,83.04000091552734,84.4800033569336,81.90870666503906,22371900,0.011978859926084384
2023-09-15,DIS,85.22000122070312,86.19000244140625,84.61000061035156,85.58000183105469,82.9752197265625,21631200,0.013020753286764553
2023-09-18,DIS,85.23999786376953,85.91999816894531,84.9800033569336,85.0199966430664,82.43226623535156,11894200,-0.006543561957415678
2023-09-19,DIS,83.91999816894531,84.79000091552734,81.70999908447266,81.94000244140625,79.44601440429688,21478900,-0.036226734595997456
2023-09-20,DIS,82.02999877929688,83.19999694824219,81.63999938964844,82.55999755859375,80.0471420288086,12715200,0.007566491900432126
2023-09-21,DIS,82.05999755859375,83.66999816894531,81.91999816894531,82.7300033569336,80.21196746826172,14378000,0.00205910461355141
2023-09-22,DIS,82.91000366210938,83.3499984741211,81.19999694824219,81.25,78.7770004272461,11495300,-0.017889687615297745
2023-09-25,DIS,81.55999755859375,81.7699966430664,80.55999755859375,81.01000213623047,78.5443115234375,11034400,-0.002953766994765128
2023-09-26,DIS,80.5,80.73999786376953,79.79000091552734,80.05000305175781,77.61353302001953,14867900,-0.011850361730400105
2023-09-27,DIS,80.12000274658203,80.55999755859375,79.22000122070312,79.9000015258789,77.46808624267578,14662500,-0.0018739873277799912
2023-09-28,DIS,80.27999877929688,80.91999816894531,79.6500015258789,80.12999725341797,77.69110107421875,12229800,0.0028787961902705383
2023-09-29,DIS,80.66000366210938,81.33000183105469,80.41000366210938,81.05000305175781,78.58309173583984,11261400,0.011481246233966624
2023-10-02,DIS,80.91999816894531,81.7699966430664,80.79000091552734,81.66999816894531,79.18423461914062,9128100,0.007649773889293554
2023-10-03,DIS,81.25,81.88999938964844,79.45999908447266,79.54000091552734,77.11905670166016,12586200,-0.026080670317943144
2023-10-04,DIS,79.61000061035156,79.79000091552734,78.7300033569336,79.31999969482422,76.90575408935547,12010500,-0.00276588720645099
2023-10-05,DIS,79.0999984741211,80.94000244140625,78.87999725341797,80.80999755859375,78.35039520263672,15466600,0.01878456469723644
2023-10-06,DIS,81.05000305175781,83.52999877929688,80.48999786376953,82.94000244140625,80.41558074951172,15391100,0.026358329674455838
2023-10-09,DIS,84.30000305175781,84.87999725341797,83.12999725341797,84.69999694824219,82.12199401855469,13604400,0.021219933415121517
2023-10-10,DIS,84.79000091552734,85.29000091552734,83.93000030517578,84.98999786376953,82.40316772460938,9450600,0.003423853858092629
2023-10-11,DIS,85.37000274658203,85.72000122070312,84.26000213623047,84.8499984741211,82.2674331665039,9499200,-0.0016472007309122905
2023-10-12,DIS,84.83000183105469,85.06999969482422,83.51000213623047,84.3499984741211,81.78265380859375,9554900,-0.005892724973307395
2023-10-13,DIS,83.94000244140625,84.58000183105469,83.37999725341797,84.3499984741211,81.78265380859375,10808000,0.0
2023-10-16,DIS,84.30999755859375,85.93000030517578,84.30999755859375,85.70999908447266,83.10126495361328,10275100,0.016123359705416895
2023-10-17,DIS,85.3499984741211,86.29000091552734,85.30999755859375,86.19999694824219,83.57633972167969,9985700,0.005716817527766871
2023-10-18,DIS,85.69000244140625,86.26000213623047,84.5999984741211,84.68000030517578,82.10260772705078,10047000,-0.01763336369523516
2023-10-19,DIS,85.26000213623047,85.2699966430664,83.16999816894531,83.25,80.71613311767578,14316800,-0.01688709588840731
2023-10-20,DIS,82.9000015258789,83.44000244140625,82.61000061035156,82.6500015258789,80.1343994140625,10437000,-0.007207155263064591
2023-10-23,DIS,82.08000183105469,84.02999877929688,80.91000366210938,83.0999984741211,80.57069396972656,10772500,0.00544453516659793
2023-10-24,DIS,83.41000366210938,84.19999694824219,81.73999786376953,82.55999755859375,80.0471420288086,11499500,-0.006498044327565178
2023-10-25,DIS,82.12999725341797,82.55000305175781,80.5199966430664,80.58999633789062,78.13709259033203,9372500,-0.02386155695339065
2023-10-26,DIS,80.08000183105469,80.61000061035156,79.41999816894531,79.77999877929688,77.35175323486328,11651000,-0.010050788037203273
2023-10-27,DIS,79.75,81.02999877929688,79.2300033569336,79.33000183105469,76.91545104980469,10300600,-0.0056404950994950465
2023-10-30,DIS,79.72000122070312,80.93000030517578,79.52999877929688,80.68000030517578,78.22435760498047,10291200,0.017017472267415235
2023-10-31,DIS,80.69000244140625,81.66999816894531,80.33000183105469,81.58999633789062,79.10665893554688,8672200,0.011279112511500378
2023-11-01,DIS,81.52999877929688,81.58000183105469,80.18000030517578,81.06999969482422,78.60249328613281,9093000,-0.0063732390698593155
2023-11-02,DIS,81.8499984741211,83.30000305175781,81.81999969482422,83.29000091552734,80.75491333007812,11518500,0.027383610289688498
2023-11-03,DIS,84.16999816894531,85.93000030517578,84.16000366210938,85.06999969482422,82.48074340820312,11331800,0.021371208350764226
2023-11-06,DIS,85.08000183105469,85.80000305175781,83.58999633789062,84.0199966430664,81.46269226074219,14160900,-0.012342894903632606
2023-11-07,DIS,84.16000366210938,84.68000030517578,83.94999694824219,84.58999633789062,82.01534271240234,10540200,0.006784092648095319
2023-11-08,DIS,84.13999938964844,84.91999816894531,83.94999694824219,84.5,81.92809295654297,26942600,-0.0010638223651070478
2023-11-09,DIS,87.83999633789062,91.20999908447266,87.5999984741211,90.33999633789062,87.59033203125,51062700,0.06911230165836324
2023-11-10,DIS,90.12999725341797,90.16000366210938,86.94000244140625,88.2699966430664,85.58333587646484,25175700,-0.022913443849820192
2023-11-13,DIS,88.41999816894531,89.9000015258789,87.41000366210938,89.44000244140625,86.71772766113281,12834400,0.013254820848598525
2023-11-14,DIS,90.02999877929688,91.54000091552734,89.98999786376953,91.06999969482422,88.2981185913086,13152000,0.01822454269502405
2023-11-15,DIS,92.98999786376953,94.56999969482422,92.73999786376953,93.93000030517578,91.0710678100586,20593100,0.03140439754537372
2023-11-16,DIS,93.88999938964844,94.61000061035156,93.62999725341797,94.51000213623047,91.63341522216797,12923900,0.006174819573678825
2023-11-17,DIS,94.75,95.37999725341797,93.91999816894531,94.1500015258789,91.28438568115234,12189300,-0.003808976672640574
2023-11-20,DIS,93.9800033569336,95.58999633789062,93.87000274658203,95.02999877929688,92.13758850097656,14105300,0.009346645797720265
2023-11-21,DIS,94.7300033569336,94.95999908447266,93.95999908447266,94.44999694824219,91.57522583007812,7654800,-0.006103509762386272
2023-11-22,DIS,94.91000366210938,95.70999908447266,94.76000213623047,95.06999969482422,92.1763687133789,7328200,0.0065644706617074
2023-11-24,DIS,94.9000015258789,96.51000213623047,94.9000015258789,96.05999755859375,93.13623809814453,5440500,0.010413399856858296
2023-11-27,DIS,95.73999786376953,95.73999786376953,94.5199966430664,95.16999816894531,92.27332305908203,11049500,-0.009265083674017238
2023-11-28,DIS,95.0,95.13999938964844,92.44999694824219,92.5,89.68460083007812,18660300,-0.02805493660769498
2023-11-29,DIS,92.5999984741211,93.23999786376953,91.44000244140625,92.5,89.68460083007812,13857000,0.0
2023-11-30,DIS,93.55000305175781,93.86000061035156,92.19999694824219,92.69000244140625,89.86880493164062,13396700,0.002053910034248929
2023-12-01,DIS,92.73999786376953,92.83999633789062,91.7699966430664,92.58000183105469,89.76215362548828,11898200,-0.0011867444574730213
2023-12-04,DIS,91.9000015258789,92.41000366210938,91.61000061035156,92.01000213623047,89.20951080322266,12602800,-0.006156746467686158
2023-12-05,DIS,91.61000061035156,91.77999877929688,89.93000030517578,90.79000091552734,88.02664184570312,12357000,-0.01325944898553122
2023-12-06,DIS,91.11000061035156,92.55000305175781,90.62000274658203,91.5,88.71503448486328,10462000,0.00782027605195701
2023-12-07,DIS,91.80000305175781,93.38999938964844,91.6500015258789,92.3499984741211,89.53916931152344,10264700,0.009289686144469345
2023-12-08,DIS,92.05999755859375,93.54000091552734,92.05999755859375,92.81999969482422,90.28816223144531,9498200,0.008364975079409032
2023-12-11,DIS,92.7300033569336,93.08000183105469,91.97000122070312,92.19999694824219,89.68506622314453,10811000,-0.00667967974311845
2023-12-12,DIS,92.12000274658203,92.19999694824219,90.86000061035156,91.06999969482422,88.58588409423828,13218400,-0.012256021823871865
2023-12-13,DIS,91.16999816894531,92.87000274658203,90.77999877929688,92.83000183105469,90.29788970947266,10173200,0.019325941516970424
2023-12-14,DIS,93.20999908447266,94.83000183105469,93.20999908447266,93.94000244140625,91.37760925292969,12439300,0.011957306498866727
2023-12-15,DIS,93.05000305175781,93.94999694824219,92.93000030517578,93.45999908447266,90.91069030761719,17551600,-0.005109774146312862
2023-12-18,DIS,92.69999694824219,93.70999908447266,92.69999694824219,92.86000061035156,90.32706451416016,9083600,-0.006419770782536083
2023-12-19,DIS,92.63999938964844,93.98999786376953,92.61000061035156,93.93000030517578,91.36787414550781,8804000,0.01152267747154001
2023-12-20,DIS,93.23999786376953,94.2699966430664,91.25,91.2699966430664,88.78043365478516,13060600,-0.0283189306407855
2023-12-21,DIS,91.93000030517578,92.08000183105469,91.05999755859375,92.0199966430664,89.50997924804688,13037200,0.008217414166937775
2023-12-22,DIS,91.62000274658203,92.23999786376953,90.75,91.0199966430664,88.53726196289062,9419800,-0.010867137869183141
2023-12-26,DIS,90.83999633789062,91.2699966430664,90.5999984741211,90.94999694824219,88.46915435791016,8086900,-0.0007692535715528859
2023-12-27,DIS,90.91000366210938,90.94000244140625,90.04000091552734,90.37999725341797,87.91470336914062,11123500,-0.006267167271956198
2023-12-28,DIS,90.08999633789062,90.9800033569336,89.97000122070312,90.4000015258789,87.93416595458984,8479600,0.00022138032323781864
2023-12-29,DIS,90.12000274658203,90.5999984741211,89.86000061035156,90.29000091552734,87.82716369628906,9211000,-0.0012168450924529006
2020-01-02,MAT,13.680000305175781,13.710000038146973,13.140000343322754,13.300000190734863,13.300000190734863,3288500,
2020-01-03,MAT,13.220000267028809,13.479999542236328,13.069999694824219,13.479999542236328,13.479999542236328,2928400,0.013533785633090156
2020-01-06,MAT,13.270000457763672,14.079999923706055,13.260000228881836,14.069999694824219,14.069999694824219,4184200,0.04376855879996633
2020-01-07,MAT,14.09000015258789,14.390000343322754,14.020000457763672,14.180000305175781,14.180000305175781,8298600,0.007818096143387132
2020-01-08,MAT,14.149999618530273,14.470000267028809,14.100000381469727,14.130000114440918,14.130000114440918,3304000,-0.003526106463947909
2020-01-09,MAT,14.119999885559082,14.319999694824219,13.989999771118164,14.260000228881836,14.260000228881836,2683800,0.00920029111026377
2020-01-10,MAT,14.3100004196167,14.390000343322754,13.979999542236328,14.069999694824219,14.069999694824219,2349700,-0.013324020407292525
2020-01-13,MAT,14.109999656677246,14.460000038146973,13.920000076293945,14.430000305175781,14.430000305175781,2639700,0.025586397879169276
2020-01-14,MAT,14.350000381469727,14.739999771118164,14.289999961853027,14.680000305175781,14.680000305175781,5575300,0.017325016958615658
2020-01-15,MAT,14.289999961853027,14.329999923706055,13.59000015258789,14.0,14.0,7098500,-0.04632154571114222
2020-01-16,MAT,14.140000343322754,14.449999809265137,13.90999984741211,14.010000228881836,14.010000228881836,3885100,0.0007143020629882812
2020-01-17,MAT,14.0600004196167,14.289999961853027,13.930000305175781,14.279999732971191,14.279999732971191,3800400,0.019271912896385857
2020-01-21,MAT,14.109999656677246,14.40999984741211,14.0,14.350000381469727,14.350000381469727,2818200,0.004902006289041472
2020-01-22,MAT,14.430000305175781,14.5600004196167,14.359999656677246,14.390000343322754,14.390000343322754,1567100,0.0027874537135679223
2020-01-23,MAT,14.300000190734863,14.550000190734863,14.09000015258789,14.449999809265137,14.449999809265137,2963900,0.004169524983383521
2020-01-24,MAT,14.5,14.529999732971191,14.210000038146973,14.279999732971191,14.279999732971191,2064500,-0.011764711317500787
2020-01-27,MAT,13.970000267028809,14.260000228881836,13.920000076293945,14.119999885559082,14.119999885559082,2367100,-0.011204471316808573
2020-01-28,MAT,14.3100004196167,14.800000190734863,14.3100004196167,14.510000228881836,14.510000228881836,4137000,0.027620421139069373
2020-01-29,MAT,14.680000305175781,14.829999923706055,14.479999542236328,14.520000457763672,14.520000457763672,2455500,0.0006891956391517073
2020-01-30,MAT,14.420000076293945,14.640000343322754,14.220000267028809,14.600000381469727,14.600000381469727,2136100,0.0055096364451752144
2020-01-31,MAT,14.539999961853027,14.720000267028809,14.260000228881836,14.630000114440918,14.630000114440918,4010100,0.0020547761772162776
2020-02-03,MAT,14.75,14.819999694824219,14.390000343322754,14.430000305175781,14.430000305175781,3118500,-0.013670526842150976
2020-02-04,MAT,14.619999885559082,14.65999984741211,14.329999923706055,14.369999885559082,14.369999885559082,4640800,-0.004158033149533447
2020-02-05,MAT,14.539999961853027,14.600000381469727,14.100000381469727,14.1899995803833,14.1899995803833,17388800,-0.012526117370165735
2020-02-06,MAT,14.270000457763672,14.550000190734863,14.15999984741211,14.3100004196167,14.3100004196167,6465300,0.00845671901211964
2020-02-07,MAT,14.229999542236328,14.420000076293945,13.989999771118164,14.079999923706055,14.079999923706055,5127100,-0.016072710633561638
2020-02-10,MAT,14.0600004196167,14.399999618530273,14.020000457763672,14.279999732971191,14.279999732971191,5042900,0.014204531985003932
2020-02-11,MAT,14.579999923706055,14.600000381469727,14.260000228881836,14.289999961853027,14.289999961853027,5139200,0.0007002961532798224
2020-02-12,MAT,14.359999656677246,14.569999694824219,14.329999923706055,14.510000228881836,14.510000228881836,8755100,0.015395400113092927
2020-02-13,MAT,14.460000038146973,14.5600004196167,14.329999923706055,14.399999618530273,14.399999618530273,7018200,-0.00758102058004162
2020-02-14,MAT,14.399999618530273,14.720000267028809,13.600000381469727,13.949999809265137,13.949999809265137,15706700,-0.0312499875823653
2020-02-18,MAT,13.789999961853027,13.9399995803833,13.279999732971191,13.300000190734863,13.300000190734863,7048200,-0.04659495537043412
2020-02-19,MAT,13.319999694824219,13.460000038146973,13.0,13.0600004196167,13.0600004196167,6322400,-0.018045095314010218
2020-02-20,MAT,13.050000190734863,13.289999961853027,13.010000228881836,13.25,13.25,4558200,0.014548206300048383
2020-02-21,MAT,13.130000114440918,13.199999809265137,12.6899995803833,12.9399995803833,12.9399995803833,7514100,-0.023396258084279142
2020-02-24,MAT,12.460000038146973,12.600000381469727,12.289999961853027,12.40999984741211,12.40999984741211,8164700,-0.040958249625808074
2020-02-25,MAT,12.399999618530273,12.4399995803833,11.880000114440918,11.899999618530273,11.899999618530273,6323400,-0.04109590935959506
2020-02-26,MAT,11.920000076293945,12.09000015258789,11.630000114440918,11.649999618530273,11.649999618530273,5172800,-0.021008404034795758
2020-02-27,MAT,11.210000038146973,11.739999771118164,10.920000076293945,11.529999732971191,11.529999732971191,8367300,-0.010300419698573426
2020-02-28,MAT,11.140000343322754,11.819999694824219,11.100000381469727,11.789999961853027,11.789999961853027,7384900,0.022549890277823614
2020-03-02,MAT,11.8100004196167,12.239999771118164,11.699999809265137,11.960000038146973,11.960000038146973,8155500,0.014419005669549234
2020-03-03,MAT,11.920000076293945,12.270000457763672,11.630000114440918,11.850000381469727,11.850000381469727,6364100,-0.00919729567946459
2020-03-04,MAT,12.279999732971191,12.800000190734863,12.130000114440918,12.779999732971191,12.779999732971191,9017800,0.07848095540619049
2020-03-05,MAT,12.390000343322754,12.65999984741211,12.239999771118164,12.5600004196167,12.5600004196167,6467300,-0.017214344127638337
2020-03-06,MAT,12.170000076293945,12.220000267028809,11.460000038146973,11.670000076293945,11.670000076293945,6358700,-0.07085989757872269
2020-03-09,MAT,10.760000228881836,10.9399995803833,10.180000305175781,10.220000267028809,10.220000267028809,6683400,-0.12425019706817475
2020-03-10,MAT,10.619999885559082,10.699999809265137,9.789999961853027,10.0600004196167,10.0600004196167,5763800,-0.015655561960041475
2020-03-11,MAT,9.850000381469727,9.960000038146973,8.890000343322754,8.949999809265137,8.949999809265137,8059300,-0.11033802823577366
2020-03-12,MAT,8.329999923706055,8.4399995803833,7.019999980926514,7.900000095367432,7.900000095367432,12998500,-0.11731840628764412
2020-03-13,MAT,8.210000038146973,8.59000015258789,7.630000114440918,8.25,8.25,14448500,0.04430378486170006
2020-03-16,MAT,7.349999904632568,8.220000267028809,7.0,7.860000133514404,7.860000133514404,6998000,-0.04727271108916309
2020-03-17,MAT,8.069999694824219,9.279999732971191,7.960000038146973,8.710000038146973,8.710000038146973,6601500,0.10814247966844648
2020-03-18,MAT,8.140000343322754,9.25,7.679999828338623,8.539999961853027,8.539999961853027,10238600,-0.019517804311067755
2020-03-19,MAT,8.300000190734863,9.420000076293945,8.300000190734863,8.5,8.5,5574800,-0.004683836303477906
2020-03-20,MAT,8.539999961853027,8.760000228881836,7.190000057220459,7.420000076293945,7.420000076293945,10704700,-0.12705881455365353
2020-03-23,MAT,7.53000020980835,7.53000020980835,6.53000020980835,7.230000019073486,7.230000019073486,7052200,-0.025606476451056626
2020-03-24,MAT,7.71999979019165,8.279999732971191,7.389999866485596,8.149999618530273,8.149999618530273,8491800,0.12724752379387727
2020-03-25,MAT,8.210000038146973,9.40999984741211,8.09000015258789,8.539999961853027,8.539999961853027,6878800,0.047852805101490814
2020-03-26,MAT,8.550000190734863,9.4399995803833,8.359999656677246,9.0600004196167,9.0600004196167,4582900,0.06088998361667919
2020-03-27,MAT,8.75,9.020000457763672,8.449999809265137,8.779999732971191,8.779999732971191,2789600,-0.03090515161999896
2020-03-30,MAT,8.720000267028809,9.149999618530273,8.65999984741211,9.100000381469727,9.100000381469727,3592800,0.03644654421763249
2020-03-31,MAT,9.069999694824219,9.319999694824219,8.760000228881836,8.8100004196167,8.8100004196167,4980000,-0.031868126340252934
2020-04-01,MAT,8.520000457763672,8.619999885559082,8.020000457763672,8.369999885559082,8.369999885559082,5313500,-0.04994330455171081
2020-04-02,MAT,8.369999885559082,8.619999885559082,8.0600004196167,8.279999732971191,8.279999732971191,3265900,-0.01075270654939553
2020-04-03,MAT,8.210000038146973,8.3100004196167,7.650000095367432,7.730000019073486,7.730000019073486,4793100,-0.06642508836172911
2020-04-06,MAT,8.079999923706055,8.399999618530273,7.960000038146973,8.239999771118164,8.239999771118164,4236300,0.06597668186109606
2020-04-07,MAT,8.399999618530273,8.850000381469727,8.149999618530273,8.25,8.25,6547700,0.0012136200436421163
2020-04-08,MAT,8.3100004196167,8.729999542236328,8.239999771118164,8.5,8.5,5010100,0.030303030303030276
2020-04-09,MAT,8.649999618530273,9.630000114440918,8.649999618530273,9.300000190734863,9.300000190734863,7259700,0.09411766949821931
2020-04-13,MAT,9.300000190734863,9.420000076293945,8.899999618530273,9.300000190734863,9.300000190734863,3596300,0.0
2020-04-14,MAT,9.510000228881836,9.600000381469727,9.239999771118164,9.350000381469727,9.350000381469727,3360900,0.005376364484882101
2020-04-15,MAT,9.09000015258789,9.09000015258789,8.65999984741211,8.859999656677246,8.859999656677246,3236300,-0.05240649249208451
2020-04-16,MAT,8.90999984741211,8.90999984741211,8.649999618530273,8.84000015258789,8.84000015258789,3565400,-0.0022572804587280837
2020-04-17,MAT,9.149999618530273,9.510000228881836,9.149999618530273,9.180000305175781,9.180000305175781,4941600,0.038461555058724395
2020-04-20,MAT,9.029999732971191,9.359999656677246,8.880000114440918,8.960000038146973,8.960000038146973,2877400,-0.023965169903618633
2020-04-21,MAT,8.720000267028809,8.800000190734863,8.270000457763672,8.420000076293945,8.420000076293945,3316200,-0.06026785262879364
2020-04-22,MAT,8.550000190734863,8.550000190734863,8.279999732971191,8.329999923706055,8.329999923706055,2583300,-0.01068885412973819
2020-04-23,MAT,8.390000343322754,8.640000343322754,8.350000381469727,8.399999618530273,8.399999618530273,3294400,0.00840332478575534
2020-04-24,MAT,8.479999542236328,8.59000015258789,8.239999771118164,8.359999656677246,8.359999656677246,3513300,-0.004761900436850985
2020-04-27,MAT,8.489999771118164,8.979999542236328,8.40999984741211,8.869999885559082,8.869999885559082,2985200,0.06100481457250928
2020-04-28,MAT,9.140000343322754,9.539999961853027,9.119999885559082,9.300000190734863,9.300000190734863,5000500,0.048478050814391604
2020-04-29,MAT,9.470000267028809,9.59000015258789,8.880000114440918,8.9399995803833,8.9399995803833,10296700,-0.03870974225465218
2020-04-30,MAT,8.710000038146973,9.0,8.699999809265137,8.720000267028809,8.720000267028809,4713300,-0.024608425467628425
2020-05-01,MAT,8.529999732971191,8.609999656677246,8.220000267028809,8.300000190734863,8.300000190734863,6147200,-0.048165144889044
2020-05-04,MAT,8.210000038146973,8.670000076293945,8.079999923706055,8.579999923706055,8.579999923706055,5536800,0.033734906811658805
2020-05-05,MAT,8.699999809265137,8.890000343322754,8.569999694824219,8.609999656677246,8.609999656677246,5368400,0.003496472405355666
2020-05-06,MAT,8.0600004196167,8.539999961853027,7.610000133514404,8.489999771118164,8.489999771118164,15325100,-0.013937269494084026
2020-05-07,MAT,8.710000038146973,8.899999618530273,8.399999618530273,8.529999732971191,8.529999732971191,5527300,0.004711420839974778
2020-05-08,MAT,8.649999618530273,8.989999771118164,8.630000114440918,8.819999694824219,8.819999694824219,4583700,0.03399765192630477
2020-05-11,MAT,8.670000076293945,8.8100004196167,8.510000228881836,8.569999694824219,8.569999694824219,3352300,-0.028344672182551878
2020-05-12,MAT,8.579999923706055,8.710000038146973,8.380000114440918,8.380000114440918,8.380000114440918,5409800,-0.02217031355299226
2020-05-13,MAT,8.279999732971191,8.300000190734863,7.75,8.0,8.0,5940500,-0.045346075089674365
2020-05-14,MAT,7.860000133514404,8.130000114440918,7.539999961853027,8.100000381469727,8.100000381469727,4317700,0.01250004768371582
2020-05-15,MAT,8.0600004196167,8.100000381469727,7.920000076293945,8.010000228881836,8.010000228881836,3217300,-0.011111129425843358
2020-05-18,MAT,8.279999732971191,8.470000267028809,8.119999885559082,8.149999618530273,8.149999618530273,4098300,0.01747807561148851
2020-05-19,MAT,8.170000076293945,8.229999542236328,8.0,8.020000457763672,8.020000457763672,4495000,-0.015950818018571233
2020-05-20,MAT,8.130000114440918,8.380000114440918,8.100000381469727,8.180000305175781,8.180000305175781,4690700,0.019950104523650314
2020-05-21,MAT,8.100000381469727,8.399999618530273,8.039999961853027,8.380000114440918,8.380000114440918,6209800,0.024449853521226528
2020-05-22,MAT,8.34000015258789,8.520000457763672,8.260000228881836,8.479999542236328,8.479999542236328,2389000,0.011933105779209363
2020-05-26,MAT,8.75,9.489999771118164,8.75,9.40999984741211,9.40999984741211,6687100,0.10966985322861511
2020-05-27,MAT,9.640000343322754,10.050000190734863,9.5600004196167,9.920000076293945,9.920000076293945,6488000,0.054197687263735084
2020-05-28,MAT,10.100000381469727,10.119999885559082,9.420000076293945,9.460000038146973,9.460000038146973,5256000,-0.04637097123076095
2020-05-29,MAT,9.260000228881836,9.359999656677246,8.989999771118164,9.210000038146973,9.210000038146973,4362800,-0.02642706120421645
2020-06-01,MAT,9.210000038146973,9.859999656677246,9.010000228881836,9.630000114440918,9.630000114440918,4496900,0.04560261395812626
2020-06-02,MAT,9.680000305175781,9.970000267028809,9.619999885559082,9.640000343322754,9.640000343322754,3338200,0.0010384453544127759
2020-06-03,MAT,10.289999961853027,10.289999961853027,10.069999694824219,10.199999809265137,10.199999809265137,7007700,0.05809122883800222
2020-06-04,MAT,10.220000267028809,10.3100004196167,10.100000381469727,10.130000114440918,10.130000114440918,5473200,-0.006862715307174305
2020-06-05,MAT,10.640000343322754,10.779999732971191,10.40999984741211,10.5,10.5,7324200,0.03652516104433445
2020-06-08,MAT,10.729999542236328,10.970000267028809,10.720000267028809,10.859999656677246,10.859999656677246,5789400,0.03428568158830925
2020-06-09,MAT,10.180000305175781,10.680000305175781,10.180000305175781,10.489999771118164,10.489999771118164,4251200,-0.034069972123027537
2020-06-10,MAT,10.460000038146973,10.489999771118164,9.930000305175781,9.930000305175781,9.930000305175781,4227500,-0.05338412565882167
2020-06-11,MAT,9.40999984741211,9.539999961853027,9.170000076293945,9.25,9.25,4794000,-0.06847938411656918
2020-06-12,MAT,9.630000114440918,9.75,9.260000228881836,9.619999885559082,9.619999885559082,3650100,0.039999987628008826
2020-06-15,MAT,9.300000190734863,10.050000190734863,9.220000267028809,9.859999656677246,9.859999656677246,5244100,0.024948001452519408
2020-06-16,MAT,10.239999771118164,10.359999656677246,9.710000038146973,10.170000076293945,10.170000076293945,4305800,0.03144020592401997
2020-06-17,MAT,10.229999542236328,10.260000228881836,10.010000228881836,10.100000381469727,10.100000381469727,3017500,-0.0068829591247876465
2020-06-18,MAT,9.949999809265137,10.180000305175781,9.920000076293945,9.930000305175781,9.930000305175781,2958000,-0.016831690086452022
2020-06-19,MAT,10.109999656677246,10.109999656677246,9.75,9.850000381469727,9.850000381469727,5362000,-0.008056386832572038
2020-06-22,MAT,9.84000015258789,10.100000381469727,9.649999618530273,10.039999961853027,10.039999961853027,3473000,0.01928929675380897
2020-06-23,MAT,10.220000267028809,10.220000267028809,9.9399995803833,10.029999732971191,10.029999732971191,3743400,-0.000996038737035021
2020-06-24,MAT,9.920000076293945,9.989999771118164,9.539999961853027,9.5600004196167,9.5600004196167,3811600,-0.04685935452315948
2020-06-25,MAT,9.550000190734863,9.59000015258789,9.239999771118164,9.430000305175781,9.430000305175781,2274800,-0.013598337733768617
2020-06-26,MAT,9.350000381469727,9.430000305175781,9.229999542236328,9.369999885559082,9.369999885559082,3754100,-0.006362716614523034
2020-06-29,MAT,9.460000038146973,9.640000343322754,9.239999771118164,9.600000381469727,9.600000381469727,1914900,0.024546477985033732
2020-06-30,MAT,9.520000457763672,9.710000038146973,9.489999771118164,9.670000076293945,9.670000076293945,1902600,0.00729163458777915
2020-07-01,MAT,9.670000076293945,9.930000305175781,9.59000015258789,9.829999923706055,9.829999923706055,3147700,0.016546002704213914
2020-07-02,MAT,10.109999656677246,10.300000190734863,10.010000228881836,10.119999885559082,10.119999885559082,2981100,0.029501522289299587
2020-07-06,MAT,10.279999732971191,10.460000038146973,10.210000038146973,10.289999961853027,10.289999961853027,3781500,0.01679842670122267
2020-07-07,MAT,9.989999771118164,10.279999732971191,9.930000305175781,10.15999984741211,10.15999984741211,1957000,-0.012633636046924468
2020-07-08,MAT,10.180000305175781,10.300000190734863,9.979999542236328,10.15999984741211,10.15999984741211,2384700,0.0
2020-07-09,MAT,10.119999885559082,10.279999732971191,10.0,10.130000114440918,10.130000114440918,4179200,-0.0029527296674942693
2020-07-10,MAT,10.100000381469727,10.5,10.050000190734863,10.479999542236328,10.479999542236328,1584900,0.03455078221533925
2020-07-13,MAT,10.5,10.630000114440918,10.300000190734863,10.319999694824219,10.319999694824219,2078400,-0.015267161679471508
2020-07-14,MAT,10.329999923706055,10.5600004196167,10.25,10.460000038146973,10.460000038146973,1988500,0.013565925141738822
2020-07-15,MAT,10.600000381469727,10.979999542236328,10.59000015258789,10.859999656677246,10.859999656677246,3131600,0.03824088117318358
2020-07-16,MAT,10.640000343322754,10.949999809265137,10.600000381469727,10.729999542236328,10.729999542236328,4814300,-0.011970544986250276
2020-07-17,MAT,10.8100004196167,10.930000305175781,10.460000038146973,10.5600004196167,10.5600004196167,2541200,-0.01584334854353575
2020-07-20,MAT,10.5600004196167,10.779999732971191,10.539999961853027,10.640000343322754,10.640000343322754,3832500,0.00757575004991895
2020-07-21,MAT,10.8100004196167,11.479999542236328,10.800000190734863,11.239999771118164,11.239999771118164,4355300,0.056390921845406394
2020-07-22,MAT,11.300000190734863,11.479999542236328,11.220000267028809,11.359999656677246,11.359999656677246,3090800,0.010676146619453597
2020-07-23,MAT,11.5,11.850000381469727,11.4399995803833,11.630000114440918,11.630000114440918,10215000,0.023767646648208185
2020-07-24,MAT,11.9399995803833,11.960000038146973,11.020000457763672,11.34000015258789,11.34000015258789,8541600,-0.02493550808249223
2020-07-27,MAT,11.220000267028809,11.3100004196167,10.699999809265137,10.859999656677246,10.859999656677246,4759200,-0.04232808548958478
2020-07-28,MAT,10.949999809265137,11.430000305175781,10.880000114440918,11.319999694824219,11.319999694824219,3974300,0.04235727925314836
2020-07-29,MAT,11.390000343322754,11.5,11.220000267028809,11.300000190734863,11.300000190734863,3605500,-0.0017667406915655715
2020-07-30,MAT,11.109999656677246,11.25,11.010000228881836,11.229999542236328,11.229999542236328,3191200,-0.006194747550175239
2020-07-31,MAT,11.210000038146973,11.359999656677246,10.90999984741211,11.109999656677246,11.109999656677246,2273000,-0.010685653646534843
2020-08-03,MAT,11.109999656677246,11.4399995803833,11.0600004196167,11.359999656677246,11.359999656677246,1761600,0.022502250920390265
2020-08-04,MAT,11.380000114440918,11.5,11.289999961853027,11.369999885559082,11.369999885559082,1220400,0.000880301864794264
2020-08-05,MAT,11.460000038146973,11.640000343322754,11.380000114440918,11.619999885559082,11.619999885559082,1521000,0.021987687116648225
2020-08-06,MAT,11.619999885559082,11.65999984741211,11.420000076293945,11.430000305175781,11.430000305175781,1205100,-0.016351082810200812
2020-08-07,MAT,11.369999885559082,11.399999618530273,11.220000267028809,11.359999656677246,11.359999656677246,1475700,-0.0061242910437051545
2020-08-10,MAT,11.369999885559082,11.739999771118164,11.319999694824219,11.65999984741211,11.65999984741211,3071100,0.026408468292384857
2020-08-11,MAT,11.829999923706055,11.920000076293945,11.470000267028809,11.479999542236328,11.479999542236328,2991000,-0.015437419170784228
2020-08-12,MAT,11.539999961853027,11.770000457763672,11.34000015258789,11.640000343322754,11.640000343322754,2918700,0.013937352566762984
2020-08-13,MAT,11.649999618530273,11.890000343322754,11.630000114440918,11.6899995803833,11.6899995803833,2717700,0.004295466974726381
2020-08-14,MAT,11.609999656677246,11.640000343322754,11.489999771118164,11.550000190734863,11.550000190734863,1629700,-0.01197599612264888
2020-08-17,MAT,11.609999656677246,11.609999656677246,11.300000190734863,11.470000267028809,11.470000267028809,1974600,-0.006926400206489047
2020-08-18,MAT,11.380000114440918,11.430000305175781,11.170000076293945,11.319999694824219,11.319999694824219,1269100,-0.01307764330536032
2020-08-19,MAT,11.3100004196167,11.4399995803833,11.25,11.260000228881836,11.260000228881836,933900,-0.005300306321546655
2020-08-20,MAT,11.130000114440918,11.279999732971191,11.09000015258789,11.229999542236328,11.229999542236328,1434900,-0.002664359328213517
2020-08-21,MAT,11.180000305175781,11.3100004196167,11.079999923706055,11.140000343322754,11.140000343322754,1177000,-0.008014176543381435
2020-08-24,MAT,11.220000267028809,11.369999885559082,11.039999961853027,11.220000267028809,11.220000267028809,2660100,0.007181321475811853
2020-08-25,MAT,11.3100004196167,11.350000381469727,10.930000305175781,11.260000228881836,11.260000228881836,2176900,0.0035650589038371816
2020-08-26,MAT,11.25,11.289999961853027,11.020000457763672,11.09000015258789,11.09000015258789,1756400,-0.015097697410155986
2020-08-27,MAT,11.149999618530273,11.210000038146973,11.010000228881836,11.100000381469727,11.100000381469727,1450400,0.0009017338813563924
2020-08-28,MAT,11.1899995803833,11.25,10.949999809265137,11.1899995803833,11.1899995803833,2608400,0.00810803565951379
2020-08-31,MAT,11.100000381469727,11.140000343322754,10.739999771118164,10.75,10.75,2346100,-0.039320786137887365
2020-09-01,MAT,10.6899995803833,11.149999618530273,10.630000114440918,11.149999618530273,11.149999618530273,2295300,0.03720926684002546
2020-09-02,MAT,11.1899995803833,11.420000076293945,11.0600004196167,11.390000343322754,11.390000343322754,1444000,0.021524729417355504
2020-09-03,MAT,11.4399995803833,11.479999542236328,10.9399995803833,10.970000267028809,10.970000267028809,1437800,-0.03687445685988633
2020-09-04,MAT,11.079999923706055,11.09000015258789,10.539999961853027,10.8100004196167,10.8100004196167,1661200,-0.014585218187551097
2020-09-08,MAT,10.65999984741211,10.930000305175781,10.569999694824219,10.850000381469727,10.850000381469727,1997900,0.003700273848319169
2020-09-09,MAT,10.920000076293945,11.119999885559082,10.649999618530273,10.970000267028809,10.970000267028809,3103900,0.011059896897702037
2020-09-10,MAT,11.010000228881836,11.279999732971191,10.960000038146973,11.079999923706055,11.079999923706055,1862900,0.010027315770251954
2020-09-11,MAT,11.180000305175781,11.1899995803833,10.960000038146973,11.010000228881836,11.010000228881836,2413500,-0.006317662031247173
2020-09-14,MAT,11.020000457763672,11.140000343322754,10.869999885559082,10.970000267028809,10.970000267028809,1894800,-0.0036330573134865096
2020-09-15,MAT,10.989999771118164,11.180000305175781,10.710000038146973,11.050000190734863,11.050000190734863,2405500,0.007292609093775493
2020-09-16,MAT,11.09000015258789,11.619999885559082,11.079999923706055,11.4399995803833,11.4399995803833,3857500,0.035294061802410015
2020-09-17,MAT,11.350000381469727,12.109999656677246,11.119999885559082,11.859999656677246,11.859999656677246,9372600,0.036713294728973445
2020-09-18,MAT,11.84000015258789,12.119999885559082,11.609999656677246,11.65999984741211,11.65999984741211,6442000,-0.01686339081405752
2020-09-21,MAT,11.350000381469727,11.630000114440918,11.149999618530273,11.600000381469727,11.600000381469727,5238000,-0.00514575186342725
2020-09-22,MAT,11.720000267028809,11.9399995803833,11.15999984741211,11.300000190734863,11.300000190734863,4272000,-0.025862084557694898
2020-09-23,MAT,11.350000381469727,11.569999694824219,11.289999961853027,11.289999961853027,11.289999961853027,2711200,-0.0008849759923044154
2020-09-24,MAT,11.25,11.449999809265137,11.149999618530273,11.329999923706055,11.329999923706055,4184400,0.0035429550033818646
2020-09-25,MAT,11.350000381469727,11.510000228881836,11.300000190734863,11.329999923706055,11.329999923706055,3066300,0.0
2020-09-28,MAT,11.420000076293945,11.529999732971191,11.229999542236328,11.399999618530273,11.399999618530273,3483900,0.006178260838092031
2020-09-29,MAT,11.550000190734863,11.920000076293945,11.460000038146973,11.5,11.5,3203000,0.008771963580347819
2020-09-30,MAT,11.579999923706055,12.029999732971191,11.579999923706055,11.699999809265137,11.699999809265137,3670500,0.017391287762185792
2020-10-01,MAT,11.729999542236328,11.979999542236328,11.6899995803833,11.920000076293945,11.920000076293945,2190000,0.018803441932929932
2020-10-02,MAT,11.710000038146973,12.109999656677246,11.699999809265137,12.079999923706055,12.079999923706055,11679100,0.013422805905036084
2020-10-05,MAT,12.300000190734863,12.460000038146973,12.09000015258789,12.239999771118164,12.239999771118164,13279800,0.013245020564786714
2020-10-06,MAT,12.319999694824219,12.619999885559082,12.25,12.25,12.25,5027400,0.0008170121788264595
2020-10-07,MAT,12.380000114440918,12.609999656677246,12.289999961853027,12.350000381469727,12.350000381469727,3254600,0.008163296446508372
2020-10-08,MAT,12.529999732971191,12.6899995803833,12.329999923706055,12.600000381469727,12.600000381469727,4538000,0.020242914354489105
2020-10-09,MAT,12.760000228881836,12.829999923706055,12.489999771118164,12.489999771118164,12.489999771118164,4938300,-0.008730206906448656
2020-10-12,MAT,12.630000114440918,12.680000305175781,12.399999618530273,12.609999656677246,12.609999656677246,4704700,0.009607677162378314
2020-10-13,MAT,12.550000190734863,12.6899995803833,12.479999542236328,12.550000190734863,12.550000190734863,6196600,-0.0047580862471008345
2020-10-14,MAT,12.550000190734863,12.699999809265137,12.430000305175781,12.4399995803833,12.4399995803833,5856600,-0.008764988739424218
2020-10-15,MAT,12.300000190734863,12.510000228881836,12.199999809265137,12.390000343322754,12.390000343322754,3282800,-0.004019231410537283
2020-10-16,MAT,12.399999618530273,12.640000343322754,12.329999923706055,12.600000381469727,12.600000381469727,3998300,0.01694915515156925
2020-10-19,MAT,12.890000343322754,13.010000228881836,12.5,12.529999732971191,12.529999732971191,3861900,-0.005555606855495165
2020-10-20,MAT,12.619999885559082,12.770000457763672,12.510000228881836,12.550000190734863,12.550000190734863,2834100,0.0015962057613652103
2020-10-21,MAT,12.600000381469727,12.670000076293945,12.449999809265137,12.449999809265137,12.449999809265137,2768100,-0.00796815776493398
2020-10-22,MAT,12.5,13.069999694824219,12.4399995803833,12.920000076293945,12.920000076293945,7917200,0.03775102604250957
2020-10-23,MAT,13.850000381469727,14.819999694824219,13.800000190734863,14.15999984741211,14.15999984741211,27723100,0.09597521391608632
2020-10-26,MAT,14.0,14.119999885559082,13.399999618530273,13.75,13.75,6749700,-0.028954791795922308
2020-10-27,MAT,13.800000190734863,14.369999885559082,13.710000038146973,14.270000457763672,14.270000457763672,5406600,0.03781821511008521
2020-10-28,MAT,13.930000305175781,14.199999809265137,13.8100004196167,14.050000190734863,14.050000190734863,3899400,-0.01541697687256316
2020-10-29,MAT,14.079999923706055,14.149999618530273,13.760000228881836,14.0,14.0,3414600,-0.0035587323883337074
2020-10-30,MAT,13.9399995803833,14.020000457763672,13.539999961853027,13.770000457763672,13.770000457763672,2909900,-0.016428538731166342
2020-11-02,MAT,13.899999618530273,14.010000228881836,13.729999542236328,13.930000305175781,13.930000305175781,3015300,0.011619451132399927
2020-11-03,MAT,14.020000457763672,14.239999771118164,13.880000114440918,13.970000267028809,13.970000267028809,3436600,0.0028714975575532264
2020-11-04,MAT,13.819999694824219,14.100000381469727,13.579999923706055,13.59000015258789,13.59000015258789,2710200,-0.027201152983351906
2020-11-05,MAT,13.720000267028809,14.420000076293945,13.720000267028809,14.34000015258789,14.34000015258789,2992900,0.05518763734945065
2020-11-06,MAT,14.699999809265137,14.880000114440918,14.1899995803833,14.239999771118164,14.239999771118164,4725100,-0.006973527224940823
2020-11-09,MAT,14.609999656677246,14.680000305175781,13.539999961853027,13.539999961853027,13.539999961853027,4531800,-0.04915729076659747
2020-11-10,MAT,13.600000381469727,14.079999923706055,13.399999618530273,13.970000267028809,13.970000267028809,3907500,0.03175777742889552
2020-11-11,MAT,14.029999732971191,14.050000190734863,13.729999542236328,13.880000114440918,13.880000114440918,2915700,-0.006442387320514498
2020-11-12,MAT,13.760000228881836,13.869999885559082,13.479999542236328,13.550000190734863,13.550000190734863,2509000,-0.023775210445619477
2020-11-13,MAT,13.65999984741211,13.84000015258789,13.569999694824219,13.770000457763672,13.770000457763672,1647000,0.016236181840000308
2020-11-16,MAT,13.949999809265137,14.680000305175781,13.859999656677246,14.359999656677246,14.359999656677246,7153500,0.04284670873637664
2020-11-17,MAT,14.210000038146973,14.539999961853027,13.960000038146973,14.5,14.5,5509600,0.009749327762529347
2020-11-18,MAT,14.699999809265137,14.859999656677246,14.420000076293945,14.539999961853027,14.539999961853027,4738900,0.0027586180588294873
2020-11-19,MAT,14.609999656677246,15.029999732971191,14.569999694824219,14.979999542236328,14.979999542236328,3449700,0.030261319225424854
2020-11-20,MAT,14.899999618530273,15.069999694824219,14.6899995803833,15.039999961853027,15.039999961853027,2302300,0.004005368588131608
2020-11-23,MAT,15.199999809265137,15.850000381469727,15.180000305175781,15.470000267028809,15.470000267028809,4996300,0.02859044589537363
2020-11-24,MAT,15.529999732971191,15.649999618530273,15.329999923706055,15.510000228881836,15.510000228881836,7696200,0.002585647133974467
2020-11-25,MAT,15.420000076293945,15.869999885559082,15.399999618530273,15.710000038146973,15.710000038146973,2860800,0.012894894024096049
2020-11-27,MAT,15.75,16.030000686645508,15.739999771118164,15.9399995803833,15.9399995803833,1143100,0.01464032728694109
2020-11-30,MAT,15.869999885559082,15.970000267028809,15.380000114440918,15.489999771118164,15.489999771118164,3180500,-0.02823085452391938
2020-12-01,MAT,15.670000076293945,15.869999885559082,15.520000457763672,15.699999809265137,15.699999809265137,2435400,0.013557136297608352
2020-12-02,MAT,15.5,15.65999984741211,15.180000305175781,15.569999694824219,15.569999694824219,2533800,-0.008280262166895036
2020-12-03,MAT,15.649999618530273,15.800000190734863,15.470000267028809,15.569999694824219,15.569999694824219,2156300,0.0
2020-12-04,MAT,15.569999694824219,15.649999618530273,15.399999618530273,15.470000267028809,15.470000267028809,1652600,-0.006422570954105589
2020-12-07,MAT,15.420000076293945,15.670000076293945,15.350000381469727,15.430000305175781,15.430000305175781,1809600,-0.002585647133974467
2020-12-08,MAT,15.380000114440918,16.229999542236328,15.279999732971191,16.1299991607666,16.1299991607666,4627600,0.04536609473403663
2020-12-09,MAT,16.030000686645508,16.75,16.0,16.18000030517578,16.18000030517578,3948400,0.003099885121556456
2020-12-10,MAT,16.059999465942383,16.200000762939453,15.75,15.779999732971191,15.779999732971191,1849800,-0.02472191376143762
2020-12-11,MAT,15.680000305175781,16.030000686645508,15.680000305175781,15.949999809265137,15.949999809265137,1696700,0.010773135562147207
2020-12-14,MAT,16.190000534057617,16.420000076293945,16.110000610351562,16.34000015258789,16.34000015258789,2410500,0.024451432475642187
2020-12-15,MAT,16.290000915527344,17.270000457763672,16.170000076293945,17.18000030517578,17.18000030517578,7138800,0.05140759759753455
2020-12-16,MAT,17.260000228881836,17.899999618530273,17.100000381469727,17.84000015258789,17.84000015258789,5095800,0.03841675411456613
2020-12-17,MAT,17.889999389648438,18.350000381469727,17.709999084472656,17.950000762939453,17.950000762939453,2816600,0.006165953442304417
2020-12-18,MAT,17.959999084472656,18.389999389648438,17.959999084472656,18.1200008392334,18.1200008392334,7985700,0.009470755936954456
2020-12-21,MAT,17.709999084472656,17.940000534057617,17.360000610351562,17.760000228881836,17.760000228881836,2147000,-0.019867582432562036
2020-12-22,MAT,17.690000534057617,17.90999984741211,17.520000457763672,17.530000686645508,17.530000686645508,1834600,-0.012950424508570424
2020-12-23,MAT,17.59000015258789,17.700000762939453,17.440000534057617,17.610000610351562,17.610000610351562,2413400,0.004563600717197858
2020-12-24,MAT,17.670000076293945,17.799999237060547,17.459999084472656,17.530000686645508,17.530000686645508,735000,-0.004542868877530193
2020-12-28,MAT,17.6299991607666,17.770000457763672,17.440000534057617,17.6200008392334,17.6200008392334,2323500,0.005134064407450456
2020-12-29,MAT,17.549999237060547,17.729999542236328,17.020000457763672,17.270000457763672,17.270000457763672,2349900,-0.019863811850133528
2020-12-30,MAT,17.280000686645508,17.540000915527344,17.280000686645508,17.510000228881836,17.510000228881836,1435400,0.013896917472881354
2020-12-31,MAT,17.459999084472656,17.649999618530273,17.329999923706055,17.450000762939453,17.450000762939453,2154600,-0.0034265828188521086
2021-01-04,MAT,17.600000381469727,17.649999618530273,16.850000381469727,17.25,17.25,3151400,-0.011461361271927095
2021-01-05,MAT,17.309999465942383,17.739999771118164,17.200000762939453,17.690000534057617,17.690000534057617,1584700,0.02550727733667335
2021-01-06,MAT,17.6299991607666,18.18000030517578,17.6299991607666,18.100000381469727,18.100000381469727,2981700,0.023176926796737884
2021-01-07,MAT,18.110000610351562,18.34000015258789,18.079999923706055,18.260000228881836,18.260000228881836,1592100,0.008839770388950452
2021-01-08,MAT,18.329999923706055,18.329999923706055,18.100000381469727,18.290000915527344,18.290000915527344,1789100,0.0016429729610876187
2021-01-11,MAT,18.200000762939453,18.459999084472656,18.15999984741211,18.420000076293945,18.420000076293945,1271700,0.007107662890067923
2021-01-12,MAT,18.450000762939453,19.229999542236328,18.43000030517578,19.149999618530273,19.149999618530273,2118100,0.039630811032179025
2021-01-13,MAT,19.049999237060547,19.420000076293945,18.889999389648438,18.920000076293945,18.920000076293945,3441500,-0.012010420199370264
2021-01-14,MAT,19.09000015258789,19.280000686645508,18.780000686645508,18.81999969482422,18.81999969482422,1333700,-0.005285432403090873
2021-01-15,MAT,18.559999465942383,18.889999389648438,18.329999923706055,18.760000228881836,18.760000228881836,1554200,-0.0031880694428960688
2021-01-19,MAT,18.729999542236328,18.950000762939453,18.639999389648438,18.81999969482422,18.81999969482422,1433400,0.0031982657361597777
2021-01-20,MAT,18.81999969482422,19.020000457763672,18.270000457763672,18.329999923706055,18.329999923706055,2664100,-0.026036120035268673
2021-01-21,MAT,18.350000381469727,18.559999465942383,18.18000030517578,18.229999542236328,18.229999542236328,1341300,-0.005455558204361832
2021-01-22,MAT,18.100000381469727,18.40999984741211,17.809999465942383,18.3700008392334,18.3700008392334,1388800,0.007679720269477164
2021-01-25,MAT,18.3700008392334,18.600000381469727,17.639999389648438,18.020000457763672,18.020000457763672,1545200,-0.019052823379420825
2021-01-26,MAT,18.1299991607666,18.139999389648438,17.489999771118164,17.68000030517578,17.68000030517578,1936000,-0.018867932516694608
2021-01-27,MAT,17.309999465942383,18.1299991607666,16.920000076293945,18.100000381469727,18.100000381469727,3983500,0.02375566001381757
2021-01-28,MAT,17.959999084472656,18.18000030517578,17.700000762939453,18.059999465942383,18.059999465942383,2030300,-0.0022099952864252925
2021-01-29,MAT,18.0,18.270000457763672,17.760000228881836,18.1200008392334,18.1200008392334,3236500,0.0033223352749354174
2021-02-01,MAT,18.350000381469727,18.350000381469727,17.860000610351562,18.280000686645508,18.280000686645508,1511100,0.008830013245125112
2021-02-02,MAT,18.31999969482422,18.559999465942383,18.020000457763672,18.40999984741211,18.40999984741211,2412500,0.007111551197127364
2021-02-03,MAT,18.469999313354492,18.639999389648438,18.110000610351562,18.56999969482422,18.56999969482422,1490300,0.008690920626737597
2021-02-04,MAT,18.559999465942383,18.760000228881836,18.469999313354492,18.559999465942383,18.559999465942383,1724400,-0.0005385152959708206
2021-02-05,MAT,18.790000915527344,18.790000915527344,18.420000076293945,18.510000228881836,18.510000228881836,1888200,-0.0026939244881065694
2021-02-08,MAT,18.84000015258789,18.8799991607666,18.239999771118164,18.459999084472656,18.459999084472656,3173800,-0.0027013043647163837
2021-02-09,MAT,18.65999984741211,19.030000686645508,18.459999084472656,18.860000610351562,18.860000610351562,4102700,0.021668556106016368
2021-02-10,MAT,19.030000686645508,19.030000686645508,17.549999237060547,18.469999313354492,18.469999313354492,6795200,-0.02067875314823764
2021-02-11,MAT,18.549999237060547,18.860000610351562,17.90999984741211,18.09000015258789,18.09000015258789,4479300,-0.020573858954712976
2021-02-12,MAT,18.1200008392334,18.729999542236328,18.059999465942383,18.709999084472656,18.709999084472656,2409300,0.034273019715595154
2021-02-16,MAT,19.0,19.219999313354492,18.6200008392334,18.649999618530273,18.649999618530273,3076200,-0.0032068128743082402
2021-02-17,MAT,18.649999618530273,19.200000762939453,18.579999923706055,19.100000381469727,19.100000381469727,3430500,0.02412872772889174
2021-02-18,MAT,19.049999237060547,19.239999771118164,18.790000915527344,19.059999465942383,19.059999465942383,2012000,-0.002094288729237448
2021-02-19,MAT,19.389999389648438,19.479999542236328,18.950000762939453,19.020000457763672,19.020000457763672,1630000,-0.0020985839086817837
2021-02-22,MAT,18.920000076293945,19.829999923706055,18.760000228881836,19.459999084472656,19.459999084472656,3437300,0.023133470879038942
2021-02-23,MAT,19.1299991607666,19.549999237060547,18.670000076293945,19.510000228881836,19.510000228881836,3798100,0.002569432002135885
2021-02-24,MAT,19.700000762939453,20.540000915527344,19.530000686645508,19.709999084472656,19.709999084472656,6089300,0.010251094476910971
2021-02-25,MAT,19.950000762939453,20.290000915527344,19.34000015258789,19.6299991607666,19.6299991607666,2826800,-0.004058849691630728
2021-02-26,MAT,19.6200008392334,20.3700008392334,19.530000686645508,20.200000762939453,20.200000762939453,4966700,0.029037270837590334
2021-03-01,MAT,20.59000015258789,20.979999542236328,20.1200008392334,20.780000686645508,20.780000686645508,3420200,0.02871286642573634
2021-03-02,MAT,20.739999771118164,21.09000015258789,20.649999618530273,20.780000686645508,20.780000686645508,2096400,0.0
2021-03-03,MAT,20.889999389648438,21.0,20.329999923706055,20.34000015258789,20.34000015258789,2054000,-0.021174230968162955
2021-03-04,MAT,20.280000686645508,20.5,19.229999542236328,20.059999465942383,20.059999465942383,2893000,-0.01376601202286043
2021-03-05,MAT,20.190000534057617,20.809999465942383,19.68000030517578,20.760000228881836,20.760000228881836,2545200,0.03489535301972002
2021-03-08,MAT,20.8799991607666,21.110000610351562,20.469999313354492,20.489999771118164,20.489999771118164,4007000,-0.013005802253703291
2021-03-09,MAT,20.290000915527344,20.540000915527344,19.59000015258789,19.670000076293945,19.670000076293945,3771600,-0.040019507271056964
2021-03-10,MAT,19.780000686645508,20.93000030517578,19.770000457763672,20.799999237060547,20.799999237060547,2885000,0.05744784729962782
2021-03-11,MAT,20.920000076293945,21.25,20.860000610351562,21.0,21.0,2430400,0.00961542164785767
2021-03-12,MAT,21.030000686645508,21.15999984741211,20.780000686645508,20.979999542236328,20.979999542236328,2322000,-0.0009524027506510047
2021-03-15,MAT,21.1200008392334,21.639999389648438,21.010000228881836,21.610000610351562,21.610000610351562,2630300,0.03002865023170931
2021-03-16,MAT,21.790000915527344,21.8700008392334,21.399999618530273,21.739999771118164,21.739999771118164,2008800,0.006015694451407372
2021-03-17,MAT,21.65999984741211,21.68000030517578,20.8799991607666,21.079999923706055,21.079999923706055,1707800,-0.030358778949433396
2021-03-18,MAT,21.09000015258789,21.350000381469727,20.719999313354492,20.790000915527344,20.790000915527344,1685700,-0.013757068748970203
2021-03-19,MAT,20.65999984741211,21.360000610351562,20.420000076293945,21.09000015258789,21.09000015258789,3453700,0.014429977097138336
2021-03-22,MAT,21.079999923706055,21.170000076293945,20.84000015258789,20.8799991607666,20.8799991607666,1344300,-0.00995737270279351
2021-03-23,MAT,20.799999237060547,20.90999984741211,20.030000686645508,20.139999389648438,20.139999389648438,2173600,-0.03544060348951639
2021-03-24,MAT,20.170000076293945,20.549999237060547,19.729999542236328,19.729999542236328,19.729999542236328,2652800,-0.0203574905579611
2021-03-25,MAT,19.790000915527344,20.18000030517578,19.440000534057617,19.989999771118164,19.989999771118164,2812700,0.01317791357902709
2021-03-26,MAT,20.219999313354492,20.40999984741211,19.709999084472656,20.190000534057617,20.190000534057617,2245600,0.010005040781862151
2021-03-29,MAT,20.110000610351562,20.399999618530273,19.559999465942383,19.809999465942383,19.809999465942383,1884600,-0.018821251018504292
2021-03-30,MAT,19.829999923706055,20.329999923706055,19.75,20.229999542236328,20.229999542236328,1733500,0.021201417850415183
2021-03-31,MAT,20.270000457763672,20.360000610351562,19.850000381469727,19.920000076293945,19.920000076293945,1805300,-0.015323750516907486
2021-04-01,MAT,20.09000015258789,20.389999389648438,19.450000762939453,20.219999313354492,20.219999313354492,1636900,0.01506020260600116
2021-04-05,MAT,20.3700008392334,20.59000015258789,20.020000457763672,20.459999084472656,20.459999084472656,1429400,0.01186942528527446
2021-04-06,MAT,20.3700008392334,20.780000686645508,20.309999465942383,20.719999313354492,20.719999313354492,1883000,0.01270773414057258
2021-04-07,MAT,20.8700008392334,21.09000015258789,20.440000534057617,20.56999969482422,20.56999969482422,3243100,-0.007239364068588383
2021-04-08,MAT,20.59000015258789,20.700000762939453,19.760000228881836,19.989999771118164,19.989999771118164,3493100,-0.02819639923728312
2021-04-09,MAT,20.09000015258789,20.270000457763672,20.020000457763672,20.149999618530273,20.149999618530273,1517100,0.008003994459433672
2021-04-12,MAT,20.170000076293945,20.350000381469727,20.010000228881836,20.260000228881836,20.260000228881836,1239400,0.0054590874657092225
2021-04-13,MAT,20.280000686645508,20.459999084472656,20.110000610351562,20.350000381469727,20.350000381469727,1540200,0.0044422582216752105
2021-04-14,MAT,20.329999923706055,20.969999313354492,20.270000457763672,20.43000030517578,20.43000030517578,2316800,0.003931200108423738
2021-04-15,MAT,20.690000534057617,20.709999084472656,20.229999542236328,20.530000686645508,20.530000686645508,1670800,0.004894781202934739
2021-04-16,MAT,20.690000534057617,20.719999313354492,20.34000015258789,20.5,20.5,1739700,-0.0014613095782808339
2021-04-19,MAT,20.610000610351562,21.1200008392334,20.40999984741211,20.84000015258789,20.84000015258789,3244900,0.016585373296970296
2021-04-20,MAT,20.860000610351562,20.989999771118164,20.149999618530273,20.469999313354492,20.469999313354492,2895400,-0.01775435875836362
2021-04-21,MAT,20.649999618530273,21.030000686645508,20.549999237060547,20.850000381469727,20.850000381469727,2119100,0.018563804634195824
2021-04-22,MAT,20.989999771118164,21.450000762939453,20.670000076293945,20.8799991607666,20.8799991607666,4280600,0.0014387903476269503
2021-04-23,MAT,22.56999969482422,23.309999465942383,20.510000228881836,21.049999237060547,21.049999237060547,10714200,0.008141766433275244
2021-04-26,MAT,21.06999969482422,21.68000030517578,20.600000381469727,21.65999984741211,21.65999984741211,3719400,0.028978652373421454
2021-04-27,MAT,21.690000534057617,21.860000610351562,21.299999237060547,21.799999237060547,21.799999237060547,3096000,0.0064634991059413505
2021-04-28,MAT,21.8799991607666,22.170000076293945,21.780000686645508,21.989999771118164,21.989999771118164,3379200,0.008715621133353668
2021-04-29,MAT,22.010000228881836,22.06999969482422,21.5,21.729999542236328,21.729999542236328,2412100,-0.011823566693407672
2021-04-30,MAT,21.68000030517578,21.81999969482422,21.420000076293945,21.459999084472656,21.459999084472656,1458100,-0.012425239919535036
2021-05-03,MAT,21.510000228881836,21.81999969482422,21.25,21.540000915527344,21.540000915527344,2239800,0.0037279512799501813
2021-05-04,MAT,21.520000457763672,21.760000228881836,21.280000686645508,21.75,21.75,1932600,0.00974926070320059
2021-05-05,MAT,21.8700008392334,22.450000762939453,21.530000686645508,22.100000381469727,22.100000381469727,3404500,0.0160919715618264
2021-05-06,MAT,22.280000686645508,22.440000534057617,21.8799991607666,22.290000915527344,22.290000915527344,2931700,0.008597309084977578
2021-05-07,MAT,22.329999923706055,22.350000381469727,21.81999969482422,21.850000381469727,21.850000381469727,1922600,-0.019739816778163943
2021-05-10,MAT,21.899999618530273,21.979999542236328,21.549999237060547,21.709999084472656,21.709999084472656,2349000,-0.006407381901732179
2021-05-11,MAT,21.149999618530273,21.260000228881836,20.729999542236328,21.1299991607666,21.1299991607666,2830600,-0.026715796783284063
2021-05-12,MAT,21.0,21.270000457763672,20.1299991607666,20.190000534057617,20.190000534057617,4175800,-0.04448644884256969
2021-05-13,MAT,20.190000534057617,20.780000686645508,19.959999084472656,20.299999237060547,20.299999237060547,1954000,0.005448177320123371
2021-05-14,MAT,20.34000015258789,20.739999771118164,20.200000762939453,20.670000076293945,20.670000076293945,1935600,0.018226643011784338
2021-05-17,MAT,20.540000915527344,20.8700008392334,20.3799991607666,20.850000381469727,20.850000381469727,1233800,0.008708287591262298
2021-05-18,MAT,20.940000534057617,21.139999389648438,20.549999237060547,20.56999969482422,20.56999969482422,1241400,-0.013429289281661427
2021-05-19,MAT,20.329999923706055,20.399999618530273,19.65999984741211,19.860000610351562,19.860000610351562,3179900,-0.034516241857373675
2021-05-20,MAT,19.860000610351562,20.219999313354492,19.649999618530273,20.149999618530273,20.149999618530273,1370900,0.014602165119146804
2021-05-21,MAT,20.190000534057617,20.290000915527344,19.920000076293945,20.110000610351562,20.110000610351562,1474300,-0.0019850624782110637
2021-05-24,MAT,20.200000762939453,20.25,19.950000762939453,20.030000686645508,20.030000686645508,2504500,-0.003978116423570599
2021-05-25,MAT,20.139999389648438,20.290000915527344,19.979999542236328,20.0,20.0,1985300,-0.001497787599453737
2021-05-26,MAT,19.989999771118164,20.579999923706055,19.989999771118164,20.559999465942383,20.559999465942383,1486000,0.02799997329711923
2021-05-27,MAT,20.729999542236328,21.350000381469727,20.610000610351562,21.290000915527344,21.290000915527344,2570400,0.035505908003266695
2021-05-28,MAT,21.350000381469727,21.389999389648438,20.90999984741211,21.209999084472656,21.209999084472656,1383100,-0.0037577185351993503
2021-06-01,MAT,21.31999969482422,21.3700008392334,20.959999084472656,21.1299991607666,21.1299991607666,1801400,-0.0037718023177388815
2021-06-02,MAT,21.139999389648438,21.8700008392334,20.829999923706055,21.540000915527344,21.540000915527344,3323800,0.019403775250593336
2021-06-03,MAT,21.299999237060547,21.389999389648438,20.739999771118164,20.860000610351562,20.860000610351562,2180800,-0.03156918645651474
2021-06-04,MAT,20.899999618530273,21.149999618530273,20.43000030517578,20.68000030517578,20.68000030517578,1567700,-0.008628969314912527
2021-06-07,MAT,20.6299991607666,20.8700008392334,20.56999969482422,20.690000534057617,20.690000534057617,1739500,0.0004835700548482258
2021-06-08,MAT,20.56999969482422,21.270000457763672,20.440000534057617,21.209999084472656,21.209999084472656,1623000,0.025132843740582445
2021-06-09,MAT,21.489999771118164,21.489999771118164,20.940000534057617,20.950000762939453,20.950000762939453,1313800,-0.012258290087506007
2021-06-10,MAT,20.899999618530273,20.979999542236328,20.489999771118164,20.530000686645508,20.530000686645508,1180700,-0.02004773560853157
2021-06-11,MAT,20.5,21.020000457763672,20.479999542236328,21.0,21.0,721700,0.022893292627127027
2021-06-14,MAT,21.15999984741211,21.200000762939453,20.149999618530273,20.329999923706055,20.329999923706055,1510500,-0.03190476553780697
2021-06-15,MAT,20.3799991607666,20.459999084472656,20.059999465942383,20.219999313354492,20.219999313354492,1073900,-0.005410753111872557
2021-06-16,MAT,20.139999389648438,20.190000534057617,19.56999969482422,19.899999618530273,19.899999618530273,1910700,-0.01582590038036613
2021-06-17,MAT,19.850000381469727,20.299999237060547,18.829999923706055,19.329999923706055,19.329999923706055,5184900,-0.02864320129400666
2021-06-18,MAT,19.170000076293945,19.530000686645508,18.950000762939453,19.399999618530273,19.399999618530273,3498400,0.0036212982462753285
2021-06-21,MAT,19.5,19.610000610351562,19.309999465942383,19.389999389648438,19.389999389648438,1683600,-0.0005154757256945475
2021-06-22,MAT,19.43000030517578,19.520000457763672,19.190000534057617,19.450000762939453,19.450000762939453,1602600,0.0030944494677522805
2021-06-23,MAT,19.489999771118164,19.790000915527344,19.420000076293945,19.639999389648438,19.639999389648438,1832100,0.00976856654273317
2021-06-24,MAT,19.739999771118164,19.93000030517578,19.68000030517578,19.75,19.75,1279500,0.005600845914971897
2021-06-25,MAT,19.809999465942383,19.950000762939453,19.600000381469727,19.709999084472656,19.709999084472656,5717800,-0.002025362811511111
2021-06-28,MAT,19.649999618530273,19.93000030517578,19.510000228881836,19.700000762939453,19.700000762939453,1218300,-0.0005072715371701175
2021-06-29,MAT,19.799999237060547,20.549999237060547,19.75,20.43000030517578,20.43000030517578,4413400,0.03705581289162363
2021-06-30,MAT,20.3700008392334,20.530000686645508,20.040000915527344,20.100000381469727,20.100000381469727,4707000,-0.016152712617554466
2021-07-01,MAT,20.190000534057617,20.299999237060547,19.950000762939453,20.290000915527344,20.290000915527344,2128000,0.009452762709038609
2021-07-02,MAT,20.190000534057617,20.510000228881836,20.100000381469727,20.510000228881836,20.510000228881836,2065900,0.01084274536361085
2021-07-06,MAT,20.43000030517578,20.43000030517578,19.829999923706055,20.020000457763672,20.020000457763672,2867100,-0.02389077355680158
2021-07-07,MAT,20.059999465942383,20.170000076293945,19.719999313354492,19.850000381469727,19.850000381469727,1039400,-0.008491512108233734
2021-07-08,MAT,19.530000686645508,19.809999465942383,19.170000076293945,19.649999618530273,19.649999618530273,1283400,-0.010075604992237475
2021-07-09,MAT,20.0,20.149999618530273,19.93000030517578,20.079999923706055,20.079999923706055,1110600,0.021882967609336834
2021-07-12,MAT,20.0,20.3799991607666,19.860000610351562,20.31999969482422,20.31999969482422,1233000,0.011952179881974168
2021-07-13,MAT,20.260000228881836,20.399999618530273,20.049999237060547,20.229999542236328,20.229999542236328,1566200,-0.004429141434033279
2021-07-14,MAT,20.0,20.139999389648438,19.639999389648438,19.729999542236328,19.729999542236328,2682600,-0.02471576921967278
2021-07-15,MAT,19.649999618530273,19.670000076293945,18.950000762939453,19.6299991607666,19.6299991607666,3917900,-0.005068443172320136
2021-07-16,MAT,19.639999389648438,19.81999969482422,19.3799991607666,19.420000076293945,19.420000076293945,2279800,-0.010697865178332266
2021-07-19,MAT,19.079999923706055,19.18000030517578,18.520000457763672,18.790000915527344,18.790000915527344,2711300,-0.03244073935589953
2021-07-20,MAT,18.860000610351562,19.729999542236328,18.75,19.520000457763672,19.520000457763672,2790800,0.03885042611323586
2021-07-21,MAT,19.700000762939453,19.90999984741211,19.540000915527344,19.739999771118164,19.739999771118164,1442800,0.011270456362463488
2021-07-22,MAT,19.739999771118164,19.780000686645508,19.299999237060547,19.43000030517578,19.43000030517578,2367400,-0.015704127129522405
2021-07-23,MAT,19.5,19.56999969482422,19.020000457763672,19.1200008392334,19.1200008392334,2381600,-0.015954681475728316
2021-07-26,MAT,19.34000015258789,20.989999771118164,19.209999084472656,20.790000915527344,20.790000915527344,5587300,0.08734309639083171
2021-07-27,MAT,20.549999237060547,20.6299991607666,20.110000610351562,20.540000915527344,20.540000915527344,4883200,-0.012025011495467641
2021-07-28,MAT,21.809999465942383,21.920000076293945,19.950000762939453,21.540000915527344,21.540000915527344,8190700,0.04868548955341301
2021-07-29,MAT,21.56999969482422,21.760000228881836,21.139999389648438,21.5,21.5,3369500,-0.0018570526382154506
2021-07-30,MAT,21.31999969482422,21.90999984741211,21.280000686645508,21.719999313354492,21.719999313354492,3550800,0.010232526202534453
2021-08-02,MAT,21.739999771118164,22.709999084472656,21.600000381469727,21.90999984741211,21.90999984741211,4444800,0.008747722839051564
2021-08-03,MAT,21.8799991607666,21.899999618530273,21.3700008392334,21.809999465942383,21.809999465942383,2507500,-0.004564143412421728
2021-08-04,MAT,21.760000228881836,22.190000534057617,21.65999984741211,21.690000534057617,21.690000534057617,4171100,-0.0055020144348078
2021-08-05,MAT,21.729999542236328,22.059999465942383,21.649999618530273,21.889999389648438,21.889999389648438,2517600,0.009220786107256407
2021-08-06,MAT,22.040000915527344,22.219999313354492,21.889999389648438,22.020000457763672,22.020000457763672,1958400,0.005938833793513565
2021-08-09,MAT,22.0,22.34000015258789,21.799999237060547,22.25,22.25,2348500,0.010445028948908863
2021-08-10,MAT,22.34000015258789,22.700000762939453,22.18000030517578,22.520000457763672,22.520000457763672,2122300,0.012134852034322297
2021-08-11,MAT,22.489999771118164,22.5,22.0,22.239999771118164,22.239999771118164,3012400,-0.012433422777705982
2021-08-12,MAT,22.280000686645508,22.34000015258789,21.90999984741211,22.040000915527344,22.040000915527344,2186000,-0.008992754390696911
2021-08-13,MAT,22.100000381469727,22.1200008392334,21.84000015258789,21.90999984741211,21.90999984741211,1708000,-0.005898414823732989
2021-08-16,MAT,21.850000381469727,22.1200008392334,21.6200008392334,21.860000610351562,21.860000610351562,1818600,-0.0022820281793134445
2021-08-17,MAT,21.68000030517578,21.68000030517578,21.18000030517578,21.3799991607666,21.3799991607666,2250700,-0.021957979697295182
2021-08-18,MAT,21.329999923706055,21.399999618530273,20.700000762939453,20.719999313354492,20.719999313354492,2193100,-0.030869966011188743
2021-08-19,MAT,20.5,21.010000228881836,20.43000030517578,20.950000762939453,20.950000762939453,2854900,0.01110045642891122
2021-08-20,MAT,21.010000228881836,21.280000686645508,20.899999618530273,21.229999542236328,21.229999542236328,1696500,0.013365096377093932
2021-08-23,MAT,21.450000762939453,21.610000610351562,21.40999984741211,21.510000228881836,21.510000228881836,1366900,0.013188916282756313
2021-08-24,MAT,21.510000228881836,21.950000762939453,21.510000228881836,21.850000381469727,21.850000381469727,1361600,0.01580660850627824
2021-08-25,MAT,21.940000534057617,22.06999969482422,21.790000915527344,21.940000534057617,21.940000534057617,1303800,0.004119000046526988
2021-08-26,MAT,21.969999313354492,22.049999237060547,21.6299991607666,21.770000457763672,21.770000457763672,1314800,-0.007748408028981246
2021-08-27,MAT,21.829999923706055,22.139999389648438,21.690000534057617,22.020000457763672,22.020000457763672,1940000,0.011483692914248111
2021-08-30,MAT,22.020000457763672,22.040000915527344,21.6299991607666,21.700000762939453,21.700000762939453,1400400,-0.014532229253946038
2021-08-31,MAT,21.75,21.780000686645508,21.299999237060547,21.350000381469727,21.350000381469727,2569900,-0.01612904927024139
2021-09-01,MAT,21.31999969482422,21.670000076293945,21.139999389648438,21.540000915527344,21.540000915527344,1342000,0.008899322279287913
2021-09-02,MAT,21.670000076293945,21.739999771118164,21.270000457763672,21.360000610351562,21.360000610351562,1314000,-0.008356559773682548
2021-09-03,MAT,21.309999465942383,21.59000015258789,21.290000915527344,21.510000228881836,21.510000228881836,881700,0.007022453850379584
2021-09-07,MAT,21.520000457763672,21.979999542236328,21.020000457763672,21.190000534057617,21.190000534057617,1894400,-0.014876787141756997
2021-09-08,MAT,21.06999969482422,21.209999084472656,20.3799991607666,20.43000030517578,20.43000030517578,1580500,-0.035865984413748664
2021-09-09,MAT,20.43000030517578,20.549999237060547,20.18000030517578,20.350000381469727,20.350000381469727,1891300,-0.0039158062903106305
2021-09-10,MAT,20.420000076293945,20.600000381469727,19.950000762939453,19.989999771118164,19.989999771118164,1398200,-0.017690447351508265
2021-09-13,MAT,20.1299991607666,20.600000381469727,20.010000228881836,20.5,20.5,4045800,0.025512768120122375
2021-09-14,MAT,20.6299991607666,20.739999771118164,19.93000030517578,20.309999465942383,20.309999465942383,3096500,-0.009268318734517944
2021-09-15,MAT,20.270000457763672,20.690000534057617,20.079999923706055,20.68000030517578,20.68000030517578,2416600,0.018217668585065683
2021-09-16,MAT,20.579999923706055,20.75,20.309999465942383,20.579999923706055,20.579999923706055,1326500,-0.004835608316925311
2021-09-17,MAT,20.520000457763672,20.729999542236328,20.229999542236328,20.3799991607666,20.3799991607666,4160000,-0.009718210091394286
2021-09-20,MAT,19.969999313354492,20.389999389648438,19.84000015258789,20.100000381469727,20.100000381469727,2137800,-0.013738900433121648
2021-09-21,MAT,20.209999084472656,20.350000381469727,19.579999923706055,19.649999618530273,19.649999618530273,2548500,-0.022388097233784654
2021-09-22,MAT,19.729999542236328,20.18000030517578,19.200000762939453,20.079999923706055,20.079999923706055,2681300,0.021882967609336834
2021-09-23,MAT,19.969999313354492,20.469999313354492,19.850000381469727,20.34000015258789,20.34000015258789,2044100,0.0129482186190093
2021-09-24,MAT,20.280000686645508,20.43000030517578,19.760000228881836,19.809999465942383,19.809999465942383,2221800,-0.02605706404471564
2021-09-27,MAT,19.809999465942383,19.829999923706055,19.280000686645508,19.43000030517578,19.43000030517578,5629800,-0.019182189349368772
2021-09-28,MAT,19.350000381469727,19.5,18.760000228881836,19.299999237060547,19.299999237060547,4664700,-0.006690739375881716
2021-09-29,MAT,19.3799991607666,19.709999084472656,19.25,19.450000762939453,19.450000762939453,2782900,0.007772100093707213
2021-09-30,MAT,19.469999313354492,19.479999542236328,18.530000686645508,18.559999465942383,18.559999465942383,4992800,-0.04575841964453298
2021-10-01,MAT,18.639999389648438,18.84000015258789,18.100000381469727,18.709999084472656,18.709999084472656,4908900,0.008081876230951579
2021-10-04,MAT,18.6299991607666,18.670000076293945,17.950000762939453,18.350000381469727,18.350000381469727,3827400,-0.0192409791885928
2021-10-05,MAT,18.420000076293945,18.770000457763672,18.25,18.530000686645508,18.530000686645508,3056200,0.00980928073208931
2021-10-06,MAT,18.350000381469727,18.860000610351562,18.309999465942383,18.850000381469727,18.850000381469727,2065600,0.017269275929106653
2021-10-07,MAT,19.059999465942383,19.389999389648438,19.059999465942383,19.200000762939453,19.200000762939453,2537200,0.018567659118659208
2021-10-08,MAT,19.270000457763672,19.399999618530273,18.979999542236328,19.010000228881836,19.010000228881836,1304800,-0.009895860755608
2021-10-11,MAT,19.079999923706055,19.31999969482422,18.860000610351562,18.8799991607666,18.8799991607666,1726900,-0.0068385621541300345
2021-10-12,MAT,18.899999618530273,19.15999984741211,18.889999389648438,19.06999969482422,19.06999969482422,1794700,0.010063588056319794
2021-10-13,MAT,18.969999313354492,19.170000076293945,18.850000381469727,19.040000915527344,19.040000915527344,2050400,-0.0015730875604060834
2021-10-14,MAT,19.239999771118164,19.850000381469727,19.059999465942383,19.709999084472656,19.709999084472656,2744300,0.03518897776937191
2021-10-15,MAT,19.829999923706055,19.920000076293945,19.639999389648438,19.65999984741211,19.65999984741211,1900500,-0.0025367447682904665
2021-10-18,MAT,19.56999969482422,20.059999465942383,19.549999237060547,20.049999237060547,20.049999237060547,4116600,0.019837202068939686
2021-10-19,MAT,20.15999984741211,20.479999542236328,19.8799991607666,20.329999923706055,20.329999923706055,6036600,0.013965122059852897
2021-10-20,MAT,20.489999771118164,20.5,19.829999923706055,19.8799991607666,19.8799991607666,5716200,-0.02213481380365001
2021-10-21,MAT,19.799999237060547,20.84000015258789,19.799999237060547,20.329999923706055,20.329999923706055,6925400,0.02263585422214387
2021-10-22,MAT,21.700000762939453,21.950000762939453,20.010000228881836,20.450000762939453,20.450000762939453,8664300,0.005902648287444023
2021-10-25,MAT,20.530000686645508,20.610000610351562,19.899999618530273,20.100000381469727,20.100000381469727,5163000,-0.017114932440687958
2021-10-26,MAT,20.290000915527344,20.940000534057617,20.209999084472656,20.530000686645508,20.530000686645508,4957000,0.021393049602735248
2021-10-27,MAT,20.5,20.81999969482422,20.25,20.6299991607666,20.6299991607666,3691600,0.00487084611673394
2021-10-28,MAT,20.780000686645508,21.469999313354492,20.780000686645508,21.389999389648438,21.389999389648438,2996500,0.036839566640757715
2021-10-29,MAT,21.3799991607666,21.84000015258789,21.25,21.809999465942383,21.809999465942383,2647300,0.019635347745601273
2021-11-01,MAT,21.989999771118164,22.170000076293945,21.3700008392334,21.59000015258789,21.59000015258789,4489600,-0.010087084765776133
2021-11-02,MAT,21.670000076293945,21.709999084472656,21.200000762939453,21.25,21.25,2036700,-0.01574803845228956
2021-11-03,MAT,21.229999542236328,21.6200008392334,21.1299991607666,21.420000076293945,21.420000076293945,3884100,0.008000003590303395
2021-11-04,MAT,21.5,21.809999465942383,21.43000030517578,21.469999313354492,21.469999313354492,1558700,0.00233423141374689
2021-11-05,MAT,21.68000030517578,21.829999923706055,21.549999237060547,21.729999542236328,21.729999542236328,2120100,0.012109931867585688
2021-11-08,MAT,22.0,22.690000534057617,21.950000762939453,22.469999313354492,22.469999313354492,3976800,0.034054292991577695
2021-11-09,MAT,22.520000457763672,22.81999969482422,22.31999969482422,22.700000762939453,22.700000762939453,2530600,0.01023593487376151
2021-11-10,MAT,22.6299991607666,22.920000076293945,22.360000610351562,22.559999465942383,22.559999465942383,1764200,-0.00616745781020589
2021-11-11,MAT,22.559999465942383,22.950000762939453,22.469999313354492,22.709999084472656,22.709999084472656,4230400,0.006648919418491994
2021-11-12,MAT,22.75,22.8700008392334,22.610000610351562,22.729999542236328,22.729999542236328,1994200,0.0008806895010993188
2021-11-15,MAT,23.09000015258789,23.299999237060547,22.84000015258789,22.860000610351562,22.860000610351562,2438500,0.005719360788972727
2021-11-16,MAT,22.860000610351562,23.1299991607666,22.719999313354492,22.760000228881836,22.760000228881836,2341100,-0.0043744697637690955
2021-11-17,MAT,22.729999542236328,22.969999313354492,22.399999618530273,22.719999313354492,22.719999313354492,2199200,-0.0017575094518929024
2021-11-18,MAT,22.8700008392334,22.93000030517578,22.6299991607666,22.65999984741211,22.65999984741211,1593900,-0.002640821644176561
2021-11-19,MAT,22.559999465942383,22.889999389648438,22.559999465942383,22.649999618530273,22.649999618530273,1635700,-0.00044131637021960213
2021-11-22,MAT,22.690000534057617,22.829999923706055,22.329999923706055,22.3799991607666,22.3799991607666,2106700,-0.011920550212406233
2021-11-23,MAT,22.229999542236328,22.549999237060547,21.989999771118164,22.34000015258789,22.34000015258789,2132100,-0.001787265848018027
2021-11-24,MAT,22.079999923706055,22.350000381469727,21.899999618530273,22.34000015258789,22.34000015258789,1611000,0.0
2021-11-26,MAT,21.8799991607666,22.06999969482422,21.579999923706055,21.969999313354492,21.969999313354492,1406100,-0.016562257686042914
2021-11-29,MAT,22.149999618530273,22.190000534057617,21.639999389648438,21.860000610351562,21.860000610351562,1830600,-0.0050067686136006095
2021-11-30,MAT,21.739999771118164,21.829999923706055,21.18000030517578,21.209999084472656,21.209999084472656,2890700,-0.029734744177962402
2021-12-01,MAT,21.510000228881836,22.18000030517578,21.309999465942383,21.329999923706055,21.329999923706055,2862100,0.005657748440038857
2021-12-02,MAT,21.489999771118164,21.579999923706055,20.850000381469727,21.520000457763672,21.520000457763672,3102600,0.008907666888758436
2021-12-03,MAT,21.610000610351562,21.889999389648438,20.850000381469727,21.0,21.0,2968900,-0.024163589530783347
2021-12-06,MAT,21.15999984741211,21.799999237060547,21.139999389648438,21.420000076293945,21.420000076293945,6474400,0.020000003633044994
2021-12-07,MAT,21.5,22.079999923706055,21.459999084472656,21.690000534057617,21.690000534057617,4242000,0.012605063342763012
2021-12-08,MAT,21.790000915527344,22.010000228881836,21.510000228881836,21.8799991607666,21.8799991607666,7612200,0.008759733611377607
2021-12-09,MAT,21.799999237060547,22.030000686645508,21.3799991607666,21.40999984741211,21.40999984741211,2137400,-0.021480773829153366
2021-12-10,MAT,21.5,21.75,21.06999969482422,21.25,21.25,3312500,-0.007473136317254547
2021-12-13,MAT,21.209999084472656,21.239999771118164,20.079999923706055,20.149999618530273,20.149999618530273,3338000,-0.05176472383386943
2021-12-14,MAT,20.139999389648438,20.25,19.889999389648438,20.18000030517578,20.18000030517578,3393300,0.0014888678517848142
2021-12-15,MAT,20.149999618530273,20.729999542236328,19.979999542236328,20.690000534057617,20.690000534057617,2811000,0.025272558036137927
2021-12-16,MAT,20.709999084472656,21.280000686645508,20.479999542236328,20.729999542236328,20.729999542236328,3555900,0.0019332531245161988
2021-12-17,MAT,20.389999389648438,21.139999389648438,20.389999389648438,20.6299991607666,20.6299991607666,6381000,-0.004823945184657674
2021-12-20,MAT,20.309999465942383,20.420000076293945,19.65999984741211,20.149999618530273,20.149999618530273,4037000,-0.02326706552413116
2021-12-21,MAT,20.3799991607666,20.489999771118164,20.139999389648438,20.31999969482422,20.31999969482422,1763800,0.008436728511776792
2021-12-22,MAT,20.34000015258789,20.510000228881836,20.149999618530273,20.31999969482422,20.31999969482422,1380900,0.0
2021-12-23,MAT,20.34000015258789,20.780000686645508,20.309999465942383,20.690000534057617,20.690000534057617,1759100,0.01820870299164623
2021-12-27,MAT,20.459999084472656,21.1299991607666,20.459999084472656,21.110000610351562,21.110000610351562,2667300,0.020299664835802478
2021-12-28,MAT,21.100000381469727,21.360000610351562,20.940000534057617,20.969999313354492,20.969999313354492,1660800,-0.0066319892443972295
2021-12-29,MAT,20.950000762939453,21.260000228881836,20.850000381469727,21.170000076293945,21.170000076293945,1791200,0.00953747112485992
2021-12-30,MAT,21.1299991607666,21.6200008392334,21.020000457763672,21.389999389648438,21.389999389648438,1493700,0.010392031769562715
2021-12-31,MAT,21.3799991607666,21.799999237060547,21.34000015258789,21.559999465942383,21.559999465942383,1681100,0.00794764287726979
2022-01-03,MAT,21.639999389648438,21.850000381469727,21.40999984741211,21.739999771118164,21.739999771118164,1883900,0.008348808424607057
2022-01-04,MAT,21.889999389648438,22.459999084472656,21.729999542236328,22.229999542236328,22.229999542236328,2542300,0.02253908814521388
2022-01-05,MAT,22.229999542236328,22.700000762939453,22.18000030517578,22.270000457763672,22.270000457763672,3424000,0.00179941144179252
2022-01-06,MAT,22.3700008392334,22.530000686645508,22.010000228881836,22.350000381469727,22.350000381469727,2711700,0.0035922731055968438
2022-01-07,MAT,22.450000762939453,22.559999465942383,22.040000915527344,22.25,22.25,2460500,-0.004474289922278274
2022-01-10,MAT,22.059999465942383,22.110000610351562,21.549999237060547,21.8700008392334,21.8700008392334,2077300,-0.017078613967038248
2022-01-11,MAT,21.8700008392334,21.940000534057617,21.56999969482422,21.860000610351562,21.860000610351562,1726400,-0.00045725781884264904
2022-01-12,MAT,22.0,22.209999084472656,21.719999313354492,21.989999771118164,21.989999771118164,1348000,0.005946896483847386
2022-01-13,MAT,22.950000762939453,23.18000030517578,22.559999465942383,22.81999969482422,22.81999969482422,3819300,0.037744426209416426
2022-01-14,MAT,22.540000915527344,22.68000030517578,22.100000381469727,22.329999923706055,22.329999923706055,2412700,-0.021472382895311837
2022-01-18,MAT,22.020000457763672,22.489999771118164,21.979999542236328,22.329999923706055,22.329999923706055,2032600,0.0
2022-01-19,MAT,22.309999465942383,22.639999389648438,22.09000015258789,22.1299991607666,22.1299991607666,2299100,-0.008956594877867707
2022-01-20,MAT,22.040000915527344,22.420000076293945,21.610000610351562,21.6299991607666,21.6299991607666,2185300,-0.022593764977923314
2022-01-21,MAT,21.479999542236328,21.56999969482422,20.270000457763672,20.34000015258789,20.34000015258789,5423200,-0.05963934619648836
2022-01-24,MAT,19.93000030517578,20.68000030517578,19.170000076293945,20.649999618530273,20.649999618530273,4722400,0.015240878250580625
2022-01-25,MAT,20.31999969482422,20.520000457763672,19.290000915527344,19.610000610351562,19.610000610351562,2819200,-0.05036314902618533
2022-01-26,MAT,21.200000762939453,21.860000610351562,20.219999313354492,20.459999084472656,20.459999084472656,9821100,0.04334515286411578
2022-01-27,MAT,20.540000915527344,20.690000534057617,19.389999389648438,19.860000610351562,19.860000610351562,5549100,-0.02932543993007508
2022-01-28,MAT,19.889999389648438,20.93000030517578,19.850000381469727,20.899999618530273,20.899999618530273,8600300,0.05236651441171847
2022-01-31,MAT,20.81999969482422,21.200000762939453,20.65999984741211,20.920000076293945,20.920000076293945,4259200,0.0009569597190777213
2022-02-01,MAT,21.0,21.399999618530273,20.719999313354492,21.360000610351562,21.360000610351562,3617700,0.021032530231977153
2022-02-02,MAT,21.469999313354492,21.600000381469727,21.25,21.510000228881836,21.510000228881836,2160300,0.007022453850379584
2022-02-03,MAT,21.280000686645508,21.770000457763672,21.270000457763672,21.3700008392334,21.3700008392334,3126700,-0.006508572206357255
2022-02-04,MAT,21.25,21.459999084472656,21.06999969482422,21.280000686645508,21.280000686645508,2185200,-0.004211518439562134
2022-02-07,MAT,21.25,21.700000762939453,21.1299991607666,21.459999084472656,21.459999084472656,2467800,0.008458571053529651
2022-02-08,MAT,21.59000015258789,21.989999771118164,21.200000762939453,21.90999984741211,21.90999984741211,3132700,0.020969281553467
2022-02-09,MAT,22.260000228881836,22.81999969482422,22.1200008392334,22.75,22.75,4828900,0.038338665378270465
2022-02-10,MAT,23.479999542236328,25.239999771118164,23.239999771118164,24.489999771118164,24.489999771118164,12456700,0.07648350642277646
2022-02-11,MAT,24.649999618530273,24.950000762939453,24.09000015258789,24.1299991607666,24.1299991607666,10482000,-0.014699902560886158
2022-02-14,MAT,24.270000457763672,24.709999084472656,24.040000915527344,24.200000762939453,24.200000762939453,7434100,0.002901019668772653
2022-02-15,MAT,24.34000015258789,25.299999237060547,24.31999969482422,25.299999237060547,25.299999237060547,4889800,0.045454480968680766
2022-02-16,MAT,25.1299991607666,25.59000015258789,24.969999313354492,25.579999923706055,25.579999923706055,3703400,0.011067221149767992
2022-02-17,MAT,25.530000686645508,25.709999084472656,24.729999542236328,24.969999313354492,24.969999313354492,3564400,-0.023846779209183988
2022-02-18,MAT,25.049999237060547,25.420000076293945,24.639999389648438,24.829999923706055,24.829999923706055,3473700,-0.0056067037844715895
2022-02-22,MAT,24.479999542236328,25.200000762939453,24.09000015258789,24.149999618530273,24.149999618530273,4833100,-0.0273862387138617
2022-02-23,MAT,24.280000686645508,24.690000534057617,23.8700008392334,23.920000076293945,23.920000076293945,2693100,-0.009523790719228376
2022-02-24,MAT,23.8700008392334,24.829999923706055,23.600000381469727,24.790000915527344,24.790000915527344,4260200,0.03637127242719451
2022-02-25,MAT,24.799999237060547,25.459999084472656,24.489999771118164,25.43000030517578,25.43000030517578,3433100,0.025816836063429438
2022-02-28,MAT,25.31999969482422,25.3700008392334,24.81999969482422,24.979999542236328,24.979999542236328,3770000,-0.017695664865873595
2022-03-01,MAT,25.139999389648438,25.25,24.329999923706055,24.469999313354492,24.469999313354492,3206100,-0.020416342603190363
2022-03-02,MAT,24.549999237060547,25.510000228881836,24.530000686645508,25.229999542236328,25.229999542236328,3497600,0.031058449129872434
2022-03-03,MAT,25.34000015258789,25.559999465942383,24.8700008392334,25.040000915527344,25.040000915527344,1982300,-0.007530663105677737
2022-03-04,MAT,25.0,25.020000457763672,24.06999969482422,24.270000457763672,24.270000457763672,2037800,-0.03075081587901196
2022-03-07,MAT,24.040000915527344,24.34000015258789,22.850000381469727,22.8700008392334,22.8700008392334,3551900,-0.05768436720743575
2022-03-08,MAT,22.850000381469727,23.389999389648438,22.600000381469727,22.649999618530273,22.649999618530273,3717500,-0.00961964200393528
2022-03-09,MAT,23.270000457763672,24.09000015258789,23.25,23.829999923706055,23.829999923706055,2301000,0.05209714459378656
2022-03-10,MAT,23.440000534057617,23.59000015258789,22.829999923706055,23.09000015258789,23.09000015258789,2668400,-0.031053284661659353
2022-03-11,MAT,23.190000534057617,23.299999237060547,22.479999542236328,22.6299991607666,22.6299991607666,3061100,-0.019922086997896105
2022-03-14,MAT,22.739999771118164,22.850000381469727,22.229999542236328,22.31999969482422,22.31999969482422,2315900,-0.013698607045457889
2022-03-15,MAT,22.43000030517578,22.690000534057617,22.219999313354492,22.649999618530273,22.649999618530273,2567500,0.014784943020522467
2022-03-16,MAT,23.010000228881836,23.799999237060547,22.81999969482422,23.440000534057617,23.440000534057617,1934500,0.03487862820452481
2022-03-17,MAT,23.280000686645508,23.6299991607666,23.209999084472656,23.489999771118164,23.489999771118164,1246300,0.0021330732048363554
2022-03-18,MAT,23.43000030517578,23.729999542236328,23.100000381469727,23.709999084472656,23.709999084472656,3088200,0.009365658386467413
2022-03-21,MAT,23.709999084472656,23.8799991607666,23.3700008392334,23.68000030517578,23.68000030517578,1628100,-0.001265237471751779
2022-03-22,MAT,23.770000457763672,24.190000534057617,23.729999542236328,24.110000610351562,24.110000610351562,2246300,0.018158796437253155
2022-03-23,MAT,23.84000015258789,24.100000381469727,23.260000228881836,23.280000686645508,23.280000686645508,1644000,-0.03442554552859267
2022-03-24,MAT,23.299999237060547,23.440000534057617,23.110000610351562,23.229999542236328,23.229999542236328,1699100,-0.0021478154181440168
2022-03-25,MAT,23.139999389648438,23.200000762939453,22.75,22.90999984741211,22.90999984741211,2379500,-0.01377527770684639
2022-03-28,MAT,22.950000762939453,23.0,22.280000686645508,22.81999969482422,22.81999969482422,2693200,-0.003928422225548678
2022-03-29,MAT,23.219999313354492,23.690000534057617,23.190000534057617,23.459999084472656,23.459999084472656,3285900,0.028045547686558203
2022-03-30,MAT,23.3799991607666,23.610000610351562,23.110000610351562,23.280000686645508,23.280000686645508,2278200,-0.007672566276708981
2022-03-31,MAT,23.139999389648438,23.200000762939453,22.209999084472656,22.209999084472656,22.209999084472656,2137600,-0.0459622667789118
2022-04-01,MAT,22.25,22.5,22.139999389648438,22.420000076293945,22.420000076293945,2017200,0.009455245406475576
2022-04-04,MAT,22.399999618530273,23.059999465942383,22.299999237060547,23.030000686645508,23.030000686645508,1924200,0.027207877264753266
2022-04-05,MAT,22.950000762939453,23.100000381469727,22.65999984741211,22.84000015258789,22.84000015258789,3166500,-0.00825013149772913
2022-04-06,MAT,22.469999313354492,22.540000915527344,21.760000228881836,21.809999465942383,21.809999465942383,2307400,-0.04509635200369311
2022-04-07,MAT,21.889999389648438,22.139999389648438,21.540000915527344,22.059999465942383,22.059999465942383,3616900,0.011462632100949444
2022-04-08,MAT,22.219999313354492,22.399999618530273,21.889999389648438,21.950000762939453,21.950000762939453,2348600,-0.0049863420519458135
2022-04-11,MAT,21.75,22.3700008392334,21.75,21.799999237060547,21.799999237060547,1844600,-0.006833782262648969
2022-04-12,MAT,22.149999618530273,22.56999969482422,21.950000762939453,22.06999969482422,22.06999969482422,1665400,0.012385342532703625
2022-04-13,MAT,22.049999237060547,22.360000610351562,22.040000915527344,22.31999969482422,22.31999969482422,1552800,0.01132759417566409
2022-04-14,MAT,22.31999969482422,22.520000457763672,22.09000015258789,22.190000534057617,22.190000534057617,1115400,-0.005824335239428602
2022-04-18,MAT,22.139999389648438,22.309999465942383,21.860000610351562,22.170000076293945,22.170000076293945,1584900,-0.0009013275025827605
2022-04-19,MAT,22.1299991607666,23.469999313354492,22.1299991607666,23.399999618530273,23.399999618530273,2265100,0.05548035805157925
2022-04-20,MAT,23.5,23.559999465942383,23.049999237060547,23.200000762939453,23.200000762939453,1686800,-0.008546959779967
2022-04-21,MAT,23.290000915527344,23.760000228881836,22.899999618530273,22.93000030517578,22.93000030517578,1854100,-0.011637950382957785
2022-04-22,MAT,22.84000015258789,22.90999984741211,22.530000686645508,22.780000686645508,22.780000686645508,2869000,-0.006541631772085776
2022-04-25,MAT,22.90999984741211,23.209999084472656,22.31999969482422,23.200000762939453,23.200000762939453,2061800,0.01843722842994322
2022-04-26,MAT,22.510000228881836,22.940000534057617,22.110000610351562,22.110000610351562,22.110000610351562,2249400,-0.04698276365271059
2022-04-27,MAT,23.649999618530273,25.079999923706055,23.520000457763672,24.489999771118164,24.489999771118164,12494000,0.10764355925220204
2022-04-28,MAT,24.239999771118164,25.1200008392334,23.729999542236328,24.670000076293945,24.670000076293945,5900700,0.007349951280443134
2022-04-29,MAT,24.450000762939453,24.989999771118164,24.270000457763672,24.309999465942383,24.309999465942383,3809500,-0.014592647314075058
2022-05-02,MAT,24.25,24.75,23.979999542236328,24.709999084472656,24.709999084472656,3623500,0.01645411877078251
2022-05-03,MAT,24.780000686645508,26.200000762939453,24.729999542236328,25.989999771118164,25.989999771118164,5673900,0.0518009200352354
2022-05-04,MAT,26.1299991607666,26.989999771118164,26.040000915527344,26.969999313354492,26.969999313354492,5648300,0.03770679303065516
2022-05-05,MAT,26.610000610351562,26.989999771118164,26.170000076293945,26.520000457763672,26.520000457763672,4666200,-0.01668516377632978
2022-05-06,MAT,26.270000457763672,26.56999969482422,25.559999465942383,26.1200008392334,26.1200008392334,2224900,-0.01508294161485113
2022-05-09,MAT,25.65999984741211,26.059999465942383,25.15999984741211,25.280000686645508,25.280000686645508,4451400,-0.03215926973961547
2022-05-10,MAT,25.670000076293945,25.799999237060547,24.639999389648438,24.899999618530273,24.899999618530273,3162500,-0.0150316874127292
2022-05-11,MAT,24.950000762939453,25.770000457763672,24.639999389648438,24.690000534057617,24.690000534057617,2714500,-0.008433698300797432
2022-05-12,MAT,24.6200008392334,25.360000610351562,24.350000381469727,25.209999084472656,25.209999084472656,2754900,0.021061099196727273
2022-05-13,MAT,25.579999923706055,26.59000015258789,25.56999969482422,26.3799991607666,26.3799991607666,4205500,0.046410159412285434
2022-05-16,MAT,26.110000610351562,26.3799991607666,25.65999984741211,25.700000762939453,25.700000762939453,2760300,-0.025777043952240564
2022-05-17,MAT,26.110000610351562,26.489999771118164,25.579999923706055,26.219999313354492,26.219999313354492,3032400,0.020233406030279122
2022-05-18,MAT,25.860000610351562,25.90999984741211,24.459999084472656,24.75,24.75,3493900,-0.05606404850688862
2022-05-19,MAT,24.31999969482422,24.709999084472656,23.239999771118164,23.25,23.25,6822500,-0.06060606060606055
2022-05-20,MAT,23.649999618530273,23.719999313354492,22.100000381469727,23.139999389648438,23.139999389648438,5351300,-0.004731209047379004
2022-05-23,MAT,23.139999389648438,23.719999313354492,22.940000534057617,23.059999465942383,23.059999465942383,4893600,-0.0034572137344931475
2022-05-24,MAT,23.020000457763672,23.020000457763672,21.06999969482422,21.6200008392334,21.6200008392334,5385900,-0.062445735475221364
2022-05-25,MAT,21.270000457763672,22.889999389648438,21.270000457763672,22.649999618530273,22.649999618530273,4140500,0.04764101476942395
2022-05-26,MAT,22.760000228881836,24.170000076293945,22.700000762939453,23.959999084472656,23.959999084472656,3809300,0.05783662198698902
2022-05-27,MAT,24.209999084472656,25.030000686645508,24.100000381469727,24.719999313354492,24.719999313354492,4553600,0.031719543318945886
2022-05-31,MAT,24.639999389648438,25.280000686645508,24.440000534057617,25.1200008392334,25.1200008392334,4789000,0.016181291949422194
2022-06-01,MAT,25.299999237060547,25.559999465942383,24.270000457763672,24.469999313354492,24.469999313354492,2904800,-0.025875856057445246
2022-06-02,MAT,24.469999313354492,25.049999237060547,24.389999389648438,24.8700008392334,24.8700008392334,2744900,0.016346609607814866
2022-06-03,MAT,24.700000762939453,25.0,24.43000030517578,24.950000762939453,24.950000762939453,1548600,0.0032167238040399226
2022-06-06,MAT,25.09000015258789,25.200000762939453,24.389999389648438,24.540000915527344,24.540000915527344,2051900,-0.01643285911321979
2022-06-07,MAT,24.18000030517578,24.600000381469727,23.940000534057617,24.530000686645508,24.530000686645508,2344500,-0.00040750727419525123
2022-06-08,MAT,24.350000381469727,24.56999969482422,24.139999389648438,24.31999969482422,24.31999969482422,1150800,-0.008560985974028767
2022-06-09,MAT,24.1200008392334,24.700000762939453,23.889999389648438,23.899999618530273,23.899999618530273,2532500,-0.017269740195898553
2022-06-10,MAT,23.40999984741211,23.6299991607666,23.170000076293945,23.440000534057617,23.440000534057617,1709400,-0.019246823925302747
2022-06-13,MAT,22.809999465942383,23.079999923706055,21.850000381469727,22.1299991607666,22.1299991607666,3291500,-0.055887429327811766
2022-06-14,MAT,22.139999389648438,22.709999084472656,21.8799991607666,22.299999237060547,22.299999237060547,2908700,0.007681883540028744
2022-06-15,MAT,22.559999465942383,22.799999237060547,21.950000762939453,22.190000534057617,22.190000534057617,2997300,-0.004932677433464705
2022-06-16,MAT,21.600000381469727,21.829999923706055,21.329999923706055,21.459999084472656,21.459999084472656,3137100,-0.03289776620169704
2022-06-17,MAT,21.510000228881836,21.969999313354492,21.3799991607666,21.799999237060547,21.799999237060547,3789300,0.015843437422786044
2022-06-21,MAT,22.010000228881836,22.969999313354492,21.889999389648438,22.760000228881836,22.760000228881836,2290300,0.04403674428525961
2022-06-22,MAT,22.59000015258789,22.770000457763672,22.0,22.100000381469727,22.100000381469727,3518100,-0.028998235534927086
2022-06-23,MAT,22.309999465942383,22.600000381469727,22.030000686645508,22.510000228881836,22.510000228881836,1993500,0.01855202897443764
2022-06-24,MAT,22.690000534057617,23.600000381469727,22.690000534057617,23.5,23.5,5740100,0.043980442516740936
2022-06-27,MAT,23.75,23.84000015258789,23.34000015258789,23.579999923706055,23.579999923706055,1159700,0.0034042520725980907
2022-06-28,MAT,23.56999969482422,23.940000534057617,23.09000015258789,23.219999313354492,23.219999313354492,1515500,-0.015267201506206862
2022-06-29,MAT,23.170000076293945,23.239999771118164,22.65999984741211,22.950000762939453,22.950000762939453,1885300,-0.01162784489230173
2022-06-30,MAT,22.709999084472656,22.90999984741211,22.190000534057617,22.329999923706055,22.329999923706055,1428700,-0.027015286214482348
2022-07-01,MAT,22.270000457763672,22.350000381469727,21.510000228881836,22.079999923706055,22.079999923706055,2831200,-0.011195700889125138
2022-07-05,MAT,21.739999771118164,22.700000762939453,21.389999389648438,22.610000610351562,22.610000610351562,2112600,0.0240036543694222
2022-07-06,MAT,22.649999618530273,22.8700008392334,22.0,22.399999618530273,22.399999618530273,1176800,-0.00928796931235576
2022-07-07,MAT,22.420000076293945,23.170000076293945,22.3700008392334,23.040000915527344,23.040000915527344,1671600,0.028571486959652947
2022-07-08,MAT,22.989999771118164,23.100000381469727,22.520000457763672,22.760000228881836,22.760000228881836,1701300,-0.01215280709719102
2022-07-11,MAT,23.600000381469727,23.8700008392334,22.5,22.540000915527344,22.540000915527344,2813500,-0.009666050577421315
2022-07-12,MAT,22.3700008392334,22.959999084472656,22.049999237060547,22.190000534057617,22.190000534057617,2763600,-0.01552796660396849
2022-07-13,MAT,21.809999465942383,22.440000534057617,21.690000534057617,22.149999618530273,22.149999618530273,2457600,-0.001802655005165521
2022-07-14,MAT,21.81999969482422,21.84000015258789,21.280000686645508,21.700000762939453,21.700000762939453,3073100,-0.020315975771591388
2022-07-15,MAT,21.780000686645508,21.93000030517578,20.940000534057617,21.6299991607666,21.6299991607666,2661800,-0.0032258801710460805
2022-07-18,MAT,21.959999084472656,22.049999237060547,21.309999465942383,21.579999923706055,21.579999923706055,4503300,-0.002311569070757913
2022-07-19,MAT,21.809999465942383,22.969999313354492,21.799999237060547,22.579999923706055,22.579999923706055,3484700,0.046339203129536655
2022-07-20,MAT,22.770000457763672,23.56999969482422,22.719999313354492,23.510000228881836,23.510000228881836,3869800,0.041186904708507166
2022-07-21,MAT,23.649999618530273,24.309999465942383,23.020000457763672,24.170000076293945,24.170000076293945,4861000,0.02807315359364848
2022-07-22,MAT,23.5,23.799999237060547,22.329999923706055,22.450000762939453,22.450000762939453,8479000,-0.07116256962868095
2022-07-25,MAT,22.40999984741211,22.469999313354492,21.809999465942383,22.149999618530273,22.149999618530273,3719000,-0.013363079475009365
2022-07-26,MAT,21.8700008392334,22.420000076293945,21.610000610351562,21.979999542236328,21.979999542236328,3733100,-0.007674947143192168
2022-07-27,MAT,22.260000228881836,23.020000457763672,21.920000076293945,22.84000015258789,22.84000015258789,3914000,0.039126507200284655
2022-07-28,MAT,22.979999542236328,23.31999969482422,22.700000762939453,23.290000915527344,23.290000915527344,4287700,0.019702309979558574
2022-07-29,MAT,23.209999084472656,23.309999465942383,22.860000610351562,23.200000762939453,23.200000762939453,2287800,-0.0038643258501500632
2022-08-01,MAT,23.190000534057617,23.530000686645508,22.989999771118164,23.15999984741211,23.15999984741211,2713700,-0.001724177336719812
2022-08-02,MAT,23.040000915527344,23.260000228881836,22.93000030517578,23.1299991607666,23.1299991607666,2780000,-0.001295366444005408
2022-08-03,MAT,23.139999389648438,23.280000686645508,22.510000228881836,22.770000457763672,22.770000457763672,2876000,-0.015564146825113756
2022-08-04,MAT,22.56999969482422,22.81999969482422,22.329999923706055,22.809999465942383,22.809999465942383,3400200,0.0017566538153086508
2022-08-05,MAT,22.559999465942383,22.719999313354492,22.34000015258789,22.489999771118164,22.489999771118164,2449300,-0.014028921627201707
2022-08-08,MAT,22.5,22.790000915527344,22.229999542236328,22.59000015258789,22.59000015258789,4504700,0.00444643763839192
2022-08-09,MAT,22.540000915527344,22.639999389648438,22.219999313354492,22.549999237060547,22.549999237060547,3369700,-0.0017707355138181224
2022-08-10,MAT,22.959999084472656,23.1299991607666,22.440000534057617,22.8700008392334,22.8700008392334,2281800,0.014190758891332145
2022-08-11,MAT,23.1299991607666,23.440000534057617,22.969999313354492,23.170000076293945,23.170000076293945,2543700,0.013117587496800587
2022-08-12,MAT,23.290000915527344,23.579999923706055,23.110000610351562,23.540000915527344,23.540000915527344,1418300,0.015968961502592194
2022-08-15,MAT,23.239999771118164,23.389999389648438,23.110000610351562,23.209999084472656,23.209999084472656,1438300,-0.014018768828382377
2022-08-16,MAT,23.0,23.889999389648438,23.0,23.799999237060547,23.799999237060547,2735400,0.02542008512971461
2022-08-17,MAT,23.719999313354492,23.770000457763672,23.200000762939453,23.469999313354492,23.469999313354492,1297900,-0.013865543457337148
2022-08-18,MAT,23.950000762939453,24.3799991607666,23.549999237060547,24.100000381469727,24.100000381469727,2291600,0.026842824309618152
2022-08-19,MAT,24.309999465942383,24.309999465942383,23.760000228881836,24.209999084472656,24.209999084472656,1733100,0.004564261463145369
2022-08-22,MAT,23.969999313354492,24.139999389648438,23.40999984741211,23.559999465942383,23.559999465942383,1584800,-0.02684839500663827
2022-08-23,MAT,23.639999389648438,23.969999313354492,23.479999542236328,23.520000457763672,23.520000457763672,1289600,-0.0016977508100767258
2022-08-24,MAT,23.450000762939453,23.649999618530273,23.229999542236328,23.579999923706055,23.579999923706055,1721800,0.002550997651982412
2022-08-25,MAT,23.649999618530273,23.889999389648438,23.520000457763672,23.729999542236328,23.729999542236328,1502800,0.006361306998117211
2022-08-26,MAT,23.6200008392334,23.84000015258789,22.829999923706055,22.8700008392334,22.8700008392334,3220500,-0.036240991133280165
2022-08-29,MAT,22.719999313354492,22.8700008392334,22.469999313354492,22.59000015258789,22.59000015258789,1484500,-0.012243142823377906
2022-08-30,MAT,22.760000228881836,22.790000915527344,22.229999542236328,22.450000762939453,22.450000762939453,2005700,-0.006197405431730307
2022-08-31,MAT,22.450000762939453,22.65999984741211,22.06999969482422,22.1200008392334,22.1200008392334,1548400,-0.014699327950617236
2022-09-01,MAT,22.1200008392334,22.239999771118164,21.700000762939453,22.170000076293945,22.170000076293945,2615900,0.0022603632533262363
2022-09-02,MAT,22.299999237060547,22.65999984741211,22.0,22.079999923706055,22.079999923706055,1241900,-0.004059546787468227
2022-09-06,MAT,22.15999984741211,22.290000915527344,21.56999969482422,22.1299991607666,22.1299991607666,1954400,0.002264458208030451
2022-09-07,MAT,22.030000686645508,22.65999984741211,21.90999984741211,22.6200008392334,22.6200008392334,1376700,0.0221419655241335
2022-09-08,MAT,22.440000534057617,22.8700008392334,22.110000610351562,22.850000381469727,22.850000381469727,1765100,0.010167972312246976
2022-09-09,MAT,23.059999465942383,23.59000015258789,22.93000030517578,23.530000686645508,23.530000686645508,1917800,0.02975931263997822
2022-09-12,MAT,23.770000457763672,24.200000762939453,23.510000228881836,23.549999237060547,23.549999237060547,2553300,0.0008499171199085609
2022-09-13,MAT,22.770000457763672,23.299999237060547,22.700000762939453,23.040000915527344,23.040000915527344,2796900,-0.021655980384518214
2022-09-14,MAT,23.040000915527344,23.190000534057617,22.610000610351562,23.110000610351562,23.110000610351562,1976800,0.0030381810782413865
2022-09-15,MAT,22.989999771118164,23.1299991607666,21.959999084472656,22.079999923706055,22.079999923706055,3239600,-0.044569478989288425
2022-09-16,MAT,21.780000686645508,21.780000686645508,20.829999923706055,20.899999618530273,20.899999618530273,5865200,-0.053442042991534655
2022-09-19,MAT,20.520000457763672,21.940000534057617,20.450000762939453,21.780000686645508,21.780000686645508,3007000,0.04210531503239889
2022-09-20,MAT,21.670000076293945,21.670000076293945,21.010000228881836,21.3700008392334,21.3700008392334,2030500,-0.018824602134356327
2022-09-21,MAT,21.360000610351562,21.6200008392334,20.899999618530273,20.959999084472656,20.959999084472656,1792000,-0.019185855809982777
2022-09-22,MAT,20.81999969482422,20.940000534057617,19.84000015258789,20.149999618530273,20.149999618530273,4843300,-0.03864501437609491
2022-09-23,MAT,19.8799991607666,19.979999542236328,19.3700008392334,19.899999618530273,19.899999618530273,3309700,-0.012406948125700978
2022-09-26,MAT,19.899999618530273,20.270000457763672,19.520000457763672,19.709999084472656,19.709999084472656,3884400,-0.009547765713557865
2022-09-27,MAT,19.81999969482422,20.049999237060547,19.15999984741211,19.40999984741211,19.40999984741211,2495500,-0.01522066215096296
2022-09-28,MAT,19.530000686645508,19.709999084472656,19.239999771118164,19.56999969482422,19.56999969482422,2727100,0.008243165825343457
2022-09-29,MAT,19.239999771118164,19.270000457763672,18.260000228881836,18.75,18.75,3301500,-0.04190085373588881
2022-09-30,MAT,18.780000686645508,19.56999969482422,18.489999771118164,18.940000534057617,18.940000534057617,3276600,0.010133361816406339
2022-10-03,MAT,19.030000686645508,19.34000015258789,18.6299991607666,19.079999923706055,19.079999923706055,3153000,0.007391731029610771
2022-10-04,MAT,19.540000915527344,20.139999389648438,18.40999984741211,19.639999389648438,19.639999389648438,8649800,0.029350076948722048
2022-10-05,MAT,19.18000030517578,19.809999465942383,19.1299991607666,19.690000534057617,19.690000534057617,2698300,0.0025458831956752803
2022-10-06,MAT,19.649999618530273,19.940000534057617,19.270000457763672,19.479999542236328,19.479999542236328,1891700,-0.010665362423838087
2022-10-07,MAT,19.190000534057617,19.920000076293945,19.020000457763672,19.84000015258789,19.84000015258789,3580700,0.018480524579634228
2022-10-10,MAT,19.84000015258789,20.030000686645508,19.110000610351562,19.43000030517578,19.43000030517578,2051500,-0.02066531473078792
2022-10-11,MAT,19.360000610351562,20.260000228881836,19.31999969482422,19.770000457763672,19.770000457763672,2753000,0.01749872090827087
2022-10-12,MAT,19.729999542236328,19.809999465942383,19.420000076293945,19.719999313354492,19.719999313354492,1490300,-0.002529142299010134
2022-10-13,MAT,19.190000534057617,20.200000762939453,19.020000457763672,20.110000610351562,20.110000610351562,2864300,0.01977694272701913
2022-10-14,MAT,20.489999771118164,20.549999237060547,19.59000015258789,19.649999618530273,19.649999618530273,1228300,-0.022874240569863757
2022-10-17,MAT,20.0,20.1299991607666,19.760000228881836,19.90999984741211,19.90999984741211,2089200,0.013231564067647694
2022-10-18,MAT,20.270000457763672,20.489999771118164,19.559999465942383,19.829999923706055,19.829999923706055,2363900,-0.004018077565000722
2022-10-19,MAT,19.75,19.809999465942383,19.170000076293945,19.3700008392334,19.3700008392334,4265900,-0.023197129916412318
2022-10-20,MAT,19.399999618530273,19.959999084472656,19.229999542236328,19.25,19.25,2081900,-0.00619519019278203
2022-10-21,MAT,19.190000534057617,19.889999389648438,19.0,19.81999969482422,19.81999969482422,3132500,0.029610373757102293
2022-10-24,MAT,19.8700008392334,19.989999771118164,19.360000610351562,19.68000030517578,19.68000030517578,2862200,-0.007063541463373291
2022-10-25,MAT,19.860000610351562,20.030000686645508,19.5,19.770000457763672,19.770000457763672,7365000,0.004573178414241319
2022-10-26,MAT,18.06999969482422,20.09000015258789,18.06999969482422,19.229999542236328,19.229999542236328,9678200,-0.02731415796782577
2022-10-27,MAT,19.280000686645508,19.68000030517578,18.459999084472656,18.6200008392334,18.6200008392334,4678400,-0.03172120215932106
2022-10-28,MAT,18.690000534057617,18.850000381469727,18.260000228881836,18.670000076293945,18.670000076293945,2748300,0.0026852435449518097
2022-10-31,MAT,18.510000228881836,19.020000457763672,18.360000610351562,18.959999084472656,18.959999084472656,3265800,0.015532887359059666
2022-11-01,MAT,18.8700008392334,19.190000534057617,18.670000076293945,18.950000762939453,18.950000762939453,3960900,-0.0005273376590714252
2022-11-02,MAT,18.969999313354492,18.969999313354492,18.0,18.059999465942383,18.059999465942383,4987800,-0.046965765760687894
2022-11-03,MAT,17.969999313354492,18.0,17.440000534057617,17.700000762939453,17.700000762939453,5474700,-0.01993348359072855
2022-11-04,MAT,17.899999618530273,18.139999389648438,17.40999984741211,17.520000457763672,17.520000457763672,3546400,-0.010169508328647603
2022-11-07,MAT,17.700000762939453,17.84000015258789,17.34000015258789,17.700000762939453,17.700000762939453,2476900,0.010273989753009305
2022-11-08,MAT,17.780000686645508,17.989999771118164,17.219999313354492,17.420000076293945,17.420000076293945,3158900,-0.01581924715120786
2022-11-09,MAT,17.18000030517578,17.270000457763672,16.510000228881836,17.049999237060547,17.049999237060547,6314400,-0.021240002159179983
2022-11-10,MAT,17.65999984741211,17.90999984741211,17.31999969482422,17.420000076293945,17.420000076293945,5574000,0.02170092995835149
2022-11-11,MAT,17.440000534057617,17.450000762939453,16.979999542236328,17.15999984741211,17.15999984741211,9681900,-0.014925386207986224
2022-11-14,MAT,17.020000457763672,17.25,16.649999618530273,16.65999984741211,16.65999984741211,6434200,-0.029137529396622064
2022-11-15,MAT,17.030000686645508,17.600000381469727,16.979999542236328,17.459999084472656,17.459999084472656,5507800,0.0480191623281927
2022-11-16,MAT,17.049999237060547,17.290000915527344,16.809999465942383,17.079999923706055,17.079999923706055,8911300,-0.021763985148460785
2022-11-17,MAT,16.93000030517578,17.309999465942383,16.790000915527344,17.280000686645508,17.280000686645508,5232900,0.01170964659442797
2022-11-18,MAT,17.3700008392334,17.43000030517578,16.739999771118164,17.010000228881836,17.010000228881836,5617800,-0.01562502587007053
2022-11-21,MAT,16.889999389648438,17.0,16.700000762939453,16.850000381469727,16.850000381469727,2375900,-0.009406222531404773
2022-11-22,MAT,16.850000381469727,17.860000610351562,16.790000915527344,17.719999313354492,17.719999313354492,4003700,0.05163198291921223
2022-11-23,MAT,17.75,18.18000030517578,17.709999084472656,18.110000610351562,18.110000610351562,4054800,0.022009103392185203
2022-11-25,MAT,18.040000915527344,18.170000076293945,17.969999313354492,17.989999771118164,17.989999771118164,1102400,-0.0066262195024336945
2022-11-28,MAT,17.81999969482422,18.1299991607666,17.799999237060547,17.8799991607666,17.8799991607666,3889200,-0.006114542065095652
2022-11-29,MAT,17.959999084472656,18.110000610351562,17.780000686645508,18.079999923706055,18.079999923706055,3070300,0.011185725521638101
2022-11-30,MAT,18.010000228881836,18.260000228881836,17.510000228881836,18.229999542236328,18.229999542236328,3364900,0.008296439113011145
2022-12-01,MAT,18.25,18.59000015258789,18.239999771118164,18.450000762939453,18.450000762939453,2951300,0.012068087011928519
2022-12-02,MAT,18.299999237060547,18.639999389648438,18.200000762939453,18.549999237060547,18.549999237060547,1597100,0.005419971272953017
2022-12-05,MAT,18.459999084472656,18.469999313354492,17.93000030517578,18.06999969482422,18.06999969482422,2690300,-0.02587598716863282
2022-12-06,MAT,18.030000686645508,18.18000030517578,17.479999542236328,17.719999313354492,17.719999313354492,3443600,-0.019369141526326517
2022-12-07,MAT,17.780000686645508,17.940000534057617,17.229999542236328,17.34000015258789,17.34000015258789,2808600,-0.021444648729767146
2022-12-08,MAT,17.56999969482422,17.6299991607666,17.270000457763672,17.290000915527344,17.290000915527344,1720600,-0.0028834623195250764
2022-12-09,MAT,17.139999389648438,17.510000228881836,17.1200008392334,17.139999389648438,17.139999389648438,2000400,-0.008675622784044879
2022-12-12,MAT,17.1299991607666,17.40999984741211,16.950000762939453,17.389999389648438,17.389999389648438,4439400,0.014585764813444868
2022-12-13,MAT,17.899999618530273,18.06999969482422,17.34000015258789,17.459999084472656,17.459999084472656,3082500,0.004025284489997505
2022-12-14,MAT,17.389999389648438,17.510000228881836,17.0,17.139999389648438,17.139999389648438,3141100,-0.018327589438924874
2022-12-15,MAT,16.860000610351562,17.200000762939453,16.639999389648438,17.09000015258789,17.09000015258789,5214000,-0.0029171084504672207
2022-12-16,MAT,16.959999084472656,17.110000610351562,16.6299991607666,16.719999313354492,16.719999313354492,9053900,-0.02165013668401694
2022-12-19,MAT,16.719999313354492,16.760000228881836,16.309999465942383,16.450000762939453,16.450000762939453,3554600,-0.016148239324351388
2022-12-20,MAT,16.450000762939453,16.59000015258789,16.219999313354492,16.239999771118164,16.239999771118164,3703200,-0.01276601714781711
2022-12-21,MAT,16.459999084472656,16.8799991607666,16.459999084472656,16.81999969482422,16.81999969482422,2710500,0.03571428151972933
2022-12-22,MAT,16.760000228881836,16.770000457763672,16.209999084472656,16.75,16.75,3353200,-0.004161694179207309
2022-12-23,MAT,16.780000686645508,16.950000762939453,16.5,16.93000030517578,16.93000030517578,1646600,0.010746286876166078
2022-12-27,MAT,16.989999771118164,17.239999771118164,16.760000228881836,17.020000457763672,17.020000457763672,2725900,0.005316016005054491
2022-12-28,MAT,17.059999465942383,17.170000076293945,16.920000076293945,16.940000534057617,16.940000534057617,2462000,-0.0047003479174151375
2022-12-29,MAT,17.100000381469727,18.09000015258789,17.059999465942383,18.010000228881836,18.010000228881836,3557000,0.06316408861221712
2022-12-30,MAT,17.860000610351562,18.059999465942383,17.6200008392334,17.84000015258789,17.84000015258789,2679400,-0.009439204560437675
2023-01-03,MAT,17.889999389648438,18.06999969482422,17.639999389648438,17.889999389648438,17.889999389648438,2466000,0.0028026477933238425
2023-01-04,MAT,18.030000686645508,18.459999084472656,17.780000686645508,18.399999618530273,18.399999618530273,4375600,0.02850755988158027
2023-01-05,MAT,18.40999984741211,19.479999542236328,18.34000015258789,19.280000686645508,19.280000686645508,6615100,0.04782614599779689
2023-01-06,MAT,19.31999969482422,20.270000457763672,19.25,19.90999984741211,19.90999984741211,5768300,0.03267630385526776
2023-01-09,MAT,19.950000762939453,19.969999313354492,19.479999542236328,19.549999237060547,19.549999237060547,2785700,-0.018081396941766137
2023-01-10,MAT,19.59000015258789,19.850000381469727,19.479999542236328,19.84000015258789,19.84000015258789,2270500,0.014833806999725807
2023-01-11,MAT,20.040000915527344,20.200000762939453,19.850000381469727,20.110000610351562,20.110000610351562,2079600,0.013608893935842747
2023-01-12,MAT,20.25,20.270000457763672,19.829999923706055,20.239999771118164,20.239999771118164,1980200,0.006464403621135872
2023-01-13,MAT,20.010000228881836,20.520000457763672,20.0,20.260000228881836,20.260000228881836,2049200,0.0009881649204468435
2023-01-17,MAT,20.110000610351562,20.219999313354492,19.799999237060547,19.8799991607666,19.8799991607666,2238100,-0.018756222301198222
2023-01-18,MAT,19.969999313354492,20.030000686645508,19.3799991607666,19.450000762939453,19.450000762939453,2166700,-0.02162969899293332
2023-01-19,MAT,19.350000381469727,19.440000534057617,19.09000015258789,19.25,19.25,2426600,-0.01028281517194285
2023-01-20,MAT,19.270000457763672,19.850000381469727,19.219999313354492,19.84000015258789,19.84000015258789,2785900,0.03064935857599438
2023-01-23,MAT,19.969999313354492,20.1299991607666,19.780000686645508,20.079999923706055,20.079999923706055,2458400,0.01209676256413017
2023-01-24,MAT,20.0,20.18000030517578,19.75,19.860000610351562,19.860000610351562,1464800,-0.010956141144939258
2023-01-25,MAT,19.729999542236328,20.1200008392334,19.510000228881836,20.100000381469727,20.100000381469727,1927400,0.012084580248858057
2023-01-26,MAT,20.260000228881836,20.34000015258789,19.989999771118164,20.299999237060547,20.299999237060547,1524100,0.00995019163159827
2023-01-27,MAT,20.06999969482422,20.40999984741211,19.799999237060547,20.15999984741211,20.15999984741211,7121100,-0.006896521916752052
2023-01-30,MAT,20.200000762939453,20.440000534057617,20.09000015258789,20.34000015258789,20.34000015258789,3447500,0.008928586633837998
2023-01-31,MAT,20.420000076293945,20.65999984741211,20.239999771118164,20.459999084472656,20.459999084472656,2664800,0.0058996524574508324
2023-02-01,MAT,20.610000610351562,21.06999969482422,20.530000686645508,20.969999313354492,20.969999313354492,3252000,0.024926698519203816
2023-02-02,MAT,21.149999618530273,21.65999984741211,20.989999771118164,21.329999923706055,21.329999923706055,4494000,0.017167411642321717
2023-02-03,MAT,21.110000610351562,21.6200008392334,21.010000228881836,21.229999542236328,21.229999542236328,3417200,-0.0046882504372907086
2023-02-06,MAT,20.920000076293945,21.040000915527344,20.360000610351562,20.65999984741211,20.65999984741211,2305100,-0.026848785073698367
2023-02-07,MAT,20.68000030517578,20.799999237060547,20.360000610351562,20.75,20.75,2378400,0.004356251367502617
2023-02-08,MAT,20.559999465942383,20.75,20.389999389648438,20.5,20.5,3841700,-0.012048192771084376
2023-02-09,MAT,18.15999984741211,19.229999542236328,17.989999771118164,18.309999465942383,18.309999465942383,12551100,-0.10682929434427402
2023-02-10,MAT,18.229999542236328,18.760000228881836,18.100000381469727,18.440000534057617,18.440000534057617,5055400,0.007100003927200671
2023-02-13,MAT,18.450000762939453,18.56999969482422,18.219999313354492,18.440000534057617,18.440000534057617,4384600,0.0
2023-02-14,MAT,18.34000015258789,18.6200008392334,18.190000534057617,18.559999465942383,18.559999465942383,2677300,0.006507534078599164
2023-02-15,MAT,18.3799991607666,18.75,18.3700008392334,18.639999389648438,18.639999389648438,2773800,0.004310340840949722
2023-02-16,MAT,18.489999771118164,18.979999542236328,18.420000076293945,18.420000076293945,18.420000076293945,2856600,-0.011802538656555228
2023-02-17,MAT,18.3700008392334,19.18000030517578,18.360000610351562,19.139999389648438,19.139999389648438,3490400,0.03908791044366566
2023-02-21,MAT,19.040000915527344,19.040000915527344,18.309999465942383,18.5,18.5,3052500,-0.03343779571876948
2023-02-22,MAT,18.469999313354492,18.719999313354492,18.389999389648438,18.510000228881836,18.510000228881836,2499700,0.0005405529125317443
2023-02-23,MAT,18.540000915527344,18.610000610351562,18.25,18.530000686645508,18.530000686645508,2818700,0.0010805217458864647
2023-02-24,MAT,18.200000762939453,18.350000381469727,17.93000030517578,18.25,18.25,2866500,-0.015110667904470354
2023-02-27,MAT,18.350000381469727,18.540000915527344,18.139999389648438,18.200000762939453,18.200000762939453,2667800,-0.0027396842224957085
2023-02-28,MAT,18.15999984741211,18.360000610351562,17.950000762939453,17.989999771118164,17.989999771118164,2805700,-0.01153851555044505
2023-03-01,MAT,17.989999771118164,18.100000381469727,17.799999237060547,17.81999969482422,17.81999969482422,1383400,-0.00944969863573153
2023-03-02,MAT,17.600000381469727,17.93000030517578,17.5,17.889999389648438,17.889999389648438,1795600,0.003928153536643997
2023-03-03,MAT,18.040000915527344,18.079999923706055,17.860000610351562,18.059999465942383,18.059999465942383,1875100,0.009502519960526756
2023-03-06,MAT,18.149999618530273,18.15999984741211,17.6299991607666,17.729999542236328,17.729999542236328,2469100,-0.018272421565037722
2023-03-07,MAT,17.780000686645508,17.84000015258789,17.239999771118164,17.360000610351562,17.360000610351562,4007000,-0.020868524615770934
2023-03-08,MAT,17.389999389648438,17.65999984741211,17.239999771118164,17.600000381469727,17.600000381469727,3104500,0.01382487112212738
2023-03-09,MAT,17.639999389648438,17.809999465942383,17.139999389648438,17.149999618530273,17.149999618530273,1820800,-0.02556822461283803
2023-03-10,MAT,17.149999618530273,17.149999618530273,16.440000534057617,16.700000762939453,16.700000762939453,2196600,-0.026239000909632937
2023-03-13,MAT,16.440000534057617,16.510000228881836,16.110000610351562,16.299999237060547,16.299999237060547,4956100,-0.023952186084122085
2023-03-14,MAT,16.56999969482422,16.690000534057617,16.209999084472656,16.280000686645508,16.280000686645508,4336600,-0.0012269049908646412
2023-03-15,MAT,16.0,16.100000381469727,15.710000038146973,16.0,16.0,3970200,-0.017199058650850807
2023-03-16,MAT,15.850000381469727,16.760000228881836,15.359999656677246,16.6200008392334,16.6200008392334,6262500,0.0387500524520874
2023-03-17,MAT,16.530000686645508,16.56999969482422,16.0,16.25,16.25,3259600,-0.022262383907945993
2023-03-20,MAT,16.389999389648438,16.579999923706055,16.229999542236328,16.34000015258789,16.34000015258789,2237700,0.005538470928485584
2023-03-21,MAT,16.559999465942383,16.84000015258789,16.459999084472656,16.68000030517578,16.68000030517578,1800400,0.02080784268132585
2023-03-22,MAT,16.600000381469727,16.760000228881836,16.260000228881836,16.270000457763672,16.270000457763672,1718600,-0.024580326133740393
2023-03-23,MAT,16.3799991607666,16.549999237060547,16.0,16.190000534057617,16.190000534057617,1690900,-0.004917020372170899
2023-03-24,MAT,16.040000915527344,16.299999237060547,16.0,16.280000686645508,16.280000686645508,2122300,0.005558996270479621
2023-03-27,MAT,16.610000610351562,17.09000015258789,16.59000015258789,16.93000030517578,16.93000030517578,5140300,0.03992626481050876
2023-03-28,MAT,16.889999389648438,17.100000381469727,16.760000228881836,17.079999923706055,17.079999923706055,1964500,0.008859989121466016
2023-03-29,MAT,17.25,17.6299991607666,17.15999984741211,17.549999237060547,17.549999237060547,2116100,0.027517524323999565
2023-03-30,MAT,17.719999313354492,17.969999313354492,17.65999984741211,17.84000015258789,17.84000015258789,3141400,0.016524269409365244
2023-03-31,MAT,17.93000030517578,18.440000534057617,17.889999389648438,18.40999984741211,18.40999984741211,3032200,0.03195065526619589
2023-04-03,MAT,18.3799991607666,18.40999984741211,17.979999542236328,18.09000015258789,18.09000015258789,1785200,-0.017381841253475083
2023-04-04,MAT,18.149999618530273,18.15999984741211,17.860000610351562,18.040000915527344,18.040000915527344,1819000,-0.002763915789873228
2023-04-05,MAT,17.969999313354492,18.0,17.59000015258789,17.639999389648438,17.639999389648438,2203200,-0.02217303246002711
2023-04-06,MAT,17.639999389648438,17.690000534057617,17.459999084472656,17.530000686645508,17.530000686645508,1810000,-0.0062357543542478355
2023-04-10,MAT,17.450000762939453,17.81999969482422,17.40999984741211,17.729999542236328,17.729999542236328,2489200,0.011408947390582957
2023-04-11,MAT,17.829999923706055,17.93000030517578,17.729999542236328,17.799999237060547,17.799999237060547,2060700,0.003948093436633604
2023-04-12,MAT,17.989999771118164,17.989999771118164,17.40999984741211,17.43000030517578,17.43000030517578,2036400,-0.02078645773840304
2023-04-13,MAT,17.56999969482422,17.850000381469727,17.510000228881836,17.799999237060547,17.799999237060547,2186400,0.021227706563774262
2023-04-14,MAT,17.899999618530273,17.969999313354492,17.549999237060547,17.709999084472656,17.709999084472656,3429900,-0.005056188564351527
2023-04-17,MAT,17.709999084472656,17.709999084472656,17.299999237060547,17.579999923706055,17.579999923706055,3086400,-0.007340438593279153
2023-04-18,MAT,17.639999389648438,17.639999389648438,17.15999984741211,17.219999313354492,17.219999313354492,3121500,-0.020477850507047646
2023-04-19,MAT,17.170000076293945,17.360000610351562,17.100000381469727,17.25,17.25,2613900,0.00174220022310001
2023-04-20,MAT,17.18000030517578,17.329999923706055,16.989999771118164,17.149999618530273,17.149999618530273,1910500,-0.005797123563462403
2023-04-21,MAT,17.229999542236328,17.389999389648438,17.110000610351562,17.389999389648438,17.389999389648438,1235400,0.013994156061604146
2023-04-24,MAT,17.31999969482422,17.459999084472656,17.079999923706055,17.209999084472656,17.209999084472656,1566300,-0.010350794220437276
2023-04-25,MAT,17.020000457763672,17.06999969482422,16.719999313354492,16.760000228881836,16.760000228881836,1579500,-0.02614752350549643
2023-04-26,MAT,16.729999542236328,17.059999465942383,16.65999984741211,16.969999313354492,16.969999313354492,4441600,0.012529778138712366
2023-04-27,MAT,17.229999542236328,18.25,17.06999969482422,18.0,18.0,6229500,0.060695387644179366
2023-04-28,MAT,17.950000762939453,18.43000030517578,17.8799991607666,18.0,18.0,3206300,0.0
2023-05-01,MAT,17.90999984741211,17.950000762939453,17.469999313354492,17.6299991607666,17.6299991607666,2392200,-0.02055560217963326
2023-05-02,MAT,17.59000015258789,17.90999984741211,17.440000534057617,17.770000457763672,17.770000457763672,3028500,0.007941083588286713
2023-05-03,MAT,17.84000015258789,18.31999969482422,17.700000762939453,17.950000762939453,17.950000762939453,3850300,0.01012944853904818
2023-05-04,MAT,17.809999465942383,17.940000534057617,17.5,17.610000610351562,17.610000610351562,2300300,-0.0189415118739088
2023-05-05,MAT,17.8799991607666,18.299999237060547,17.75,18.190000534057617,18.190000534057617,2374900,0.03293582643972859
2023-05-08,MAT,18.190000534057617,18.280000686645508,17.889999389648438,17.950000762939453,17.950000762939453,2017800,-0.013194049701582222
2023-05-09,MAT,17.790000915527344,18.229999542236328,17.690000534057617,18.18000030517578,18.18000030517578,1954200,0.012813344426769957
2023-05-10,MAT,18.31999969482422,18.40999984741211,17.989999771118164,18.299999237060547,18.299999237060547,2464700,0.00660060120299355
2023-05-11,MAT,18.290000915527344,18.549999237060547,18.219999313354492,18.530000686645508,18.530000686645508,1735700,0.012568385747206534
2023-05-12,MAT,18.56999969482422,18.649999618530273,18.299999237060547,18.5,18.5,2195700,-0.0016190332182302036
2023-05-15,MAT,18.600000381469727,19.290000915527344,18.579999923706055,19.200000762939453,19.200000762939453,3670000,0.03783787907780822
2023-05-16,MAT,19.09000015258789,19.18000030517578,18.799999237060547,18.979999542236328,18.979999542236328,3724600,-0.011458396456305309
2023-05-17,MAT,19.079999923706055,19.100000381469727,18.56999969482422,18.93000030517578,18.93000030517578,2669800,-0.0026343118159346535
2023-05-18,MAT,18.940000534057617,19.030000686645508,18.760000228881836,19.010000228881836,19.010000228881836,1449900,0.004226092045237939
2023-05-19,MAT,19.010000228881836,19.100000381469727,18.389999389648438,18.549999237060547,18.549999237060547,1932700,-0.024197842518823953
2023-05-22,MAT,18.579999923706055,18.579999923706055,18.309999465942383,18.399999618530273,18.399999618530273,1696700,-0.00808623313744361
2023-05-23,MAT,18.270000457763672,18.469999313354492,18.040000915527344,18.09000015258789,18.09000015258789,2287300,-0.01684779741137543
2023-05-24,MAT,18.0,18.270000457763672,17.979999542236328,18.25,18.25,3132400,0.00884465705154902
2023-05-25,MAT,18.149999618530273,18.299999237060547,17.850000381469727,17.860000610351562,17.860000610351562,1761200,-0.0213698295697774
2023-05-26,MAT,17.829999923706055,18.100000381469727,17.760000228881836,17.90999984741211,17.90999984741211,1654300,0.002799509258222921
2023-05-30,MAT,18.030000686645508,18.040000915527344,17.75,17.850000381469727,17.850000381469727,1538300,-0.003350053961672872
2023-05-31,MAT,17.739999771118164,17.81999969482422,17.389999389648438,17.40999984741211,17.40999984741211,2323600,-0.02464988933638268
2023-06-01,MAT,17.389999389648438,17.530000686645508,17.260000228881836,17.530000686645508,17.530000686645508,1617600,0.006892638729760536
2023-06-02,MAT,17.809999465942383,18.110000610351562,17.75,18.079999923706055,18.079999923706055,1573500,0.031374741330132405
2023-06-05,MAT,17.979999542236328,18.059999465942383,17.639999389648438,17.690000534057617,17.690000534057617,1431300,-0.021570762792818332
2023-06-06,MAT,17.709999084472656,18.200000762939453,17.709999084472656,18.139999389648438,18.139999389648438,1285200,0.02543803516141563
2023-06-07,MAT,18.239999771118164,18.469999313354492,18.110000610351562,18.25,18.25,1429100,0.006063980929036594
2023-06-08,MAT,18.209999084472656,18.68000030517578,18.149999618530273,18.670000076293945,18.670000076293945,1690900,0.0230137028106272
2023-06-09,MAT,18.770000457763672,18.850000381469727,18.229999542236328,18.280000686645508,18.280000686645508,1752700,-0.020889094164688093
2023-06-12,MAT,18.270000457763672,18.6200008392334,18.239999771118164,18.489999771118164,18.489999771118164,1194500,0.011487914473989669
2023-06-13,MAT,18.549999237060547,19.079999923706055,18.469999313354492,19.030000686645508,19.030000686645508,1600500,0.029205025538769247
2023-06-14,MAT,19.09000015258789,19.219999313354492,18.489999771118164,18.59000015258789,18.59000015258789,1846600,-0.023121414512948024
2023-06-15,MAT,18.450000762939453,18.5,18.239999771118164,18.360000610351562,18.360000610351562,1549000,-0.012372218415733105
2023-06-16,MAT,18.469999313354492,18.469999313354492,18.059999465942383,18.260000228881836,18.260000228881836,3505400,-0.005446643689834385
2023-06-20,MAT,18.260000228881836,18.260000228881836,17.950000762939453,18.1299991607666,18.1299991607666,1597000,-0.0071194450430297485
2023-06-21,MAT,17.959999084472656,17.979999542236328,17.729999542236328,17.8700008392334,17.8700008392334,1855800,-0.014340779568034479
2023-06-22,MAT,17.790000915527344,17.940000534057617,17.549999237060547,17.940000534057617,17.940000534057617,2509100,0.0039171623691554025
2023-06-23,MAT,17.760000228881836,18.1299991607666,17.690000534057617,18.06999969482422,18.06999969482422,7020700,0.007246329815866481
2023-06-26,MAT,18.079999923706055,18.290000915527344,18.049999237060547,18.139999389648438,18.139999389648438,2244800,0.003873807194599399
2023-06-27,MAT,18.229999542236328,18.549999237060547,18.229999542236328,18.450000762939453,18.450000762939453,3757300,0.017089381682555027
2023-06-28,MAT,18.489999771118164,19.0,18.399999618530273,18.979999542236328,18.979999542236328,2314600,0.028726219912222684
2023-06-29,MAT,19.0,19.40999984741211,18.959999084472656,19.200000762939453,19.200000762939453,3896900,0.011591213172242432
2023-06-30,MAT,19.25,19.739999771118164,19.229999542236328,19.540000915527344,19.540000915527344,3937400,0.01770834057695314
2023-07-03,MAT,19.6299991607666,20.280000686645508,19.6299991607666,20.040000915527344,20.040000915527344,2978600,0.025588535136796153
2023-07-05,MAT,19.899999618530273,20.100000381469727,19.670000076293945,20.0,20.0,3746300,-0.001996053577839385
2023-07-06,MAT,19.809999465942383,20.020000457763672,19.600000381469727,19.90999984741211,19.90999984741211,3784600,-0.004500007629394509
2023-07-07,MAT,20.360000610351562,20.760000228881836,20.059999465942383,20.479999542236328,20.479999542236328,4720300,0.028628814625445864
2023-07-10,MAT,20.920000076293945,21.219999313354492,20.690000534057617,20.989999771118164,20.989999771118164,6284800,0.024902355482481875
2023-07-11,MAT,21.200000762939453,21.700000762939453,20.940000534057617,21.579999923706055,21.579999923706055,4383200,0.028108630729940298
2023-07-12,MAT,21.889999389648438,22.030000686645508,21.56999969482422,21.829999923706055,21.829999923706055,4080000,0.01158480078238422
2023-07-13,MAT,21.950000762939453,22.149999618530273,21.739999771118164,21.81999969482422,21.81999969482422,3610100,-0.0004580956901871769
2023-07-14,MAT,22.06999969482422,22.06999969482422,21.200000762939453,21.440000534057617,21.440000534057617,4210700,-0.01741517718062746
2023-07-17,MAT,21.510000228881836,21.6299991607666,21.260000228881836,21.489999771118164,21.489999771118164,3954200,0.002332053909286147
2023-07-18,MAT,21.559999465942383,21.760000228881836,20.809999465942383,20.8700008392334,20.8700008392334,5719600,-0.028850578803543026
2023-07-19,MAT,20.950000762939453,21.229999542236328,20.729999542236328,21.040000915527344,21.040000915527344,6302100,0.008145666960126086
2023-07-20,MAT,21.079999923706055,21.34000015258789,20.790000915527344,21.270000457763672,21.270000457763672,5150200,0.01093153670286151
2023-07-21,MAT,21.549999237060547,21.59000015258789,21.09000015258789,21.18000030517578,21.18000030517578,7096900,-0.004231318789419181
2023-07-24,MAT,21.649999618530273,21.760000228881836,21.290000915527344,21.56999969482422,21.56999969482422,7556300,0.0184135686510416
2023-07-25,MAT,21.6299991607666,21.780000686645508,21.110000610351562,21.170000076293945,21.170000076293945,4683200,-0.01854425703243079
2023-07-26,MAT,20.84000015258789,21.34000015258789,20.700000762939453,21.31999969482422,21.31999969482422,5455400,0.007085480301827873
2023-07-27,MAT,21.559999465942383,22.639999389648438,21.139999389648438,21.239999771118164,21.239999771118164,7686300,-0.0037523416909558405
2023-07-28,MAT,21.440000534057617,21.5,20.600000381469727,20.729999542236328,20.729999542236328,4823600,-0.024011310469754688
2023-07-31,MAT,20.959999084472656,21.639999389648438,20.93000030517578,21.299999237060547,21.299999237060547,4850200,0.02749636794071675
2023-08-01,MAT,21.190000534057617,21.440000534057617,21.18000030517578,21.270000457763672,21.270000457763672,2277500,-0.001408393444666367
2023-08-02,MAT,21.059999465942383,21.299999237060547,20.950000762939453,21.25,21.25,2559000,-0.000940312991689285
2023-08-03,MAT,21.25,21.450000762939453,20.440000534057617,20.5,20.5,6670900,-0.03529411764705881
2023-08-04,MAT,20.479999542236328,20.850000381469727,20.309999465942383,20.450000762939453,20.450000762939453,2907900,-0.002438987173685181
2023-08-07,MAT,20.649999618530273,21.40999984741211,20.649999618530273,21.280000686645508,21.280000686645508,4341200,0.040586791821065615
2023-08-08,MAT,21.1299991607666,21.450000762939453,20.979999542236328,21.43000030517578,21.43000030517578,3722500,0.007048854026795448
2023-08-09,MAT,21.3700008392334,21.84000015258789,21.270000457763672,21.6299991607666,21.6299991607666,2941400,0.009332657617485696
2023-08-10,MAT,21.739999771118164,21.84000015258789,21.450000762939453,21.530000686645508,21.530000686645508,1643500,-0.004623138141515715
2023-08-11,MAT,21.450000762939453,21.670000076293945,21.06999969482422,21.600000381469727,21.600000381469727,2930700,0.0032512630093708417
2023-08-14,MAT,21.579999923706055,21.739999771118164,21.260000228881836,21.719999313354492,21.719999313354492,1866400,0.005555506007662414
2023-08-15,MAT,21.510000228881836,21.600000381469727,21.09000015258789,21.25,21.25,2079100,-0.0216390114278463
2023-08-16,MAT,21.229999542236328,21.459999084472656,21.139999389648438,21.149999618530273,21.149999618530273,1440400,-0.004705900304457722
2023-08-17,MAT,21.229999542236328,21.43000030517578,20.760000228881836,20.829999923706055,20.829999923706055,1584100,-0.015130009484437767
2023-08-18,MAT,20.610000610351562,20.989999771118164,20.559999465942383,20.760000228881836,20.760000228881836,2348900,-0.0033605230475567405
2023-08-21,MAT,20.81999969482422,21.149999618530273,20.649999618530273,21.09000015258789,21.09000015258789,2398000,0.01589594990692489
2023-08-22,MAT,21.09000015258789,21.479999542236328,21.079999923706055,21.270000457763672,21.270000457763672,2608900,0.008534865048528406
2023-08-23,MAT,21.110000610351562,21.6299991607666,21.040000915527344,21.559999465942383,21.559999465942383,2372600,0.013634179686764503
2023-08-24,MAT,21.600000381469727,21.799999237060547,21.260000228881836,21.270000457763672,21.270000457763672,2837100,-0.013450789209749847
2023-08-25,MAT,21.469999313354492,21.950000762939453,21.40999984741211,21.860000610351562,21.860000610351562,2181900,0.027738605542555916
2023-08-28,MAT,21.899999618530273,22.190000534057617,21.770000457763672,21.81999969482422,21.81999969482422,1655200,-0.001829867996819834
2023-08-29,MAT,21.799999237060547,21.969999313354492,21.709999084472656,21.889999389648438,21.889999389648438,2258900,0.0032080520533106505
2023-08-30,MAT,21.93000030517578,22.239999771118164,21.850000381469727,22.149999618530273,22.149999618530273,2376900,0.011877580453692804
2023-08-31,MAT,22.239999771118164,22.440000534057617,22.139999389648438,22.15999984741211,22.15999984741211,1885500,0.00045147760966424144
2023-09-01,MAT,22.219999313354492,22.3799991607666,22.1200008392334,22.31999969482422,22.31999969482422,1617700,0.0072202097704794355
2023-09-05,MAT,22.18000030517578,22.299999237060547,21.940000534057617,22.25,22.25,1818600,-0.003136187086976161
2023-09-06,MAT,22.149999618530273,22.3700008392334,22.049999237060547,22.299999237060547,22.299999237060547,2389500,0.0022471567218222965
2023-09-07,MAT,22.219999313354492,22.280000686645508,21.040000915527344,21.549999237060547,21.549999237060547,6082900,-0.03363228814616137
2023-09-08,MAT,21.770000457763672,21.770000457763672,21.200000762939453,21.510000228881836,21.510000228881836,2609300,-0.0018561025334016268
2023-09-11,MAT,21.6200008392334,21.75,21.219999313354492,21.309999465942383,21.309999465942383,1922000,-0.009298036299920986
2023-09-12,MAT,21.31999969482422,21.469999313354492,21.229999542236328,21.459999084472656,21.459999084472656,1227100,0.007038931125737502
2023-09-13,MAT,21.420000076293945,21.649999618530273,21.309999465942383,21.56999969482422,21.56999969482422,2391300,0.005125844130680957
2023-09-14,MAT,21.649999618530273,21.670000076293945,21.049999237060547,21.239999771118164,21.239999771118164,2304700,-0.015299023105004417
2023-09-15,MAT,21.139999389648438,21.299999237060547,20.969999313354492,21.06999969482422,21.06999969482422,3679300,-0.008003770156584933
2023-09-18,MAT,21.1299991607666,22.139999389648438,21.06999969482422,21.43000030517578,21.43000030517578,4342500,0.017085933344365145
2023-09-19,MAT,21.3700008392334,21.530000686645508,21.239999771118164,21.399999618530273,21.399999618530273,1883200,-0.0013999386942734615
2023-09-20,MAT,21.399999618530273,21.719999313354492,21.360000610351562,21.399999618530273,21.399999618530273,1640600,0.0
2023-09-21,MAT,21.350000381469727,21.579999923706055,21.260000228881836,21.530000686645508,21.530000686645508,2735400,0.006074816375354786
2023-09-22,MAT,21.479999542236328,21.770000457763672,21.459999084472656,21.489999771118164,21.489999771118164,3010700,-0.0018579151997962784
2023-09-25,MAT,21.420000076293945,21.6200008392334,21.200000762939453,21.59000015258789,21.59000015258789,2092300,0.004653344929492542
2023-09-26,MAT,21.540000915527344,21.579999923706055,21.219999313354492,21.219999313354492,21.219999313354492,2570900,-0.017137602437165667
2023-09-27,MAT,21.729999542236328,22.290000915527344,21.639999389648438,21.84000015258789,21.84000015258789,8679700,0.02921775962750428
2023-09-28,MAT,21.8700008392334,22.280000686645508,21.81999969482422,22.1200008392334,22.1200008392334,2007500,0.012820544170753179
2023-09-29,MAT,22.299999237060547,22.299999237060547,21.93000030517578,22.030000686645508,22.030000686645508,1745400,-0.004068722837851868
2023-10-02,MAT,21.93000030517578,21.989999771118164,21.690000534057617,21.780000686645508,21.780000686645508,2400300,-0.011348161244114197
2023-10-03,MAT,21.709999084472656,21.739999771118164,21.100000381469727,21.329999923706055,21.329999923706055,2531500,-0.020661191402779555
2023-10-04,MAT,21.299999237060547,21.540000915527344,21.149999618530273,21.3700008392334,21.3700008392334,1887800,0.0018753359432921446
2023-10-05,MAT,21.350000381469727,21.350000381469727,20.690000534057617,20.729999542236328,20.729999542236328,2147200,-0.029948585487282076
2023-10-06,MAT,20.549999237060547,20.809999465942383,19.969999313354492,20.649999618530273,20.649999618530273,3219200,-0.0038591377459058496
2023-10-09,MAT,20.489999771118164,20.920000076293945,20.450000762939453,20.850000381469727,20.850000381469727,1363700,0.009685267149350585
2023-10-10,MAT,20.81999969482422,21.200000762939453,20.81999969482422,20.979999542236328,20.979999542236328,1658400,0.006234971625330932
2023-10-11,MAT,20.969999313354492,21.190000534057617,20.790000915527344,20.90999984741211,20.90999984741211,1524300,-0.0033364964895874483
2023-10-12,MAT,20.93000030517578,20.950000762939453,19.969999313354492,20.09000015258789,20.09000015258789,3196700,-0.03921567196595199
2023-10-13,MAT,20.059999465942383,20.309999465942383,20.020000457763672,20.219999313354492,20.219999313354492,1334600,0.006470839212505242
2023-10-16,MAT,20.3799991607666,20.75,20.229999542236328,20.530000686645508,20.530000686645508,1937000,0.01533142353206074
2023-10-17,MAT,20.5,21.530000686645508,20.399999618530273,21.399999618530273,21.399999618530273,3120600,0.04237695581036616
2023-10-18,MAT,21.229999542236328,21.260000228881836,20.959999084472656,21.040000915527344,21.040000915527344,2059700,-0.016822369599072684
2023-10-19,MAT,20.93000030517578,21.139999389648438,20.6299991607666,20.729999542236328,20.729999542236328,2992200,-0.014733904933541986
2023-10-20,MAT,20.8700008392334,21.030000686645508,20.329999923706055,20.459999084472656,20.459999084472656,2578800,-0.013024624395845286
2023-10-23,MAT,20.290000915527344,20.360000610351562,19.719999313354492,19.829999923706055,19.829999923706055,7466900,-0.030791749215898778
2023-10-24,MAT,19.969999313354492,20.360000610351562,19.889999389648438,20.209999084472656,20.209999084472656,7180800,0.019162842270731728
2023-10-25,MAT,20.1200008392334,20.190000534057617,19.700000762939453,20.110000610351562,20.110000610351562,5302700,-0.0049479702449825025
2023-10-26,MAT,16.799999237060547,18.799999237060547,16.200000762939453,18.579999923706055,18.579999923706055,16143500,-0.0760815833022872
2023-10-27,MAT,18.510000228881836,19.020000457763672,18.360000610351562,18.43000030517578,18.43000030517578,6459100,-0.008073176487955247
2023-10-30,MAT,18.6299991607666,18.8700008392334,18.450000762939453,18.770000457763672,18.770000457763672,4114400,0.018448190285292876
2023-10-31,MAT,18.760000228881836,19.170000076293945,18.68000030517578,19.079999923706055,19.079999923706055,3898600,0.01651568771348444
2023-11-01,MAT,19.0,19.329999923706055,18.920000076293945,19.329999923706055,19.329999923706055,2578400,0.013102725419269268
2023-11-02,MAT,19.469999313354492,19.90999984741211,19.270000457763672,19.40999984741211,19.40999984741211,3290400,0.004138640663311266
2023-11-03,MAT,19.68000030517578,19.780000686645508,19.3700008392334,19.420000076293945,19.420000076293945,3012500,0.0005152101473699933
2023-11-06,MAT,19.520000457763672,19.700000762939453,19.149999618530273,19.229999542236328,19.229999542236328,2643000,-0.00978375557730049
2023-11-07,MAT,19.190000534057617,19.34000015258789,19.1200008392334,19.170000076293945,19.170000076293945,2709300,-0.003120097107158104
2023-11-08,MAT,19.200000762939453,19.260000228881836,18.860000610351562,19.030000686645508,19.030000686645508,4117900,-0.007303045857655621
2023-11-09,MAT,19.149999618530273,19.149999618530273,18.639999389648438,18.700000762939453,18.700000762939453,2375100,-0.017341035827583284
2023-11-10,MAT,18.790000915527344,18.84000015258789,18.280000686645508,18.489999771118164,18.489999771118164,3555800,-0.011229999104464206
2023-11-13,MAT,18.479999542236328,18.5,18.149999618530273,18.239999771118164,18.239999771118164,2431600,-0.013520822233351604
2023-11-14,MAT,18.65999984741211,18.93000030517578,18.510000228881836,18.790000915527344,18.790000915527344,4961200,0.03015357189203871
2023-11-15,MAT,18.850000381469727,19.399999618530273,18.760000228881836,19.15999984741211,19.15999984741211,4803300,0.01969126736864668
2023-11-16,MAT,19.190000534057617,19.190000534057617,18.56999969482422,18.90999984741211,18.90999984741211,3415600,-0.013048016805374152
2023-11-17,MAT,18.940000534057617,19.079999923706055,18.530000686645508,18.739999771118164,18.739999771118164,3014300,-0.008989956513257735
2023-11-20,MAT,18.75,18.75,18.3799991607666,18.399999618530273,18.399999618530273,2909000,-0.01814301796907669
2023-11-21,MAT,18.299999237060547,18.329999923706055,18.030000686645508,18.190000534057617,18.190000534057617,3592400,-0.011412993957954809
2023-11-22,MAT,18.239999771118164,18.610000610351562,18.209999084472656,18.549999237060547,18.549999237060547,2391500,0.019791022123880397
2023-11-24,MAT,18.5,18.780000686645508,18.40999984741211,18.770000457763672,18.770000457763672,870800,0.011859904568814805
2023-11-27,MAT,18.65999984741211,18.799999237060547,18.489999771118164,18.709999084472656,18.709999084472656,1773500,-0.003196663389861465
2023-11-28,MAT,18.670000076293945,19.049999237060547,18.56999969482422,18.920000076293945,18.920000076293945,1898300,0.011223997974193711
2023-11-29,MAT,19.0,19.260000228881836,18.940000534057617,19.15999984741211,19.15999984741211,2285300,0.012684977280675414
2023-11-30,MAT,19.170000076293945,19.280000686645508,18.93000030517578,19.0,19.0,1860100,-0.008350722791562015
2023-12-01,MAT,19.0,19.489999771118164,18.93000030517578,19.479999542236328,19.479999542236328,1663200,0.02526313380191203
2023-12-04,MAT,19.40999984741211,19.700000762939453,19.3799991607666,19.5,19.5,2011800,0.0010267175684632868
2023-12-05,MAT,19.389999389648438,19.450000762939453,18.899999618530273,18.899999618530273,18.899999618530273,2048800,-0.030769250331780795
2023-12-06,MAT,19.0,19.25,18.90999984741211,18.969999313354492,18.969999313354492,1832100,0.0037036876315905687
2023-12-07,MAT,19.010000228881836,19.170000076293945,18.850000381469727,19.100000381469727,19.100000381469727,1777400,0.0068529822256617745
2023-12-08,MAT,19.030000686645508,19.200000762939453,18.850000381469727,18.899999618530273,18.899999618530273,3890500,-0.010471243923821483
2023-12-11,MAT,18.8700008392334,18.959999084472656,18.579999923706055,18.90999984741211,18.90999984741211,2559100,0.0005291126499300525
2023-12-12,MAT,18.510000228881836,18.700000762939453,18.190000534057617,18.59000015258789,18.59000015258789,6398600,-0.01692224735094383
2023-12-13,MAT,18.600000381469727,19.200000762939453,18.450000762939453,19.0,19.0,3104700,0.02205485981962374
2023-12-14,MAT,19.31999969482422,19.719999313354492,18.969999313354492,19.079999923706055,19.079999923706055,2867800,0.004210522300318598
2023-12-15,MAT,19.100000381469727,19.15999984741211,18.780000686645508,19.030000686645508,19.030000686645508,5509300,-0.002620505097509218
2023-12-18,MAT,19.040000915527344,19.3700008392334,18.93000030517578,19.360000610351562,19.360000610351562,2307600,0.017341035827583395
2023-12-19,MAT,19.450000762939453,19.56999969482422,19.239999771118164,19.290000915527344,19.290000915527344,1822400,-0.0036156866021372913
2023-12-20,MAT,19.239999771118164,19.350000381469727,18.709999084472656,18.770000457763672,18.770000457763672,3321700,-0.02695699497583237
2023-12-21,MAT,18.940000534057617,19.079999923706055,18.850000381469727,19.049999237060547,19.049999237060547,1745100,0.014917356018553596
2023-12-22,MAT,19.010000228881836,19.209999084472656,18.90999984741211,19.1200008392334,19.1200008392334,1525300,0.003674624933142745
2023-12-26,MAT,19.1200008392334,19.18000030517578,19.020000457763672,19.100000381469727,19.100000381469727,1386600,-0.0010460490003029177
2023-12-27,MAT,19.100000381469727,19.15999984741211,18.93000030517578,18.989999771118164,18.989999771118164,1800800,-0.005759194144220103
2023-12-28,MAT,18.940000534057617,19.149999618530273,18.860000610351562,19.1299991607666,19.1299991607666,2034000,0.007372269159337419
2023-12-29,MAT,19.06999969482422,19.229999542236328,18.75,18.8799991607666,18.8799991607666,1718300,-0.013068479402378652
2020-01-02,SONY,13.65999984741211,13.812000274658203,13.656000137329102,13.812000274658203,13.34642219543457,4282500,
2020-01-03,SONY,13.699999809265137,13.729999542236328,13.592000007629395,13.616000175476074,13.157029151916504,2593000,-0.014190547904505246
2020-01-06,SONY,13.649999618530273,13.84000015258789,13.644000053405762,13.821999549865723,13.356084823608398,3777500,0.015129226316481947
2020-01-07,SONY,14.10200023651123,14.116000175476074,13.961999893188477,14.039999961853027,13.566737174987793,6581000,0.015772013592414647
2020-01-08,SONY,14.15999984741211,14.223999977111816,14.074000358581543,14.092000007629395,13.616981506347656,8201000,0.003703494120347317
2020-01-09,SONY,14.279999732971191,14.331999778747559,14.118000030517578,14.206000328063965,13.727140426635742,11886500,0.008089819336005943
2020-01-10,SONY,14.291999816894531,14.291999816894531,14.14799976348877,14.17199993133545,13.694287300109863,5602500,-0.002393297183886256
2020-01-13,SONY,14.277999877929688,14.34000015258789,14.215999603271484,14.32800006866455,13.8450288772583,6361500,0.011007624847130915
2020-01-14,SONY,14.588000297546387,14.59000015258789,14.402000427246094,14.494000434875488,14.005434036254883,9704000,0.011585758355481701
2020-01-15,SONY,14.319999694824219,14.423999786376953,14.289999961853027,14.319999694824219,13.837297439575195,5429500,-0.012005097181882696
2020-01-16,SONY,14.446000099182129,14.543999671936035,14.4399995803833,14.52400016784668,14.034422874450684,5794500,0.014245949090586185
2020-01-17,SONY,14.543999671936035,14.543999671936035,14.432000160217285,14.496000289916992,14.007367134094238,3902500,-0.00192781282126675
2020-01-21,SONY,14.5,14.5,14.42199993133545,14.425999641418457,13.93972396850586,4836000,-0.0048291134901243815
2020-01-22,SONY,14.513999938964844,14.53600025177002,14.434000015258789,14.47599983215332,13.988040924072266,3804000,0.0034661343133888245
2020-01-23,SONY,14.550000190734863,14.550000190734863,14.404000282287598,14.517999649047852,14.028623580932617,2898500,0.0029012395002727676
2020-01-24,SONY,14.527999877929688,14.53600025177002,14.295999526977539,14.37600040435791,13.891409873962402,3391500,-0.00978098144686923
2020-01-27,SONY,14.288000106811523,14.34000015258789,14.229999542236328,14.26200008392334,13.781253814697266,6336500,-0.007929796922313104
2020-01-28,SONY,14.34000015258789,14.442000389099121,14.270000457763672,14.404000282287598,13.918468475341797,4063000,0.00995661661047098
2020-01-29,SONY,14.380000114440918,14.404000282287598,14.329999923706055,14.359999656677246,13.875948905944824,3065000,-0.0030549028775903597
2020-01-30,SONY,14.12600040435791,14.26200008392334,14.041999816894531,14.227999687194824,13.748396873474121,4354500,-0.009192310618559296
2020-01-31,SONY,14.197999954223633,14.197999954223633,13.982000350952148,14.03600025177002,13.562871932983398,4787000,-0.013494296258545702
2020-02-03,SONY,14.057999610900879,14.180000305175781,14.050000190734863,14.095999717712402,13.620848655700684,9055500,0.004274664171700415
2020-02-04,SONY,14.434000015258789,14.772000312805176,14.232000350952148,14.600000381469727,14.107861518859863,7893500,0.0357549573796454
2020-02-05,SONY,14.131999969482422,14.211999893188477,14.069999694824219,14.10200023651123,13.62664794921875,8995000,-0.0341096039961698
2020-02-06,SONY,14.194000244140625,14.3100004196167,14.194000244140625,14.3100004196167,13.827635765075684,3313000,0.01474961535705166
2020-02-07,SONY,14.199999809265137,14.25,13.942000389099121,14.017999649047852,13.545477867126465,7312000,-0.020405360883301693
2020-02-10,SONY,14.026000022888184,14.041999816894531,13.925999641418457,14.034000396728516,13.560938835144043,4646500,0.0011414117810564228
2020-02-11,SONY,14.12600040435791,14.170000076293945,14.038000106811523,14.064000129699707,13.589926719665527,4260000,0.0021376015977860874
2020-02-12,SONY,14.0600004196167,14.157999992370605,14.0600004196167,14.154000282287598,13.676892280578613,2939500,0.006399266361549971
2020-02-13,SONY,13.984000205993652,13.984000205993652,13.902000427246094,13.920000076293945,13.450779914855957,4551500,-0.01653243741955468
2020-02-14,SONY,13.895999908447266,13.906000137329102,13.692000389099121,13.765999794006348,13.301971435546875,7426000,-0.011063185945428211
2020-02-18,SONY,13.284000396728516,13.418000221252441,13.220000267028809,13.32800006866455,12.878738403320312,11728500,-0.031817316273553
2020-02-19,SONY,13.392000198364258,13.473999977111816,13.37399959564209,13.413999557495117,12.961838722229004,6174500,0.0064525201387168885
2020-02-20,SONY,13.381999969482422,13.434000015258789,13.206000328063965,13.347999572753906,12.898063659667969,6630500,-0.004920217256805026
2020-02-21,SONY,13.390000343322754,13.399999618530273,13.149999618530273,13.187999725341797,12.743456840515137,4534500,-0.011986824009582508
2020-02-24,SONY,12.800000190734863,12.916000366210938,12.70199966430664,12.78600025177002,12.35500717163086,7069000,-0.03048228386894858
2020-02-25,SONY,13.050000190734863,13.100000381469727,12.62600040435791,12.715999603271484,12.28736400604248,11132000,-0.005474959637716714
2020-02-26,SONY,12.871999740600586,12.965999603271484,12.755999565124512,12.788000106811523,12.356939315795898,7767000,0.005662346270461471
2020-02-27,SONY,12.381999969482422,12.543999671936035,12.175999641418457,12.178000450134277,11.767500877380371,10030000,-0.04770100615951456
2020-02-28,SONY,11.89799976348877,12.491999626159668,11.869999885559082,12.4399995803833,12.020668029785156,13613000,0.02151409675196425
2020-03-02,SONY,12.720000267028809,12.85200023651123,12.461999893188477,12.831999778747559,12.399455070495605,10589500,0.031511313661759965
2020-03-03,SONY,12.753999710083008,12.902000427246094,12.51200008392334,12.63599967956543,12.210063934326172,8572500,-0.015274149960032402
2020-03-04,SONY,12.755999565124512,12.989999771118164,12.71399974822998,12.958000183105469,12.521207809448242,6119000,0.025482575422668408
2020-03-05,SONY,12.770000457763672,12.79800033569336,12.583999633789062,12.687999725341797,12.260308265686035,6299500,-0.02083661158992489
2020-03-06,SONY,12.5600004196167,12.64799976348877,12.432000160217285,12.62399959564209,12.198468208312988,5828000,-0.005043923532177752
2020-03-09,SONY,11.637999534606934,12.093999862670898,11.600000381469727,11.706000328063965,11.31141185760498,6874000,-0.0727186672588529
2020-03-10,SONY,12.218000411987305,12.229999542236328,11.812000274658203,12.065999984741211,11.65927505493164,15586500,0.030753296025799015
2020-03-11,SONY,11.789999961853027,11.869999885559082,11.48799991607666,11.557999610900879,11.1683988571167,6749000,-0.0421017769545895
2020-03-12,SONY,10.906000137329102,11.093999862670898,10.300000190734863,10.513999938964844,10.159591674804688,10360500,-0.09032693004773751
2020-03-13,SONY,11.270000457763672,11.333999633789062,10.657999992370605,11.263999938964844,10.88431167602539,10061500,0.07133357564142817
2020-03-16,SONY,10.399999618530273,10.772000312805176,10.187999725341797,10.336000442504883,9.987591743469238,7294500,-0.08238646220792589
2020-03-17,SONY,10.682000160217285,11.074000358581543,10.529999732971191,11.039999961853027,10.667860984802246,8512000,0.06811143855352597
2020-03-18,SONY,10.956000328063965,11.619999885559082,10.416000366210938,10.958000183105469,10.588624954223633,18132500,-0.007427546224261339
2020-03-19,SONY,10.972000122070312,11.208000183105469,10.720000267028809,11.079999923706055,10.706513404846191,11914500,0.011133499498963362
2020-03-20,SONY,11.295999526977539,11.380000114440918,10.564000129699707,10.612000465393066,10.254290580749512,8065000,-0.042238103759528856
2020-03-23,SONY,10.788000106811523,10.880000114440918,10.315999984741211,10.579999923706055,10.223365783691406,7963000,-0.00301579098179261
2020-03-24,SONY,11.260000228881836,11.399999618530273,11.112000465393066,11.399999618530273,11.015724182128906,11409500,0.07750465112981586
2020-03-25,SONY,11.675999641418457,11.866000175476074,11.263999938964844,11.53600025177002,11.14714241027832,6125000,0.011930057976816233
2020-03-26,SONY,11.732000350952148,12.10200023651123,11.600000381469727,12.100000381469727,11.692129135131836,7327000,0.04889026306428157
2020-03-27,SONY,11.920000076293945,12.119999885559082,11.744000434875488,11.86400032043457,11.507453918457031,9717000,-0.015794832108029233
2020-03-30,SONY,11.98799991607666,12.09000015258789,11.82800006866455,12.034000396728516,11.672343254089355,6076000,0.014328915570789746
2020-03-31,SONY,11.854000091552734,12.100000381469727,11.722000122070312,11.836000442504883,11.480295181274414,5289500,-0.016453257810736366
2020-04-01,SONY,11.586000442504883,11.685999870300293,11.329999923706055,11.369999885559082,11.028299331665039,5554500,-0.03937144842291407
2020-04-02,SONY,11.673999786376953,11.859999656677246,11.581999778747559,11.781999588012695,11.427916526794434,5539500,0.03623561377065565
2020-04-03,SONY,11.600000381469727,11.706000328063965,11.354000091552734,11.496000289916992,11.150510787963867,3339000,-0.0242743931652063
2020-04-06,SONY,11.965999603271484,12.246000289916992,11.899999618530273,12.173999786376953,11.808135986328125,5984000,0.058977136641499284
2020-04-07,SONY,12.550000190734863,12.579999923706055,12.092000007629395,12.131999969482422,11.767398834228516,6735500,-0.003449922337173006
2020-04-08,SONY,12.215999603271484,12.473999977111816,12.144000053405762,12.42199993133545,12.048684120178223,5563000,0.02390377770926877
2020-04-09,SONY,12.446000099182129,12.489999771118164,12.199999809265137,12.315999984741211,11.945869445800781,5696500,-0.008533269969726809
2020-04-13,SONY,12.199999809265137,12.215999603271484,11.902000427246094,12.017999649047852,11.656825065612793,7758500,-0.024196177724811307
2020-04-14,SONY,12.359999656677246,12.40999984741211,12.180000305175781,12.28600025177002,11.916770935058594,8812500,0.022299885945155973
2020-04-15,SONY,12.4399995803833,12.4399995803833,12.248000144958496,12.413999557495117,12.040924072265625,11036500,0.010418353921847867
2020-04-16,SONY,12.484000205993652,12.494000434875488,12.317999839782715,12.447999954223633,12.073901176452637,13701000,0.0027387519420514206
2020-04-17,SONY,12.82800006866455,12.887999534606934,12.697999954223633,12.887999534606934,12.500679016113281,15911500,0.03534713705401016
2020-04-20,SONY,12.718000411987305,12.88599967956543,12.640000343322754,12.710000038146973,12.328027725219727,12184500,-0.013811353020984574
2020-04-21,SONY,12.442000389099121,12.529999732971191,12.281999588012695,12.40999984741211,12.037042617797852,11018500,-0.02360354096435069
2020-04-22,SONY,12.538000106811523,12.595999717712402,12.494000434875488,12.53600025177002,12.159258842468262,4186500,0.01015334318827632
2020-04-23,SONY,12.685999870300293,12.699999809265137,12.392000198364258,12.411999702453613,12.038984298706055,4927500,-0.009891601562270202
2020-04-24,SONY,12.637999534606934,12.637999534606934,12.449999809265137,12.592000007629395,12.213574409484863,5790500,0.014502063168034374
2020-04-27,SONY,12.70199966430664,12.77400016784668,12.644000053405762,12.6899995803833,12.308629035949707,6166500,0.007782703349400011
2020-04-28,SONY,12.776000022888184,12.807999610900879,12.57800006866455,12.583999633789062,12.205814361572266,4860500,-0.00835305654895857
2020-04-29,SONY,12.881999969482422,12.970000267028809,12.765999794006348,12.916000366210938,12.527836799621582,5968000,0.026382708151218903
2020-04-30,SONY,12.831999778747559,12.887999534606934,12.680000305175781,12.850000381469727,12.463820457458496,5544500,-0.0051099278500355005
2020-05-01,SONY,12.645999908447266,12.723999977111816,12.432000160217285,12.545999526977539,12.168957710266113,3126000,-0.023657493157800857
2020-05-04,SONY,12.460000038146973,12.505999565124512,12.270000457763672,12.387999534606934,12.015702247619629,3840500,-0.012593967889065194
2020-05-05,SONY,12.57800006866455,12.748000144958496,12.555999755859375,12.678000450134277,12.296990394592285,4786000,0.023410046385626826
2020-05-06,SONY,12.788000106811523,12.85200023651123,12.64799976348877,12.789999961853027,12.405624389648438,4568000,0.008834193698640691
2020-05-07,SONY,12.854000091552734,12.918000221252441,12.779999732971191,12.87399959564209,12.487099647521973,4502000,0.00656760637872611
2020-05-08,SONY,13.0,13.178000450134277,12.918000221252441,13.10200023651123,12.708247184753418,4788500,0.0177100802807586
2020-05-11,SONY,13.154000282287598,13.210000038146973,13.055999755859375,13.194000244140625,12.797483444213867,4584000,0.007021917197794991
2020-05-12,SONY,13.184000015258789,13.279999732971191,13.109999656677246,13.118000030517578,12.72376537322998,5701000,-0.005760356815872059
2020-05-13,SONY,12.736000061035156,12.8100004196167,12.460000038146973,12.555999755859375,12.178655624389648,12719000,-0.04284185796031803
2020-05-14,SONY,12.588000297546387,12.732000350952148,12.473999977111816,12.732000350952148,12.349369049072266,6649500,0.014017427698730378
2020-05-15,SONY,12.704000473022461,12.911999702453613,12.696000099182129,12.802000045776367,12.417263984680176,6206000,0.005497846516540061
2020-05-18,SONY,12.600000381469727,12.892000198364258,12.538000106811523,12.814000129699707,12.42890453338623,9884500,0.0009374487584716817
2020-05-19,SONY,12.857999801635742,12.868000030517578,12.600000381469727,12.609999656677246,12.231034278869629,10592000,-0.015920168506008525
2020-05-20,SONY,12.645999908447266,12.770000457763672,12.612000465393066,12.633999824523926,12.254311561584473,10732500,0.0019031328164174077
2020-05-21,SONY,12.600000381469727,12.675999641418457,12.435999870300293,12.54800033569336,12.170897483825684,6073000,-0.0068069166790470925
2020-05-22,SONY,12.640000343322754,12.663999557495117,12.517999649047852,12.64799976348877,12.267891883850098,4243500,0.00796937121139285
2020-05-26,SONY,12.557999610900879,12.631999969482422,12.432000160217285,12.435999870300293,12.062263488769531,7175500,-0.016761510211160457
2020-05-27,SONY,12.5,12.605999946594238,12.404000282287598,12.593999862670898,12.215513229370117,7623000,0.012704890814503322
2020-05-28,SONY,12.715999603271484,13.065999984741211,12.715999603271484,12.916000366210938,12.527836799621582,8034500,0.025567781261988776
2020-05-29,SONY,12.84000015258789,12.95199966430664,12.729999542236328,12.95199966430664,12.562755584716797,5884000,0.0027872956563634865
2020-06-01,SONY,12.982000350952148,13.130000114440918,12.911999702453613,13.097999572753906,12.704366683959961,7118000,0.011272295977439839
2020-06-02,SONY,13.196000099182129,13.36400032043457,13.184000015258789,13.350000381469727,12.9487943649292,7103000,0.019239658855080277
2020-06-03,SONY,13.199999809265137,13.404000282287598,13.194000244140625,13.357999801635742,12.956554412841797,13616000,0.0005992872922297998
2020-06-04,SONY,13.399999618530273,13.482000350952148,13.211999893188477,13.236000061035156,12.838220596313477,5837000,-0.009133123881379657
2020-06-05,SONY,13.315999984741211,13.510000228881836,13.3100004196167,13.461999893188477,13.057427406311035,6372500,0.017074547703324505
2020-06-08,SONY,13.5,13.758000373840332,13.460000038146973,13.711999893188477,13.299915313720703,6963000,0.018570879229431236
2020-06-09,SONY,13.687999725341797,13.760000228881836,13.579999923706055,13.6899995803833,13.278575897216797,4933500,-0.0016044776226425972
2020-06-10,SONY,14.0,14.119999885559082,13.829999923706055,14.10200023651123,13.67819595336914,9316500,0.030095098995977843
2020-06-11,SONY,14.034000396728516,14.038000106811523,13.420000076293945,13.473999977111816,13.06906795501709,13922000,-0.044532773212831
2020-06-12,SONY,13.944000244140625,13.965999603271484,13.37399959564209,13.657999992370605,13.247538566589355,11803500,0.013655955588152802
2020-06-15,SONY,13.67199993133545,13.998000144958496,13.57800006866455,13.946000099182129,13.526883125305176,8200500,0.02108652541841516
2020-06-16,SONY,14.097999572753906,14.100000381469727,13.760000228881836,13.869999885559082,13.453166961669922,5146000,-0.0054496045358262135
2020-06-17,SONY,14.192000389099121,14.355999946594238,14.145999908447266,14.315999984741211,13.885762214660645,6876500,0.0321556444087292
2020-06-18,SONY,14.329999923706055,14.369999885559082,14.284000396728516,14.3100004196167,13.879942893981934,4600000,-0.0004190854336081351
2020-06-19,SONY,14.343999862670898,14.369999885559082,14.149999618530273,14.196000099182129,13.769371032714844,7569500,-0.007966305201084878
2020-06-22,SONY,14.25,14.362000465393066,14.192000389099121,14.342000007629395,13.910982131958008,3029500,0.01028450020750471
2020-06-23,SONY,14.362000465393066,14.468000411987305,14.317999839782715,14.32800006866455,13.8974027633667,5948500,-0.0009761617449074445
2020-06-24,SONY,14.277999877929688,14.295999526977539,14.0600004196167,14.130000114440918,13.705353736877441,3232500,-0.013819058838497211
2020-06-25,SONY,14.031999588012695,14.223999977111816,13.944000244140625,14.199999809265137,13.773248672485352,3411500,0.004953898812930513
2020-06-26,SONY,14.052000045776367,14.083999633789062,13.84000015258789,13.935999870300293,13.517182350158691,4766500,-0.018591570399669077
2020-06-29,SONY,13.748000144958496,13.770000457763672,13.630000114440918,13.744000434875488,13.330952644348145,4860500,-0.013777257788370356
2020-06-30,SONY,13.72599983215332,13.843999862670898,13.692000389099121,13.826000213623047,13.41048812866211,3683500,0.005966226603294267
2020-07-01,SONY,13.833999633789062,14.1899995803833,13.833999633789062,14.07800006866455,13.654916763305664,7748500,0.018226676933641217
2020-07-02,SONY,14.100000381469727,14.100000381469727,13.994000434875488,14.045999526977539,13.62387752532959,5435000,-0.0022731180653905447
2020-07-06,SONY,14.104000091552734,14.161999702453613,14.0600004196167,14.105999946594238,13.682074546813965,6987500,0.004271692943229599
2020-07-07,SONY,13.96399974822998,14.01200008392334,13.8100004196167,13.831999778747559,13.416308403015137,4540000,-0.019424404017789443
2020-07-08,SONY,13.90999984741211,13.970000267028809,13.795999526977539,13.958000183105469,13.538521766662598,2667500,0.009109313827341259
2020-07-09,SONY,14.263999938964844,14.331999778747559,14.095999717712402,14.305999755859375,13.87606430053711,4748000,0.02493200806499285
2020-07-10,SONY,14.600000381469727,14.821999549865723,14.522000312805176,14.788000106811523,14.343578338623047,8334500,0.03369212104817376
2020-07-13,SONY,15.100000381469727,15.32800006866455,14.831999778747559,14.871999740600586,14.425053596496582,9073000,0.005680260249574243
2020-07-14,SONY,14.678000450134277,14.92199993133545,14.62600040435791,14.904000282287598,14.45609188079834,3788000,0.002151692823470386
2020-07-15,SONY,15.222000122070312,15.576000213623047,15.178000450134277,15.366000175476074,14.904207229614258,9926000,0.030998374423113484
2020-07-16,SONY,15.260000228881836,15.413999557495117,15.229999542236328,15.359999656677246,14.898388862609863,4677000,-0.00039038419922354795
2020-07-17,SONY,15.192000389099121,15.28600025177002,15.088000297546387,15.215999603271484,14.758716583251953,5458500,-0.009374992198548537
2020-07-20,SONY,15.435999870300293,15.699999809265137,15.378000259399414,15.63599967956543,15.166093826293945,4375000,0.027602484317930553
2020-07-21,SONY,15.649999618530273,15.654000282287598,15.430000305175781,15.461999893188477,14.997322082519531,3491000,-0.01112822759159049
2020-07-22,SONY,15.454000473022461,15.520000457763672,15.362000465393066,15.470000267028809,15.005083084106445,2085000,0.000517492492607019
2020-07-23,SONY,15.496000289916992,15.597999572753906,15.23799991607666,15.284000396728516,14.824671745300293,3040500,-0.012023348207731432
2020-07-24,SONY,15.170000076293945,15.3100004196167,15.067999839782715,15.291999816894531,14.832430839538574,2677500,0.0005233906268946598
2020-07-27,SONY,15.534000396728516,15.722000122070312,15.526000022888184,15.706000328063965,15.233991622924805,4556000,0.027073160679488728
2020-07-28,SONY,15.699999809265137,15.699999809265137,15.517999649047852,15.52400016784668,15.05746078491211,2396000,-0.011587956878422068
2020-07-29,SONY,15.526000022888184,15.748000144958496,15.51200008392334,15.670000076293945,15.199071884155273,2652000,0.009404713136298648
2020-07-30,SONY,15.491999626159668,15.751999855041504,15.465999603271484,15.704000473022461,15.232048988342285,3121500,0.0021696788092298025
2020-07-31,SONY,15.395999908447266,15.593999862670898,15.381999969482422,15.592000007629395,15.123414993286133,5564500,-0.007131935771693909
2020-08-03,SONY,15.741999626159668,16.281999588012695,15.734000205993652,16.253999710083008,15.765520095825195,10748500,0.04245767922285526
2020-08-04,SONY,16.711999893188477,16.829999923706055,16.50200080871582,16.673999786376953,16.172901153564453,8477500,0.025840001171108407
2020-08-05,SONY,16.34000015258789,16.357999801635742,16.142000198364258,16.25,15.761641502380371,5895500,-0.02542893493746745
2020-08-06,SONY,16.172000885009766,16.224000930786133,16.07200050354004,16.0939998626709,15.610331535339355,5649000,-0.009599886345477704
2020-08-07,SONY,16.100000381469727,16.145999908447266,15.821999549865723,16.006000518798828,15.52497673034668,5508000,-0.0054678406284610626
2020-08-10,SONY,16.09000015258789,16.09000015258789,15.946000099182129,16.010000228881836,15.528853416442871,3223000,0.000249706403012695
2020-08-11,SONY,15.984000205993652,16.06399917602539,15.843999862670898,15.866000175476074,15.389182090759277,5198000,-0.008994310264768268
2020-08-12,SONY,15.902000427246094,16.195999145507812,15.892000198364258,16.148000717163086,15.662707328796387,6168000,0.017773864551343
2020-08-13,SONY,16.312000274658203,16.63800048828125,16.253999710083008,16.534000396728516,16.037107467651367,8971000,0.023903922291048207
2020-08-14,SONY,16.67799949645996,16.722000122070312,16.576000213623047,16.586000442504883,16.08754539489746,7097000,0.0031450763392233405
2020-08-17,SONY,16.70599937438965,16.742000579833984,16.54400062561035,16.690000534057617,16.18841552734375,6187000,0.006270076010370218
2020-08-18,SONY,16.770000457763672,16.780000686645508,16.525999069213867,16.59600067138672,16.09724235534668,3991000,-0.005632000972736972
2020-08-19,SONY,16.299999237060547,16.413999557495117,16.20400047302246,16.219999313354492,15.732540130615234,6771500,-0.02265619269938557
2020-08-20,SONY,15.814000129699707,15.913999557495117,15.77400016784668,15.881999969482422,15.404701232910156,6123500,-0.020838268644686964
2020-08-21,SONY,15.699999809265137,15.78600025177002,15.640000343322754,15.75,15.276668548583984,6685000,-0.008311273447656808
2020-08-24,SONY,15.982000350952148,16.055999755859375,15.87399959564209,15.954000473022461,15.47453784942627,4242500,0.012952385542240874
2020-08-25,SONY,15.836000442504883,15.923999786376953,15.831999778747559,15.87399959564209,15.396939277648926,3180000,-0.005014597045314706
2020-08-26,SONY,16.079999923706055,16.242000579833984,16.027999877929688,16.224000930786133,15.736424446105957,4503000,0.022048873632297017
2020-08-27,SONY,16.239999771118164,16.239999771118164,15.994000434875488,16.083999633789062,15.600628852844238,5164000,-0.008629380436883327
2020-08-28,SONY,15.814000129699707,15.930000305175781,15.760000228881836,15.878000259399414,15.400821685791016,5050000,-0.012807635444566978
2020-08-31,SONY,15.729999542236328,15.795999526977539,15.687999725341797,15.727999687194824,15.255329132080078,3886000,-0.0094470643631418
2020-09-01,SONY,15.845999717712402,16.02199935913086,15.75,15.899999618530273,15.422160148620605,5309500,0.010935917219229374
2020-09-02,SONY,15.918000221252441,16.0,15.760000228881836,15.89799976348877,15.420219421386719,4444500,-0.00012584016863947944
2020-09-03,SONY,15.770000457763672,15.791999816894531,15.342000007629395,15.47599983215332,15.010900497436523,5346500,-0.02654429958256621
2020-09-04,SONY,15.555999755859375,15.694000244140625,15.119999885559082,15.531999588012695,15.06521987915039,6207500,0.0036186624328862216
2020-09-08,SONY,15.342000007629395,15.371999740600586,15.173999786376953,15.20199966430664,14.745135307312012,6311500,-0.021246591447454555
2020-09-09,SONY,15.371999740600586,15.59000015258789,15.3100004196167,15.496000289916992,15.030301094055176,4441500,0.019339652081846515
2020-09-10,SONY,15.553999900817871,15.588000297546387,15.279999732971191,15.300000190734863,14.840191841125488,4898500,-0.012648399505774344
2020-09-11,SONY,15.435999870300293,15.477999687194824,15.248000144958496,15.404000282287598,14.941065788269043,4130500,0.00679734791999187
2020-09-14,SONY,15.465999603271484,15.652000427246094,15.454000473022461,15.543999671936035,15.076858520507812,3381000,0.009088557279855358
2020-09-15,SONY,15.37399959564209,15.460000038146973,15.246000289916992,15.291999816894531,14.832430839538574,6918000,-0.016212109481346104
2020-09-16,SONY,15.576000213623047,15.600000381469727,15.378000259399414,15.39799976348877,14.935246467590332,8946000,0.006931812402434012
2020-09-17,SONY,15.432000160217285,15.657999992370605,15.343999862670898,15.522000312805176,15.055520057678223,7307500,0.008053003366826683
2020-09-18,SONY,16.016000747680664,16.034000396728516,15.666000366210938,15.791999816894531,15.317403793334961,6060000,0.017394532679937402
2020-09-21,SONY,15.550000190734863,15.670000076293945,15.399999618530273,15.654000282287598,15.183552742004395,3812500,-0.008738494665056051
2020-09-22,SONY,15.814000129699707,15.815999984741211,15.564000129699707,15.739999771118164,15.2669677734375,3654000,0.005493775590632577
2020-09-23,SONY,15.699999809265137,15.708000183105469,15.39799976348877,15.465999603271484,15.001200675964355,4365500,-0.017407981821743523
2020-09-24,SONY,15.394000053405762,15.696000099182129,15.362000465393066,15.555999755859375,15.088496208190918,4173500,0.00581923634728998
2020-09-25,SONY,15.387999534606934,15.477999687194824,15.277999877929688,15.45199966430664,14.987621307373047,3088500,-0.006685550330927659
2020-09-28,SONY,15.619999885559082,15.619999885559082,15.392000198364258,15.456000328063965,15.038023948669434,3951000,0.0033629513491637564
2020-09-29,SONY,15.486000061035156,15.564000129699707,15.416000366210938,15.496000289916992,15.076939582824707,2245500,0.0025878156789820306
2020-09-30,SONY,15.350000381469727,15.48799991607666,15.255999565124512,15.350000381469727,14.934887886047363,3533500,-0.009421785900048718
2020-10-01,SONY,15.381999969482422,15.383999824523926,15.229999542236328,15.289999961853027,14.87651252746582,3598500,-0.003908657301410323
2020-10-02,SONY,14.800000190734863,14.989999771118164,14.723999977111816,14.800000190734863,14.399762153625488,6960000,-0.032047186661533056
2020-10-05,SONY,14.970000267028809,15.043999671936035,14.90999984741211,15.013999938964844,14.607975006103516,4231000,0.014459464695089075
2020-10-06,SONY,14.868000030517578,14.881999969482422,14.685999870300293,14.708000183105469,14.310249328613281,4254000,-0.02038103689018078
2020-10-07,SONY,14.795999526977539,14.795999526977539,14.619999885559082,14.673999786376953,14.277170181274414,6192000,-0.002311570300366883
2020-10-08,SONY,14.75,14.859999656677246,14.706000328063965,14.826000213623047,14.425060272216797,3724500,0.010358501654365027
2020-10-09,SONY,14.869999885559082,14.968000411987305,14.78600025177002,14.90999984741211,14.50678825378418,3778500,0.0056656942865460636
2020-10-12,SONY,14.814000129699707,14.97599983215332,14.812000274658203,14.918000221252441,14.514572143554688,3854500,0.0005365687865801494
2020-10-13,SONY,14.958000183105469,15.03600025177002,14.85200023651123,14.937999725341797,14.534029006958008,4535000,0.0013405054734569877
2020-10-14,SONY,14.92199993133545,14.979999542236328,14.854000091552734,14.881999969482422,14.479545593261719,4714000,-0.003748679300846658
2020-10-15,SONY,14.720000267028809,14.720000267028809,14.515999794006348,14.654000282287598,14.257710456848145,5645500,-0.01532058689167759
2020-10-16,SONY,14.552000045776367,14.607999801635742,14.489999771118164,14.534000396728516,14.140955924987793,5313000,-0.008188869609445093
2020-10-19,SONY,14.739999771118164,14.772000312805176,14.562000274658203,14.586000442504883,14.191548347473145,4111000,0.003577722945586226
2020-10-20,SONY,14.925999641418457,15.173999786376953,14.916000366210938,15.11400032043457,14.705270767211914,6079000,0.03619918046717152
2020-10-21,SONY,15.065999984741211,15.086000442504883,14.880000114440918,14.928000450134277,14.524301528930664,4366000,-0.012306420000422813
2020-10-22,SONY,14.97599983215332,14.994000434875488,14.842000007629395,14.920000076293945,14.516515731811523,3309500,-0.0005360531178475458
2020-10-23,SONY,15.038000106811523,15.11400032043457,14.902000427246094,15.086000442504883,14.67802906036377,3756000,0.011126177351105326
2020-10-26,SONY,15.149999618530273,15.28600025177002,15.109999656677246,15.239999771118164,14.827862739562988,4212500,0.010208024427736495
2020-10-27,SONY,15.460000038146973,15.657999992370605,15.390000343322754,15.494000434875488,15.074994087219238,7336500,0.01666668703351748
2020-10-28,SONY,16.3799991607666,16.389999389648438,15.821999549865723,16.31999969482422,15.878656387329102,13637000,0.05331095292377053
2020-10-29,SONY,16.75200080871582,16.775999069213867,16.511999130249023,16.68600082397461,16.234758377075195,9225500,0.02242645605898108
2020-10-30,SONY,16.649999618530273,16.809999465942383,16.516000747680664,16.73200035095215,16.279518127441406,7396500,0.002757032123706482
2020-11-02,SONY,16.823999404907227,17.18400001525879,16.808000564575195,17.100000381469727,16.63756561279297,10388500,0.021993739774645027
2020-11-03,SONY,17.200000762939453,17.450000762939453,17.200000762939453,17.281999588012695,16.814640045166016,5297000,0.010643049379585268
2020-11-04,SONY,17.076000213623047,17.45400047302246,17.034000396728516,17.281999588012695,16.814640045166016,5196000,0.0
2020-11-05,SONY,17.75,18.176000595092773,17.743999481201172,18.077999114990234,17.589115142822266,9116500,0.04605957044432252
2020-11-06,SONY,17.81999969482422,18.034000396728516,17.73200035095215,17.878000259399414,17.39452362060547,6972500,-0.011063178598623602
2020-11-09,SONY,18.0,18.0,17.31999969482422,17.32200050354004,16.85355567932129,9424500,-0.031099899777844553
2020-11-10,SONY,17.209999084472656,17.288000106811523,17.055999755859375,17.18199920654297,16.717344284057617,6500500,-0.008082056858233044
2020-11-11,SONY,17.29599952697754,17.738000869750977,17.25200080871582,17.618000030517578,17.14155387878418,6737000,0.025375417740909123
2020-11-12,SONY,17.493999481201172,17.628000259399414,17.371999740600586,17.422000885009766,16.950855255126953,6045000,-0.011124932138926513
2020-11-13,SONY,17.79400062561035,18.010000228881836,17.70800018310547,17.944000244140625,17.458738327026367,5474500,0.02996209124880589
2020-11-16,SONY,18.13800048828125,18.219999313354492,18.010000228881836,18.09000015258789,17.60079002380371,5755500,0.008136423956675465
2020-11-17,SONY,18.04800033569336,18.139999389648438,17.90399932861328,17.941999435424805,17.456790924072266,8757500,-0.008181399785844756
2020-11-18,SONY,17.77199935913086,17.937999725341797,17.648000717163086,17.649999618530273,17.17268943786621,3732000,-0.01627455397969446
2020-11-19,SONY,17.77400016784668,17.79800033569336,17.687999725341797,17.770000457763672,17.289443969726562,4499500,0.006798849550199382
2020-11-20,SONY,17.781999588012695,18.054000854492188,17.77199935913086,17.996000289916992,17.50933265686035,3119500,0.012718088998050492
2020-11-23,SONY,18.020000457763672,18.16200065612793,17.893999099731445,17.95800018310547,17.47235870361328,3714000,-0.0021116711853996772
2020-11-24,SONY,18.209999084472656,18.309999465942383,18.006000518798828,18.15999984741211,17.668899536132812,6044500,0.011248672022678097
2020-11-25,SONY,18.68000030517578,18.700000762939453,18.381999969482422,18.645999908447266,18.141754150390625,8248500,0.026761973109351134
2020-11-27,SONY,18.79599952697754,18.899999618530273,18.763999938964844,18.81399917602539,18.30521011352539,3334500,0.009009931552360184
2020-11-30,SONY,18.729999542236328,18.799999237060547,18.52400016784668,18.658000946044922,18.153430938720703,4848500,-0.008291583317721174
2020-12-01,SONY,18.827999114990234,18.964000701904297,18.79199981689453,18.93600082397461,18.423912048339844,6201000,0.014899723943764931
2020-12-02,SONY,18.47800064086914,18.670000076293945,18.43199920654297,18.52400016784668,18.023052215576172,5942000,-0.0217575850184214
2020-12-03,SONY,18.760000228881836,18.860000610351562,18.715999603271484,18.766000747680664,18.25851058959961,3773000,0.013064289622372938
2020-12-04,SONY,18.780000686645508,18.881999969482422,18.760000228881836,18.8799991607666,18.36942481994629,2850500,0.0060746592556053525
2020-12-07,SONY,18.600000381469727,18.724000930786133,18.58799934387207,18.672000885009766,18.167049407958984,4507000,-0.01101697053505768
2020-12-08,SONY,18.68000030517578,18.760000228881836,18.6299991607666,18.673999786376953,18.16900062561035,3589500,0.00010740421339483497
2020-12-09,SONY,18.917999267578125,18.926000595092773,18.649999618530273,18.826000213623047,18.31688690185547,9943500,0.008139483249104185
2020-12-10,SONY,18.739999771118164,18.83799934387207,18.666000366210938,18.81800079345703,18.309104919433594,3627000,-0.0004248528946851904
2020-12-11,SONY,18.86199951171875,18.996000289916992,18.832000732421875,18.93600082397461,18.423912048339844,4538000,0.006270493801386889
2020-12-14,SONY,18.992000579833984,19.010000228881836,18.667999267578125,18.673999786376953,18.16900062561035,4278500,-0.013835900978069526
2020-12-15,SONY,18.760000228881836,18.92799949645996,18.709999084472656,18.829999923706055,18.320777893066406,4121500,0.008353638737956581
2020-12-16,SONY,18.854000091552734,19.07200050354004,18.809999465942383,19.02199935913086,18.507583618164062,4284000,0.010196386102598431
2020-12-17,SONY,19.413999557495117,19.554000854492188,19.354000091552734,19.40399932861328,18.879255294799805,5998500,0.020082128726462756
2020-12-18,SONY,19.81999969482422,19.8700008392334,19.628000259399414,19.742000579833984,19.208118438720703,6448000,0.01741928581322183
2020-12-21,SONY,19.777999877929688,19.9060001373291,19.562000274658203,19.8799991607666,19.342382431030273,4695000,0.0069899606636594225
2020-12-22,SONY,19.591999053955078,19.66200065612793,19.45599937438965,19.492000579833984,18.964879989624023,3715000,-0.01951685335311315
2020-12-23,SONY,19.625999450683594,19.625999450683594,19.447999954223633,19.492000579833984,18.964879989624023,3348000,0.0
2020-12-24,SONY,19.492000579833984,19.511999130249023,19.308000564575195,19.368000030517578,18.844228744506836,1509000,-0.006361824866975008
2020-12-28,SONY,19.63800048828125,19.658000946044922,19.56599998474121,19.59000015258789,19.060226440429688,4818000,0.011462273083785224
2020-12-29,SONY,20.0,20.166000366210938,19.8700008392334,20.086000442504883,19.54281234741211,4944000,0.025319001770030436
2020-12-30,SONY,19.959999084472656,20.190000534057617,19.93199920654297,20.1560001373291,19.610923767089844,3081000,0.0034852414517889674
2020-12-31,SONY,20.18600082397461,20.280000686645508,20.121999740600586,20.219999313354492,19.673189163208008,3353500,0.0031750363653269
2021-01-04,SONY,20.299999237060547,20.323999404907227,19.892000198364258,20.013999938964844,19.47275733947754,5320000,-0.010188069766812857
2021-01-05,SONY,20.40399932861328,20.70400047302246,20.399999618530273,20.621999740600586,20.064313888549805,5593500,0.030378674101432468
2021-01-06,SONY,20.091999053955078,20.398000717163086,20.055999755859375,20.215999603271484,19.66929817199707,4907500,-0.01968747691782069
2021-01-07,SONY,20.215999603271484,20.417999267578125,20.172000885009766,20.399999618530273,19.84832000732422,3803500,0.009101587344993334
2021-01-08,SONY,20.658000946044922,20.799999237060547,20.58799934387207,20.79800033569336,20.235557556152344,7002000,0.01950984006128631
2021-01-11,SONY,20.865999221801758,21.0,20.666000366210938,20.76799964904785,20.20636749267578,5183000,-0.0014425134269496764
2021-01-12,SONY,20.860000610351562,20.895999908447266,20.6560001373291,20.805999755859375,20.24334144592285,5961500,0.0018298169258017527
2021-01-13,SONY,20.648000717163086,20.868000030517578,20.639999389648438,20.777999877929688,20.216096878051758,3972000,-0.0013458532991638128
2021-01-14,SONY,20.729999542236328,20.79599952697754,20.648000717163086,20.68400001525879,20.1246395111084,4155500,-0.0045239873698197375
2021-01-15,SONY,20.357999801635742,20.540000915527344,20.305999755859375,20.40999984741211,19.85805320739746,5138000,-0.013246761690503206
2021-01-19,SONY,20.4060001373291,20.488000869750977,20.34000015258789,20.445999145507812,19.893081665039062,3505000,0.0017639421788109289
2021-01-20,SONY,20.486000061035156,20.719999313354492,20.486000061035156,20.577999114990234,20.021509170532227,4370000,0.0064558879139811065
2021-01-21,SONY,20.582000732421875,20.639999389648438,20.3799991607666,20.510000228881836,19.95534896850586,3246000,-0.0033044562956193735
2021-01-22,SONY,20.323999404907227,20.38599967956543,20.20599937438965,20.222000122070312,19.675132751464844,3798000,-0.014042160700033945
2021-01-25,SONY,19.940000534057617,19.988000869750977,19.56399917602539,19.856000900268555,19.319032669067383,7289000,-0.018098992616502052
2021-01-26,SONY,19.969999313354492,20.035999298095703,19.878000259399414,19.941999435424805,19.402706146240234,3875000,0.004331142174981872
2021-01-27,SONY,19.555999755859375,19.775999069213867,19.378000259399414,19.399999618530273,18.875364303588867,5576000,-0.027178777984717017
2021-01-28,SONY,19.275999069213867,19.68400001525879,19.239999771118164,19.530000686645508,19.001846313476562,7198500,0.006700904303269306
2021-01-29,SONY,19.399999618530273,19.417999267578125,19.01799964904785,19.142000198364258,18.624343872070312,4296000,-0.01986661902104303
2021-02-01,SONY,19.52199935913086,19.72800064086914,19.38800048828125,19.70599937438965,19.17308807373047,7497500,0.02946381388946917
2021-02-02,SONY,19.899999618530273,19.965999603271484,19.833999633789062,19.847999572753906,19.311248779296875,6338500,0.007205970422453856
2021-02-03,SONY,21.65999984741211,22.45800018310547,21.392000198364258,22.261999130249023,21.65996551513672,15131000,0.12162428037061201
2021-02-04,SONY,22.195999145507812,22.229999542236328,21.802000045776367,22.176000595092773,21.5762939453125,6912000,-0.0038629595123660376
2021-02-05,SONY,23.606000900268555,23.700000762939453,23.04800033569336,23.341999053955078,22.71076202392578,10132500,0.05257937630478682
2021-02-08,SONY,22.871999740600586,23.128000259399414,22.871999740600586,23.124000549316406,22.498655319213867,5339000,-0.009339479868111011
2021-02-09,SONY,22.513999938964844,22.68600082397461,22.398000717163086,22.527999877929688,21.918773651123047,5071500,-0.025774058932117594
2021-02-10,SONY,22.899999618530273,22.899999618530273,22.45599937438965,22.66200065612793,22.049152374267578,3032000,0.005948267235190485
2021-02-11,SONY,22.804000854492188,22.947999954223633,22.687999725341797,22.79400062561035,22.17757797241211,2351500,0.005824514065874586
2021-02-12,SONY,22.562000274658203,22.724000930786133,22.558000564575195,22.70599937438965,22.091960906982422,2788500,-0.0038605237026420047
2021-02-16,SONY,23.170000076293945,23.18000030517578,22.884000778198242,22.993999481201172,22.37217140197754,4247000,0.012683821783631366
2021-02-17,SONY,23.062000274658203,23.062000274658203,22.77199935913086,22.983999252319336,22.36244010925293,2961000,-0.00043497309893436586
2021-02-18,SONY,22.649999618530273,22.77400016784668,22.486000061035156,22.70400047302246,22.090015411376953,2836000,-0.012182243822455474
2021-02-19,SONY,22.802000045776367,23.562000274658203,22.781999588012695,23.107999801635742,22.48308753967285,9943000,0.017794108377735984
2021-02-22,SONY,22.70599937438965,22.98200035095215,22.606000900268555,22.6560001373291,22.043312072753906,5482000,-0.01956027908279645
2021-02-23,SONY,22.194000244140625,22.57200050354004,21.908000946044922,22.486000061035156,21.87790870666504,5336500,-0.007503562329606028
2021-02-24,SONY,21.663999557495117,21.993999481201172,21.621999740600586,21.920000076293945,21.32721519470215,7374000,-0.025171213544515902
2021-02-25,SONY,21.746000289916992,21.81800079345703,21.3700008392334,21.416000366210938,20.83684730529785,6690000,-0.022992588808599224
2021-02-26,SONY,21.38599967956543,21.398000717163086,21.073999404907227,21.16200065612793,20.5897159576416,5014500,-0.011860304202230054
2021-03-01,SONY,21.465999603271484,21.711999893188477,21.3700008392334,21.615999221801758,21.03143310546875,4678000,0.021453290017981574
2021-03-02,SONY,21.43600082397461,21.45199966430664,21.149999618530273,21.15399932861328,20.58193016052246,5412500,-0.021372910856436445
2021-03-03,SONY,21.281999588012695,21.31399917602539,20.899999618530273,20.90399932861328,20.33869171142578,5263500,-0.011818058228728612
2021-03-04,SONY,20.66200065612793,20.804000854492188,20.145999908447266,20.368000030517578,19.81718635559082,8212500,-0.02564104728240668
2021-03-05,SONY,20.722000122070312,20.850000381469727,20.256000518798828,20.827999114990234,20.264747619628906,5269500,0.02258450094817932
2021-03-08,SONY,20.468000411987305,20.600000381469727,20.040000915527344,20.049999237060547,19.507783889770508,6213000,-0.03735372105622403
2021-03-09,SONY,20.049999237060547,20.398000717163086,20.01799964904785,20.304000854492188,19.75491714477539,6442500,0.012668443345554614
2021-03-10,SONY,20.493999481201172,20.538000106811523,20.101999282836914,20.197999954223633,19.651782989501953,5367000,-0.005220682755468498
2021-03-11,SONY,20.45599937438965,20.729999542236328,20.354000091552734,20.639999389648438,20.08182716369629,4577500,0.021883214079051694
2021-03-12,SONY,20.634000778198242,20.917999267578125,20.50200080871582,20.91200065612793,20.34647560119629,4350500,0.01317850389522457
2021-03-15,SONY,20.97599983215332,21.08799934387207,20.833999633789062,21.077999114990234,20.507984161376953,4377500,0.007937913344125747
2021-03-16,SONY,21.24799919128418,21.450000762939453,21.229999542236328,21.312000274658203,20.735658645629883,4119500,0.011101748590274019
2021-03-17,SONY,21.15399932861328,21.260000228881836,20.95400047302246,21.18600082397461,20.61306381225586,3595500,-0.005912271004705261
2021-03-18,SONY,21.187999725341797,21.22599983215332,20.988000869750977,21.06800079345703,20.49825668334961,4303000,-0.005569629529696085
2021-03-19,SONY,21.16200065612793,21.16200065612793,20.902000427246094,21.052000045776367,20.482688903808594,3113500,-0.0007594684651237582
2021-03-22,SONY,21.200000762939453,21.483999252319336,21.101999282836914,21.378000259399414,20.799875259399414,10410500,0.015485581853066366
2021-03-23,SONY,21.266000747680664,21.38599967956543,21.00200080871582,21.02199935913086,20.4534969329834,3806000,-0.01665290402448394
2021-03-24,SONY,20.961999893188477,20.961999893188477,20.461999893188477,20.469999313354492,19.916427612304688,6353500,-0.026258068360556552
2021-03-25,SONY,20.472000122070312,20.58799934387207,20.29199981689453,20.530000686645508,19.97480583190918,4856000,0.0029311591787888336
2021-03-26,SONY,20.832000732421875,21.100000381469727,20.81999969482422,21.083999633789062,20.513824462890625,4119500,0.026984924685494516
2021-03-29,SONY,21.18000030517578,21.408000946044922,21.007999420166016,21.31999969482422,20.797298431396484,4085500,0.013818679643021303
2021-03-30,SONY,20.865999221801758,20.979999542236328,20.743999481201172,20.902000427246094,20.389549255371094,3475500,-0.019605872242032918
2021-03-31,SONY,21.11199951171875,21.360000610351562,21.052000045776367,21.20199966430664,20.68218994140625,2987500,0.014352484322725623
2021-04-01,SONY,21.312000274658203,21.423999786376953,21.101999282836914,21.371999740600586,20.8480224609375,2250500,0.008018131542213869
2021-04-05,SONY,22.15999984741211,22.368000030517578,21.964000701904297,22.277999877929688,21.731813430786133,4162000,0.04239207682669055
2021-04-06,SONY,22.02400016784668,22.055999755859375,21.865999221801758,21.979999542236328,21.441116333007812,2195500,-0.013376568812545897
2021-04-07,SONY,22.110000610351562,22.26799964904785,21.92799949645996,22.172000885009766,21.62841033935547,2446500,0.00873527308180888
2021-04-08,SONY,21.860000610351562,21.992000579833984,21.799999237060547,21.964000701904297,21.425512313842773,2812500,-0.009381088222813028
2021-04-09,SONY,22.302000045776367,22.41200065612793,22.101999282836914,22.357999801635742,21.809850692749023,4116000,0.017938351871191083
2021-04-12,SONY,22.29800033569336,22.459999084472656,22.22599983215332,22.277999877929688,21.731813430786133,2223500,-0.0035780741034066033
2021-04-13,SONY,22.395999908447266,22.472000122070312,22.29400062561035,22.375999450683594,21.827407836914062,2674000,0.004398823247419692
2021-04-14,SONY,22.49799919128418,22.562000274658203,22.341999053955078,22.356000900268555,21.807899475097656,2054000,-0.0008937553172674306
2021-04-15,SONY,22.549999237060547,22.700000762939453,22.423999786376953,22.554000854492188,22.00104522705078,2541000,0.008856687558271181
2021-04-16,SONY,22.329999923706055,22.333999633789062,22.142000198364258,22.219999313354492,21.67523193359375,3212000,-0.014808991577201835
2021-04-19,SONY,22.209999084472656,22.24799919128418,21.881999969482422,21.996000289916992,21.45672607421875,2068500,-0.01008090063554723
2021-04-20,SONY,21.93000030517578,22.020000457763672,21.600000381469727,21.722000122070312,21.189441680908203,2445500,-0.012456904766645738
2021-04-21,SONY,21.445999145507812,21.718000411987305,21.34000015258789,21.687999725341797,21.156274795532227,2796000,-0.0015652552755016647
2021-04-22,SONY,21.805999755859375,22.010000228881836,21.70800018310547,21.788000106811523,21.253826141357422,4532500,0.004610988785501924
2021-04-23,SONY,21.95800018310547,22.06599998474121,21.878000259399414,21.988000869750977,21.448923110961914,2142500,0.009179381082112803
2021-04-26,SONY,21.799999237060547,21.940000534057617,21.770000457763672,21.784000396728516,21.24992561340332,2684500,-0.009277738398758673
2021-04-27,SONY,21.299999237060547,21.540000915527344,21.07200050354004,21.333999633789062,20.81095314025879,7796000,-0.020657600460852965
2021-04-28,SONY,21.280000686645508,21.284000396728516,20.625999450683594,20.898000717163086,20.38564682006836,8676000,-0.02043665743342027
2021-04-29,SONY,21.083999633789062,21.097999572753906,20.82200050354004,20.969999313354492,20.45587921142578,4544000,0.003445188272774402
2021-04-30,SONY,20.266000747680664,20.459999084472656,20.0,20.031999588012695,19.540878295898438,5402500,-0.04473046140281589
2021-05-03,SONY,20.194000244140625,20.238000869750977,19.729999542236328,19.874000549316406,19.386751174926758,5133000,-0.007887420342003293
2021-05-04,SONY,19.784000396728516,19.84600067138672,19.29800033569336,19.357999801635742,18.883399963378906,6892500,-0.025963670086138202
2021-05-05,SONY,19.538000106811523,19.61400032043457,19.444000244140625,19.525999069213867,19.04728126525879,4860500,0.008678590836274314
2021-05-06,SONY,19.63599967956543,19.65399932861328,19.41200065612793,19.549999237060547,19.07069206237793,4130500,0.0012290886448891314
2021-05-07,SONY,19.399999618530273,19.59000015258789,19.347999572753906,19.408000946044922,18.932178497314453,4392500,-0.007263164053533888
2021-05-10,SONY,19.850000381469727,19.898000717163086,19.441999435424805,19.479999542236328,19.002410888671875,5229000,0.0037096835616348134
2021-05-11,SONY,19.110000610351562,19.243999481201172,18.88599967956543,19.209999084472656,18.739028930664062,4881000,-0.013860449579312317
2021-05-12,SONY,19.027999877929688,19.06399917602539,18.56800079345703,18.610000610351562,18.15373992919922,5496000,-0.031233688983055674
2021-05-13,SONY,18.43600082397461,18.672000885009766,18.350000381469727,18.5939998626709,18.13813018798828,6209500,-0.0008598636573959872
2021-05-14,SONY,18.733999252319336,18.860000610351562,18.621999740600586,18.829999923706055,18.368345260620117,3483500,0.012692326620540761
2021-05-17,SONY,18.854000091552734,18.926000595092773,18.694000244140625,18.784000396728516,18.32347297668457,3313000,-0.0024429137899399933
2021-05-18,SONY,18.832000732421875,19.218000411987305,18.832000732421875,19.0,18.5341796875,4562000,0.011499278061726681
2021-05-19,SONY,18.9060001373291,19.076000213623047,18.766000747680664,19.062000274658203,18.59465789794922,2672000,0.003263063781021147
2021-05-20,SONY,19.197999954223633,19.459999084472656,19.197999954223633,19.3799991607666,18.904861450195312,2593500,0.01668240168485724
2021-05-21,SONY,19.464000701904297,19.488000869750977,19.27199935913086,19.275999069213867,18.80341339111328,2459500,-0.005366241871134325
2021-05-24,SONY,19.368000030517578,19.399999618530273,19.31399917602539,19.356000900268555,18.881450653076172,1902000,0.004150164671685275
2021-05-25,SONY,19.70199966430664,19.757999420166016,19.583999633789062,19.670000076293945,19.18775177001953,4477500,0.016222329659477452
2021-05-26,SONY,19.694000244140625,19.893999099731445,19.68199920654297,19.68400001525879,19.20140838623047,2889000,0.0007117361311852477
2021-05-27,SONY,19.84000015258789,19.95800018310547,19.697999954223633,19.913999557495117,19.42576789855957,2748500,0.011684534166253702
2021-05-28,SONY,20.01799964904785,20.106000900268555,19.899999618530273,19.922000885009766,19.433574676513672,2128000,0.0004018774441694184
2021-06-01,SONY,19.972000122070312,19.972000122070312,19.760000228881836,19.836000442504883,19.349681854248047,2734500,-0.004316901221833036
2021-06-02,SONY,19.746000289916992,19.79400062561035,19.51799964904785,19.61199951171875,19.13117218017578,2725500,-0.011292675286249887
2021-06-03,SONY,19.554000854492188,19.86199951171875,19.420000076293945,19.75,19.265789031982422,3773500,0.007036518752684406
2021-06-04,SONY,19.941999435424805,20.209999084472656,19.916000366210938,20.13800048828125,19.644277572631836,4457000,0.019645628840900375
2021-06-07,SONY,19.940000534057617,20.062000274658203,19.923999786376953,20.030000686645508,19.538923263549805,6030500,-0.00536310427769604
2021-06-08,SONY,20.055999755859375,20.1299991607666,19.8700008392334,19.922000885009766,19.433574676513672,4799000,-0.005391729401622802
2021-06-09,SONY,19.724000930786133,19.766000747680664,19.52199935913086,19.54400062561035,19.064844131469727,2578000,-0.01897389189491583
2021-06-10,SONY,19.61400032043457,19.760000228881836,19.56800079345703,19.719999313354492,19.236526489257812,2847000,0.009005180247170008
2021-06-11,SONY,19.79599952697754,19.944000244140625,19.719999313354492,19.920000076293945,19.431621551513672,3009500,0.01014190697914219
2021-06-14,SONY,19.775999069213867,19.974000930786133,19.761999130249023,19.88599967956543,19.398454666137695,2432000,-0.0017068511389052299
2021-06-15,SONY,19.99799919128418,19.99799919128418,19.738000869750977,19.809999465942383,19.324317932128906,2969500,-0.0038217855640946263
2021-06-16,SONY,19.56399917602539,19.582000732421875,19.299999237060547,19.368000030517578,18.893156051635742,2957500,-0.022311880916443982
2021-06-17,SONY,18.95199966430664,19.236000061035156,18.920000076293945,19.219999313354492,18.748783111572266,3671000,-0.007641547006169813
2021-06-18,SONY,19.0,19.076000213623047,18.884000778198242,18.95400047302246,18.48930549621582,3315500,-0.013839704359067895
2021-06-21,SONY,19.20400047302246,19.408000946044922,19.200000762939453,19.381999969482422,18.90681266784668,5314000,0.022581008881934928
2021-06-22,SONY,19.530000686645508,19.645999908447266,19.5,19.540000915527344,19.060941696166992,3586500,0.008152036571580812
2021-06-23,SONY,19.299999237060547,19.326000213623047,19.20800018310547,19.22800064086914,18.756591796875,2610000,-0.015967201628511063
2021-06-24,SONY,19.336000442504883,19.43000030517578,19.31999969482422,19.354000091552734,18.879499435424805,1895000,0.006552770347664216
2021-06-25,SONY,19.549999237060547,19.70400047302246,19.511999130249023,19.649999618530273,19.168241500854492,2617500,0.015293947088867332
2021-06-28,SONY,19.687999725341797,19.75,19.606000900268555,19.694000244140625,19.211164474487305,4108000,0.0022392755032274447
2021-06-29,SONY,19.899999618530273,20.040000915527344,19.850000381469727,19.97599983215332,19.486248016357422,2988500,0.014318941583964406
2021-06-30,SONY,19.583999633789062,19.625999450683594,19.3799991607666,19.444000244140625,18.9672908782959,3910500,-0.02663196822835745
2021-07-01,SONY,19.582000732421875,19.719999313354492,19.511999130249023,19.649999618530273,19.168241500854492,2499500,0.010594587484738849
2021-07-02,SONY,20.243999481201172,20.347999572753906,20.1200008392334,20.329999923706055,19.831571578979492,3677000,0.03460568243025475
2021-07-06,SONY,20.351999282836914,20.43199920654297,19.99799919128418,20.215999603271484,19.72036361694336,3165000,-0.005607622249867883
2021-07-07,SONY,20.173999786376953,20.29400062561035,20.003999710083008,20.148000717163086,19.654029846191406,2649000,-0.0033637194546940474
2021-07-08,SONY,19.76799964904785,19.920000076293945,19.610000610351562,19.868000030517578,19.38089942932129,3448000,-0.013896916765039125
2021-07-09,SONY,20.110000610351562,20.472000122070312,20.058000564575195,20.408000946044922,19.907657623291016,4373500,0.027179243971143796
2021-07-12,SONY,20.81800079345703,20.941999435424805,20.690000534057617,20.860000610351562,20.348575592041016,5077500,0.02214815912014423
2021-07-13,SONY,20.84000015258789,20.902000427246094,20.722000122070312,20.856000900268555,20.344675064086914,3046500,-0.00019168555245840935
2021-07-14,SONY,20.996000289916992,21.058000564575195,20.865999221801758,20.913999557495117,20.401254653930664,3210500,0.002781051536361323
2021-07-15,SONY,20.781999588012695,20.781999588012695,20.479999542236328,20.573999404907227,20.06958770751953,2193000,-0.01625718378782315
2021-07-16,SONY,20.444000244140625,20.516000747680664,20.27199935913086,20.299999237060547,19.80230712890625,2919000,-0.013317691549445176
2021-07-19,SONY,19.746000289916992,19.826000213623047,19.552000045776367,19.690000534057617,19.207263946533203,3562000,-0.030049184597507717
2021-07-20,SONY,19.663999557495117,19.898000717163086,19.576000213623047,19.81599998474121,19.33017349243164,2770000,0.006399117867103676
2021-07-21,SONY,19.941999435424805,20.166000366210938,19.889999389648438,20.091999053955078,19.59940528869629,2097500,0.013928058968020185
2021-07-22,SONY,20.1200008392334,20.142000198364258,19.899999618530273,19.9060001373291,19.417966842651367,1744500,-0.009257344463893702
2021-07-23,SONY,20.016000747680664,20.172000885009766,19.947999954223633,20.131999969482422,19.638425827026367,2428500,0.011353350541868368
2021-07-26,SONY,20.049999237060547,20.073999404907227,19.761999130249023,19.857999801635742,19.371143341064453,2619500,-0.013610178754453917
2021-07-27,SONY,19.986000061035156,19.989999771118164,19.739999771118164,19.926000595092773,19.437477111816406,3763000,0.003424360120826364
2021-07-28,SONY,20.280000686645508,20.672000885009766,20.266000747680664,20.625999450683594,20.120311737060547,4304500,0.035129797005859054
2021-07-29,SONY,20.899999618530273,21.224000930786133,20.81599998474121,21.172000885009766,20.652929306030273,4086500,0.026471636022849188
2021-07-30,SONY,20.799999237060547,20.945999145507812,20.724000930786133,20.860000610351562,20.348575592041016,3141000,-0.014736588184630639
2021-08-02,SONY,20.95599937438965,21.06999969482422,20.856000900268555,20.8799991607666,20.368083953857422,2037000,0.0009587089635914037
2021-08-03,SONY,20.917999267578125,20.979999542236328,20.531999588012695,20.736000061035156,20.227617263793945,3666000,-0.0068964115810644655
2021-08-04,SONY,20.507999420166016,20.76799964904785,20.350000381469727,20.45199966430664,19.950578689575195,3098500,-0.013696055773935845
2021-08-05,SONY,20.79400062561035,20.79800033569336,20.422000885009766,20.56800079345703,20.063735961914062,2101500,0.005671879202080232
2021-08-06,SONY,20.695999145507812,20.832000732421875,20.506000518798828,20.52400016784668,20.020814895629883,2066000,-0.0021392360009947486
2021-08-09,SONY,20.527999877929688,20.549999237060547,20.413999557495117,20.525999069213867,20.022764205932617,1934500,9.736418387040757e-05
2021-08-10,SONY,20.239999771118164,20.299999237060547,20.055999755859375,20.176000595092773,19.68134880065918,2556000,-0.017051362227612832
2021-08-11,SONY,20.218000411987305,20.374000549316406,20.15999984741211,20.351999282836914,19.853031158447266,2260500,0.008723099190353079
2021-08-12,SONY,20.040000915527344,20.097999572753906,19.75200080871582,20.040000915527344,19.548683166503906,2952000,-0.015330051593348881
2021-08-13,SONY,20.214000701904297,20.444000244140625,20.125999450683594,20.38800048828125,19.88814926147461,2462000,0.017365164296711644
2021-08-16,SONY,19.996000289916992,20.18400001525879,19.881999969482422,20.049999237060547,19.558435440063477,3944000,-0.01657840642064279
2021-08-17,SONY,19.738000869750977,19.851999282836914,19.607999801635742,19.695999145507812,19.21311378479004,3877500,-0.01765589360824238
2021-08-18,SONY,19.833999633789062,19.874000549316406,19.65999984741211,19.66200065612793,19.179948806762695,1808500,-0.001726163619225507
2021-08-19,SONY,19.29599952697754,19.398000717163086,19.124000549316406,19.32200050354004,18.848283767700195,2707000,-0.017292279682496248
2021-08-20,SONY,19.360000610351562,19.56800079345703,19.360000610351562,19.527999877929688,19.049230575561523,2095000,0.010661278784739325
2021-08-23,SONY,19.979999542236328,20.29199981689453,19.923999786376953,20.263999938964844,19.767189025878906,2713500,0.03768962990234681
2021-08-24,SONY,20.600000381469727,20.908000946044922,20.506000518798828,20.82200050354004,20.31151008605957,3168000,0.02753659407354525
2021-08-25,SONY,20.84000015258789,21.079999923706055,20.823999404907227,21.06999969482422,20.553424835205078,2041500,0.011910229624509272
2021-08-26,SONY,20.624000549316406,20.624000549316406,20.29400062561035,20.329999923706055,19.831571578979492,2922500,-0.03512082594571564
2021-08-27,SONY,20.52199935913086,20.70400047302246,20.440000534057617,20.649999618530273,20.143722534179688,2015500,0.01574010178452334
2021-08-30,SONY,20.549999237060547,20.559999465942383,20.469999313354492,20.492000579833984,19.989599227905273,1961000,-0.007651182943614221
2021-08-31,SONY,20.591999053955078,20.777999877929688,20.552000045776367,20.691999435424805,20.1846981048584,1906500,0.009760019434545297
2021-09-01,SONY,20.799999237060547,21.062000274658203,20.76799964904785,20.95599937438965,20.442224502563477,2750000,0.01275849638014126
2021-09-02,SONY,21.013999938964844,21.191999435424805,21.013999938964844,21.083999633789062,20.56708526611328,1757000,0.006107983186181443
2021-09-03,SONY,21.493999481201172,21.658000946044922,21.332000732421875,21.649999618530273,21.11920738220215,3479500,0.026844937381504064
2021-09-07,SONY,21.649999618530273,21.761999130249023,21.520000457763672,21.672000885009766,21.140670776367188,2549500,0.0010162973342988657
2021-09-08,SONY,21.6560001373291,21.711999893188477,21.40399932861328,21.56800079345703,21.039220809936523,1996000,-0.004798805463830047
2021-09-09,SONY,21.884000778198242,22.18400001525879,21.8799991607666,21.989999771118164,21.45087242126465,3275500,0.019565915251657406
2021-09-10,SONY,22.163999557495117,22.368000030517578,22.052000045776367,22.06399917602539,21.52305793762207,2536000,0.003365155269203113
2021-09-13,SONY,22.34600067138672,22.34600067138672,22.020000457763672,22.222000122070312,21.677183151245117,2584500,0.007160934755169546
2021-09-14,SONY,22.326000213623047,22.375999450683594,22.167999267578125,22.256000518798828,21.71035385131836,2696500,0.0015302126591727472
2021-09-15,SONY,22.187999725341797,22.356000900268555,22.077999114990234,22.33799934387207,21.79033851623535,2193000,0.003684171408018466
2021-09-16,SONY,22.33799934387207,22.472000122070312,22.211999893188477,22.45800018310547,21.907398223876953,2037500,0.005372092202899248
2021-09-17,SONY,22.260000228881836,22.3439998626709,22.062000274658203,22.139999389648438,21.597192764282227,1938500,-0.014159849399945301
2021-09-20,SONY,21.780000686645508,21.875999450683594,21.488000869750977,21.711999893188477,21.179689407348633,3588500,-0.01933137151158215
2021-09-21,SONY,22.5,22.582000732421875,22.329999923706055,22.48200035095215,21.930809020996094,4812000,0.03546414676821685
2021-09-22,SONY,22.663999557495117,23.040000915527344,22.6200008392334,22.922000885009766,22.360021591186523,4162000,0.019571214622292832
2021-09-23,SONY,23.01799964904785,23.18199920654297,23.0,23.100000381469727,22.53365707397461,2771000,0.007765443431258845
2021-09-24,SONY,23.374000549316406,23.573999404907227,23.246000289916992,23.52199935913086,22.9453125,4318500,0.01826846945766447
2021-09-27,SONY,23.416000366210938,23.506000518798828,23.191999435424805,23.253999710083008,22.683883666992188,3155500,-0.01139356167007155
2021-09-28,SONY,23.00200080871582,23.083999633789062,22.597999572753906,22.697999954223633,22.192283630371094,4516500,-0.02167177560236
2021-09-29,SONY,22.558000564575195,22.6299991607666,22.243999481201172,22.29599952697754,21.79924201965332,3365000,-0.0177107330306413
2021-09-30,SONY,22.299999237060547,22.399999618530273,22.027999877929688,22.115999221801758,21.623252868652344,2451000,-0.008073177537196607
2021-10-01,SONY,21.993999481201172,22.058000564575195,21.694000244140625,21.902000427246094,21.414020538330078,3053000,-0.009676265249877969
2021-10-04,SONY,21.621999740600586,21.667999267578125,21.260000228881836,21.393999099731445,20.917341232299805,4436500,-0.02319411738404009
2021-10-05,SONY,21.374000549316406,21.511999130249023,21.270000457763672,21.341999053955078,20.866498947143555,2565500,-0.002430628471927432
2021-10-06,SONY,21.0,21.170000076293945,20.81800079345703,21.11199951171875,20.64162254333496,3549000,-0.010776911084999119
2021-10-07,SONY,21.222000122070312,21.36199951171875,21.100000381469727,21.215999603271484,20.743305206298828,2581000,0.004926098360261921
2021-10-08,SONY,21.5,21.700000762939453,21.378000259399414,21.49799919128418,21.019023895263672,3259500,0.013291936180022113
2021-10-11,SONY,21.780000686645508,22.200000762939453,21.780000686645508,21.829999923706055,21.343629837036133,3838000,0.015443435593867294
2021-10-12,SONY,21.799999237060547,21.86400032043457,21.65999984741211,21.790000915527344,21.304519653320312,2775000,-0.0018324054537318668
2021-10-13,SONY,21.889999389648438,21.992000579833984,21.850000381469727,21.899999618530273,21.412065505981445,1873500,0.005048029920936115
2021-10-14,SONY,22.128000259399414,22.350000381469727,22.128000259399414,22.326000213623047,21.828577041625977,2746500,0.019452188558277017
2021-10-15,SONY,22.5,22.591999053955078,22.426000595092773,22.5,21.99869728088379,2882000,0.0077934644541144404
2021-10-18,SONY,22.145999908447266,22.43600082397461,22.100000381469727,22.43000030517578,21.930255889892578,3295500,-0.003111156543377902
2021-10-19,SONY,22.437999725341797,22.530000686645508,22.356000900268555,22.49799919128418,21.996740341186523,2759000,0.003031631351122943
2021-10-20,SONY,22.538000106811523,22.68000030517578,22.472000122070312,22.492000579833984,21.990877151489258,1845500,-0.00026654811605364426
2021-10-21,SONY,22.238000869750977,22.472000122070312,22.20599937438965,22.45400047302246,21.953723907470703,3331500,-0.0016894844058568115
2021-10-22,SONY,22.461999893188477,22.607999801635742,22.329999923706055,22.5939998626709,22.090600967407227,2328000,0.0062347991854787566
2021-10-25,SONY,22.9060001373291,23.195999145507812,22.833999633789062,23.059999465942383,22.546220779418945,3595500,0.020625052830565593
2021-10-26,SONY,23.399999618530273,23.444000244140625,23.20599937438965,23.305999755859375,22.786741256713867,3166000,0.010667884416109219
2021-10-27,SONY,22.97599983215332,23.079999923706055,22.628000259399414,22.645999908447266,22.141443252563477,2934500,-0.028319012222085993
2021-10-28,SONY,23.11400032043457,23.785999298095703,23.0939998626709,23.658000946044922,23.13089942932129,4322500,0.044687971125967785
2021-10-29,SONY,23.176000595092773,23.238000869750977,22.950000762939453,23.158000946044922,22.642040252685547,3827500,-0.021134464664009256
2021-11-01,SONY,24.0,24.280000686645508,24.0,24.24799919128418,23.707754135131836,5650500,0.04706792632434631
2021-11-02,SONY,24.399999618530273,24.68000030517578,24.27400016784668,24.663999557495117,24.11448097229004,4015500,0.01715585689137411
2021-11-03,SONY,24.600000381469727,24.652000427246094,24.399999618530273,24.628000259399414,24.079286575317383,2262500,-0.001459471469159923
2021-11-04,SONY,24.582000732421875,24.648000717163086,24.398000717163086,24.530000686645508,23.983469009399414,2955000,-0.003979252691655222
2021-11-05,SONY,24.79800033569336,24.809999465942383,24.549999237060547,24.643999099731445,24.094926834106445,3005000,0.004647277033332786
2021-11-08,SONY,24.926000595092773,24.926000595092773,24.667999267578125,24.670000076293945,24.120351791381836,2113500,0.0010551996048977497
2021-11-09,SONY,24.753999710083008,24.753999710083008,24.3439998626709,24.493999481201172,23.948272705078125,2623500,-0.007134186424478051
2021-11-10,SONY,24.368000030517578,24.57200050354004,24.243999481201172,24.290000915527344,23.748815536499023,3997500,-0.008328666164587606
2021-11-11,SONY,24.416000366210938,24.417999267578125,24.163999557495117,24.200000762939453,23.66082191467285,2122000,-0.0037051793884598228
2021-11-12,SONY,24.45400047302246,24.63800048828125,24.378000259399414,24.579999923706055,24.032358169555664,2293500,0.015702592928625636
2021-11-15,SONY,24.700000762939453,24.790000915527344,24.554000854492188,24.59000015258789,24.042133331298828,1546000,0.00040675000240075754
2021-11-16,SONY,24.8799991607666,25.086000442504883,24.841999053955078,25.016000747680664,24.458642959594727,2567000,0.01732415433174861
2021-11-17,SONY,24.854000091552734,24.920000076293945,24.718000411987305,24.84600067138672,24.292428970336914,1579500,-0.006795715916553258
2021-11-18,SONY,25.06999969482422,25.077999114990234,24.802000045776367,25.031999588012695,24.474281311035156,2974000,0.007485967785284098
2021-11-19,SONY,25.06800079345703,25.152000427246094,24.974000930786133,25.04800033569336,24.48992919921875,1759000,0.0006393604774224126
2021-11-22,SONY,25.04400062561035,25.04400062561035,24.468000411987305,24.479999542236328,23.93458366394043,2337500,-0.022676485944926106
2021-11-23,SONY,24.393999099731445,24.54199981689453,24.04599952697754,24.356000900268555,23.813343048095703,3755500,-0.0050654992602768845
2021-11-24,SONY,24.285999298095703,24.468000411987305,24.07200050354004,24.444000244140625,23.89938735961914,2220000,0.0036132814846556727
2021-11-26,SONY,24.260000228881836,24.395999908447266,24.13800048828125,24.253999710083008,23.713619232177734,1701500,-0.00777292424471443
2021-11-29,SONY,24.36400032043457,24.42799949645996,24.200000762939453,24.288000106811523,23.74686050415039,2046500,0.0014017797809433574
2021-11-30,SONY,24.468000411987305,24.601999282836914,24.118000030517578,24.3700008392334,23.82703399658203,3232000,0.003376172290969981
2021-12-01,SONY,24.652000427246094,24.729999542236328,23.854000091552734,23.874000549316406,23.34208869934082,4380500,-0.020352734516212778
2021-12-02,SONY,23.784000396728516,24.20800018310547,23.600000381469727,24.031999588012695,23.496564865112305,3183500,0.006617923861108821
2021-12-03,SONY,24.29599952697754,24.354000091552734,23.697999954223633,24.003999710083008,23.469186782836914,3268500,-0.001165195101180183
2021-12-06,SONY,24.016000747680664,24.257999420166016,23.91200065612793,24.200000762939453,23.66082191467285,2058000,0.008165392930277404
2021-12-07,SONY,24.65999984741211,25.040000915527344,24.5,24.95199966430664,24.39606285095215,3117000,0.031074192558938618
2021-12-08,SONY,25.052000045776367,25.200000762939453,24.868000030517578,25.187999725341797,24.62681007385254,1756500,0.009458379588138444
2021-12-09,SONY,24.809999465942383,24.926000595092773,24.507999420166016,24.56999969482422,24.0225772857666,2863000,-0.024535568604862945
2021-12-10,SONY,24.559999465942383,24.670000076293945,24.444000244140625,24.652000427246094,24.102752685546875,2009000,0.0033375020018262536
2021-12-13,SONY,24.503999710083008,24.56399917602539,24.107999801635742,24.118000030517578,23.580646514892578,2444500,-0.021661682276123417
2021-12-14,SONY,24.1200008392334,24.20599937438965,23.895999908447266,24.121999740600586,23.584556579589844,1742500,0.00016581668762971624
2021-12-15,SONY,24.47800064086914,24.799999237060547,24.24799919128418,24.770000457763672,24.218122482299805,4096500,0.026863591883607985
2021-12-16,SONY,24.72800064086914,24.802000045776367,24.31599998474121,24.441999435424805,23.897428512573242,3902000,-0.013241900562727227
2021-12-17,SONY,24.280000686645508,24.527999877929688,24.18199920654297,24.22599983215332,23.686243057250977,3053500,-0.00883716234201326
2021-12-20,SONY,23.72800064086914,23.899999618530273,23.54800033569336,23.790000915527344,23.259958267211914,2563000,-0.017997146656340113
2021-12-21,SONY,23.959999084472656,24.238000869750977,23.802000045776367,24.110000610351562,23.57282829284668,4182500,0.013451014057742183
2021-12-22,SONY,24.302000045776367,24.715999603271484,24.302000045776367,24.6200008392334,24.07146453857422,3333000,0.02115300885973248
2021-12-23,SONY,24.75,24.854000091552734,24.621999740600586,24.77199935913086,24.220075607299805,2572000,0.006173744372198087
2021-12-27,SONY,25.016000747680664,25.479999542236328,24.947999954223633,25.441999435424805,24.87514877319336,2741000,0.02704670193911851
2021-12-28,SONY,25.600000381469727,25.65999984741211,25.45599937438965,25.496000289916992,24.927946090698242,2078500,0.002122492532055986
2021-12-29,SONY,25.399999618530273,25.426000595092773,25.260000228881836,25.33799934387207,24.773466110229492,1295500,-0.006197060115048725
2021-12-30,SONY,25.25,25.33799934387207,25.152000427246094,25.18400001525879,24.622900009155273,1161000,-0.006077716392380306
2021-12-31,SONY,25.15999984741211,25.357999801635742,25.100000381469727,25.280000686645508,24.71676254272461,1375000,0.0038120015731062384
2022-01-03,SONY,25.280000686645508,25.43400001525879,25.1299991607666,25.253999710083008,24.69133949279785,1868500,-0.00102857523847677
2022-01-04,SONY,25.70599937438965,25.86199951171875,25.56599998474121,25.711999893188477,25.139135360717773,3543500,0.01813574626239034
2022-01-05,SONY,26.711999893188477,26.75,25.66200065612793,25.718000411987305,25.145000457763672,12972000,0.00023330544037181156
2022-01-06,SONY,25.079999923706055,25.261999130249023,24.474000930786133,24.621999740600586,24.07341957092285,9182500,-0.0426160615363983
2022-01-07,SONY,25.100000381469727,25.148000717163086,24.65999984741211,24.86199951171875,24.308073043823242,2874000,0.009747409262281126
2022-01-10,SONY,24.700000762939453,24.739999771118164,24.233999252319336,24.634000778198242,24.08515167236328,5156000,-0.0091706722724616
2022-01-11,SONY,24.851999282836914,25.275999069213867,24.770000457763672,25.263999938964844,24.701114654541016,3996000,0.02557438668258527
2022-01-12,SONY,25.266000747680664,25.530000686645508,25.25200080871582,25.43000030517578,24.863414764404297,1728000,0.006570558136065552
2022-01-13,SONY,25.36400032043457,25.399999618530273,24.899999618530273,24.959999084472656,24.403888702392578,2752500,-0.018482017308000587
2022-01-14,SONY,24.82200050354004,25.0,24.658000946044922,24.95800018310547,24.401933670043945,2223500,-8.011150896791719e-05
2022-01-18,SONY,24.18400001525879,24.34000015258789,23.04800033569336,23.167999267578125,22.651811599731445,15215500,-0.07172063058514777
2022-01-19,SONY,22.5,22.72599983215332,22.003999710083008,22.007999420166016,21.517658233642578,19807500,-0.05006899166079559
2022-01-20,SONY,22.93600082397461,23.148000717163086,22.700000762939453,22.72599983215332,22.21966552734375,8734500,0.032624706930403535
2022-01-21,SONY,22.381999969482422,22.549999237060547,22.079999923706055,22.326000213623047,21.828577041625977,8768000,-0.017601006875485825
2022-01-24,SONY,22.02199935913086,22.145999908447266,21.326000213623047,22.107999801635742,21.615432739257812,9229500,-0.009764461602866259
2022-01-25,SONY,21.70199966430664,22.233999252319336,21.5,21.983999252319336,21.494192123413086,3712000,-0.005608983974886184
2022-01-26,SONY,22.43199920654297,22.535999298095703,21.841999053955078,22.006000518798828,21.51570701599121,5123000,0.0010009630720053675
2022-01-27,SONY,21.02400016784668,21.158000946044922,20.582000732421875,20.5939998626709,20.135164260864258,8099500,-0.06416441505272807
2022-01-28,SONY,20.920000076293945,21.3700008392334,20.642000198364258,21.368000030517578,20.891918182373047,4824500,0.037583697441180286
2022-01-31,SONY,21.8439998626709,22.65999984741211,21.827999114990234,22.332000732421875,21.834442138671875,9391000,0.0451142852499804
2022-02-01,SONY,22.36199951171875,22.531999588012695,22.190000534057617,22.511999130249023,22.01043128967285,5095500,0.008060162466403176
2022-02-02,SONY,23.559999465942383,23.799999237060547,22.32200050354004,22.450000762939453,21.949813842773438,7856000,-0.0027540326721292585
2022-02-03,SONY,21.91200065612793,22.04800033569336,21.576000213623047,21.606000900268555,21.124618530273438,5100000,-0.03759463831497045
2022-02-04,SONY,21.75,21.940000534057617,21.506000518798828,21.823999404907227,21.337757110595703,4076000,0.010089582446983325
2022-02-07,SONY,21.8799991607666,22.15999984741211,21.76799964904785,21.950000762939453,21.46095085144043,3316500,0.0057735093808688465
2022-02-08,SONY,21.804000854492188,21.97800064086914,21.700000762939453,21.95400047302246,21.46486473083496,3000000,0.00018237213353788917
2022-02-09,SONY,21.874000549316406,22.38599967956543,21.802000045776367,22.29199981689453,21.795331954956055,4847000,0.015395728240782613
2022-02-10,SONY,21.917999267578125,22.395999908447266,21.871999740600586,21.98200035095215,21.492238998413086,2654500,-0.013906324398699876
2022-02-11,SONY,21.979999542236328,22.118000030517578,21.468000411987305,21.558000564575195,21.077686309814453,3803500,-0.019288483095188047
2022-02-14,SONY,21.4060001373291,21.576000213623047,21.22599983215332,21.422000885009766,20.94471549987793,3987500,-0.006308605602248107
2022-02-15,SONY,21.423999786376953,21.736000061035156,21.422000885009766,21.691999435424805,21.20870018005371,3165500,0.012603879970454646
2022-02-16,SONY,21.20199966430664,21.365999221801758,21.125999450683594,21.304000854492188,20.829343795776367,2588000,-0.017886828568311808
2022-02-17,SONY,21.128000259399414,21.197999954223633,20.93000030517578,20.961999893188477,20.494964599609375,4354000,-0.016053275583016502
2022-02-18,SONY,20.917999267578125,21.04599952697754,20.742000579833984,20.84600067138672,20.38155174255371,3058000,-0.0055336937277669085
2022-02-22,SONY,20.420000076293945,20.868000030517578,20.420000076293945,20.535999298095703,20.078453063964844,4950000,-0.014871226804387128
2022-02-23,SONY,20.694000244140625,20.77400016784668,20.20599937438965,20.261999130249023,19.810556411743164,4126500,-0.013342494631843893
2022-02-24,SONY,19.45599937438965,20.422000885009766,19.45400047302246,20.398000717163086,19.94352912902832,5434000,0.00671221517061138
2022-02-25,SONY,20.576000213623047,20.865999221801758,20.43199920654297,20.81800079345703,20.35417366027832,3182000,0.02059036435293171
2022-02-28,SONY,20.503999710083008,20.6200008392334,20.27400016784668,20.506000518798828,20.04912567138672,3546500,-0.01498699942247772
2022-03-01,SONY,20.440000534057617,20.474000930786133,20.06599998474121,20.172000885009766,19.722566604614258,3199000,-0.01628794552565016
2022-03-02,SONY,20.115999221801758,20.43400001525879,20.115999221801758,20.347999572753906,19.89464569091797,2443000,0.008724984417771031
2022-03-03,SONY,20.402000427246094,20.402000427246094,19.95400047302246,20.04599952697754,19.599374771118164,2697000,-0.014841727989888143
2022-03-04,SONY,19.74799919128418,19.799999237060547,19.534000396728516,19.694000244140625,19.255216598510742,2766000,-0.017559650582047004
2022-03-07,SONY,19.489999771118164,19.59600067138672,19.1560001373291,19.163999557495117,18.737024307250977,3801000,-0.026911787182899993
2022-03-08,SONY,19.18600082397461,19.836000442504883,19.100000381469727,19.483999252319336,19.04989242553711,4706500,0.016697855174637066
2022-03-09,SONY,19.36400032043457,19.81399917602539,19.36400032043457,19.667999267578125,19.229795455932617,4368500,0.009443781958282438
2022-03-10,SONY,20.013999938964844,20.152000427246094,19.83799934387207,20.035999298095703,19.589595794677734,4085000,0.018710565048372096
2022-03-11,SONY,20.06800079345703,20.076000213623047,19.450000762939453,19.461999893188477,19.028383255004883,2561000,-0.028648500232216434
2022-03-14,SONY,19.399999618530273,19.534000396728516,18.865999221801758,18.95800018310547,18.535614013671875,3738000,-0.025896537542326348
2022-03-15,SONY,19.399999618530273,19.663999557495117,19.32200050354004,19.6200008392334,19.182863235473633,4131000,0.03491922206215281
2022-03-16,SONY,20.173999786376953,20.61400032043457,20.07200050354004,20.549999237060547,20.092144012451172,4304500,0.04740068079597548
2022-03-17,SONY,20.51799964904785,20.950000762939453,20.45400047302246,20.923999786376953,20.45781135559082,2314000,0.018199518324826025
2022-03-18,SONY,20.88599967956543,21.238000869750977,20.88599967956543,21.224000930786133,20.751129150390625,2328000,0.014337691833278488
2022-03-21,SONY,21.149999618530273,21.194000244140625,20.775999069213867,20.889999389648438,20.424570083618164,3049500,-0.015736929995749827
2022-03-22,SONY,21.02400016784668,21.26799964904785,21.02400016784668,21.145999908447266,20.674863815307617,2869000,0.012254541009419029
2022-03-23,SONY,21.016000747680664,21.134000778198242,20.827999114990234,20.829999923706055,20.365901947021484,2099000,-0.01494384055179987
2022-03-24,SONY,21.200000762939453,21.503999710083008,21.187999725341797,21.474000930786133,20.995559692382812,2753000,0.030917253112544563
2022-03-25,SONY,21.215999603271484,21.360000610351562,20.97800064086914,21.257999420166016,20.78436851501465,3896500,-0.010058849607366471
2022-03-28,SONY,20.865999221801758,21.020000457763672,20.805999755859375,21.006000518798828,20.53798484802246,3549500,-0.011854277257170476
2022-03-29,SONY,21.29599952697754,21.365999221801758,20.950000762939453,21.15999984741211,20.741281509399414,2905000,0.00989856906027109
2022-03-30,SONY,21.106000900268555,21.263999938964844,20.972000122070312,21.038000106811523,20.62169647216797,1775000,-0.005765556828166707
2022-03-31,SONY,20.920000076293945,20.920000076293945,20.531999588012695,20.54199981689453,20.135509490966797,2456500,-0.02357647838805854
2022-04-01,SONY,20.606000900268555,20.658000946044922,20.40999984741211,20.583999633789062,20.176679611206055,2887500,0.002044652520847734
2022-04-04,SONY,20.663999557495117,21.010000228881836,20.645999908447266,21.007999420166016,20.592288970947266,3732500,0.020598501227644173
2022-04-05,SONY,20.670000076293945,20.700000762939453,20.143999099731445,20.219999313354492,19.81987953186035,3390500,-0.037509644516773855
2022-04-06,SONY,19.881999969482422,19.964000701904297,19.709999084472656,19.874000549316406,19.480728149414062,3345000,-0.017111677288507487
2022-04-07,SONY,19.649999618530273,19.760000228881836,19.47599983215332,19.639999389648438,19.251358032226562,4687500,-0.011774206560877354
2022-04-08,SONY,19.634000778198242,19.92799949645996,19.5939998626709,19.65399932861328,19.26508140563965,2995500,0.000712852225287941
2022-04-11,SONY,18.851999282836914,18.871999740600586,18.54599952697754,18.56599998474121,18.198612213134766,5780500,-0.05535762710001757
2022-04-12,SONY,18.59600067138672,18.600000381469727,18.100000381469727,18.166000366210938,17.8065242767334,5862500,-0.02154493605388108
2022-04-13,SONY,18.15999984741211,18.393999099731445,18.09000015258789,18.357999801635742,17.994728088378906,4094000,0.01056937382728984
2022-04-14,SONY,18.384000778198242,18.384000778198242,17.805999755859375,17.827999114990234,17.4752140045166,6653500,-0.028870349210656343
2022-04-18,SONY,17.676000595092773,17.86400032043457,17.586000442504883,17.695999145507812,17.3458251953125,4209500,-0.007404133029252802
2022-04-19,SONY,17.59600067138672,17.871999740600586,17.507999420166016,17.86400032043457,17.510499954223633,5374000,0.009493624953377022
2022-04-20,SONY,18.011999130249023,18.049999237060547,17.775999069213867,17.81399917602539,17.461490631103516,3923500,-0.0027988534449752134
2022-04-21,SONY,18.1560001373291,18.215999603271484,17.6200008392334,17.6299991607666,17.281129837036133,3315000,-0.010329060552603297
2022-04-22,SONY,17.503999710083008,17.54599952697754,17.110000610351562,17.1200008392334,16.781227111816406,4398500,-0.028927664448672674
2022-04-25,SONY,17.284000396728516,17.530000686645508,17.176000595092773,17.516000747680664,17.169389724731445,5501000,0.0231307645340022
2022-04-26,SONY,17.257999420166016,17.299999237060547,16.84000015258789,16.847999572753906,16.514606475830078,5406000,-0.0381366641097437
2022-04-27,SONY,16.850000381469727,17.243999481201172,16.802000045776367,17.09000015258789,16.75181770324707,5455000,0.014363722669635592
2022-04-28,SONY,17.281999588012695,17.582000732421875,17.128000259399414,17.459999084472656,17.11449432373047,3680000,0.02164998610348423
2022-04-29,SONY,17.416000366210938,17.700000762939453,17.191999435424805,17.209999084472656,16.869443893432617,3220500,-0.014318298026373522
2022-05-02,SONY,17.143999099731445,17.29800033569336,16.875999450683594,17.219999313354492,16.879243850708008,3114500,0.0005809294803846843
2022-05-03,SONY,17.20599937438965,17.34600067138672,17.143999099731445,17.266000747680664,16.924335479736328,2706500,0.0026714247052261886
2022-05-04,SONY,17.25200080871582,17.742000579833984,17.052000045776367,17.70400047302246,17.353666305541992,2233000,0.025367662223412246
2022-05-05,SONY,17.41200065612793,17.486000061035156,16.84000015258789,16.986000061035156,16.64987564086914,3367000,-0.040555733427240837
2022-05-06,SONY,16.88599967956543,16.992000579833984,16.618000030517578,16.73200035095215,16.40089988708496,4126500,-0.014953610414545015
2022-05-09,SONY,16.493999481201172,16.520000457763672,16.106000900268555,16.167999267578125,15.848063468933105,5499000,-0.03370768811211333
2022-05-10,SONY,16.5939998626709,16.760000228881836,16.143999099731445,16.399999618530273,16.075471878051758,5797500,0.014349286874351552
2022-05-11,SONY,16.341999053955078,16.531999588012695,15.98799991607666,16.011999130249023,15.695149421691895,5605000,-0.023658556292778354
2022-05-12,SONY,16.672000885009766,16.996000289916992,16.488000869750977,16.780000686645508,16.447954177856445,8492500,0.04796416624897604
2022-05-13,SONY,17.091999053955078,17.45400047302246,17.091999053955078,17.402000427246094,17.057645797729492,4422000,0.03706793035050304
2022-05-16,SONY,17.257999420166016,17.43199920654297,17.191999435424805,17.27199935913086,16.930217742919922,2730500,-0.007470436209112252
2022-05-17,SONY,17.493999481201172,17.58799934387207,17.36199951171875,17.538000106811523,17.190954208374023,2811500,0.015400656353822706
2022-05-18,SONY,17.760000228881836,17.84600067138672,17.38800048828125,17.413999557495117,17.06940269470215,5333000,-0.007070667061207403
2022-05-19,SONY,17.6200008392334,17.945999145507812,17.573999404907227,17.742000579833984,17.390918731689453,3892500,0.018835810645389195
2022-05-20,SONY,17.988000869750977,18.100000381469727,17.643999099731445,17.988000869750977,17.632049560546875,4030500,0.013865330094265715
2022-05-23,SONY,17.898000717163086,18.052000045776367,17.790000915527344,17.95400047302246,17.59872055053711,3436000,-0.0018902516066164887
2022-05-24,SONY,17.788000106811523,17.875999450683594,17.610000610351562,17.805999755859375,17.453651428222656,3237500,-0.00824316301278083
2022-05-25,SONY,17.586000442504883,17.790000915527344,17.40999984741211,17.658000946044922,17.30858039855957,4139500,-0.008311786806312949
2022-05-26,SONY,17.785999298095703,18.18000030517578,17.760000228881836,18.107999801635742,17.74967384338379,2820500,0.025484091396711372
2022-05-27,SONY,18.152000427246094,18.472000122070312,18.131999969482422,18.45199966430664,18.08686637878418,3247000,0.01899711163008666
2022-05-31,SONY,18.700000762939453,18.972000122070312,18.690000534057617,18.81399917602539,18.44170379638672,4387000,0.019618512691549572
2022-06-01,SONY,19.04800033569336,19.139999389648438,18.68400001525879,18.812000274658203,18.439743041992188,4071500,-0.00010632175943070532
2022-06-02,SONY,18.507999420166016,18.77400016784668,18.351999282836914,18.76799964904785,18.39661407470703,3221500,-0.0023389136815485934
2022-06-03,SONY,18.624000549316406,18.624000549316406,18.47800064086914,18.527999877929688,18.16136360168457,2309000,-0.012787704958484691
2022-06-06,SONY,18.57200050354004,18.658000946044922,18.38599967956543,18.459999084472656,18.09470558166504,2339500,-0.0036703202183203665
2022-06-07,SONY,18.260000228881836,18.54400062561035,18.224000930786133,18.527999877929688,18.16136360168457,2208500,0.0036838410947717115
2022-06-08,SONY,18.43199920654297,18.58799934387207,18.389999389648438,18.45199966430664,18.08686637878418,2491500,-0.004101961974566692
2022-06-09,SONY,18.31399917602539,18.3700008392334,17.9060001373291,17.9060001373291,17.55167007446289,2144500,-0.029590327761202073
2022-06-10,SONY,17.75200080871582,17.84000015258789,17.525999069213867,17.61199951171875,17.26348876953125,2639500,-0.01641902472579715
2022-06-13,SONY,17.0,17.086000442504883,16.709999084472656,16.785999298095703,16.453834533691406,3863000,-0.04689980377945513
2022-06-14,SONY,16.65999984741211,16.694000244140625,16.3799991607666,16.600000381469727,16.271514892578125,4655000,-0.011080677925863314
2022-06-15,SONY,16.643999099731445,17.010000228881836,16.520000457763672,16.868000030517578,16.53421401977539,3168000,0.01614472462653671
2022-06-16,SONY,16.472000122070312,16.54400062561035,16.243999481201172,16.332000732421875,16.008819580078125,5893000,-0.031776196864808814
2022-06-17,SONY,16.625999450683594,16.892000198364258,16.56399917602539,16.799999237060547,16.46755599975586,4143500,0.02865523078594756
2022-06-21,SONY,17.00200080871582,17.0939998626709,16.950000762939453,16.969999313354492,16.634193420410156,3546000,0.010119134901181992
2022-06-22,SONY,16.700000762939453,16.93199920654297,16.658000946044922,16.75,16.418546676635742,2900500,-0.012964063740524723
2022-06-23,SONY,16.761999130249023,16.83799934387207,16.562000274658203,16.75,16.418546676635742,2750500,0.0
2022-06-24,SONY,16.804000854492188,17.13800048828125,16.722000122070312,17.128000259399414,16.789066314697266,4549500,0.02256713979373015
2022-06-27,SONY,17.086000442504883,17.08799934387207,16.851999282836914,16.889999389648438,16.55577850341797,2337500,-0.013895222456479006
2022-06-28,SONY,17.121999740600586,17.187999725341797,16.628000259399414,16.63800048828125,16.30876350402832,3340500,-0.014920168165976078
2022-06-29,SONY,16.72599983215332,16.73200035095215,16.5,16.68199920654297,16.351890563964844,2679000,0.0026444101618048332
2022-06-30,SONY,16.284000396728516,16.416000366210938,15.991999626159668,16.354000091552734,16.03038215637207,3408000,-0.019661849272725185
2022-07-01,SONY,16.104000091552734,16.375999450683594,16.073999404907227,16.336000442504883,16.012741088867188,2798500,-0.0011004770399606345
2022-07-05,SONY,15.928000450134277,16.20400047302246,15.8100004196167,16.190000534057617,15.86962890625,3948000,-0.008937394405051924
2022-07-06,SONY,16.218000411987305,16.218000411987305,15.991999626159668,16.06599998474121,15.74808120727539,3336500,-0.007659139334174281
2022-07-07,SONY,16.336000442504883,16.746000289916992,16.336000442504883,16.70199966430664,16.37149429321289,3253000,0.03958660599549679
2022-07-08,SONY,16.486000061035156,16.591999053955078,16.350000381469727,16.516000747680664,16.189180374145508,2607000,-0.011136058554103045
2022-07-11,SONY,16.465999603271484,16.54800033569336,16.365999221801758,16.398000717163086,16.07351303100586,2425500,-0.007144731262885395
2022-07-12,SONY,16.354000091552734,16.5939998626709,16.3439998626709,16.40999984741211,16.08527374267578,2078500,0.0007316827159835615
2022-07-13,SONY,16.20199966430664,16.351999282836914,16.04599952697754,16.304000854492188,15.981372833251953,2503000,-0.006459380865130648
2022-07-14,SONY,16.110000610351562,16.261999130249023,15.871999740600586,16.219999313354492,15.899033546447754,2505000,-0.005152203609997685
2022-07-15,SONY,16.302000045776367,16.441999435424805,16.191999435424805,16.43000030517578,16.10487937927246,2307500,0.012947065758641463
2022-07-18,SONY,16.45199966430664,16.700000762939453,16.40999984741211,16.441999435424805,16.116641998291016,3118000,0.000730376101648611
2022-07-19,SONY,16.739999771118164,17.035999298095703,16.739999771118164,17.003999710083008,16.667522430419922,2724500,0.03418084438354585
2022-07-20,SONY,17.23200035095215,17.31999969482422,17.115999221801758,17.20800018310547,16.86748504638672,2306000,0.01199714095490556
2022-07-21,SONY,17.18600082397461,17.45599937438965,17.142000198364258,17.45199966430664,17.10665512084961,1833000,0.014179355950525885
2022-07-22,SONY,17.58799934387207,17.649999618530273,17.323999404907227,17.392000198364258,17.047842025756836,2117000,-0.0034380242471301337
2022-07-25,SONY,17.214000701904297,17.214000701904297,17.006000518798828,17.097999572753906,16.759658813476562,2998500,-0.01690438073304934
2022-07-26,SONY,17.08799934387207,17.149999618530273,17.010000228881836,17.054000854492188,16.71653175354004,1599000,-0.002573265984498696
2022-07-27,SONY,17.054000854492188,17.417999267578125,17.030000686645508,17.332000732421875,16.989028930664062,2547000,0.01630105940284632
2022-07-28,SONY,17.25,17.549999237060547,17.200000762939453,17.511999130249023,17.165468215942383,2696000,0.010385483831854447
2022-07-29,SONY,16.784000396728516,17.15999984741211,16.784000396728516,17.077999114990234,16.74005699157715,8536000,-0.024782966535694895
2022-08-01,SONY,17.04800033569336,17.33799934387207,16.90399932861328,17.215999603271484,16.875324249267578,8417500,0.008080453833489987
2022-08-02,SONY,17.13599967956543,17.329999923706055,17.055999755859375,17.058000564575195,16.7204532623291,7336500,-0.009177363625780255
2022-08-03,SONY,17.27199935913086,17.488000869750977,17.24799919128418,17.42799949645996,17.0831298828125,7620000,0.021690597425400027
2022-08-04,SONY,17.20199966430664,17.323999404907227,17.054000854492188,17.190000534057617,16.849838256835938,5156000,-0.01365625781557045
2022-08-05,SONY,17.214000701904297,17.447999954223633,17.190000534057617,17.263999938964844,16.922372817993164,4082000,0.004304763051823368
2022-08-08,SONY,17.398000717163086,17.40399932861328,16.91200065612793,16.965999603271484,16.630271911621094,3854500,-0.017261226278000863
2022-08-09,SONY,16.827999114990234,16.874000549316406,16.601999282836914,16.70400047302246,16.373456954956055,3020500,-0.015442619220529918
2022-08-10,SONY,16.902000427246094,17.118000030517578,16.88800048828125,17.06599998474121,16.72829246520996,3055500,0.021671386270478488
2022-08-11,SONY,17.197999954223633,17.332000732421875,17.086000442504883,17.163999557495117,16.82435417175293,3417500,0.00574246933706779
2022-08-12,SONY,17.233999252319336,17.36400032043457,17.173999786376953,17.360000610351562,17.016477584838867,1933000,0.011419363330361865
2022-08-15,SONY,17.354000091552734,17.45199966430664,17.29599952697754,17.384000778198242,17.040000915527344,1715000,0.0013823854303098848
2022-08-16,SONY,17.22599983215332,17.29800033569336,17.054000854492188,17.222000122070312,16.881206512451172,2448500,-0.00931891986763178
2022-08-17,SONY,17.43000030517578,17.576000213623047,17.290000915527344,17.43199920654297,17.08704948425293,3210500,0.012193617301579307
2022-08-18,SONY,17.308000564575195,17.479999542236328,17.308000564575195,17.375999450683594,17.03215789794922,1764500,-0.0032124672170170676
2022-08-19,SONY,17.43000030517578,17.47599983215332,17.261999130249023,17.34600067138672,17.00275421142578,2999500,-0.0017263629599734154
2022-08-22,SONY,17.243999481201172,17.246000289916992,17.00200080871582,17.04599952697754,16.708688735961914,3478000,-0.017295167112764354
2022-08-23,SONY,16.8439998626709,17.006000518798828,16.714000701904297,16.804000854492188,16.471477508544922,2101500,-0.014196878711759453
2022-08-24,SONY,16.700000762939453,16.913999557495117,16.700000762939453,16.832000732421875,16.498924255371094,2127000,0.0016663196614834508
2022-08-25,SONY,16.76799964904785,17.052000045776367,16.729999542236328,17.052000045776367,16.714570999145508,2837000,0.013070351765765098
2022-08-26,SONY,16.968000411987305,17.00200080871582,16.31999969482422,16.341999053955078,16.018619537353516,4539000,-0.04163741096481455
2022-08-29,SONY,16.20800018310547,16.389999389648438,16.176000595092773,16.26799964904785,15.946085929870605,2819000,-0.004528081044297916
2022-08-30,SONY,16.420000076293945,16.444000244140625,16.09000015258789,16.148000717163086,15.828460693359375,2296500,-0.007376433127761595
2022-08-31,SONY,16.1560001373291,16.18400001525879,15.866000175476074,15.869999885559082,15.555959701538086,3234000,-0.017215887072052016
2022-09-01,SONY,15.8100004196167,15.836000442504883,15.607999801635742,15.776000022888184,15.463820457458496,2606000,-0.005923083232883375
2022-09-02,SONY,15.661999702453613,15.772000312805176,15.383999824523926,15.446000099182129,15.140349388122559,2533000,-0.020917927120650215
2022-09-06,SONY,15.244000434875488,15.267999649047852,15.008000373840332,15.074000358581543,14.775711059570312,3210500,-0.024083878066796904
2022-09-07,SONY,14.6899995803833,14.946000099182129,14.609999656677246,14.899999618530273,14.605155944824219,4219000,-0.011542937870027137
2022-09-08,SONY,14.913999557495117,14.982000350952148,14.718000411987305,14.838000297546387,14.544382095336914,4615000,-0.004161122942945461
2022-09-09,SONY,15.02400016784668,15.13599967956543,15.01200008392334,15.076000213623047,14.777671813964844,2553000,0.016039850789036025
2022-09-12,SONY,15.074000358581543,15.197999954223633,15.031999588012695,15.12399959564209,14.824722290039062,2528500,0.00318388963204308
2022-09-13,SONY,14.805999755859375,14.805999755859375,14.390000343322754,14.402000427246094,14.117010116577148,2941500,-0.047738646270455654
2022-09-14,SONY,14.425999641418457,14.508000373840332,14.302000045776367,14.407999992370605,14.122889518737793,2581000,0.0004164764431060508
2022-09-15,SONY,14.45199966430664,14.684000015258789,14.326000213623047,14.371999740600586,14.087603569030762,3894000,-0.0024984936446762473
2022-09-16,SONY,14.359999656677246,14.515999794006348,14.331999778747559,14.37600040435791,14.091524124145508,3228500,0.0002782982283349167
2022-09-19,SONY,14.263999938964844,14.510000228881836,14.244000434875488,14.496000289916992,14.209149360656738,2943500,0.008347233093805917
2022-09-20,SONY,14.265999794006348,14.359999656677246,14.154000282287598,14.234000205993652,13.952333450317383,3150000,-0.01807398203937849
2022-09-21,SONY,14.175999641418457,14.29800033569336,13.982000350952148,13.982000350952148,13.705321311950684,3292500,-0.017704001932456692
2022-09-22,SONY,14.050000190734863,14.130000114440918,13.807999610900879,13.87600040435791,13.601417541503906,3847000,-0.007581272126482408
2022-09-23,SONY,13.704000473022461,13.748000144958496,13.555999755859375,13.685999870300293,13.415177345275879,3672000,-0.013692704871365535
2022-09-26,SONY,13.477999687194824,13.60200023651123,13.3100004196167,13.34000015258789,13.076024055480957,4557500,-0.02528131243187437
2022-09-27,SONY,13.317999839782715,13.394000053405762,13.086000442504883,13.178000450134277,12.917231559753418,5165000,-0.01214379042542213
2022-09-28,SONY,13.116000175476074,13.458000183105469,13.116000175476074,13.39799976348877,13.1328763961792,7732500,0.01669435400520891
2022-09-29,SONY,13.1899995803833,13.210000038146973,12.899999618530273,13.013999938964844,12.805794715881348,4283500,-0.024905562987938445
2022-09-30,SONY,12.868000030517578,13.086000442504883,12.78600025177002,12.8100004196167,12.605057716369629,4619500,-0.01567548160543064
2022-10-03,SONY,13.092000007629395,13.300000190734863,13.0600004196167,13.232000350952148,13.020306587219238,8731500,0.03294303605689519
2022-10-04,SONY,13.54800033569336,13.694000244140625,13.484000205993652,13.64799976348877,13.429651260375977,5722500,0.03143894273261982
2022-10-05,SONY,13.444000244140625,13.609999656677246,13.343999862670898,13.522000312805176,13.30566692352295,3175000,-0.00923213376499521
2022-10-06,SONY,13.588000297546387,13.678000450134277,13.442000389099121,13.482000350952148,13.26630687713623,4298000,-0.00295814156576657
2022-10-07,SONY,13.496000289916992,13.586000442504883,13.23799991607666,13.281999588012695,13.069507598876953,4022500,-0.014834518761091653
2022-10-10,SONY,13.26200008392334,13.281999588012695,13.008000373840332,13.12399959564209,12.914033889770508,3716000,-0.011895911757211497
2022-10-11,SONY,12.994000434875488,13.053999900817871,12.781999588012695,12.833999633789062,12.62867546081543,4424500,-0.022096769405345662
2022-10-12,SONY,12.697999954223633,12.763999938964844,12.618000030517578,12.633999824523926,12.43187427520752,3933500,-0.015583675914275341
2022-10-13,SONY,12.357999801635742,13.137999534606934,12.343999862670898,13.034000396728516,12.825474739074707,4742000,0.03166058915606418
2022-10-14,SONY,13.178000450134277,13.236000061035156,12.829999923706055,12.845999717712402,12.640481948852539,3704500,-0.014423855177739364
2022-10-17,SONY,13.013999938964844,13.267999649047852,13.013999938964844,13.218000411987305,13.00653076171875,4487500,0.028958453826947617
2022-10-18,SONY,13.163999557495117,13.1899995803833,12.9399995803833,13.053999900817871,12.845152854919434,4762000,-0.012407452052801804
2022-10-19,SONY,12.972000122070312,13.11400032043457,12.855999946594238,12.925999641418457,12.719202995300293,3626000,-0.009805244129181712
2022-10-20,SONY,12.942000389099121,13.187999725341797,12.890000343322754,12.946000099182129,12.738883018493652,2562000,0.001547268582837491
2022-10-21,SONY,12.788000106811523,13.013999938964844,12.668000221252441,13.008000373840332,12.799890518188477,5046500,0.00478907762998193
2022-10-24,SONY,12.982000350952148,13.071999549865723,12.819999694824219,13.027999877929688,12.819570541381836,4633500,0.0015375149627565587
2022-10-25,SONY,13.218000411987305,13.470000267028809,13.206000328063965,13.447999954223633,13.232850074768066,4188000,0.032238173038024565
2022-10-26,SONY,13.369999885559082,13.63599967956543,13.354000091552734,13.46399974822998,13.248595237731934,3591500,0.0011898542547450486
2022-10-27,SONY,13.447999954223633,13.592000007629395,13.342000007629395,13.371999740600586,13.15806770324707,2855000,-0.006832991185891313
2022-10-28,SONY,13.36400032043457,13.574000358581543,13.342000007629395,13.569999694824219,13.352899551391602,3658500,0.014807025814014496
2022-10-31,SONY,13.435999870300293,13.534000396728516,13.333999633789062,13.494000434875488,13.278115272521973,5029500,-0.005600602219900219
2022-11-01,SONY,14.119999885559082,14.878000259399414,14.11400032043457,14.802000045776367,14.56518840789795,17435500,0.09693191457973516
2022-11-02,SONY,14.576000213623047,14.71399974822998,14.27400016784668,14.27400016784668,14.045635223388672,10002500,-0.03567088663456974
2022-11-03,SONY,14.20199966430664,14.46399974822998,14.10200023651123,14.425999641418457,14.195204734802246,6281000,0.010648824993298334
2022-11-04,SONY,14.710000038146973,15.100000381469727,14.699999809265137,14.918000221252441,14.679333686828613,6988000,0.03410510528526811
2022-11-07,SONY,14.920000076293945,15.100000381469727,14.881999969482422,15.100000381469727,14.858420372009277,9284500,0.012199919219858968
2022-11-08,SONY,15.34000015258789,15.767999649047852,15.232000350952148,15.362000465393066,15.116230010986328,7983000,0.01735107989424778
2022-11-09,SONY,15.25,15.319999694824219,15.053999900817871,15.095999717712402,14.854484558105469,3855000,-0.017315524617621314
2022-11-10,SONY,15.666000366210938,16.11199951171875,15.644000053405762,16.100000381469727,15.842422485351562,7009500,0.06650772185205289
2022-11-11,SONY,16.479999542236328,16.63800048828125,16.31800079345703,16.618000030517578,16.352134704589844,5682000,0.03217388121731868
2022-11-14,SONY,16.559999465942383,16.65399932861328,16.464000701904297,16.483999252319336,16.220277786254883,3102000,-0.008063590516897534
2022-11-15,SONY,16.770000457763672,16.81599998474121,16.507999420166016,16.535999298095703,16.271446228027344,4566000,0.0031545971312416654
2022-11-16,SONY,16.329999923706055,16.329999923706055,16.173999786376953,16.22800064086914,15.968376159667969,4257000,-0.01862588390190789
2022-11-17,SONY,15.892000198364258,16.176000595092773,15.800000190734863,16.166000366210938,15.907366752624512,3043000,-0.0038206393958548635
2022-11-18,SONY,16.18400001525879,16.218000411987305,16.020000457763672,16.077999114990234,15.82077407836914,1859000,-0.005443558044645247
2022-11-21,SONY,15.826000213623047,15.944000244140625,15.788000106811523,15.817999839782715,15.564933776855469,3604500,-0.016171162058591593
2022-11-22,SONY,16.167999267578125,16.26799964904785,16.100000381469727,16.24799919128418,15.988055229187012,3126000,0.027184275782831113
2022-11-23,SONY,16.302000045776367,16.444000244140625,16.246000289916992,16.440000534057617,16.176984786987305,3298000,0.011816919262037207
2022-11-25,SONY,16.555999755859375,16.756000518798828,16.555999755859375,16.577999114990234,16.312774658203125,2084500,0.00839401612870705
2022-11-28,SONY,16.666000366210938,16.833999633789062,16.402000427246094,16.43400001525879,16.171077728271484,5601500,-0.008686255581933477
2022-11-29,SONY,16.36400032043457,16.558000564575195,16.36199951171875,16.445999145507812,16.182886123657227,3752500,0.0007302169703320427
2022-11-30,SONY,16.219999313354492,16.618000030517578,16.059999465942383,16.61400032043457,16.34819984436035,4689000,0.010215342272072103
2022-12-01,SONY,16.579999923706055,16.83799934387207,16.573999404907227,16.788000106811523,16.51941680908203,4139000,0.010473138715682229
2022-12-02,SONY,16.552000045776367,16.618000030517578,16.381999969482422,16.558000564575195,16.2930965423584,3531000,-0.01370025766280114
2022-12-05,SONY,16.36400032043457,16.520000457763672,16.27199935913086,16.32200050354004,16.06087303161621,5243000,-0.014252877599936764
2022-12-06,SONY,16.17799949645996,16.17799949645996,15.78600025177002,15.894000053405762,15.639719009399414,3592500,-0.026222361722662568
2022-12-07,SONY,15.82800006866455,15.880000114440918,15.734000205993652,15.807999610900879,15.555093765258789,2404000,-0.005410918449990421
2022-12-08,SONY,15.685999870300293,15.878000259399414,15.57800006866455,15.838000297546387,15.584614753723145,5175000,0.0018978341699418255
2022-12-09,SONY,15.895999908447266,16.187999725341797,15.895999908447266,16.076000213623047,15.818807601928711,5080000,0.01502718237867362
2022-12-12,SONY,16.010000228881836,16.038000106811523,15.899999618530273,16.035999298095703,15.77944564819336,4470000,-0.002488300934297527
2022-12-13,SONY,16.459999084472656,16.610000610351562,16.106000900268555,16.197999954223633,15.938855171203613,3884500,0.01010235255181513
2022-12-14,SONY,16.445999145507812,16.530000686645508,16.1200008392334,16.246000289916992,15.986087799072266,3289000,0.0029633638903994175
2022-12-15,SONY,16.076000213623047,16.1299991607666,15.692000389099121,15.734000205993652,15.482277870178223,3126500,-0.03151552369950583
2022-12-16,SONY,15.600000381469727,15.779999732971191,15.571999549865723,15.673999786376953,15.423238754272461,3093000,-0.003813335246971805
2022-12-19,SONY,15.661999702453613,15.720000267028809,15.473999977111816,15.538000106811523,15.289414405822754,4972000,-0.008676799379289668
2022-12-20,SONY,15.494000434875488,15.657999992370605,15.454000473022461,15.5,15.252022743225098,3929000,-0.002445591544919856
2022-12-21,SONY,15.5,15.539999961853027,15.404000282287598,15.484000205993652,15.236278533935547,3138000,-0.0010322702473377632
2022-12-22,SONY,15.40999984741211,15.40999984741211,15.239999771118164,15.354000091552734,15.108357429504395,3421500,-0.008395823438527739
2022-12-23,SONY,15.38599967956543,15.442000389099121,15.236000061035156,15.387999534606934,15.141813278198242,3089500,0.0022143935136531567
2022-12-27,SONY,15.241999626159668,15.258000373840332,15.07800006866455,15.107999801635742,14.866293907165527,3520500,-0.018195929772124364
2022-12-28,SONY,15.20199966430664,15.25,14.961999893188477,14.970000267028809,14.73050308227539,3195500,-0.009134141013093067
2022-12-29,SONY,15.145999908447266,15.366000175476074,15.144000053405762,15.338000297546387,15.09261417388916,2872500,0.024582398142904083
2022-12-30,SONY,15.11400032043457,15.263999938964844,15.086000442504883,15.255999565124512,15.01192569732666,2067500,-0.0053462227042213595
2023-01-03,SONY,15.430000305175781,15.53600025177002,15.277999877929688,15.329999923706055,15.08474063873291,3303000,0.004850473075497463
2023-01-04,SONY,15.597999572753906,15.678000450134277,15.498000144958496,15.5600004196167,15.31106185913086,2982000,0.01500332195416254
2023-01-05,SONY,15.555999755859375,15.621999740600586,15.461999893188477,15.5,15.252022743225098,2705000,-0.003855977883764683
2023-01-06,SONY,15.845999717712402,16.327999114990234,15.819999694824219,16.277999877929688,16.017576217651367,4483500,0.05019357021129056
2023-01-09,SONY,16.336000442504883,16.667999267578125,16.326000213623047,16.52400016784668,16.259639739990234,4590000,0.015112369003252413
2023-01-10,SONY,16.288000106811523,16.43199920654297,16.222000122070312,16.416000366210938,16.15336799621582,3980500,-0.006535922411186057
2023-01-11,SONY,16.785999298095703,16.899999618530273,16.757999420166016,16.857999801635742,16.58829689025879,3608000,0.02692496661655075
2023-01-12,SONY,16.93000030517578,17.229999542236328,16.868000030517578,17.214000701904297,16.938602447509766,5565500,0.021117632483216964
2023-01-13,SONY,16.83799934387207,17.18600082397461,16.832000732421875,17.149999618530273,16.875621795654297,4972000,-0.0037181728569778416
2023-01-17,SONY,17.256000518798828,17.54400062561035,17.256000518798828,17.351999282836914,17.074390411376953,4455000,0.011778446929513464
2023-01-18,SONY,17.600000381469727,17.658000946044922,17.32200050354004,17.336000442504883,17.05864906311035,3551500,-0.0009219273946150519
2023-01-19,SONY,17.6560001373291,17.757999420166016,17.511999130249023,17.5939998626709,17.31252098083496,4243000,0.014882299107354946
2023-01-20,SONY,17.68000030517578,17.868000030517578,17.628000259399414,17.857999801635742,17.572296142578125,2705000,0.015005045309734788
2023-01-23,SONY,17.625999450683594,17.83799934387207,17.600000381469727,17.781999588012695,17.497512817382812,3049000,-0.00425575147314472
2023-01-24,SONY,17.802000045776367,17.99799919128418,17.600000381469727,17.86199951171875,17.576231002807617,3465500,0.004498821418013277
2023-01-25,SONY,17.79199981689453,17.937999725341797,17.746000289916992,17.90999984741211,17.623464584350586,2878500,0.002687355527781987
2023-01-26,SONY,17.780000686645508,17.833999633789062,17.6200008392334,17.826000213623047,17.54081153869629,3019500,-0.004689943073264424
2023-01-27,SONY,17.895999908447266,18.200000762939453,17.865999221801758,18.121999740600586,17.83207130432129,4269000,0.016604691577836173
2023-01-30,SONY,17.857999801635742,17.974000930786133,17.805999755859375,17.865999221801758,17.580167770385742,3523000,-0.014126431508520443
2023-01-31,SONY,17.780000686645508,17.944000244140625,17.77400016784668,17.892000198364258,17.60575294494629,3970500,0.0014553430260002553
2023-02-01,SONY,17.777999877929688,18.02199935913086,17.6560001373291,17.90999984741211,17.623464584350586,4827000,0.0010060143101906505
2023-02-02,SONY,18.399999618530273,19.04599952697754,18.36400032043457,18.760000228881836,18.45986557006836,8071000,0.04745950954845091
2023-02-03,SONY,18.714000701904297,18.950000762939453,18.604000091552734,18.625999450683594,18.32801055908203,5276500,-0.007142793672350711
2023-02-06,SONY,18.172000885009766,18.173999786376953,17.90399932861328,18.02400016784668,17.73564338684082,4900500,-0.03232032032782073
2023-02-07,SONY,18.097999572753906,18.351999282836914,18.025999069213867,18.27400016784668,17.98164176940918,4621000,0.013870282413937174
2023-02-08,SONY,18.152000427246094,18.29599952697754,18.04400062561035,18.083999633789062,17.794681549072266,3313000,-0.010397283114324751
2023-02-09,SONY,18.31999969482422,18.40999984741211,17.99799919128418,18.02400016784668,17.73564338684082,2364500,-0.0033177419932262087
2023-02-10,SONY,17.959999084472656,18.142000198364258,17.937999725341797,18.02400016784668,17.73564338684082,2546500,0.0
2023-02-13,SONY,17.74799919128418,17.950000762939453,17.694000244140625,17.92799949645996,17.641176223754883,2523500,-0.005326401812748904
2023-02-14,SONY,17.81599998474121,17.93600082397461,17.719999313354492,17.868000030517578,17.582134246826172,2536500,-0.0033468276820004528
2023-02-15,SONY,17.540000915527344,17.687999725341797,17.489999771118164,17.68400001525879,17.401081085205078,2934500,-0.010297564509483603
2023-02-16,SONY,17.483999252319336,17.676000595092773,17.464000701904297,17.507999420166016,17.22789764404297,3399500,-0.009952452971979775
2023-02-17,SONY,17.121999740600586,17.121999740600586,16.878000259399414,17.011999130249023,16.739830017089844,4223500,-0.028330074686848894
2023-02-21,SONY,16.760000228881836,16.83799934387207,16.61199951171875,16.648000717163086,16.381654739379883,3922000,-0.021396589890357087
2023-02-22,SONY,16.555999755859375,16.5939998626709,16.45400047302246,16.496000289916992,16.232088088989258,2147500,-0.009130130793874036
2023-02-23,SONY,16.628000259399414,16.648000717163086,16.408000946044922,16.535999298095703,16.271446228027344,2865000,0.002424712016242836
2023-02-24,SONY,16.54199981689453,16.624000549316406,16.426000595092773,16.54199981689453,16.27735137939453,4341500,0.00036291496677254287
2023-02-27,SONY,16.780000686645508,16.898000717163086,16.667999267578125,16.670000076293945,16.403305053710938,3581000,0.007737971085139295
2023-02-28,SONY,16.736000061035156,16.868000030517578,16.690000534057617,16.715999603271484,16.44856834411621,2566500,0.0027594006364610735
2023-03-01,SONY,16.780000686645508,16.83799934387207,16.68400001525879,16.72599983215332,16.45840835571289,2728500,0.0005982290610841989
2023-03-02,SONY,16.606000900268555,16.673999786376953,16.488000869750977,16.667999267578125,16.40133285522461,3421500,-0.0034678627030462206
2023-03-03,SONY,16.854000091552734,17.18199920654297,16.854000091552734,17.148000717163086,16.8736572265625,3686000,0.028797926089734416
2023-03-06,SONY,17.36199951171875,17.559999465942383,17.277999877929688,17.305999755859375,17.02912712097168,3594000,0.009213763935209007
2023-03-07,SONY,17.6560001373291,17.729999542236328,17.42799949645996,17.45199966430664,17.172792434692383,5957000,0.00843644613726413
2023-03-08,SONY,17.573999404907227,17.652000427246094,17.516000747680664,17.61199951171875,17.330232620239258,3103500,0.009168001427002359
2023-03-09,SONY,17.56599998474121,17.70800018310547,17.270000457763672,17.312000274658203,17.035032272338867,3034000,-0.017033836438850702
2023-03-10,SONY,17.238000869750977,17.238000869750977,16.868000030517578,16.95199966430664,16.6807918548584,4480000,-0.02079481927696003
2023-03-13,SONY,17.003999710083008,17.26799964904785,16.889999389648438,17.11199951171875,16.838232040405273,3992500,0.009438411972092275
2023-03-14,SONY,16.972000122070312,17.08799934387207,16.916000366210938,17.08799934387207,16.81461524963379,3577000,-0.0014025695046138154
2023-03-15,SONY,16.68000030517578,16.75200080871582,16.472000122070312,16.74799919128418,16.48005485534668,3472500,-0.01989699968272518
2023-03-16,SONY,16.902000427246094,17.29400062561035,16.841999053955078,17.277999877929688,17.001575469970703,4366500,0.03164556302765131
2023-03-17,SONY,17.450000762939453,17.493999481201172,17.236000061035156,17.304000854492188,17.027162551879883,4076000,0.0015049829913924562
2023-03-20,SONY,17.503999710083008,17.832000732421875,17.465999603271484,17.68400001525879,17.401081085205078,5405500,0.021960120025042773
2023-03-21,SONY,17.81599998474121,17.940000534057617,17.742000579833984,17.874000549316406,17.588043212890625,3523000,0.010744282310396702
2023-03-22,SONY,17.781999588012695,17.81399917602539,17.486000061035156,17.488000869750977,17.20821762084961,3929500,-0.021595670845443116
2023-03-23,SONY,17.663999557495117,17.884000778198242,17.540000915527344,17.65399932861328,17.371559143066406,4676500,0.00949206511770817
2023-03-24,SONY,17.65999984741211,17.68600082397461,17.392000198364258,17.506000518798828,17.225929260253906,5536500,-0.00838323616280734
2023-03-27,SONY,17.423999786376953,17.48200035095215,17.266000747680664,17.327999114990234,17.050777435302734,4234000,-0.0101679173474436
2023-03-28,SONY,17.222000122070312,17.333999633789062,17.148000717163086,17.163999557495117,16.889400482177734,3280500,-0.009464492380909073
2023-03-29,SONY,17.38599967956543,17.604000091552734,17.347999572753906,17.573999404907227,17.2928409576416,4786000,0.0238871993052443
2023-03-30,SONY,17.739999771118164,17.9060001373291,17.711999893188477,17.86199951171875,17.633625030517578,5894500,0.019706656281100354
2023-03-31,SONY,17.95400047302246,18.18400001525879,17.950000762939453,18.1299991607666,17.8981990814209,6107000,0.015003951283155681
2023-04-03,SONY,18.082000732421875,18.275999069213867,18.082000732421875,18.266000747680664,18.03246307373047,4395500,0.007501536422675148
2023-04-04,SONY,18.1560001373291,18.229999542236328,18.07200050354004,18.20199966430664,17.969282150268555,4048500,-0.0035037323078707105
2023-04-05,SONY,17.979999542236328,18.003999710083008,17.90399932861328,17.93000030517578,17.70075798034668,3222000,-0.014943511247490826
2023-04-06,SONY,17.649999618530273,17.667999267578125,17.444000244140625,17.634000778198242,17.408544540405273,3979500,-0.016508526937990653
2023-04-10,SONY,17.552000045776367,17.70400047302246,17.54599952697754,17.70199966430664,17.47567367553711,2248000,0.0038561026728012315
2023-04-11,SONY,17.847999572753906,17.898000717163086,17.766000747680664,17.781999588012695,17.554649353027344,2217000,0.004519177855832002
2023-04-12,SONY,18.0,18.079999923706055,17.857999801635742,17.88800048828125,17.6592960357666,2099000,0.005961194703169026
2023-04-13,SONY,18.020000457763672,18.166000366210938,17.988000869750977,18.097999572753906,17.866609573364258,3423500,0.01173962638022319
2023-04-14,SONY,18.170000076293945,18.29199981689453,18.082000732421875,18.172000885009766,17.939664840698242,3642000,0.004088927282706045
2023-04-17,SONY,18.110000610351562,18.246000289916992,18.06999969482422,18.229999542236328,17.99692153930664,3864000,0.003191625881354465
2023-04-18,SONY,18.31399917602539,18.371999740600586,18.197999954223633,18.261999130249023,18.02851104736328,4334500,0.0017552728663980943
2023-04-19,SONY,18.200000762939453,18.224000930786133,18.145999908447266,18.194000244140625,17.961381912231445,2111500,-0.0037234985715391966
2023-04-20,SONY,18.194000244140625,18.45599937438965,18.18400001525879,18.275999069213867,18.042333602905273,3041000,0.004506985657863005
2023-04-21,SONY,18.374000549316406,18.47599983215332,18.32200050354004,18.40999984741211,18.17462158203125,3029000,0.007332088078932042
2023-04-24,SONY,18.371999740600586,18.4060001373291,18.280000686645508,18.312000274658203,18.07787322998047,2564500,-0.005323266380766523
2023-04-25,SONY,18.29199981689453,18.360000610351562,18.110000610351562,18.152000427246094,17.919919967651367,4112500,-0.008737380792512184
2023-04-26,SONY,18.506000518798828,19.007999420166016,18.506000518798828,18.761999130249023,18.522119522094727,8926500,0.033605035933778504
2023-04-27,SONY,18.812000274658203,19.030000686645508,18.736000061035156,19.01799964904785,18.77484703063965,6336000,0.013644632205479956
2023-04-28,SONY,18.305999755859375,18.336000442504883,17.709999084472656,17.93400001525879,17.7047061920166,11675000,-0.056998644882519045
2023-05-01,SONY,18.420000076293945,18.50200080871582,18.25,18.437999725341797,18.20226287841797,5334000,0.02810307502452236
2023-05-02,SONY,18.22800064086914,18.280000686645508,18.025999069213867,18.27199935913086,18.03838539123535,3864500,-0.009003138141517764
2023-05-03,SONY,18.326000213623047,18.63599967956543,18.302000045776367,18.562000274658203,18.324678421020508,3734500,0.01587132238145128
2023-05-04,SONY,18.54800033569336,18.68000030517578,18.49799919128418,18.534000396728516,18.29703712463379,2730500,-0.0015084191794062507
2023-05-05,SONY,18.601999282836914,18.81599998474121,18.56399917602539,18.77199935913086,18.531991958618164,3333000,0.012841141021026292
2023-05-08,SONY,18.45400047302246,18.5,18.360000610351562,18.488000869750977,18.251625061035156,5141500,-0.015128805268697754
2023-05-09,SONY,18.56399917602539,18.81800079345703,18.56399917602539,18.780000686645508,18.539892196655273,4330000,0.01579405311341464
2023-05-10,SONY,18.600000381469727,18.70400047302246,18.479999542236328,18.68600082397461,18.447093963623047,3778000,-0.005005327541708571
2023-05-11,SONY,18.722000122070312,18.722000122070312,18.530000686645508,18.642000198364258,18.403654098510742,2310000,-0.002354835140860989
2023-05-12,SONY,18.968000411987305,19.06800079345703,18.878000259399414,18.93600082397461,18.693897247314453,2854000,0.015770952184283704
2023-05-15,SONY,18.923999786376953,19.02400016784668,18.913999557495117,18.93400001525879,18.691923141479492,2693500,-0.00010560162008188545
2023-05-16,SONY,18.780000686645508,18.851999282836914,18.70800018310547,18.761999130249023,18.522119522094727,2520000,-0.009084331135941426
2023-05-17,SONY,19.110000610351562,19.17799949645996,19.00200080871582,19.06399917602539,18.82025909423828,4610500,0.016096406881939584
2023-05-18,SONY,19.81399917602539,19.829999923706055,19.670000076293945,19.777999877929688,19.525131225585938,9050500,0.037452838869973304
2023-05-19,SONY,19.61199951171875,19.697999954223633,19.52400016784668,19.601999282836914,19.351381301879883,3557000,-0.0088987839158986
2023-05-22,SONY,19.624000549316406,19.697999954223633,19.492000579833984,19.520000457763672,19.270427703857422,4430000,-0.004183349847723616
2023-05-23,SONY,19.11400032043457,19.11400032043457,18.91200065612793,18.993999481201172,18.75115394592285,4903000,-0.026946664906177697
2023-05-24,SONY,18.88800048828125,18.988000869750977,18.802000045776367,18.84600067138672,18.60504913330078,3286500,-0.007791777137739264
2023-05-25,SONY,19.091999053955078,19.110000610351562,18.920000076293945,19.007999420166016,18.764976501464844,3072500,0.008595912164392594
2023-05-26,SONY,19.118000030517578,19.326000213623047,19.073999404907227,19.195999145507812,18.950571060180664,3112500,0.009890476478951804
2023-05-30,SONY,19.218000411987305,19.243999481201172,18.950000762939453,18.95199966430664,18.70969009399414,3825500,-0.012711013584844832
2023-05-31,SONY,18.841999053955078,18.898000717163086,18.573999404907227,18.739999771118164,18.500402450561523,3200500,-0.011186056122853616
2023-06-01,SONY,19.238000869750977,19.40999984741211,19.23200035095215,19.332000732421875,19.0848331451416,4843500,0.03159016114064794
2023-06-02,SONY,19.610000610351562,19.77199935913086,19.586000442504883,19.601999282836914,19.351381301879883,3382000,0.013966491334305164
2023-06-05,SONY,19.79800033569336,19.81999969482422,19.67799949645996,19.700000762939453,19.448129653930664,3362000,0.0049995579406718615
2023-06-06,SONY,19.799999237060547,20.04800033569336,19.757999420166016,20.010000228881836,19.754165649414062,3770500,0.015736011684884366
2023-06-07,SONY,19.65999984741211,19.760000228881836,19.525999069213867,19.535999298095703,19.286226272583008,3680500,-0.023688136726996323
2023-06-08,SONY,19.242000579833984,19.48200035095215,19.18400001525879,19.48200035095215,19.23291778564453,3430500,-0.0027640703881121054
2023-06-09,SONY,19.70800018310547,19.809999465942383,19.600000381469727,19.687999725341797,19.436281204223633,2584000,0.010573716419195245
2023-06-12,SONY,19.761999130249023,19.90999984741211,19.700000762939453,19.850000381469727,19.596210479736328,5969500,0.00822838864247033
2023-06-13,SONY,20.04599952697754,20.187999725341797,20.007999420166016,20.038000106811523,19.78180503845215,3103500,0.009470941277536005
2023-06-14,SONY,20.142000198364258,20.17799949645996,19.902000427246094,19.974000930786133,19.718626022338867,2575500,-0.003193794296853736
2023-06-15,SONY,19.757999420166016,19.950000762939453,19.709999084472656,19.93400001525879,19.67913818359375,2950500,-0.0020025654272454174
2023-06-16,SONY,19.695999145507812,19.73200035095215,19.492000579833984,19.513999938964844,19.264507293701172,3890000,-0.021069565446633742
2023-06-20,SONY,19.399999618530273,19.402000427246094,19.242000579833984,19.261999130249023,19.015727996826172,2546000,-0.012913867615827468
2023-06-21,SONY,19.01799964904785,19.086000442504883,18.854000091552734,18.93600082397461,18.693897247314453,2798000,-0.0169244506213716
2023-06-22,SONY,18.718000411987305,18.81399917602539,18.65999984741211,18.763999938964844,18.52409553527832,3509500,-0.00908326978530527
2023-06-23,SONY,18.24799919128418,18.29800033569336,18.15999984741211,18.22800064086914,17.994949340820312,5750500,-0.028565291808729465
2023-06-26,SONY,18.125999450683594,18.23200035095215,18.038000106811523,18.073999404907227,17.84291648864746,3473500,-0.008448640187498357
2023-06-27,SONY,17.959999084472656,18.076000213623047,17.8439998626709,18.013999938964844,17.7836856842041,6568500,-0.0033195696724268586
2023-06-28,SONY,18.139999389648438,18.309999465942383,18.11199951171875,18.257999420166016,18.02456283569336,4039500,0.01354483855409172
2023-06-29,SONY,18.02199935913086,18.059999465942383,17.916000366210938,17.992000579833984,17.761966705322266,3323500,-0.014568793305271388
2023-06-30,SONY,18.010000228881836,18.158000946044922,18.0,18.007999420166016,17.777761459350586,4697000,0.000889245785129722
2023-07-03,SONY,18.308000564575195,18.420000076293945,18.26799964904785,18.309999465942383,18.075897216796875,3798500,0.01677015174986951
2023-07-05,SONY,18.285999298095703,18.354000091552734,18.22599983215332,18.285999298095703,18.05220603942871,4176500,-0.0013106501483173272
2023-07-06,SONY,18.131999969482422,18.167999267578125,17.968000411987305,18.097999572753906,17.866609573364258,3798500,-0.010281096152962244
2023-07-07,SONY,18.128000259399414,18.371999740600586,18.128000259399414,18.20800018310547,17.975204467773438,3630000,0.006078091870943103
2023-07-10,SONY,18.079999923706055,18.173999786376953,18.079999923706055,18.145999908447266,17.91399574279785,3361000,-0.0034051754507339327
2023-07-11,SONY,17.983999252319336,18.079999923706055,17.857999801635742,17.92799949645996,17.698781967163086,6809500,-0.012013722606877941
2023-07-12,SONY,17.93000030517578,18.506000518798828,17.92799949645996,18.24799919128418,18.014692306518555,11568500,0.01784927007641457
2023-07-13,SONY,18.73200035095215,18.826000213623047,18.676000595092773,18.761999130249023,18.522119522094727,7519500,0.02816740952009278
2023-07-14,SONY,18.643999099731445,18.643999099731445,18.468000411987305,18.47800064086914,18.241750717163086,4578500,-0.015136972018628514
2023-07-17,SONY,18.506000518798828,18.857999801635742,18.474000930786133,18.714000701904297,18.4747371673584,3848500,0.012772154044189632
2023-07-18,SONY,18.972000122070312,19.083999633789062,18.916000366210938,19.020000457763672,18.776823043823242,4835500,0.016351294945541994
2023-07-19,SONY,18.95199966430664,19.0,18.826000213623047,18.913999557495117,18.672178268432617,2695500,-0.005573082046222311
2023-07-20,SONY,18.658000946044922,18.77199935913086,18.63599967956543,18.649999618530273,18.41155433654785,3253500,-0.013957875087631244
2023-07-21,SONY,18.763999938964844,18.79199981689453,18.6560001373291,18.67799949645996,18.439193725585938,2128500,0.0015011980266772529
2023-07-24,SONY,18.67799949645996,18.784000396728516,18.652000427246094,18.73200035095215,18.492504119873047,1931000,0.002891145626022551
2023-07-25,SONY,18.606000900268555,18.757999420166016,18.559999465942383,18.738000869750977,18.49842643737793,2186500,0.00032025503233601427
2023-07-26,SONY,18.67799949645996,18.81399917602539,18.639999389648438,18.74799919128418,18.508298873901367,1873500,0.0005336906118398321
2023-07-27,SONY,18.940000534057617,19.038000106811523,18.718000411987305,18.75200080871582,18.512248992919922,3430500,0.0002134242074578463
2023-07-28,SONY,18.753999710083008,18.833999633789062,18.68000030517578,18.694000244140625,18.45499038696289,3399000,-0.003093011874404361
2023-07-31,SONY,18.761999130249023,18.871999740600586,18.676000595092773,18.719999313354492,18.48065757751465,3224000,0.0013907994538913115
2023-08-01,SONY,18.700000762939453,18.784000396728516,18.6560001373291,18.697999954223633,18.458938598632812,2179500,-0.0011752276016553376
2023-08-02,SONY,18.378000259399414,18.43600082397461,18.18199920654297,18.214000701904297,17.98112678527832,3337500,-0.02588511851867159
2023-08-03,SONY,18.003999710083008,18.040000915527344,17.90399932861328,18.006000518798828,17.775787353515625,2859500,-0.011419719921602067
2023-08-04,SONY,18.214000701904297,18.27199935913086,18.011999130249023,18.038000106811523,17.807376861572266,2792500,0.0017771087957121345
2023-08-07,SONY,18.131999969482422,18.145999908447266,18.02400016784668,18.08799934387207,17.85673713684082,3268500,0.002771900412523509
2023-08-08,SONY,18.01799964904785,18.115999221801758,17.884000778198242,17.964000701904297,17.734325408935547,4535000,-0.0068552125154333066
2023-08-09,SONY,18.062000274658203,18.062000274658203,16.540000915527344,16.770000457763672,16.555591583251953,12284000,-0.066466234181633
2023-08-10,SONY,17.389999389648438,17.399999618530273,17.062000274658203,17.08799934387207,16.869522094726562,8048000,0.01896220439456786
2023-08-11,SONY,17.031999588012695,17.158000946044922,16.926000595092773,17.115999221801758,16.897165298461914,3878500,0.001638647709172103
2023-08-14,SONY,16.715999603271484,16.799999237060547,16.579999923706055,16.79400062561035,16.579282760620117,5731500,-0.018812773162060092
2023-08-15,SONY,16.68400001525879,16.743999481201172,16.583999633789062,16.70599937438965,16.492406845092773,2851500,-0.0052400285815557
2023-08-16,SONY,16.54599952697754,16.63800048828125,16.43000030517578,16.447999954223633,16.23770523071289,4472500,-0.015443568471976366
2023-08-17,SONY,16.700000762939453,16.700000762939453,16.445999145507812,16.479999542236328,16.269296646118164,3496500,0.0019455591141979145
2023-08-18,SONY,16.40399932861328,16.601999282836914,16.351999282836914,16.531999588012695,16.32063102722168,3073000,0.003155291972364749
2023-08-21,SONY,16.479999542236328,16.535999298095703,16.43600082397461,16.516000747680664,16.304838180541992,2875000,-0.0009676615232184771
2023-08-22,SONY,16.530000686645508,16.562000274658203,16.357999801635742,16.3799991607666,16.170576095581055,3727000,-0.008234493557940592
2023-08-23,SONY,16.420000076293945,16.555999755859375,16.420000076293945,16.52199935913086,16.310758590698242,4388500,0.008668985835049936
2023-08-24,SONY,16.445999145507812,16.474000930786133,16.176000595092773,16.209999084472656,16.002748489379883,4405000,-0.018883861201526964
2023-08-25,SONY,16.281999588012695,16.33799934387207,16.06800079345703,16.219999313354492,16.01262092590332,3599500,0.0006169213076110402
2023-08-28,SONY,16.34600067138672,16.450000762939453,16.34600067138672,16.413999557495117,16.20414161682129,2294000,0.011960608560223296
2023-08-29,SONY,16.336000442504883,16.56800079345703,16.290000915527344,16.52199935913086,16.310758590698242,2694000,0.0065796125705464
2023-08-30,SONY,16.5,16.56999969482422,16.437999725341797,16.469999313354492,16.259424209594727,2784500,-0.0031472712208977516
2023-08-31,SONY,16.628000259399414,16.690000534057617,16.601999282836914,16.63800048828125,16.425277709960938,3285000,0.010200453486436611
2023-09-01,SONY,17.15999984741211,17.194000244140625,16.947999954223633,17.052000045776367,16.833984375,5788000,0.024882785682899478
2023-09-05,SONY,16.93000030517578,17.038000106811523,16.884000778198242,16.908000946044922,16.691823959350586,2591500,-0.008444846596182831
2023-09-06,SONY,17.163999557495117,17.218000411987305,17.06999969482422,17.100000381469727,16.88136863708496,4150000,0.011355540185181034
2023-09-07,SONY,16.993999481201172,17.07200050354004,16.950000762939453,17.04599952697754,16.828060150146484,2974500,-0.003157829681022961
2023-09-08,SONY,16.850000381469727,16.93000030517578,16.808000564575195,16.8439998626709,16.628643035888672,2444500,-0.011850273440820569
2023-09-11,SONY,17.020000457763672,17.125999450683594,16.964000701904297,17.040000915527344,16.8221378326416,3137500,0.011636234919188526
2023-09-12,SONY,17.040000915527344,17.1299991607666,16.996000289916992,17.082000732421875,16.863601684570312,1845500,0.0024648384373746612
2023-09-13,SONY,16.875999450683594,16.986000061035156,16.850000381469727,16.88599967956543,16.670103073120117,2816000,-0.011474334787404339
2023-09-14,SONY,17.18600082397461,17.378000259399414,17.158000946044922,17.299999237060547,17.078813552856445,3263500,0.02451757364328233
2023-09-15,SONY,17.472000122070312,17.5,17.351999282836914,17.351999282836914,17.130146026611328,2451000,0.003005622937214847
2023-09-18,SONY,17.27400016784668,17.378000259399414,17.209999084472656,17.351999282836914,17.130146026611328,2197000,0.0
2023-09-19,SONY,17.323999404907227,17.393999099731445,17.257999420166016,17.308000564575195,17.08670997619629,1815000,-0.0025356497456333615
2023-09-20,SONY,17.13800048828125,17.194000244140625,16.95400047302246,16.969999313354492,16.75303077697754,2528000,-0.01952858096635357
2023-09-21,SONY,16.56999969482422,16.68199920654297,16.506000518798828,16.527999877929688,16.31668472290039,3546500,-0.026045797914774127
2023-09-22,SONY,16.59600067138672,16.625999450683594,16.465999603271484,16.47599983215332,16.265348434448242,2525000,-0.0031462450445033374
2023-09-25,SONY,16.610000610351562,16.67799949645996,16.54599952697754,16.65399932861328,16.441072463989258,3040000,0.010803582244131471
2023-09-26,SONY,16.47800064086914,16.520000457763672,16.215999603271484,16.260000228881836,16.05211067199707,2960500,-0.023657933072439574
2023-09-27,SONY,16.639999389648438,16.65999984741211,16.461999893188477,16.510000228881836,16.298913955688477,3669500,0.015375129709388036
2023-09-28,SONY,16.341999053955078,16.63599967956543,16.34000015258789,16.555999755859375,16.398357391357422,4394500,0.006101230789934853
2023-09-29,SONY,16.562000274658203,16.615999221801758,16.413999557495117,16.48200035095215,16.325061798095703,3113500,-0.004469691171650414
2023-10-02,SONY,16.332000732421875,16.40999984741211,16.239999771118164,16.329999923706055,16.174509048461914,2367000,-0.009222185587766107
2023-10-03,SONY,16.29800033569336,16.40999984741211,16.1560001373291,16.242000579833984,16.08734703063965,2470000,-0.005388850911091758
2023-10-04,SONY,16.284000396728516,16.38599967956543,16.149999618530273,16.36400032043457,16.20818519592285,2569000,0.0075113792878998
2023-10-05,SONY,16.531999588012695,16.631999969482422,16.45199966430664,16.57200050354004,16.41420555114746,2506000,0.012710883589634348
2023-10-06,SONY,16.459999084472656,16.670000076293945,16.360000610351562,16.5939998626709,16.43599510192871,1901000,0.001327481291333532
2023-10-09,SONY,16.48200035095215,16.72599983215332,16.45800018310547,16.700000762939453,16.540987014770508,1613000,0.006387925537254313
2023-10-10,SONY,16.857999801635742,17.035999298095703,16.823999404907227,16.922000885009766,16.76087188720703,2145500,0.013293334444925975
2023-10-11,SONY,17.06800079345703,17.195999145507812,17.06599998474121,17.091999053955078,16.92925262451172,3100500,0.010046060756135677
2023-10-12,SONY,17.350000381469727,17.45400047302246,17.229999542236328,17.31599998474121,17.151121139526367,3946000,0.013105629642114591
2023-10-13,SONY,17.149999618530273,17.170000076293945,16.97800064086914,17.030000686645508,16.867843627929688,2801000,-0.016516559430266087
2023-10-16,SONY,16.95800018310547,17.0939998626709,16.902000427246094,17.079999923706055,16.917367935180664,2426500,0.002936018873744839
2023-10-17,SONY,16.979999542236328,17.275999069213867,16.97599983215332,17.142000198364258,16.978778839111328,2124500,0.0036300507363771217
2023-10-18,SONY,17.02400016784668,17.058000564575195,16.79599952697754,16.81999969482422,16.65984344482422,1929000,-0.018784354122831748
2023-10-19,SONY,16.829999923706055,16.983999252319336,16.739999771118164,16.76799964904785,16.608339309692383,2174500,-0.003091513752960129
2023-10-20,SONY,16.742000579833984,16.79199981689453,16.63599967956543,16.63800048828125,16.479578018188477,1717000,-0.007752809543622674
2023-10-23,SONY,16.52199935913086,16.72599983215332,16.40999984741211,16.621999740600586,16.463729858398438,1675500,-0.0009616848060397531
2023-10-24,SONY,16.743999481201172,16.865999221801758,16.736000061035156,16.8439998626709,16.68361473083496,2458500,0.013355714308222577
2023-10-25,SONY,16.756000518798828,16.829999923706055,16.459999084472656,16.540000915527344,16.382511138916016,3692500,-0.01804786293478955
2023-10-26,SONY,16.31399917602539,16.36400032043457,16.110000610351562,16.194000244140625,16.039804458618164,3165000,-0.02091905675460004
2023-10-27,SONY,16.11199951171875,16.190000534057617,15.923999786376953,16.007999420166016,15.855574607849121,3442500,-0.011485791565872594
2023-10-30,SONY,16.18600082397461,16.40999984741211,16.18600082397461,16.347999572753906,16.192337036132812,7206500,0.021239370796248602
2023-10-31,SONY,16.56399917602539,16.65399932861328,16.510000228881836,16.610000610351562,16.45184326171875,3304000,0.01602648370070714
2023-11-01,SONY,16.868000030517578,17.04199981689453,16.804000854492188,17.006000518798828,16.844070434570312,4083500,0.023840925701269056
2023-11-02,SONY,17.1299991607666,17.357999801635742,17.1299991607666,17.312000274658203,17.147159576416016,4826500,0.01799381824144186
2023-11-03,SONY,17.47800064086914,17.591999053955078,17.47800064086914,17.483999252319336,17.317520141601562,4672500,0.009935206144570996
2023-11-06,SONY,17.263999938964844,17.461999893188477,17.263999938964844,17.33799934387207,17.172910690307617,5646500,-0.008350471090058265
2023-11-07,SONY,17.399999618530273,17.610000610351562,17.374000549316406,17.552000045776367,17.38487434387207,3626500,0.01234290781492775
2023-11-08,SONY,17.72800064086914,17.77199935913086,17.445999145507812,17.507999420166016,17.341291427612305,6880000,-0.002506944565585978
2023-11-09,SONY,17.124000549316406,17.124000549316406,16.15399932861328,16.34600067138672,16.190357208251953,17590500,-0.0663695794609469
2023-11-10,SONY,17.07200050354004,17.256000518798828,16.77400016784668,17.187999725341797,17.02433967590332,9445500,0.05151106037526465
2023-11-13,SONY,16.714000701904297,16.719999313354492,16.50200080871582,16.666000366210938,16.50731086730957,5548500,-0.03036997724649293
2023-11-14,SONY,16.875999450683594,17.06800079345703,16.86400032043457,17.013999938964844,16.85199737548828,3248000,0.020880839462550815
2023-11-15,SONY,17.52400016784668,17.642000198364258,17.393999099731445,17.423999786376953,17.258092880249023,5551000,0.02409776691227239
2023-11-16,SONY,17.33799934387207,17.525999069213867,17.312000274658203,17.520000457763672,17.353179931640625,2913500,0.005509707941161013
2023-11-17,SONY,17.516000747680664,17.538000106811523,17.399999618530273,17.530000686645508,17.363082885742188,2147000,0.0005706708592070342
2023-11-20,SONY,17.395999908447266,17.52400016784668,17.354000091552734,17.507999420166016,17.341291427612305,2465000,-0.0012550454474750117
2023-11-21,SONY,17.474000930786133,17.496000289916992,17.341999053955078,17.357999801635742,17.192720413208008,2705000,-0.008567471172748364
2023-11-22,SONY,17.47599983215332,17.597999572753906,17.413999557495117,17.51799964904785,17.351198196411133,2349500,0.009217725839441693
2023-11-24,SONY,17.243999481201172,17.356000900268555,17.20599937438965,17.327999114990234,17.16300392150879,1949000,-0.010846183230231898
2023-11-27,SONY,17.261999130249023,17.423999786376953,17.23200035095215,17.389999389648438,17.224414825439453,2824000,0.003578097646047995
2023-11-28,SONY,17.34000015258789,17.52199935913086,17.280000686645508,17.445999145507812,17.279882431030273,5846500,0.003220289696512557
2023-11-29,SONY,17.3799991607666,17.416000366210938,17.20800018310547,17.219999313354492,17.056032180786133,3034500,-0.012954385027652893
2023-11-30,SONY,17.32200050354004,17.332000732421875,17.15399932861328,17.190000534057617,17.02631950378418,4065000,-0.0017420626724323762
2023-12-01,SONY,17.073999404907227,17.27199935913086,17.073999404907227,17.22800064086914,17.063961029052734,3241500,0.0022107846184953317
2023-12-04,SONY,17.054000854492188,17.106000900268555,16.923999786376953,17.06399917602539,16.901519775390625,5139000,-0.009519551374123525
2023-12-05,SONY,17.176000595092773,17.33799934387207,17.172000885009766,17.280000686645508,17.11546516418457,4086500,0.01265835212673938
2023-12-06,SONY,17.799999237060547,17.908000946044922,17.68000030517578,17.68000030517578,17.511655807495117,10883000,0.02314810842182702
2023-12-07,SONY,17.59600067138672,17.724000930786133,17.474000930786133,17.70199966430664,17.533443450927734,4265500,0.0012441795151827417
2023-12-08,SONY,17.673999786376953,17.895999908447266,17.673999786376953,17.860000610351562,17.68994140625,3239500,0.008925682839213467
2023-12-11,SONY,17.857999801635742,17.93000030517578,17.82200050354004,17.865999221801758,17.69588279724121,3585500,0.0003358626721687852
2023-12-12,SONY,17.881999969482422,18.107999801635742,17.83799934387207,18.077999114990234,17.90586280822754,3447000,0.011866037619726155
2023-12-13,SONY,18.115999221801758,18.371999740600586,17.95800018310547,18.357999801635742,18.183198928833008,7517000,0.015488565034578183
2023-12-14,SONY,18.260000228881836,18.511999130249023,18.22800064086914,18.483999252319336,18.307998657226562,6704000,0.00686346384274894
2023-12-15,SONY,18.649999618530273,18.739999771118164,18.525999069213867,18.538000106811523,18.361486434936523,3513000,0.002921552416044637
2023-12-18,SONY,18.31399917602539,18.48200035095215,18.284000396728516,18.441999435424805,18.26639747619629,4349500,-0.0051787179146514095
2023-12-19,SONY,18.332000732421875,18.531999588012695,18.290000915527344,18.323999404907227,18.14952278137207,5179000,-0.006398344007159773
2023-12-20,SONY,18.381999969482422,18.399999618530273,18.016000747680664,18.016000747680664,17.84445571899414,3922000,-0.016808544558044147
2023-12-21,SONY,18.416000366210938,18.577999114990234,18.26799964904785,18.552000045776367,18.37535285949707,3759000,0.029751377619090302
2023-12-22,SONY,18.350000381469727,18.459999084472656,18.302000045776367,18.42799949645996,18.252531051635742,2659500,-0.006684051664229584
2023-12-26,SONY,18.445999145507812,18.729999542236328,18.441999435424805,18.694000244140625,18.51599884033203,3302000,0.014434589260577058
2023-12-27,SONY,18.724000930786133,18.809999465942383,18.691999435424805,18.802000045776367,18.622970581054688,2927000,0.005777260068176693
2023-12-28,SONY,18.79599952697754,18.968000411987305,18.781999588012695,18.93000030517578,18.749752044677734,2228500,0.006807800241709128
2023-12-29,SONY,18.920000076293945,18.98200035095215,18.86199951171875,18.937999725341797,18.757675170898438,1512500,0.0004225723199871023
2020-01-02,SPY,323.5400085449219,324.8900146484375,322.5299987792969,324.8699951171875,296.1253662109375,59151200,
2020-01-03,SPY,321.1600036621094,323.6400146484375,321.1000061035156,322.4100036621094,293.8829345703125,77709700,-0.007572575322803199
2020-01-06,SPY,320.489990234375,323.7300109863281,320.3599853515625,323.6400146484375,295.004150390625,55653900,0.003815178387107876
2020-01-07,SPY,323.0199890136719,323.5400085449219,322.239990234375,322.7300109863281,294.17462158203125,40496400,-0.0028119225017524396
2020-01-08,SPY,322.94000244140625,325.7799987792969,322.6700134277344,324.45001220703125,295.74249267578125,68296000,0.0053297292788827555
2020-01-09,SPY,326.1600036621094,326.7300109863281,325.5199890136719,326.6499938964844,297.74774169921875,48473300,0.006780388591759889
2020-01-10,SPY,327.2900085449219,327.4599914550781,325.20001220703125,325.7099914550781,296.8910217285156,53029300,-0.002877334907105955
2020-01-13,SPY,326.3900146484375,327.9599914550781,325.9200134277344,327.95001220703125,298.9327392578125,47086800,0.006876993172140633
2020-01-14,SPY,327.4700012207031,328.6199951171875,326.8399963378906,327.45001220703125,298.47698974609375,62832800,-0.0015245888183752498
2020-01-15,SPY,327.3500061035156,329.0199890136719,327.260009765625,328.19000244140625,299.1514892578125,72056600,0.0022598040548871268
2020-01-16,SPY,329.70001220703125,330.9200134277344,329.45001220703125,330.9200134277344,301.6399841308594,54050300,0.008318510729198758
2020-01-17,SPY,331.70001220703125,332.17999267578125,330.8500061035156,331.95001220703125,302.5788269042969,95846000,0.0031124612877257984
2020-01-21,SPY,330.8999938964844,332.17999267578125,330.82000732421875,331.29998779296875,301.9863586425781,77742400,-0.0019580625246661265
2020-01-22,SPY,332.239990234375,332.95001220703125,331.1700134277344,331.3399963378906,302.0228271484375,48914900,0.00012076209674938276
2020-01-23,SPY,330.6300048828125,332.1700134277344,329.4100036621094,331.7200012207031,302.36920166015625,51963000,0.0011468487828851792
2020-01-24,SPY,332.44000244140625,332.5299987792969,327.3599853515625,328.7699890136719,299.68011474609375,87578400,-0.008893388940732327
2020-01-27,SPY,323.0299987792969,325.1199951171875,322.6600036621094,323.5,294.8764343261719,84062500,-0.01602935991929877
2020-01-28,SPY,325.05999755859375,327.8500061035156,323.6000061035156,326.8900146484375,297.9665222167969,63834000,0.010479263619984414
2020-01-29,SPY,328.3800048828125,328.6300048828125,326.3999938964844,326.6199951171875,297.7204284667969,53888900,-0.0008259107371161312
2020-01-30,SPY,324.3599853515625,327.9100036621094,323.5400085449219,327.67999267578125,298.6866760253906,75491800,0.0032454862555779673
2020-01-31,SPY,327.0,327.1700134277344,320.7300109863281,321.7300109863281,293.26312255859375,113845600,-0.01815800269020318
2020-02-03,SPY,323.3500061035156,326.1600036621094,323.2200012207031,324.1199951171875,295.4416198730469,69083000,0.007428473431799754
2020-02-04,SPY,328.07000732421875,330.010009765625,327.7200012207031,329.05999755859375,299.9444885253906,62573200,0.015241145287108404
2020-02-05,SPY,332.2699890136719,333.0899963378906,330.6700134277344,332.8599853515625,303.4082946777344,65951100,0.011548157358625799
2020-02-06,SPY,333.9100036621094,334.19000244140625,332.79998779296875,333.9800109863281,304.42926025390625,50359700,0.0033649890068307986
2020-02-07,SPY,332.82000732421875,333.989990234375,331.6000061035156,332.20001220703125,302.8067321777344,64139400,-0.005329737604127249
2020-02-10,SPY,331.2300109863281,334.75,331.19000244140625,334.67999267578125,305.0673828125,42070000,0.007465655134241578
2020-02-11,SPY,336.1600036621094,337.0199890136719,334.67999267578125,335.260009765625,305.5959777832031,54864500,0.0017327154605315531
2020-02-12,SPY,336.8299865722656,337.6499938964844,336.42999267578125,337.4200134277344,307.5648498535156,43992700,0.006442729006431058
2020-02-13,SPY,335.8599853515625,338.1199951171875,335.55999755859375,337.05999755859375,307.23675537109375,54501900,-0.0010667489557995014
2020-02-14,SPY,337.510009765625,337.7300109863281,336.20001220703125,337.6000061035156,307.7289733886719,64582200,0.0016020805094871804
2020-02-18,SPY,336.510009765625,337.6700134277344,335.2099914550781,336.7300109863281,306.9359436035156,57226200,-0.002577039712651996
2020-02-19,SPY,337.7900085449219,339.0799865722656,337.4800109863281,338.3399963378906,308.40350341796875,48814700,0.00478132276469001
2020-02-20,SPY,337.739990234375,338.6400146484375,333.67999267578125,336.95001220703125,307.1364440917969,74163400,-0.0041084466036518386
2020-02-21,SPY,335.4700012207031,335.80999755859375,332.5799865722656,333.4800109863281,303.9734802246094,113788200,-0.010298236917277603
2020-02-24,SPY,323.1400146484375,333.55999755859375,321.239990234375,322.4200134277344,293.89208984375,161088400,-0.033165361574997054
2020-02-25,SPY,323.94000244140625,324.6099853515625,311.69000244140625,312.6499938964844,284.986572265625,218913200,-0.03030199820233237
2020-02-26,SPY,314.17999267578125,318.1099853515625,310.70001220703125,311.5,283.93829345703125,194773800,-0.0036783445629033906
2020-02-27,SPY,305.4599914550781,311.55999755859375,297.510009765625,297.510009765625,271.18609619140625,284353500,-0.044911861342699866
2020-02-28,SPY,288.70001220703125,297.8900146484375,285.5400085449219,296.260009765625,270.0468444824219,384975800,-0.004200996013380753
2020-03-02,SPY,298.2099914550781,309.1600036621094,294.4599914550781,309.0899963378906,281.7415771484375,238703600,0.043306311126982466
2020-03-03,SPY,309.5,313.8399963378906,297.57000732421875,300.239990234375,273.6745910644531,300139100,-0.028632572322594196
2020-03-04,SPY,306.1199951171875,313.1000061035156,303.3299865722656,312.8599853515625,285.177978515625,176613400,0.04203308537496886
2020-03-05,SPY,304.9800109863281,308.4700012207031,300.010009765625,302.4599914550781,275.6980895996094,186366800,-0.033242008956509306
2020-03-06,SPY,293.1499938964844,298.7799987792969,290.2300109863281,297.4599914550781,271.1405334472656,228667200,-0.016530967475917535
2020-03-09,SPY,275.29998779296875,284.19000244140625,273.45001220703125,274.2300109863281,249.9659423828125,309417300,-0.07809452461880395
2020-03-10,SPY,284.6400146484375,288.5199890136719,273.5,288.4200134277344,262.90045166015625,276444100,0.05174508636674635
2020-03-11,SPY,280.70001220703125,281.94000244140625,270.8800048828125,274.3599853515625,250.08447265625,255316300,-0.048748409989318287
2020-03-12,SPY,256.0,266.6600036621094,247.67999267578125,248.11000061035156,226.1571044921875,392220700,-0.09567714424618246
2020-03-13,SPY,263.0899963378906,271.4800109863281,248.52000427246094,269.32000732421875,245.49038696289062,329566100,0.08548607179117385
2020-03-16,SPY,241.17999267578125,256.8999938964844,237.36000061035156,239.85000610351562,218.62794494628906,297240000,-0.10942360044697885
2020-03-17,SPY,245.0399932861328,256.1700134277344,237.07000732421875,252.8000030517578,230.43209838867188,262070500,0.053991969989393596
2020-03-18,SPY,236.25,248.3699951171875,228.02000427246094,240.0,218.76463317871094,327597100,-0.05063298599260824
2020-03-19,SPY,239.25,247.3800048828125,232.22000122070312,240.50999450683594,219.2295379638672,289322000,0.002125136857823229
2020-03-20,SPY,242.52999877929688,244.47000122070312,228.5,228.8000030517578,209.78201293945312,347158800,-0.04309421582583994
2020-03-23,SPY,228.19000244140625,229.67999267578125,218.25999450683594,222.9499969482422,204.41822814941406,326025200,-0.0255683731645151
2020-03-24,SPY,234.4199981689453,244.10000610351562,233.8000030517578,243.14999389648438,222.93919372558594,235494500,0.09060329767966913
2020-03-25,SPY,244.8699951171875,256.3500061035156,239.75,246.7899932861328,226.27664184570312,299430300,0.014970217054903534
2020-03-26,SPY,249.52000427246094,262.79998779296875,249.0500030517578,261.20001220703125,239.4888916015625,257632800,0.05838980836947694
2020-03-27,SPY,253.27000427246094,260.80999755859375,251.0500030517578,253.4199981689453,232.35556030273438,224341200,-0.029785645802294036
2020-03-30,SPY,255.6999969482422,262.42999267578125,253.52999877929688,261.6499938964844,239.9014892578125,171369500,0.03247578386007466
2020-03-31,SPY,260.55999755859375,263.3299865722656,256.2200012207031,257.75,236.3256378173828,194881100,-0.014905499134217015
2020-04-01,SPY,247.97999572753906,257.6600036621094,243.89999389648438,246.14999389648438,225.6898651123047,189554600,-0.04500473500592761
2020-04-02,SPY,245.19000244140625,252.67999267578125,244.58999633789062,251.8300018310547,230.897705078125,177660400,0.02307520527440987
2020-04-03,SPY,250.75999450683594,253.32000732421875,245.22000122070312,248.19000244140625,227.56031799316406,135561200,-0.014453963861753016
2020-04-06,SPY,257.8399963378906,267.0,248.1699981689453,264.8599853515625,242.8446502685547,188061200,0.0671660701223391
2020-04-07,SPY,274.2099914550781,275.0299987792969,264.8900146484375,265.1300048828125,243.09225463867188,201427200,0.0010195998546533858
2020-04-08,SPY,267.9599914550781,276.0,265.25,274.0299987792969,251.2523651123047,153774500,0.03356795750552344
2020-04-09,SPY,277.5799865722656,281.20001220703125,275.4700012207031,278.20001220703125,255.0758514404297,189999200,0.015217712782189974
2020-04-13,SPY,277.1400146484375,277.510009765625,271.4100036621094,275.6600036621094,252.7469482421875,114839100,-0.00913023786881717
2020-04-14,SPY,280.9800109863281,284.8999938964844,275.510009765625,283.7900085449219,260.2012023925781,134143400,0.029492954127571913
2020-04-15,SPY,277.57000732421875,283.94000244140625,275.4599914550781,277.760009765625,254.67239379882812,121775000,-0.02124820539994443
2020-04-16,SPY,279.1499938964844,280.0299987792969,275.760009765625,279.1000061035156,255.9009552001953,131798300,0.004824085496827113
2020-04-17,SPY,285.3800048828125,287.29998779296875,282.3999938964844,286.6400146484375,262.8143310546875,146684800,0.027015826686085376
2020-04-20,SPY,282.6099853515625,286.7900085449219,281.3500061035156,281.5899963378906,258.1840515136719,100109300,-0.017618063377419668
2020-04-21,SPY,276.7300109863281,278.0400085449219,272.0199890136719,273.0400085449219,250.34469604492188,126385700,-0.0303634381085498
2020-04-22,SPY,278.3500061035156,281.0,276.9100036621094,279.1000061035156,255.9009552001953,92951600,0.022194435284845992
2020-04-23,SPY,280.489990234375,283.94000244140625,278.75,279.0799865722656,255.88267517089844,104709700,-7.14340018097559e-05
2020-04-24,SPY,280.7300109863281,283.70001220703125,278.5,282.9700012207031,259.4493408203125,85063200,0.013938675789722632
2020-04-27,SPY,285.1199951171875,288.2699890136719,284.6199951171875,287.04998779296875,263.1902160644531,77896600,0.014418518976818007
2020-04-28,SPY,291.0199890136719,291.3999938964844,285.3999938964844,285.7300109863281,261.97998046875,105270000,-0.004598330491915936
2020-04-29,SPY,291.5299987792969,294.8800048828125,290.4100036621094,293.2099914550781,268.8382568359375,118745600,0.02617862767573409
2020-04-30,SPY,291.7099914550781,293.32000732421875,288.5899963378906,290.4800109863281,266.3351745605469,122901700,-0.009310736890092874
2020-05-01,SPY,285.30999755859375,290.6600036621094,281.5199890136719,282.7900085449219,259.284423828125,125180000,-0.026473223989492256
2020-05-04,SPY,280.739990234375,283.8999938964844,279.1300048828125,283.57000732421875,259.99951171875,80873200,0.0027579284558143513
2020-05-05,SPY,286.6400146484375,289.25,283.7099914550781,286.19000244140625,262.4017333984375,79569900,0.009239331504153236
2020-05-06,SPY,288.0400085449219,288.4599914550781,283.7799987792969,284.25,260.6230773925781,73632600,-0.006778369878977175
2020-05-07,SPY,287.75,289.7799987792969,287.1300048828125,287.67999267578125,263.7678527832031,75250400,0.012066373484985071
2020-05-08,SPY,291.0899963378906,292.95001220703125,289.8599853515625,292.44000244140625,268.13226318359375,76452400,0.016546407586590206
2020-05-11,SPY,290.3399963378906,294.0,289.8800048828125,292.5,268.187255859375,79514200,0.00020509533290891113
2020-05-12,SPY,293.7900085449219,294.239990234375,286.5199890136719,286.6700134277344,262.84185791015625,95870800,-0.01993158821842611
2020-05-13,SPY,286.05999755859375,287.19000244140625,278.9599914550781,281.6000061035156,258.1932067871094,144721100,-0.017686114228563476
2020-05-14,SPY,278.95001220703125,285.1099853515625,272.989990234375,284.9700012207031,261.2830810546875,121977900,0.011967294980482768
2020-05-15,SPY,282.3699951171875,286.3299865722656,281.3399963378906,286.2799987792969,262.48431396484375,111146300,0.004597438553263444
2020-05-18,SPY,293.04998779296875,296.75,292.70001220703125,295.0,270.47943115234375,119703800,0.030459409428065243
2020-05-19,SPY,294.3500061035156,296.2099914550781,291.95001220703125,291.9700012207031,267.7012023925781,95189300,-0.010271497347984382
2020-05-20,SPY,295.82000732421875,297.8699951171875,295.57000732421875,296.92999267578125,272.2489318847656,85861700,0.016988080186200794
2020-05-21,SPY,296.7900085449219,297.6700134277344,293.69000244140625,294.8800048828125,270.3694152832031,78293900,-0.006903669331411844
2020-05-22,SPY,294.57000732421875,295.6300048828125,293.2200012207031,295.44000244140625,270.8828125,63958200,0.0018988731260860536
2020-05-26,SPY,301.92999267578125,302.19000244140625,295.4599914550781,299.0799865722656,274.2202453613281,88951400,0.012320578151587602
2020-05-27,SPY,302.1199951171875,303.57000732421875,296.8699951171875,303.5299987792969,278.3003234863281,104817400,0.014878836242101068
2020-05-28,SPY,304.6499938964844,306.8399963378906,302.239990234375,302.9700012207031,277.7869567871094,90405200,-0.0018446500269482247
2020-05-29,SPY,302.4599914550781,304.9599914550781,299.4700012207031,304.32000732421875,279.024658203125,119090800,0.004455577865609239
2020-06-01,SPY,303.6199951171875,306.2099914550781,303.05999755859375,305.54998779296875,280.1524658203125,55758300,0.004041963977128082
2020-06-02,SPY,306.54998779296875,308.1300048828125,305.1000061035156,308.0799865722656,282.47216796875,74267200,0.008280141820794507
2020-06-03,SPY,310.239990234375,313.2200012207031,309.94000244140625,312.17999267578125,286.23138427734375,92567600,0.013308271521496051
2020-06-04,SPY,311.1099853515625,313.0,309.0799865722656,311.3599853515625,285.4794921875,75794400,-0.0026268680904508734
2020-06-05,SPY,317.2300109863281,321.2699890136719,317.1600036621094,319.3399963378906,292.7962341308594,150524700,0.025629658674584554
2020-06-08,SPY,320.2200012207031,323.4100036621094,319.6300048828125,323.20001220703125,296.3354797363281,73641200,0.012087742917782807
2020-06-09,SPY,320.29998779296875,323.2799987792969,319.3599853515625,320.7900085449219,294.125732421875,77479200,-0.0074569110537128225
2020-06-10,SPY,321.4200134277344,322.3900146484375,318.2200012207031,319.0,292.4845886230469,95000800,-0.00557973552777824
2020-06-11,SPY,311.4599914550781,312.1499938964844,300.010009765625,300.6099853515625,275.6231689453125,209243600,-0.057648916673231354
2020-06-12,SPY,308.239990234375,309.0799865722656,298.6000061035156,304.2099914550781,278.92388916015625,194678900,0.011975481696528512
2020-06-15,SPY,298.0199890136719,308.2799987792969,296.739990234375,307.04998779296875,281.52783203125,135782700,0.009335675330407467
2020-06-16,SPY,315.4800109863281,315.6400146484375,307.6700134277344,312.9599914550781,286.946533203125,137627500,0.019247479486410146
2020-06-17,SPY,314.07000732421875,314.3900146484375,310.8599853515625,311.6600036621094,285.7546691894531,83398900,-0.004153610083269976
2020-06-18,SPY,310.010009765625,312.29998779296875,309.510009765625,311.7799987792969,285.8646545410156,80828700,0.00038489432867172546
2020-06-19,SPY,314.1700134277344,314.3800048828125,306.5299987792969,308.6400146484375,284.2309875488281,135549600,-0.005714826811347162
2020-06-22,SPY,307.989990234375,311.04998779296875,306.75,310.6199951171875,286.0543212890625,74649400,0.006414971695938521
2020-06-23,SPY,313.489990234375,314.5,311.6099853515625,312.04998779296875,287.3712158203125,68471200,0.0046036519403573894
2020-06-24,SPY,309.8399963378906,310.510009765625,302.1000061035156,304.0899963378906,280.04071044921875,132813500,-0.025508836541504487
2020-06-25,SPY,303.4700012207031,307.6400146484375,301.2799987792969,307.3500061035156,283.0429382324219,89468000,0.010720683354884963
2020-06-26,SPY,306.1600036621094,306.3900146484375,299.4200134277344,300.04998779296875,276.3203125,127961000,-0.02375125758093133
2020-06-29,SPY,301.4100036621094,304.6099853515625,298.92999267578125,304.4599914550781,280.3814697265625,79773300,0.01469728081087962
2020-06-30,SPY,303.989990234375,310.20001220703125,303.82000732421875,308.3599853515625,283.9730224609375,113394800,0.012809522461943113
2020-07-01,SPY,309.57000732421875,311.8900146484375,309.07000732421875,310.5199890136719,285.96221923828125,72396500,0.007004879407576103
2020-07-02,SPY,314.239990234375,315.70001220703125,311.510009765625,312.2300109863281,287.537109375,69344200,0.005507336391897377
2020-07-06,SPY,316.3699951171875,317.67999267578125,315.55999755859375,317.04998779296875,291.975830078125,61713800,0.01543703598041013
2020-07-07,SPY,315.3800048828125,317.5199890136719,313.3699951171875,313.7799987792969,288.9644775390625,82910000,-0.010313704864737372
2020-07-08,SPY,314.6099853515625,316.29998779296875,312.70001220703125,316.17999267578125,291.1745910644531,54638600,0.007648391747708372
2020-07-09,SPY,316.8399963378906,317.1000061035156,310.67999267578125,314.3800048828125,289.5169982910156,83354200,-0.005692779604764997
2020-07-10,SPY,314.30999755859375,317.8800048828125,312.760009765625,317.5899963378906,292.4731140136719,57550400,0.010210508329755674
2020-07-13,SPY,320.1300048828125,322.7099914550781,314.1300048828125,314.8399963378906,289.9405822753906,102997500,-0.00865902408439112
2020-07-14,SPY,313.29998779296875,319.760009765625,312.0,318.9200134277344,293.69793701171875,93657000,0.012959050805655403
2020-07-15,SPY,322.4100036621094,323.0400085449219,319.2699890136719,321.8500061035156,296.39617919921875,87196500,0.009187133607248876
2020-07-16,SPY,319.7900085449219,321.2799987792969,319.0899963378906,320.7900085449219,295.4200439453125,54622500,-0.003293346279103493
2020-07-17,SPY,321.8800048828125,322.57000732421875,319.739990234375,321.7200012207031,296.2765197753906,62774900,0.002899179820840647
2020-07-20,SPY,321.42999267578125,325.1300048828125,320.6199951171875,324.32000732421875,298.6708984375,56308800,0.008081567394961242
2020-07-21,SPY,326.45001220703125,326.92999267578125,323.94000244140625,325.010009765625,299.3062744140625,57292200,0.0021273447794427636
2020-07-22,SPY,324.6199951171875,327.20001220703125,324.5,326.8599853515625,301.010009765625,57792900,0.0056922807745938275
2020-07-23,SPY,326.4700012207031,327.2300109863281,321.4800109863281,322.9599914550781,297.41851806640625,75738000,-0.011931469328927635
2020-07-24,SPY,320.95001220703125,321.989990234375,319.25,320.8800048828125,295.50299072265625,73766600,-0.00644051135821444
2020-07-27,SPY,321.6300048828125,323.4100036621094,320.7699890136719,323.2200012207031,297.6578674316406,48293000,0.007292233163916917
2020-07-28,SPY,322.42999267578125,323.6400146484375,320.8500061035156,321.1700134277344,295.76995849609375,57495000,-0.0063425467360792576
2020-07-29,SPY,322.1199951171875,325.7300109863281,322.0799865722656,325.1199951171875,299.4075622558594,48454200,0.012298760084566318
2020-07-30,SPY,321.8999938964844,324.4100036621094,319.6400146484375,323.9599914550781,298.3393249511719,61861700,-0.0035678367528160226
2020-07-31,SPY,325.8999938964844,326.6300048828125,321.3299865722656,326.5199890136719,300.69696044921875,84986800,0.007902530108736983
2020-08-03,SPY,328.32000732421875,329.6199951171875,327.7300109863281,328.7900085449219,302.7873229980469,53077900,0.006951724905051471
2020-08-04,SPY,327.8599853515625,330.05999755859375,327.8599853515625,330.05999755859375,303.9569091796875,41917900,0.003862731669410646
2020-08-05,SPY,331.4700012207031,332.3900146484375,331.17999267578125,332.1099853515625,305.8447265625,42697700,0.006210805959000254
2020-08-06,SPY,331.4800109863281,334.4599914550781,331.1300048828125,334.3299865722656,307.88922119140625,43679400,0.006684747034500393
2020-08-07,SPY,333.2799987792969,334.8800048828125,332.29998779296875,334.57000732421875,308.1102294921875,57308300,0.0007178175966213729
2020-08-10,SPY,335.05999755859375,335.7699890136719,332.9599914550781,335.57000732421875,309.0311584472656,44282100,0.0029889593623553257
2020-08-11,SPY,336.8500061035156,337.5400085449219,332.010009765625,332.79998779296875,306.480224609375,69601100,-0.008254616947714455
2020-08-12,SPY,335.44000244140625,338.2799987792969,335.4100036621094,337.44000244140625,310.7532958984375,53774400,0.013942404585838286
2020-08-13,SPY,336.6099853515625,338.25,335.8299865722656,336.8299865722656,310.1914367675781,41816100,-0.0018080552588668475
2020-08-14,SPY,336.4100036621094,337.4200134277344,335.6199951171875,336.8399963378906,310.2007141113281,47260400,2.990844572203777e-05
2020-08-17,SPY,337.94000244140625,338.3399963378906,336.8500061035156,337.9100036621094,311.1861572265625,35481000,0.0031767918976508547
2020-08-18,SPY,338.3399963378906,339.1000061035156,336.6099853515625,338.6400146484375,311.8582763671875,38733900,0.0021598619508504946
2020-08-19,SPY,339.04998779296875,339.6099853515625,336.6199951171875,337.2300109863281,310.5599060058594,68054200,-0.004163334628962678
2020-08-20,SPY,335.3599853515625,338.79998779296875,335.2200012207031,338.2799987792969,311.52685546875,42207800,0.0031135682494454198
2020-08-21,SPY,337.9200134277344,339.7200012207031,337.54998779296875,339.4800109863281,312.6319274902344,55106600,0.0035472769107549595
2020-08-24,SPY,342.1199951171875,343.0,339.45001220703125,342.9200134277344,315.7999267578125,48588700,0.01013331969325848
2020-08-25,SPY,343.5299987792969,344.2099914550781,342.2699890136719,344.1199951171875,316.9049377441406,38463400,0.003499085632073573
2020-08-26,SPY,344.760009765625,347.8599853515625,344.1700134277344,347.57000732421875,320.0820617675781,50790200,0.010025479710267682
2020-08-27,SPY,348.510009765625,349.8999938964844,346.5299987792969,348.3299865722656,320.78204345703125,58034100,0.0021868819689163654
2020-08-28,SPY,349.44000244140625,350.7200012207031,348.1499938964844,350.5799865722656,322.8541564941406,48588900,0.006459566797375693
2020-08-31,SPY,350.3500061035156,351.29998779296875,349.05999755859375,349.30999755859375,321.68450927734375,66099200,-0.0036228346244571163
2020-09-01,SPY,350.2099914550781,352.7099914550781,349.239990234375,352.6000061035156,324.7143859863281,54908700,0.009418783378133178
2020-09-02,SPY,354.6700134277344,358.75,353.42999267578125,357.70001220703125,329.4110107421875,69540000,0.014463864117363556
2020-09-03,SPY,355.8699951171875,356.3800048828125,342.5899963378906,345.3900146484375,318.0745849609375,148011100,-0.034414228460998286
2020-09-04,SPY,346.1300048828125,347.8299865722656,334.8699951171875,342.57000732421875,315.47760009765625,139156300,-0.008164704085364738
2020-09-08,SPY,336.7099914550781,342.6400146484375,332.8800048828125,333.2099914550781,306.8578186035156,114465300,-0.027322958877182946
2020-09-09,SPY,337.54998779296875,342.4599914550781,336.6099853515625,339.7900085449219,312.9174499511719,91462300,0.019747358484242472
2020-09-10,SPY,341.82000732421875,342.5299987792969,332.8500061035156,333.8900146484375,307.48406982421875,90569500,-0.017363621388966854
2020-09-11,SPY,335.82000732421875,336.9700012207031,331.0,334.05999755859375,307.6405944824219,84680200,0.0005090496502553332
2020-09-14,SPY,337.489990234375,340.3800048828125,334.2200012207031,338.4599914550781,311.692626953125,65605700,0.013171319206167542
2020-09-15,SPY,341.1199951171875,342.0199890136719,338.4700012207031,340.1700134277344,313.267333984375,52920900,0.0050521151130302755
2020-09-16,SPY,341.510009765625,343.05999755859375,338.5199890136719,338.82000732421875,312.024169921875,82096000,-0.003968380765043356
2020-09-17,SPY,333.55999755859375,337.70001220703125,332.989990234375,335.8399963378906,309.27984619140625,91523300,-0.008795228046455161
2020-09-18,SPY,335.3699951171875,335.489990234375,327.9700012207031,330.6499938964844,305.7191162109375,105877900,-0.011512971259902582
2020-09-21,SPY,325.70001220703125,327.1300048828125,321.7300109863281,326.9700012207031,302.316650390625,99450800,-0.011129385242514278
2020-09-22,SPY,328.57000732421875,330.8999938964844,325.8599853515625,330.29998779296875,305.3956298828125,63612100,0.010184617645800031
2020-09-23,SPY,330.8999938964844,331.20001220703125,322.1000061035156,322.6400146484375,298.3130798339844,93112200,-0.023191392920540066
2020-09-24,SPY,321.2200012207031,326.79998779296875,319.79998779296875,323.5,299.10821533203125,76681300,0.002665439606233111
2020-09-25,SPY,322.5799865722656,329.5799865722656,321.6400146484375,328.7300109863281,303.94390869140625,71069400,0.016167036248091904
2020-09-28,SPY,333.2200012207031,334.9599914550781,332.1499938964844,334.19000244140625,308.9922180175781,64584600,0.01660934528317015
2020-09-29,SPY,333.9700012207031,334.7699890136719,331.6199951171875,332.3699951171875,307.3094787597656,51304000,-0.00544589526755257
2020-09-30,SPY,333.0899963378906,338.2900085449219,332.8800048828125,334.8900146484375,309.63946533203125,104081100,0.007581889701772093
2020-10-01,SPY,337.69000244140625,338.739990234375,335.010009765625,337.0400085449219,311.6273498535156,88698700,0.006419997267960387
2020-10-02,SPY,331.70001220703125,337.010009765625,331.19000244140625,333.8399963378906,308.6686096191406,89431100,-0.009494481905281349
2020-10-05,SPY,336.05999755859375,339.9599914550781,336.010009765625,339.760009765625,314.1423034667969,45713100,0.0177332377737085
2020-10-06,SPY,339.9100036621094,342.1700134277344,334.3800048828125,334.92999267578125,309.67645263671875,90128900,-0.014216012236474063
2020-10-07,SPY,338.1199951171875,341.6300048828125,338.0899963378906,340.760009765625,315.0669250488281,56999600,0.01740678816943486
2020-10-08,SPY,342.8500061035156,343.8500061035156,341.8599853515625,343.7799987792969,317.8591613769531,45242500,0.008862359410440446
2020-10-09,SPY,345.55999755859375,347.3500061035156,344.8900146484375,346.8500061035156,320.6977233886719,59528600,0.008930250741939316
2020-10-12,SPY,349.5899963378906,354.0199890136719,349.05999755859375,352.42999267578125,325.85693359375,80388500,0.016087455035735942
2020-10-13,SPY,352.2799987792969,352.4700012207031,349.0899963378906,350.1300048828125,323.73040771484375,73255500,-0.0065259494571854315
2020-10-14,SPY,350.75,351.92999267578125,347.1400146484375,347.92999267578125,321.6962890625,57727900,-0.006283372225371786
2020-10-15,SPY,343.7099914550781,348.0199890136719,343.1300048828125,347.5,321.29864501953125,60357700,-0.0012360852657877786
2020-10-16,SPY,348.9599914550781,350.75,347.1000061035156,347.2900085449219,321.1045837402344,89501900,-0.0006039903445128614
2020-10-19,SPY,348.6499938964844,349.3299865722656,341.0400085449219,342.010009765625,316.22271728515625,68425600,-0.015203353369217076
2020-10-20,SPY,343.4599914550781,346.8800048828125,342.6400146484375,343.3800048828125,317.48931884765625,60051900,0.004005409773763402
2020-10-21,SPY,343.3299865722656,345.6700134277344,342.3999938964844,342.7300109863281,316.8883361816406,63575000,-0.0018929224712092019
2020-10-22,SPY,342.9599914550781,345.239990234375,340.6499938964844,344.6099853515625,318.62664794921875,55399300,0.005485565636539347
2020-10-23,SPY,345.92999267578125,345.989990234375,343.1300048828125,345.7799987792969,319.7083740234375,49143900,0.0033949642353552356
2020-10-26,SPY,342.1300048828125,342.9800109863281,335.6199951171875,339.3900146484375,313.8002014160156,91473000,-0.018479880689608597
2020-10-27,SPY,339.760009765625,340.1199951171875,337.989990234375,338.2200012207031,312.7184143066406,65994100,-0.0034473754462025497
2020-10-28,SPY,332.1000061035156,338.25,326.1300048828125,326.6600036621094,302.0299987792969,127094300,-0.03417904107451464
2020-10-29,SPY,326.9100036621094,333.3999938964844,325.0899963378906,329.9800109863281,305.0997009277344,90597700,0.010163567065669676
2020-10-30,SPY,328.2799987792969,329.69000244140625,322.6000061035156,326.5400085449219,301.91912841796875,120287300,-0.010424698877430139
2020-11-02,SPY,330.20001220703125,332.3599853515625,327.239990234375,330.20001220703125,305.3030090332031,86068300,0.011207904027034088
2020-11-03,SPY,333.69000244140625,338.25,330.2900085449219,336.0299987792969,310.6935119628906,93294200,0.017656239113913452
2020-11-04,SPY,340.8599853515625,347.94000244140625,339.5899963378906,343.5400085449219,317.63726806640625,126959700,0.02234921501786946
2020-11-05,SPY,349.239990234375,352.19000244140625,348.8599853515625,350.239990234375,323.8320617675781,82039700,0.019502729446334355
2020-11-06,SPY,349.92999267578125,351.510009765625,347.6499938964844,350.1600036621094,323.7581481933594,74973000,-0.00022824662207721058
2020-11-09,SPY,363.9700012207031,364.3800048828125,354.05999755859375,354.55999755859375,327.8263244628906,172304200,0.012565479177072625
2020-11-10,SPY,353.489990234375,355.17999267578125,350.510009765625,354.0400085449219,327.3455810546875,85552000,-0.0014664576098053494
2020-11-11,SPY,356.3999938964844,357.55999755859375,355.05999755859375,356.6700134277344,329.77728271484375,58649000,0.007428545857626867
2020-11-12,SPY,355.5799865722656,356.7200012207031,351.260009765625,353.2099914550781,326.5782165527344,67546200,-0.00970068688714254
2020-11-13,SPY,355.2699890136719,358.8999938964844,354.7099914550781,358.1000061035156,331.0994567871094,62892200,0.01384427988522896
2020-11-16,SPY,360.9800109863281,362.7799987792969,359.5899963378906,362.57000732421875,335.2323913574219,74541100,0.012482456511458073
2020-11-17,SPY,359.9700012207031,361.9200134277344,358.3399963378906,360.6199951171875,333.429443359375,66111000,-0.005378203432986894
2020-11-18,SPY,360.9100036621094,361.5,356.239990234375,356.2799987792969,329.416748046875,70591300,-0.012034615995729747
2020-11-19,SPY,355.6000061035156,358.17999267578125,354.1499938964844,357.7799987792969,330.8035583496094,59940900,0.004209896160279669
2020-11-20,SPY,357.5,357.7200012207031,355.25,355.3299865722656,328.5382995605469,70417300,-0.006847746137810473
2020-11-23,SPY,357.2799987792969,358.82000732421875,354.8699951171875,357.4599914550781,330.5077209472656,63230600,0.005994495586520765
2020-11-24,SPY,360.2099914550781,363.80999755859375,359.2900085449219,363.2200012207031,335.8333740234375,62415900,0.016113551177890928
2020-11-25,SPY,363.1300048828125,363.1600036621094,361.4800109863281,362.6600036621094,335.315673828125,45330900,-0.0015415388563387866
2020-11-27,SPY,363.8399963378906,364.17999267578125,362.5799865722656,363.6700134277344,336.24945068359375,28514100,0.002784769482464977
2020-11-30,SPY,362.8299865722656,363.1199951171875,359.1700134277344,362.05999755859375,334.7608947753906,83872700,-0.004426939301095945
2020-12-01,SPY,365.57000732421875,367.67999267578125,364.92999267578125,366.0199890136719,338.4223327636719,74231400,0.010937472223982114
2020-12-02,SPY,364.82000732421875,366.9599914550781,364.20001220703125,366.7900085449219,339.1342468261719,45927000,0.0021036261309537174
2020-12-03,SPY,366.67999267578125,368.19000244140625,365.5,366.69000244140625,339.0416564941406,62882000,-0.00027301970502169315
2020-12-04,SPY,367.32000732421875,369.8500061035156,367.2200012207031,369.8500061035156,341.9634704589844,50749900,0.008617861283055195
2020-12-07,SPY,369.0199890136719,369.6199951171875,367.7200012207031,369.0899963378906,341.26080322265625,48944300,-0.002054802038899073
2020-12-08,SPY,367.7200012207031,370.7799987792969,367.6700134277344,370.1700134277344,342.25946044921875,42458900,0.0029263754205925974
2020-12-09,SPY,370.8800048828125,371.04998779296875,365.95001220703125,366.8500061035156,339.189697265625,74098300,-0.008969111268873786
2020-12-10,SPY,365.3699951171875,367.8599853515625,364.42999267578125,366.7300109863281,339.0787658691406,57735400,-0.0003270482487488513
2020-12-11,SPY,364.8999938964844,366.739990234375,363.260009765625,366.29998779296875,338.68115234375,57698600,-0.001172628797239672
2020-12-14,SPY,368.6400146484375,369.79998779296875,364.4700012207031,364.6600036621094,337.1648254394531,69216200,-0.004477151721622441
2020-12-15,SPY,367.3999938964844,369.5899963378906,365.9200134277344,369.5899963378906,341.7231140136719,63865300,0.013519466534735791
2020-12-16,SPY,369.82000732421875,371.1600036621094,368.8699951171875,370.1700134277344,342.25946044921875,58420500,0.0015695351398601343
2020-12-17,SPY,371.94000244140625,372.4599914550781,371.04998779296875,372.239990234375,344.1732482910156,64119500,0.0055916287581503354
2020-12-18,SPY,370.9700012207031,371.1499938964844,367.0199890136719,369.17999267578125,342.7990417480469,136542300,-0.003992775585529462
2020-12-21,SPY,364.9700012207031,378.4599914550781,362.0299987792969,367.8599853515625,341.5733642578125,96386700,-0.0035754985894482783
2020-12-22,SPY,368.2099914550781,368.3299865722656,366.0299987792969,367.239990234375,340.9977111816406,47949000,-0.0016852984934077053
2020-12-23,SPY,368.2799987792969,369.6199951171875,367.2200012207031,367.57000732421875,341.3041687011719,46201400,0.0008987084355178698
2020-12-24,SPY,368.0799865722656,369.0299987792969,367.45001220703125,369.0,342.63189697265625,26457900,0.0038901613084219022
2020-12-28,SPY,371.739990234375,372.5899963378906,371.07000732421875,372.1700134277344,345.57537841796875,39000400,0.008590798087743101
2020-12-29,SPY,373.80999755859375,374.0,370.8299865722656,371.4599914550781,344.9161376953125,53680500,-0.0019076611466772864
2020-12-30,SPY,372.3399963378906,373.1000061035156,371.57000732421875,371.989990234375,345.4082336425781,49455300,0.00142671186843768
2020-12-31,SPY,371.7799987792969,374.6600036621094,371.2300109863281,373.8800048828125,347.1632385253906,78520700,0.005080958448224315
2021-01-04,SPY,375.30999755859375,375.45001220703125,364.82000732421875,368.7900085449219,342.4369201660156,110210800,-0.013614109545268982
2021-01-05,SPY,368.1000061035156,372.5,368.04998779296875,371.3299865722656,344.79541015625,66426200,0.006887370640674462
2021-01-06,SPY,369.7099914550781,376.9800109863281,369.1199951171875,373.54998779296875,346.8567810058594,107997700,0.005978533324081159
2021-01-07,SPY,376.1000061035156,379.8999938964844,375.9100036621094,379.1000061035156,352.01025390625,68766800,0.014857639183082805
2021-01-08,SPY,380.5899963378906,381.489990234375,377.1000061035156,381.260009765625,354.01593017578125,71677200,0.005697777968892481
2021-01-11,SPY,377.8500061035156,380.5799865722656,377.7200012207031,378.69000244140625,351.6294860839844,51034700,-0.006741064139717978
2021-01-12,SPY,378.8900146484375,379.8599853515625,376.3599853515625,378.7699890136719,351.7038269042969,52547700,0.00021141805011981596
2021-01-13,SPY,378.69000244140625,380.8599853515625,377.8500061035156,379.7900085449219,352.6509094238281,45303600,0.002692841098339782
2021-01-14,SPY,380.5899963378906,381.1300048828125,378.1000061035156,378.4599914550781,351.41595458984375,49989100,-0.003501918755865585
2021-01-15,SPY,376.7200012207031,377.5799865722656,373.70001220703125,375.70001220703125,348.85308837890625,107160000,-0.007292970559429346
2021-01-19,SPY,378.3399963378906,379.2300109863281,376.75,378.6499938964844,351.5923156738281,51233300,0.007852094151296951
2021-01-20,SPY,381.1099853515625,384.7900085449219,380.69000244140625,383.8900146484375,356.45794677734375,61836100,0.013838843702231207
2021-01-21,SPY,384.489990234375,384.95001220703125,383.25,384.239990234375,356.7829284667969,47840100,0.0009116971367624238
2021-01-22,SPY,382.25,384.1300048828125,381.8399963378906,382.8800048828125,355.52008056640625,52860500,-0.0035395412718244312
2021-01-25,SPY,383.6700134277344,384.7699890136719,378.4599914550781,384.3900146484375,356.92218017578125,70402000,0.003943798637593643
2021-01-26,SPY,385.4100036621094,385.8500061035156,383.5400085449219,383.7900085449219,356.364990234375,42665300,-0.0015610964304091368
2021-01-27,SPY,380.2200012207031,380.32000732421875,372.010009765625,374.4100036621094,347.65533447265625,123351100,-0.024440267704160745
2021-01-28,SPY,376.3599853515625,381.92999267578125,375.8900146484375,377.6300048828125,350.6452941894531,94198100,0.008600356215825666
2021-01-29,SPY,375.6300048828125,376.6700134277344,368.2699890136719,370.07000732421875,343.62548828125,126765100,-0.020019678075047342
2021-02-01,SPY,373.7200012207031,377.3399963378906,370.3800048828125,376.2300109863281,349.34527587890625,75817600,0.01664541133507158
2021-02-02,SPY,379.6499938964844,383.2200012207031,376.32000732421875,381.54998779296875,354.2850036621094,64450700,0.014139958729298518
2021-02-03,SPY,382.44000244140625,383.70001220703125,380.4800109863281,381.8500061035156,354.563720703125,52427100,0.000786702903410097
2021-02-04,SPY,382.9599914550781,386.239990234375,381.9700012207031,386.19000244140625,358.5935363769531,47142600,0.011365561219395914
2021-02-05,SPY,388.20001220703125,388.4700012207031,386.1400146484375,387.7099914550781,360.0049133300781,48669800,0.003935868357764605
2021-02-08,SPY,389.2699890136719,390.55999755859375,388.3500061035156,390.510009765625,362.6048278808594,38365200,0.007221886297972491
2021-02-09,SPY,389.6099853515625,390.8900146484375,389.1700134277344,390.25,362.3634033203125,35551100,-0.0006658062496238681
2021-02-10,SPY,392.1199951171875,392.2799987792969,387.5,390.0799865722656,362.20556640625,59154400,-0.00043557630990398444
2021-02-11,SPY,391.239990234375,391.69000244140625,388.1000061035156,390.7099914550781,362.7905578613281,42913300,0.0016150813497493033
2021-02-12,SPY,389.8500061035156,392.8999938964844,389.7699890136719,392.6400146484375,364.5826416015625,50593300,0.004939719905608486
2021-02-16,SPY,393.9599914550781,394.1700134277344,391.5299987792969,392.29998779296875,364.2668762207031,50972400,-0.000866100973629047
2021-02-17,SPY,390.4200134277344,392.6600036621094,389.3299865722656,392.3900146484375,364.3504943847656,52290600,0.00022955192887708087
2021-02-18,SPY,389.5899963378906,391.5199890136719,387.739990234375,390.7200012207031,362.79986572265625,59712800,-0.004255870888079216
2021-02-19,SPY,392.07000732421875,392.3800048828125,389.54998779296875,390.0299987792969,362.1591796875,83241000,-0.00176594893132076
2021-02-22,SPY,387.05999755859375,389.6199951171875,386.739990234375,387.0299987792969,359.3735656738281,67414200,-0.007691684126509002
2021-02-23,SPY,384.6600036621094,388.95001220703125,380.20001220703125,387.5,359.8099670410156,107284100,0.001214339085762406
2021-02-24,SPY,386.3299865722656,392.2300109863281,385.2699890136719,391.7699890136719,363.7747802734375,72433900,0.011019186780809598
2021-02-25,SPY,390.4100036621094,391.8800048828125,380.7799987792969,382.3299865722656,355.0093688964844,146670500,-0.024095709357213946
2021-02-26,SPY,384.3500061035156,385.5799865722656,378.2300109863281,380.3599853515625,353.18017578125,152701600,-0.005152520681130923
2021-03-01,SPY,385.5899963378906,390.9200134277344,380.57000732421875,389.5799865722656,361.74127197265625,105348800,0.02424002471958886
2021-03-02,SPY,389.82000732421875,390.07000732421875,386.0,386.5400085449219,358.9185485839844,79595300,-0.007803155479823798
2021-03-03,SPY,385.7900085449219,386.8299865722656,381.30999755859375,381.4200134277344,354.1644592285156,119940200,-0.013245593949448242
2021-03-04,SPY,381.2200012207031,384.0,371.8800048828125,376.70001220703125,349.78173828125,183433000,-0.012374818627517326
2021-03-05,SPY,380.4599914550781,384.760009765625,372.6400146484375,383.6300048828125,356.21649169921875,152039600,0.018396481902078987
2021-03-08,SPY,384.6600036621094,387.67999267578125,381.4200134277344,381.7200012207031,354.4429016113281,123149200,-0.004978966805917029
2021-03-09,SPY,385.8500061035156,389.9100036621094,385.30999755859375,387.1700134277344,359.5035705566406,113633600,0.014277811524243456
2021-03-10,SPY,389.69000244140625,391.3999938964844,388.1700134277344,389.5799865722656,361.74127197265625,109899400,0.006224420560137611
2021-03-11,SPY,392.2300109863281,395.6499938964844,391.739990234375,393.5299987792969,365.4090881347656,86245000,0.010139335614396394
2021-03-12,SPY,392.07000732421875,394.2099914550781,391.20001220703125,394.05999755859375,365.9011535644531,64653600,0.0013466151928493986
2021-03-15,SPY,394.3299865722656,396.69000244140625,392.0299987792969,396.4100036621094,368.0832214355469,73427200,0.005963544661821807
2021-03-16,SPY,397.07000732421875,397.8299865722656,395.0799865722656,395.9100036621094,367.6190490722656,73722500,-0.001261052762663195
2021-03-17,SPY,394.5299987792969,398.1199951171875,393.29998779296875,397.260009765625,368.87249755859375,97959300,0.0034096396514036176
2021-03-18,SPY,394.4800109863281,396.7200012207031,390.75,391.4800109863281,363.5055236816406,115349100,-0.014549672074971154
2021-03-19,SPY,389.8800048828125,391.57000732421875,387.1499938964844,389.4800109863281,362.8329772949219,113624500,-0.0018501682722922297
2021-03-22,SPY,390.0299987792969,394.07000732421875,389.9700012207031,392.5899963378906,365.73016357421875,73778600,0.007984903414504085
2021-03-23,SPY,391.9100036621094,393.4599914550781,388.6600036621094,389.5,362.85162353515625,90686600,-0.007870666206284516
2021-03-24,SPY,391.0,392.75,387.4700012207031,387.5199890136719,361.00701904296875,97588600,-0.005083633012899491
2021-03-25,SPY,385.9800109863281,390.54998779296875,383.8999938964844,389.70001220703125,363.0378723144531,116128600,0.005625522952069417
2021-03-26,SPY,390.92999267578125,396.4100036621094,390.2900085449219,395.9800109863281,368.8882751464844,114409100,0.016115130894563512
2021-03-29,SPY,394.3999938964844,396.75,392.80999755859375,395.7799987792969,368.7019348144531,108107600,-0.0005051402947335859
2021-03-30,SPY,394.4200134277344,395.45001220703125,393.0199890136719,394.7300109863281,367.7237854003906,76262200,-0.0026529543832058966
2021-03-31,SPY,395.3399963378906,398.0,395.30999755859375,396.3299865722656,369.21429443359375,112734200,0.004053338653577265
2021-04-01,SPY,398.3999938964844,400.6700134277344,398.17999267578125,400.6099853515625,373.2014465332031,99682900,0.010799018780478065
2021-04-05,SPY,403.4599914550781,406.94000244140625,403.3800048828125,406.3599853515625,378.5580749511719,91684800,0.014353182356950489
2021-04-06,SPY,405.760009765625,407.239990234375,405.3999938964844,406.1199951171875,378.33453369140625,62021000,-0.000590507175931898
2021-04-07,SPY,405.94000244140625,406.9599914550781,405.45001220703125,406.5899963378906,378.7723693847656,55836300,0.0011572712886858127
2021-04-08,SPY,407.92999267578125,408.5799865722656,406.92999267578125,408.5199890136719,380.5702819824219,57863100,0.004746683609938573
2021-04-09,SPY,408.3900146484375,411.6700134277344,408.260009765625,411.489990234375,383.3370666503906,61104600,0.007270101736678747
2021-04-12,SPY,410.8500061035156,411.92999267578125,410.20001220703125,411.6400146484375,383.47686767578125,56704900,0.00036469477531153593
2021-04-13,SPY,411.5299987792969,413.5299987792969,411.1199951171875,412.8599853515625,384.6134033203125,56551000,0.0029637658496057817
2021-04-14,SPY,412.8299865722656,413.9599914550781,410.8699951171875,411.45001220703125,383.2998352050781,61659900,-0.0034152946930463557
2021-04-15,SPY,413.739990234375,416.1600036621094,413.69000244140625,415.8699951171875,387.4174499511719,60229800,0.010742542437803815
2021-04-16,SPY,417.25,417.9100036621094,415.7300109863281,417.260009765625,388.7123107910156,82037300,0.0033422883765481526
2021-04-19,SPY,416.260009765625,416.739990234375,413.7900085449219,415.2099914550781,386.8025207519531,78498500,-0.004913119512927611
2021-04-20,SPY,413.9100036621094,415.0899963378906,410.5899963378906,412.1700134277344,383.9706115722656,81851800,-0.007321330724996855
2021-04-21,SPY,411.510009765625,416.2900085449219,411.3599853515625,416.07000732421875,387.6037902832031,66793000,0.00946212705201721
2021-04-22,SPY,415.8900146484375,416.7799987792969,411.1300048828125,412.2699890136719,384.0637512207031,97582800,-0.009133138403815577
2021-04-23,SPY,412.8699951171875,418.25,412.7900085449219,416.739990234375,388.2279052734375,73209200,0.010842351144827012
2021-04-26,SPY,417.44000244140625,418.2200012207031,416.80999755859375,417.6099853515625,389.0384216308594,52182400,0.002087733381378243
2021-04-27,SPY,417.92999267578125,418.1400146484375,416.29998779296875,417.5199890136719,388.9545593261719,51303100,-0.00021556303959890943
2021-04-28,SPY,417.80999755859375,419.010009765625,416.8999938964844,417.3999938964844,388.8427429199219,51238900,-0.0002874793560556643
2021-04-29,SPY,420.32000732421875,420.7200012207031,416.44000244140625,420.05999755859375,391.3208312988281,78544300,0.006372983485039896
2021-04-30,SPY,417.6300048828125,418.5400085449219,416.3399963378906,417.29998779296875,388.74951171875,85527000,-0.006570873243685216
2021-05-03,SPY,419.42999267578125,419.8399963378906,417.6700134277344,418.20001220703125,389.5879821777344,68128300,0.002156839902582197
2021-05-04,SPY,416.07000732421875,416.6000061035156,411.6700134277344,415.6199951171875,387.1844787597656,101591200,-0.006169346920132268
2021-05-05,SPY,417.3800048828125,417.6300048828125,415.1499938964844,415.75,387.3056335449219,60162200,0.00031291229840713086
2021-05-06,SPY,415.8299865722656,419.2099914550781,413.67999267578125,419.07000732421875,390.39849853515625,74321400,0.007985592571752909
2021-05-07,SPY,419.8900146484375,422.82000732421875,419.1600036621094,422.1199951171875,393.2398376464844,67733800,0.007278048255793257
2021-05-10,SPY,422.5,422.739990234375,417.80999755859375,417.94000244140625,389.3457946777344,81852400,-0.009902463066955747
2021-05-11,SPY,413.1000061035156,415.2699890136719,410.05999755859375,414.2099914550781,385.8709716796875,116888000,-0.008924773416194243
2021-05-12,SPY,411.2300109863281,412.5899963378906,404.0,405.4100036621094,377.6730651855469,134811000,-0.02124520136473429
2021-05-13,SPY,407.07000732421875,412.3500061035156,407.0199890136719,410.2799987792969,382.2098693847656,106394000,0.012012517220389762
2021-05-14,SPY,413.2099914550781,417.489990234375,413.17999267578125,416.5799865722656,388.078857421875,82201600,0.015355406825460882
2021-05-17,SPY,415.3900146484375,416.3900146484375,413.3599853515625,415.5199890136719,387.09130859375,65129200,-0.002544711749270734
2021-05-18,SPY,415.79998779296875,416.05999755859375,411.7699890136719,411.94000244140625,383.75634765625,59810200,-0.008615437400585013
2021-05-19,SPY,406.9200134277344,411.04998779296875,405.3299865722656,410.8599853515625,382.75018310546875,106467100,-0.002621883799255098
2021-05-20,SPY,411.79998779296875,416.6300048828125,411.6700134277344,415.2799987792969,386.8677673339844,78022200,0.010757889637327711
2021-05-21,SPY,416.8699951171875,418.20001220703125,414.45001220703125,414.94000244140625,386.551025390625,76578700,-0.000818734384469777
2021-05-24,SPY,417.3399963378906,420.32000732421875,417.0799865722656,419.1700134277344,390.4916687011719,51376700,0.01019436775924909
2021-05-25,SPY,420.3299865722656,420.7099914550781,417.6199951171875,418.239990234375,389.6252746582031,57451400,-0.0022187260636071793
2021-05-26,SPY,418.8699951171875,419.6099853515625,417.760009765625,419.07000732421875,390.39849853515625,43088600,0.001984532131883432
2021-05-27,SPY,420.1700134277344,420.7200012207031,418.989990234375,419.2900085449219,390.6034240722656,56707700,0.0005249137429530482
2021-05-28,SPY,420.9700012207031,421.25,419.7900085449219,420.0400085449219,391.30218505859375,58520200,0.0017889269352611148
2021-06-01,SPY,422.57000732421875,422.7200012207031,419.20001220703125,419.6700134277344,390.95745849609375,54216600,-0.0008809727511447374
2021-06-02,SPY,420.3699951171875,421.2300109863281,419.2900085449219,420.3299865722656,391.57232666015625,49097100,0.0015727239644633961
2021-06-03,SPY,417.8500061035156,419.989990234375,416.2799987792969,418.7699890136719,390.1189880371094,58138800,-0.0037115457965144483
2021-06-04,SPY,420.75,422.9200134277344,418.8399963378906,422.6000061035156,393.68682861328125,55938800,0.00914551889443671
2021-06-07,SPY,422.5899963378906,422.7799987792969,421.19000244140625,422.19000244140625,393.3050231933594,51555000,-0.0009698201518876237
2021-06-08,SPY,423.1099853515625,423.2099914550781,420.32000732421875,422.2799987792969,393.38885498046875,47134300,0.0002131470033834848
2021-06-09,SPY,423.17999267578125,423.260009765625,421.4100036621094,421.6499938964844,392.802001953125,48436300,-0.0014917886460532603
2021-06-10,SPY,422.9599914550781,424.6300048828125,421.54998779296875,423.6099853515625,394.62786865234375,51020100,0.004648313119943515
2021-06-11,SPY,424.20001220703125,424.42999267578125,422.82000732421875,424.30999755859375,395.2799377441406,45570800,0.001652364527684469
2021-06-14,SPY,424.42999267578125,425.3699951171875,423.1000061035156,425.260009765625,396.1650085449219,42358500,0.0022390987152860475
2021-06-15,SPY,425.4200134277344,425.4599914550781,423.5400085449219,424.4800109863281,395.4383850097656,51508500,-0.001834143650962683
2021-06-16,SPY,424.6300048828125,424.8699951171875,419.9200134277344,422.1099853515625,393.23046875,80386100,-0.005583464689982276
2021-06-17,SPY,421.6700134277344,423.0199890136719,419.32000732421875,421.9700012207031,393.10009765625,90949700,-0.000331538637289297
2021-06-18,SPY,417.0899963378906,417.8299865722656,414.70001220703125,414.9200134277344,387.7970275878906,118676300,-0.013490380948713687
2021-06-21,SPY,416.79998779296875,421.05999755859375,415.92999267578125,420.8599853515625,393.3486633300781,72822000,0.014315828506264783
2021-06-22,SPY,420.8500061035156,424.0,420.0799865722656,423.1099853515625,395.45159912109375,57700300,0.005346238558972649
2021-06-23,SPY,423.19000244140625,424.04998779296875,422.510009765625,422.6000061035156,394.9749755859375,49445400,-0.001205263896303821
2021-06-24,SPY,424.8900146484375,425.54998779296875,424.6199951171875,425.1000061035156,397.3115539550781,45110300,0.005915763057328771
2021-06-25,SPY,425.8999938964844,427.0899963378906,425.54998779296875,426.6099853515625,398.7227783203125,58129500,0.0035519338694940394
2021-06-28,SPY,427.1700134277344,427.6499938964844,425.8900146484375,427.4700012207031,399.52655029296875,53159600,0.002015866703282576
2021-06-29,SPY,427.8800048828125,428.55999755859375,427.1300048828125,427.70001220703125,399.7416076660156,35970500,0.0005382805545444125
2021-06-30,SPY,427.2099914550781,428.7799987792969,427.17999267578125,428.05999755859375,400.07806396484375,64827900,0.000841684459099934
2021-07-01,SPY,428.8699951171875,430.6000061035156,428.79998779296875,430.42999267578125,402.2930603027344,53441000,0.005536410359367361
2021-07-02,SPY,431.6700134277344,434.1000061035156,430.5199890136719,433.7200012207031,405.3680419921875,57697700,0.007643635928343162
2021-07-06,SPY,433.7799987792969,434.010009765625,430.010009765625,432.92999267578125,404.6296691894531,68710400,-0.0018214874539829173
2021-07-07,SPY,433.6600036621094,434.760009765625,431.510009765625,434.4599914550781,406.0596923828125,63549500,0.0035341530842856184
2021-07-08,SPY,428.7799987792969,431.7300109863281,427.5199890136719,430.9200134277344,402.7510986328125,97595200,-0.008148047718267049
2021-07-09,SPY,432.5299987792969,435.8399963378906,430.7099914550781,435.5199890136719,407.0504150390625,76238600,0.010674871951546594
2021-07-12,SPY,435.42999267578125,437.3500061035156,434.9700012207031,437.0799865722656,408.5083312988281,52889600,0.0035816601725506825
2021-07-13,SPY,436.239990234375,437.8399963378906,435.30999755859375,435.5899963378906,407.1156921386719,52911300,-0.003409083863059603
2021-07-14,SPY,437.3999938964844,437.9200134277344,434.9100036621094,436.239990234375,407.7232971191406,64130400,0.001492462688620133
2021-07-15,SPY,434.80999755859375,435.5299987792969,432.7200012207031,434.75,406.3307189941406,55126400,-0.0034154980469341956
2021-07-16,SPY,436.010009765625,436.05999755859375,430.9200134277344,431.3399963378906,403.1435852050781,75874700,-0.007843693917487071
2021-07-19,SPY,426.19000244140625,431.4100036621094,421.9700012207031,424.9700012207031,397.19000244140625,147987000,-0.014767896556367899
2021-07-20,SPY,425.67999267578125,432.4200134277344,424.8299865722656,431.05999755859375,402.8818664550781,99608200,0.014330330518607548
2021-07-21,SPY,432.3399963378906,434.70001220703125,431.010009765625,434.54998779296875,406.14373779296875,64724400,0.008096346868603277
2021-07-22,SPY,434.739990234375,435.7200012207031,433.69000244140625,435.4599914550781,406.9942932128906,47878500,0.0020942226625082494
2021-07-23,SPY,437.5199890136719,440.29998779296875,436.7900085449219,439.94000244140625,411.181396484375,63766600,0.010287867278016671
2021-07-26,SPY,439.30999755859375,441.0299987792969,439.260009765625,441.0199890136719,412.1908264160156,43719200,0.0024549503948168017
2021-07-27,SPY,439.9100036621094,439.94000244140625,435.989990234375,439.010009765625,410.312255859375,67397100,-0.004557526359756037
2021-07-28,SPY,439.67999267578125,440.29998779296875,437.30999755859375,438.8299865722656,410.1439514160156,52472400,-0.00041018624463673437
2021-07-29,SPY,439.82000732421875,441.79998779296875,439.80999755859375,440.6499938964844,411.8450012207031,47435300,0.0041474457902273
2021-07-30,SPY,437.9100036621094,440.05999755859375,437.7699890136719,438.510009765625,409.8450012207031,68951200,-0.004856195884548886
2021-08-02,SPY,440.3399963378906,440.92999267578125,437.2099914550781,437.5899963378906,408.985107421875,58783300,-0.0020980951244177204
2021-08-03,SPY,438.44000244140625,441.2799987792969,436.1000061035156,441.1499938964844,412.3123779296875,58053900,0.008135431944665816
2021-08-04,SPY,439.7799987792969,441.1199951171875,438.7300109863281,438.9800109863281,410.28424072265625,46732200,-0.004918933594026398
2021-08-05,SPY,440.2200012207031,441.8500061035156,439.8800048828125,441.760009765625,412.8825378417969,38969700,0.006332919623147415
2021-08-06,SPY,442.1000061035156,442.94000244140625,441.79998779296875,442.489990234375,413.5648498535156,46930000,0.0016525572025527513
2021-08-09,SPY,442.4599914550781,442.79998779296875,441.30999755859375,442.1300048828125,413.228271484375,41222600,-0.0008138466536985467
2021-08-10,SPY,442.6099853515625,443.44000244140625,441.8800048828125,442.67999267578125,413.7423095703125,43339300,0.0012439567217679137
2021-08-11,SPY,443.82000732421875,443.8800048828125,442.6199951171875,443.7799987792969,414.7704772949219,44034300,0.0024850437115728763
2021-08-12,SPY,443.6199951171875,445.260009765625,442.6600036621094,445.1099853515625,416.0134582519531,38909400,0.0029967922624045684
2021-08-13,SPY,445.5899963378906,445.94000244140625,445.07000732421875,445.9200134277344,416.77044677734375,39470300,0.0018196250875426312
2021-08-16,SPY,444.5299987792969,447.1099853515625,442.8699951171875,446.9700012207031,417.7519226074219,73740000,0.0023549554381010473
2021-08-17,SPY,444.239990234375,444.9599914550781,440.8500061035156,444.0400085449219,415.0134582519531,92673900,-0.006555240580046862
2021-08-18,SPY,442.9599914550781,444.6300048828125,438.9200134277344,439.17999267578125,410.4710693359375,89351900,-0.01094516051394645
2021-08-19,SPY,436.2699890136719,441.1400146484375,436.1199951171875,439.8599853515625,411.1066589355469,92812200,0.0015484394567384374
2021-08-20,SPY,440.2300109863281,443.7099914550781,439.7099914550781,443.3599853515625,414.37786865234375,72008700,0.007957082780577718
2021-08-23,SPY,445.1600036621094,448.2300109863281,443.44000244140625,447.260009765625,418.02294921875,54973000,0.008796513622363333
2021-08-24,SPY,447.9700012207031,448.5400085449219,447.4200134277344,447.9700012207031,418.68658447265625,38744700,0.0015875569873533557
2021-08-25,SPY,448.1700134277344,449.4599914550781,447.7699890136719,448.9100036621094,419.56512451171875,40529700,0.0020983238337313193
2021-08-26,SPY,448.6099853515625,448.8599853515625,446.1600036621094,446.260009765625,417.08837890625,57829600,-0.0059031255477945965
2021-08-27,SPY,447.1199951171875,450.6499938964844,447.05999755859375,450.25,420.8175048828125,77235100,0.008940853222383138
2021-08-30,SPY,450.9700012207031,453.07000732421875,450.7099914550781,452.2300109863281,422.6680603027344,48357400,0.004397524814081066
2021-08-31,SPY,452.1300048828125,452.489990234375,450.9200134277344,451.55999755859375,422.0418701171875,59300200,-0.0014815176360815085
2021-09-01,SPY,452.55999755859375,453.1099853515625,451.54998779296875,451.79998779296875,422.26611328125,48721400,0.000531329187789531
2021-09-02,SPY,453.32000732421875,454.04998779296875,451.9100036621094,453.19000244140625,423.5653076171875,42501000,0.0030767193839971174
2021-09-03,SPY,451.9800109863281,453.6300048828125,451.54998779296875,453.0799865722656,423.4624938964844,47170500,-0.0002427340456221394
2021-09-07,SPY,452.7099914550781,452.80999755859375,450.739990234375,451.4599914550781,421.9483947753906,51671500,-0.0035755211923534924
2021-09-08,SPY,450.8900146484375,451.6700134277344,448.8599853515625,450.9100036621094,421.4343566894531,56181900,-0.0012182487060085068
2021-09-09,SPY,450.70001220703125,452.57000732421875,448.7200012207031,448.9800109863281,419.63055419921875,57970400,-0.00428015054207731
2021-09-10,SPY,451.0400085449219,451.489990234375,445.30999755859375,445.44000244140625,416.3218994140625,89948200,-0.007884685116578694
2021-09-13,SPY,448.6400146484375,448.9200134277344,444.1099853515625,446.5799865722656,417.3874206542969,83738600,0.0025593687042022584
2021-09-14,SPY,448.1199951171875,448.3399963378906,443.2200012207031,444.1700134277344,415.1349182128906,78197100,-0.005396670646842239
2021-09-15,SPY,444.6199951171875,448.4100036621094,443.44000244140625,447.8800048828125,418.60235595703125,78792200,0.008352556222125385
2021-09-16,SPY,447.32000732421875,448.3599853515625,444.0199890136719,447.1700134277344,417.9388427734375,77786700,-0.0015850679628326425
2021-09-17,SPY,444.9200134277344,445.3699951171875,441.0199890136719,441.3999938964844,413.86761474609375,118425000,-0.009741205197217662
2021-09-20,SPY,434.8800048828125,436.55999755859375,428.8599853515625,434.0400085449219,406.9667663574219,166445500,-0.016674047794016267
2021-09-21,SPY,436.5299987792969,437.9100036621094,433.07000732421875,433.6300048828125,406.5823059082031,92526100,-0.0009446974077511605
2021-09-22,SPY,436.04998779296875,440.0299987792969,433.75,437.8599853515625,410.54840087890625,102350100,0.009754716112999162
2021-09-23,SPY,439.8500061035156,444.8900146484375,439.6000061035156,443.17999267578125,415.53662109375,76396000,0.012150139189837095
2021-09-24,SPY,441.44000244140625,444.6700134277344,441.2099914550781,443.9100036621094,416.22113037109375,62094800,0.0016472898959951632
2021-09-27,SPY,442.80999755859375,444.04998779296875,441.8999938964844,442.6400146484375,415.0303039550781,61371100,-0.002861042674488723
2021-09-28,SPY,439.69000244140625,440.0400085449219,432.94000244140625,433.7200012207031,406.66668701171875,130436300,-0.020151822321544555
2021-09-29,SPY,435.19000244140625,437.0400085449219,433.8500061035156,434.45001220703125,407.3512878417969,82329200,0.0016834445799058795
2021-09-30,SPY,436.0199890136719,436.7699890136719,428.7799987792969,429.1400146484375,402.37237548828125,140506000,-0.012222650331841556
2021-10-01,SPY,430.9800109863281,436.0299987792969,427.2300109863281,434.239990234375,407.1542663574219,129240100,0.011884242459084815
2021-10-04,SPY,433.0,433.9599914550781,426.3599853515625,428.6400146484375,401.903564453125,128570000,-0.012896099434919206
2021-10-05,SPY,430.239990234375,435.489990234375,429.3900146484375,433.1000061035156,406.0854187011719,90682500,0.010405118585442796
2021-10-06,SPY,429.2699890136719,435.1199951171875,427.5400085449219,434.8999938964844,407.7730712890625,113032200,0.004155905408493643
2021-10-07,SPY,438.3900146484375,441.67999267578125,438.20001220703125,438.6600036621094,411.2986755371094,72437500,0.008645995766472847
2021-10-08,SPY,439.4800109863281,439.8900146484375,437.19000244140625,437.8599853515625,410.54840087890625,74557400,-0.0018241601610395897
2021-10-11,SPY,437.1600036621094,440.260009765625,434.6199951171875,434.69000244140625,407.5761413574219,65233300,-0.007239729871365563
2021-10-12,SPY,435.6700134277344,436.1000061035156,432.7799987792969,433.6199951171875,406.5729064941406,71181200,-0.0024614661200236254
2021-10-13,SPY,434.7099914550781,436.04998779296875,431.5400085449219,435.17999267578125,408.03564453125,72974000,0.003597726296428627
2021-10-14,SPY,439.0799865722656,442.6600036621094,438.5799865722656,442.5,414.8990783691406,70236800,0.016820672237532808
2021-10-15,SPY,444.75,446.260009765625,444.0899963378906,445.8699951171875,418.0588073730469,66260200,0.00761565683955312
2021-10-18,SPY,443.9700012207031,447.54998779296875,443.2699890136719,447.19000244140625,419.29644775390625,62213200,0.0029604456574814364
2021-10-19,SPY,448.9200134277344,450.7099914550781,448.2699890136719,450.6400146484375,422.5313720703125,46996800,0.007715124546690433
2021-10-20,SPY,451.1300048828125,452.7300109863281,451.010009765625,452.4100036621094,424.19091796875,49571600,0.003927627646453935
2021-10-21,SPY,451.7699890136719,453.8299865722656,451.30999755859375,453.5899963378906,425.2973327636719,41305400,0.002608294397767885
2021-10-22,SPY,453.1300048828125,454.6700134277344,451.04998779296875,453.1199951171875,424.8565673828125,58845100,-0.001036369962621686
2021-10-25,SPY,454.2799987792969,455.8999938964844,452.3900146484375,455.54998779296875,427.1349792480469,45214500,0.005362778970958937
2021-10-26,SPY,457.20001220703125,458.489990234375,455.55999755859375,455.9599914550781,427.5195007324219,56075100,0.0009002341251749257
2021-10-27,SPY,456.45001220703125,457.1600036621094,453.8599853515625,453.94000244140625,425.62542724609375,72438000,-0.004430379159507836
2021-10-28,SPY,455.4599914550781,458.3999938964844,455.45001220703125,458.32000732421875,429.7323303222656,51437900,0.00964910180001377
2021-10-29,SPY,455.8699951171875,459.55999755859375,455.55999755859375,459.25,430.604248046875,70162400,0.0020289786527243336
2021-11-01,SPY,460.29998779296875,460.70001220703125,458.20001220703125,460.0400085449219,431.3450012207031,48433600,0.0017202644358200736
2021-11-02,SPY,460.2200012207031,462.2300109863281,460.0799865722656,461.8999938964844,433.08892822265625,48908400,0.004042998057280922
2021-11-03,SPY,461.29998779296875,465.1499938964844,460.8299865722656,464.7200012207031,435.7330322265625,52509800,0.006105221887701795
2021-11-04,SPY,465.3599853515625,467.0,464.989990234375,466.9100036621094,437.7865295410156,52847100,0.004712741891428118
2021-11-05,SPY,469.2799987792969,470.6499938964844,466.9200134277344,468.5299987792969,439.305419921875,66390600,0.003469477195773507
2021-11-08,SPY,469.70001220703125,470.2300109863281,468.20001220703125,468.92999267578125,439.68048095703125,50405200,0.0008537591801689448
2021-11-09,SPY,469.32000732421875,469.57000732421875,465.8800048828125,467.3800048828125,438.2271423339844,51149100,-0.003305442670285208
2021-11-10,SPY,465.5799865722656,467.3800048828125,462.0400085449219,463.6199951171875,434.7017517089844,69429700,-0.008044665162052489
2021-11-11,SPY,465.2099914550781,465.2900085449219,463.75,463.7699890136719,434.84234619140625,34848500,0.0003234274577204044
2021-11-12,SPY,465.1199951171875,467.8599853515625,464.1099853515625,467.2699890136719,438.1239929199219,53466700,0.007546750580430306
2021-11-15,SPY,468.6400146484375,468.80999755859375,466.2300109863281,467.42999267578125,438.27398681640625,46980500,0.0003423549015992844
2021-11-16,SPY,467.1499938964844,470.489990234375,467.07000732421875,469.2799987792969,440.0086669921875,48857500,0.003957981144128153
2021-11-17,SPY,469.0,469.19000244140625,467.4800109863281,468.1400146484375,438.9397277832031,47858300,-0.002429359440329737
2021-11-18,SPY,469.239990234375,470.010009765625,466.3399963378906,469.7300109863281,440.4306335449219,50625600,0.003396607022217779
2021-11-19,SPY,469.6099853515625,470.94000244140625,468.5,468.8900146484375,439.6429443359375,57315600,-0.0017884523668221242
2021-11-22,SPY,470.8900146484375,473.5400085449219,467.3500061035156,467.57000732421875,438.4053039550781,72762000,-0.0028151034761373372
2021-11-23,SPY,467.2200012207031,469.1000061035156,464.45001220703125,468.19000244140625,438.98663330078125,73206500,0.0013260089247522089
2021-11-24,SPY,466.05999755859375,469.57000732421875,465.19000244140625,469.44000244140625,440.15869140625,61858800,0.0026699175249504936
2021-11-26,SPY,462.3399963378906,463.8999938964844,457.7699890136719,458.9700012207031,430.3417053222656,112669600,-0.022303288054179693
2021-11-29,SPY,464.07000732421875,466.55999755859375,461.7300109863281,464.6000061035156,435.62054443359375,86268800,0.012266622188930043
2021-11-30,SPY,462.0,464.0299987792969,455.29998779296875,455.55999755859375,427.14447021484375,148559600,-0.019457471248907288
2021-12-01,SPY,461.6400146484375,464.6700134277344,450.2900085449219,450.5,422.4000549316406,131939200,-0.011107284804171225
2021-12-02,SPY,450.7300109863281,459.07000732421875,450.30999755859375,457.3999938964844,428.8695983886719,127637800,0.01531615202578096
2021-12-03,SPY,459.1700134277344,460.29998779296875,448.9200134277344,453.4200134277344,425.1379699707031,137331600,-0.008701079377015919
2021-12-06,SPY,456.1300048828125,460.7900085449219,453.55999755859375,458.7900085449219,430.1730041503906,98977500,0.011843294495748058
2021-12-07,SPY,464.4100036621094,468.8800048828125,458.6499938964844,468.2799987792969,439.0710144042969,95484700,0.020684724908482277
2021-12-08,SPY,468.70001220703125,470.0,466.8299865722656,469.5199890136719,440.23370361328125,72238800,0.0026480664194192816
2021-12-09,SPY,468.1499938964844,469.6300048828125,466.1400146484375,466.3500061035156,437.26141357421875,61272600,-0.006751618548664018
2021-12-10,SPY,469.2300109863281,470.8999938964844,466.510009765625,470.739990234375,441.37750244140625,77159800,0.009413336597762445
2021-12-13,SPY,470.19000244140625,470.55999755859375,466.2699890136719,466.57000732421875,437.4676818847656,87724700,-0.008858223482198557
2021-12-14,SPY,463.0899963378906,465.739990234375,460.25,463.3599853515625,434.4578857421875,97264100,-0.006880042268747388
2021-12-15,SPY,463.4200134277344,470.8599853515625,460.739990234375,470.6000061035156,441.246337890625,116899300,0.01562510975451792
2021-12-16,SPY,472.57000732421875,472.8699951171875,464.79998779296875,466.45001220703125,437.3551330566406,116568600,-0.008818667714243777
2021-12-17,SPY,461.54998779296875,464.739990234375,458.05999755859375,459.8699951171875,432.700439453125,135511600,-0.010642823764258402
2021-12-20,SPY,454.4800109863281,455.3999938964844,451.1400146484375,454.9800109863281,428.0994567871094,107134800,-0.010633182327779989
2021-12-21,SPY,458.6099853515625,463.2099914550781,456.30999755859375,463.05999755859375,435.7020263671875,69806300,0.017758886304447774
2021-12-22,SPY,462.7900085449219,467.80999755859375,462.5799865722656,467.69000244140625,440.0584716796875,58890200,0.009998680402804938
2021-12-23,SPY,468.75,472.19000244140625,468.6400146484375,470.6000061035156,442.7965393066406,56439700,0.006222054120449183
2021-12-27,SPY,472.05999755859375,477.30999755859375,472.010009765625,477.260009765625,449.0630187988281,56808600,0.014152051644305885
2021-12-28,SPY,477.7200012207031,478.80999755859375,476.05999755859375,476.8699951171875,448.696044921875,47274600,-0.0008171990602449108
2021-12-29,SPY,476.9800109863281,478.55999755859375,475.9200134277344,477.4800109863281,449.27008056640625,54503000,0.0012793418864014416
2021-12-30,SPY,477.92999267578125,479.0,475.6700134277344,476.1600036621094,448.0281066894531,55329000,-0.0027644259670871474
2021-12-31,SPY,475.6400146484375,476.8599853515625,474.6700134277344,474.9599914550781,446.8988342285156,65237400,-0.0025205393234853934
2022-01-03,SPY,476.29998779296875,477.8500061035156,473.8500061035156,477.7099914550781,449.4864501953125,72668200,0.00579016047617098
2022-01-04,SPY,479.2200012207031,479.9800109863281,475.5799865722656,477.54998779296875,449.3359375,71178700,-0.00033485479984340927
2022-01-05,SPY,477.1600036621094,477.9800109863281,468.2799987792969,468.3800048828125,440.70770263671875,104538900,-0.019202191819525316
2022-01-06,SPY,467.8900146484375,470.82000732421875,465.42999267578125,467.94000244140625,440.29364013671875,86858900,-0.0009395399661106252
2022-01-07,SPY,467.95001220703125,469.20001220703125,464.6499938964844,466.0899963378906,438.552978515625,85111600,-0.003953410775030197
2022-01-10,SPY,462.70001220703125,465.739990234375,456.6000061035156,465.510009765625,438.0072021484375,119362000,-0.001244493582131856
2022-01-11,SPY,465.2300109863281,469.8500061035156,462.04998779296875,469.75,441.99676513671875,74303100,0.009108441524962041
2022-01-12,SPY,471.5899963378906,473.20001220703125,468.94000244140625,471.0199890136719,443.1916809082031,67605400,0.0027034491329698263
2022-01-13,SPY,472.19000244140625,472.8800048828125,463.44000244140625,464.5299987792969,437.08514404296875,91173100,-0.01377854578118587
2022-01-14,SPY,461.19000244140625,465.0899963378906,459.8999938964844,464.7200012207031,437.2638854980469,95890900,0.00040893967116972796
2022-01-18,SPY,459.739990234375,459.9599914550781,455.30999755859375,456.489990234375,429.5201416015625,109709100,-0.017709543717895238
2022-01-19,SPY,458.1300048828125,459.6099853515625,451.4599914550781,451.75,425.0602111816406,109357600,-0.010383518694355054
2022-01-20,SPY,453.75,458.739990234375,444.5,446.75,420.3555908203125,122379700,-0.011068126909007936
2022-01-21,SPY,445.55999755859375,448.05999755859375,437.95001220703125,437.9800109863281,412.1037902832031,202271200,-0.019630524054661036
2022-01-24,SPY,432.0299987792969,440.3800048828125,420.760009765625,439.8399963378906,413.8538513183594,251783900,0.004246651150559888
2022-01-25,SPY,433.05999755859375,439.7200012207031,427.1499938964844,434.4700012207031,408.8011474609375,167997300,-0.012208908631214044
2022-01-26,SPY,440.7200012207031,444.0400085449219,428.8599853515625,433.3800048828125,407.7754821777344,186391100,-0.0025089589145567137
2022-01-27,SPY,438.260009765625,441.5899963378906,429.45001220703125,431.239990234375,405.7619934082031,149878300,-0.0049377386761415565
2022-01-28,SPY,432.67999267578125,442.0,427.82000732421875,441.95001220703125,415.8392028808594,164457400,0.024835271997785124
2022-01-31,SPY,441.239990234375,450.2799987792969,439.80999755859375,449.9100036621094,423.3288879394531,152251400,0.018011012445932284
2022-02-01,SPY,450.67999267578125,453.6300048828125,446.94000244140625,452.95001220703125,426.1893005371094,123155400,0.006756951106217324
2022-02-02,SPY,455.5,458.1199951171875,453.04998779296875,457.3500061035156,430.3293151855469,117361000,0.009714027647385715
2022-02-03,SPY,450.95001220703125,452.9700012207031,445.7099914550781,446.6000061035156,420.2144470214844,118024400,-0.023504947971534795
2022-02-04,SPY,446.3500061035156,452.7799987792969,443.8299865722656,448.70001220703125,422.19036865234375,118454400,0.00470217443704013
2022-02-07,SPY,449.510009765625,450.989990234375,445.8500061035156,447.260009765625,420.83544921875,84472900,-0.0032092618264095707
2022-02-08,SPY,446.7300109863281,451.9200134277344,445.2200012207031,450.94000244140625,424.29803466796875,81012000,0.008227884451385448
2022-02-09,SPY,455.2200012207031,457.8800048828125,455.010009765625,457.5400085449219,430.50811767578125,92589900,0.01463613427451338
2022-02-10,SPY,451.3399963378906,457.7099914550781,447.20001220703125,449.32000732421875,422.7737731933594,140103700,-0.0179656182191823
2022-02-11,SPY,449.4100036621094,451.6099853515625,438.94000244140625,440.4599914550781,414.4371643066406,153214600,-0.01971884117538658
2022-02-14,SPY,439.9200134277344,441.6000061035156,435.3399963378906,439.0199890136719,413.082275390625,123006300,-0.0032692263935412136
2022-02-15,SPY,443.7300109863281,446.2799987792969,443.17999267578125,446.1000061035156,419.7439270019531,88482700,0.016126694385588447
2022-02-16,SPY,443.92999267578125,448.05999755859375,441.94000244140625,446.6000061035156,420.2144470214844,84863600,0.00112096921304361
2022-02-17,SPY,443.2200012207031,446.57000732421875,436.4200134277344,437.05999755859375,411.23809814453125,102259100,-0.0213613523775259
2022-02-18,SPY,437.3299865722656,438.6600036621094,431.82000732421875,434.2300109863281,408.57525634765625,132642900,-0.006475182646961675
2022-02-22,SPY,431.8900146484375,435.5,425.8599853515625,429.57000732421875,404.1906433105469,124391800,-0.010731469830807638
2022-02-23,SPY,432.6600036621094,433.260009765625,421.3500061035156,421.95001220703125,397.0208740234375,132578000,-0.017738583031969624
2022-02-24,SPY,411.0199890136719,428.760009765625,410.6400146484375,428.29998779296875,402.9956359863281,213942900,0.015048986977288958
2022-02-25,SPY,429.6099853515625,437.8399963378906,427.8599853515625,437.75,411.8872985839844,121804500,0.022063917828524238
2022-02-28,SPY,432.0299987792969,438.20001220703125,430.70001220703125,436.6300048828125,410.83349609375,145615000,-0.0025584728974581417
2022-03-01,SPY,435.0400085449219,437.1700134277344,427.1099853515625,429.9800109863281,404.57635498046875,137785900,-0.01523035773074699
2022-03-02,SPY,432.3699951171875,439.7200012207031,431.57000732421875,437.8900146484375,412.0190124511719,117726500,0.018396175107817214
2022-03-03,SPY,440.4700012207031,441.1099853515625,433.79998779296875,435.7099914550781,409.96783447265625,105501700,-0.0049783575915898215
2022-03-04,SPY,431.75,433.3699951171875,427.8800048828125,432.1700134277344,406.6371154785156,113978200,-0.008124342238763571
2022-03-07,SPY,431.54998779296875,432.29998779296875,419.3599853515625,419.42999267578125,394.6497497558594,137896600,-0.02947927099214731
2022-03-08,SPY,419.6199951171875,427.2099914550781,415.1199951171875,416.25,391.6575927734375,164772700,-0.007581803825475353
2022-03-09,SPY,425.1400146484375,429.510009765625,422.82000732421875,427.4100036621094,402.158203125,116990800,0.026810690116345626
2022-03-10,SPY,422.5199890136719,426.42999267578125,420.44000244140625,425.4800109863281,400.34228515625,93972700,-0.004515431873922449
2022-03-11,SPY,428.1199951171875,428.7699890136719,419.5299987792969,420.07000732421875,395.251953125,95636300,-0.012714949731735925
2022-03-14,SPY,420.8900146484375,424.54998779296875,415.7900085449219,417.0,392.3633117675781,95729200,-0.007308354416931451
2022-03-15,SPY,419.7699890136719,426.8399963378906,418.4200134277344,426.1700134277344,400.9915466308594,106219100,0.021990422153415512
2022-03-16,SPY,429.8900146484375,435.67999267578125,424.79998779296875,435.6199951171875,409.8831787109375,144954800,0.022174113531284734
2022-03-17,SPY,433.5899963378906,441.07000732421875,433.19000244140625,441.07000732421875,415.0111999511719,102676900,0.012510933618602671
2022-03-18,SPY,438.0,444.8599853515625,437.2200012207031,444.5199890136719,419.55670166015625,106345500,0.010952720576020925
2022-03-21,SPY,444.3399963378906,446.4599914550781,440.67999267578125,444.3900146484375,419.4339904785156,88349800,-0.00029247818269872994
2022-03-22,SPY,445.8599853515625,450.5799865722656,445.8599853515625,449.5899963378906,424.34197998046875,74650400,0.0117014586642199
2022-03-23,SPY,446.9100036621094,448.489990234375,443.7099914550781,443.79998779296875,418.8771667480469,79426100,-0.012878323357668697
2022-03-24,SPY,445.94000244140625,450.5,444.760009765625,450.489990234375,425.19146728515625,64736900,0.01507434885059622
2022-03-25,SPY,451.1600036621094,452.9800109863281,448.42999267578125,452.69000244140625,427.26788330078125,77101300,0.0048834846778156304
2022-03-28,SPY,452.05999755859375,455.9100036621094,450.05999755859375,455.9100036621094,430.30706787109375,68529800,0.007113065805072427
2022-03-29,SPY,460.0199890136719,462.07000732421875,457.17999267578125,461.54998779296875,435.63031005859375,86581500,0.012370798866577548
2022-03-30,SPY,460.3399963378906,461.20001220703125,456.4700012207031,458.70001220703125,432.94036865234375,79666900,-0.006174826094832997
2022-03-31,SPY,457.8900146484375,458.760009765625,451.1600036621094,451.6400146484375,426.2769470214844,121699900,-0.015391084115351172
2022-04-01,SPY,453.30999755859375,453.4599914550781,449.1400146484375,452.9200134277344,427.4849853515625,89048800,0.0028339283616414246
2022-04-04,SPY,453.1300048828125,456.9100036621094,452.260009765625,456.79998779296875,431.1471862792969,59601000,0.008566852762612376
2022-04-05,SPY,455.2200012207031,457.8299865722656,449.82000732421875,451.0299987792969,425.70111083984375,74214500,-0.012631592209731313
2022-04-06,SPY,446.8900146484375,448.92999267578125,443.4700012207031,446.5199890136719,421.4443664550781,106898000,-0.009999373448586257
2022-04-07,SPY,445.5899963378906,450.69000244140625,443.5299987792969,448.7699890136719,423.5679931640625,78097200,0.005038925367177205
2022-04-08,SPY,447.9700012207031,450.6300048828125,445.94000244140625,447.57000732421875,422.43548583984375,79272700,-0.0026737320630836336
2022-04-11,SPY,444.1099853515625,445.0,439.3900146484375,439.9200134277344,415.2150573730469,89770500,-0.01709238146137737
2022-04-12,SPY,443.0799865722656,445.75,436.6499938964844,438.2900085449219,413.6766052246094,84363600,-0.0037051935403568104
2022-04-13,SPY,438.0299987792969,444.1099853515625,437.8399963378906,443.30999755859375,418.41461181640625,74070400,0.011453407159015772
2022-04-14,SPY,443.54998779296875,444.7300109863281,437.67999267578125,437.7900085449219,413.2046203613281,97869500,-0.012451743576689878
2022-04-18,SPY,436.80999755859375,439.75,435.6099853515625,437.9700012207031,413.37457275390625,66002500,0.0004113032241253034
2022-04-19,SPY,437.8599853515625,445.79998779296875,437.67999267578125,445.0400085449219,420.0475158691406,77821000,0.016142606621348587
2022-04-20,SPY,446.9200134277344,447.57000732421875,443.4800109863281,444.7099914550781,419.73602294921875,65224400,-0.0007415659137451902
2022-04-21,SPY,448.5400085449219,450.010009765625,437.1000061035156,438.05999755859375,413.4595031738281,85417300,-0.014953493224835746
2022-04-22,SPY,436.9100036621094,438.0799865722656,425.44000244140625,426.0400085449219,402.11456298828125,132471800,-0.027439060170246443
2022-04-25,SPY,423.6700134277344,428.69000244140625,418.8399963378906,428.510009765625,404.44580078125,119647700,0.005797446816261376
2022-04-26,SPY,425.8299865722656,426.0400085449219,416.07000732421875,416.1000061035156,392.7327575683594,103996300,-0.028960724008668337
2022-04-27,SPY,417.239990234375,422.9200134277344,415.010009765625,417.2699890136719,393.83697509765625,122030000,0.0028116257379031673
2022-04-28,SPY,422.2900085449219,429.6400146484375,417.6000061035156,427.80999755859375,403.7850646972656,105449100,0.025259409930067145
2022-04-29,SPY,423.5899963378906,425.8699951171875,411.2099914550781,412.0,388.8629455566406,145491100,-0.03695559951384708
2022-05-02,SPY,412.07000732421875,415.9200134277344,405.0199890136719,414.4800109863281,391.2037658691406,158312500,0.006019653811831338
2022-05-03,SPY,415.010009765625,418.92999267578125,413.3599853515625,416.3800048828125,392.9969482421875,100028200,0.004583755396789124
2022-05-04,SPY,417.0799865722656,429.6600036621094,413.7099914550781,429.05999755859375,404.9649353027344,144247900,0.030453129761128572
2022-05-05,SPY,424.54998779296875,425.0,409.44000244140625,413.80999755859375,390.5712585449219,172929100,-0.0355430199087543
2022-05-06,SPY,411.1000061035156,414.79998779296875,405.7300109863281,411.3399963378906,388.2400817871094,151770800,-0.005968633653426814
2022-05-09,SPY,405.1000061035156,406.4100036621094,396.5,398.1700134277344,375.8096618652344,155586100,-0.03201735344958845
2022-05-10,SPY,404.489990234375,406.0799865722656,394.82000732421875,399.0899963378906,376.6780090332031,132497200,0.0023106036275355457
2022-05-11,SPY,398.07000732421875,404.0400085449219,391.9599914550781,392.75,370.69403076171875,142361000,-0.015886189604864653
2022-05-12,SPY,389.3699951171875,395.79998779296875,385.1499938964844,392.3399963378906,370.30706787109375,125090800,-0.001043887569027846
2022-05-13,SPY,396.7099914550781,403.17999267578125,395.6099853515625,401.7200012207031,379.1602783203125,104174400,0.02390775444853399
2022-05-16,SPY,399.9800109863281,403.9700012207031,397.6000061035156,400.0899963378906,377.6218566894531,78622400,-0.004057444091123186
2022-05-17,SPY,406.5299987792969,408.57000732421875,402.5799865722656,408.32000732421875,385.3896179199219,83029700,0.020570210894484298
2022-05-18,SPY,403.5,403.79998779296875,390.54998779296875,391.8599853515625,369.85394287109375,117674500,-0.04031160759513819
2022-05-19,SPY,388.6199951171875,394.1400146484375,387.1099853515625,389.4599914550781,367.5887756347656,98510700,-0.006124491248475361
2022-05-20,SPY,393.25,397.0299987792969,380.5400085449219,389.6300048828125,367.74920654296875,131432200,0.0004364412594646261
2022-05-23,SPY,392.8299865722656,397.7300109863281,390.3800048828125,396.9200134277344,374.6299133300781,76414900,0.018710323950910768
2022-05-24,SPY,392.55999755859375,395.1499938964844,386.9599914550781,393.8900146484375,371.77001953125,91448800,-0.007633917359685993
2022-05-25,SPY,392.30999755859375,399.45001220703125,391.8900146484375,397.3699951171875,375.0545959472656,91472900,0.008834968511331365
2022-05-26,SPY,398.6700134277344,407.0400085449219,398.45001220703125,405.30999755859375,382.5486755371094,82168300,0.01998130317778446
2022-05-27,SPY,407.9100036621094,415.3800048828125,407.70001220703125,415.260009765625,391.9399719238281,84768700,0.02454928480286367
2022-05-31,SPY,413.54998779296875,416.4599914550781,410.0299987792969,412.92999267578125,389.7407531738281,95937000,-0.005611111158693949
2022-06-01,SPY,415.1700134277344,416.239990234375,406.92999267578125,409.5899963378906,386.5882873535156,86585800,-0.008088622487231856
2022-06-02,SPY,409.4200134277344,417.44000244140625,407.0400085449219,417.3900146484375,393.9503173828125,79609600,0.019043593068210685
2022-06-03,SPY,412.3999938964844,414.0400085449219,409.510009765625,410.5400085449219,387.4849853515625,71874300,-0.0164115416233247
2022-06-06,SPY,414.7799987792969,416.6099853515625,410.54998779296875,411.7900085449219,388.6648254394531,57508900,0.003044866594818174
2022-06-07,SPY,408.1000061035156,416.2200012207031,407.6099853515625,415.739990234375,392.3929138183594,59272400,0.009592039554109366
2022-06-08,SPY,413.92999267578125,415.82000732421875,410.3800048828125,411.2200012207031,388.1267395019531,64350000,-0.01087220020079438
2022-06-09,SPY,409.3399963378906,411.739990234375,401.44000244140625,401.44000244140625,378.8959655761719,86289800,-0.023782885811027166
2022-06-10,SPY,394.8800048828125,395.7799987792969,389.75,389.79998779296875,367.9096374511719,132893900,-0.02899563237178715
2022-06-13,SPY,379.8500061035156,381.80999755859375,373.29998779296875,375.0,353.9408264160156,170004900,-0.037968048708727165
2022-06-14,SPY,376.8500061035156,377.94000244140625,370.5899963378906,373.8699951171875,352.874267578125,104011800,-0.003013381781046709
2022-06-15,SPY,377.3599853515625,383.8999938964844,372.1199951171875,379.20001220703125,357.9049377441406,125666800,0.014256268105188097
2022-06-16,SPY,370.510009765625,370.94000244140625,364.0799865722656,366.6499938964844,346.0597229003906,134473300,-0.033095980509265654
2022-06-17,SPY,365.510009765625,369.3800048828125,362.1700134277344,365.8599853515625,346.8056945800781,111113900,0.0021556154337620814
2022-06-21,SPY,371.8900146484375,376.5299987792969,371.80999755859375,375.07000732421875,355.5361022949219,76811900,0.025173772666607253
2022-06-22,SPY,370.6199951171875,378.7200012207031,370.17999267578125,374.3900146484375,354.8915100097656,90059400,-0.001813014996214224
2022-06-23,SPY,376.6400146484375,378.8299865722656,372.8900146484375,378.05999755859375,358.3703918457031,79292100,0.009802662892222314
2022-06-24,SPY,381.3999938964844,390.0899963378906,381.3699951171875,390.0799865722656,369.7643127441406,98050300,0.03179370047775376
2022-06-27,SPY,391.04998779296875,391.3599853515625,387.44000244140625,388.5899963378906,368.35198974609375,66009600,-0.003819522191218394
2022-06-28,SPY,390.2300109863281,393.1600036621094,380.5299987792969,380.6499938964844,360.8254699707031,86548900,-0.02043295539296175
2022-06-29,SPY,381.2300109863281,382.2699890136719,378.4200134277344,380.3399963378906,360.5316162109375,65676000,-0.0008143930631878682
2022-06-30,SPY,376.239990234375,380.6600036621094,372.55999755859375,377.25,357.6025085449219,112508300,-0.00812441276801057
2022-07-01,SPY,376.55999755859375,381.70001220703125,373.79998779296875,381.239990234375,361.3847351074219,74839700,0.01057662200941989
2022-07-05,SPY,375.8800048828125,381.9800109863281,372.8999938964844,381.9599914550781,362.0672912597656,81438000,0.0018887243594858383
2022-07-06,SPY,382.1099853515625,385.8699951171875,379.6000061035156,383.25,363.2900695800781,70426200,0.0033772128823290615
2022-07-07,SPY,385.1199951171875,389.8299865722656,383.2699890136719,388.989990234375,368.7311096191406,64525900,0.014977122951232102
2022-07-08,SPY,387.2699890136719,390.6400146484375,385.6600036621094,388.6700134277344,368.42779541015625,72397800,-0.0008225891471367319
2022-07-11,SPY,385.8500061035156,386.8699951171875,383.5,384.2300109863281,364.218994140625,58366900,-0.011423680085933086
2022-07-12,SPY,383.6499938964844,386.1600036621094,378.989990234375,380.8299865722656,360.9960632324219,62219200,-0.008848882018928306
2022-07-13,SPY,375.1000061035156,381.9200134277344,374.6600036621094,378.8299865722656,359.1002197265625,84224600,-0.0052517013312656236
2022-07-14,SPY,373.6099853515625,379.04998779296875,371.0400085449219,377.9100036621094,358.2281799316406,89704800,-0.0024284022872107514
2022-07-15,SPY,382.54998779296875,385.25,380.5400085449219,385.1300048828125,365.0722351074219,79060400,0.019105295337422223
2022-07-18,SPY,388.3800048828125,389.0899963378906,380.6600036621094,381.95001220703125,362.05780029296875,63203600,-0.008257091404297423
2022-07-19,SPY,386.0799865722656,392.8699951171875,385.3900146484375,392.2699890136719,371.8403015136719,78506000,0.02701916990267117
2022-07-20,SPY,392.4700012207031,396.260009765625,391.0299987792969,394.7699890136719,374.2101135253906,71843800,0.00637319839208339
2022-07-21,SPY,394.1600036621094,398.8399963378906,391.6300048828125,398.7900085449219,378.02069091796875,64903900,0.010182988793860037
2022-07-22,SPY,398.9200134277344,400.17999267578125,392.75,395.0899963378906,374.513427734375,72197300,-0.009277966174488617
2022-07-25,SPY,395.75,396.4700012207031,393.2099914550781,395.57000732421875,374.96844482421875,53631500,0.001214955342446311
2022-07-26,SPY,393.8399963378906,394.05999755859375,389.95001220703125,390.8900146484375,370.5322265625,52946400,-0.011830910901845071
2022-07-27,SPY,394.3599853515625,402.8800048828125,394.04998779296875,401.0400085449219,380.153564453125,82342100,0.025966264742702805
2022-07-28,SPY,401.8900146484375,406.79998779296875,398.1499938964844,406.07000732421875,384.9215393066406,73966600,0.012542233716457796
2022-07-29,SPY,407.5799865722656,413.0299987792969,406.7699890136719,411.989990234375,390.53326416015625,87003700,0.014578879798787137
2022-08-01,SPY,409.1499938964844,413.4100036621094,408.3999938964844,410.7699890136719,389.37677001953125,69997500,-0.002961320447598892
2022-08-02,SPY,409.1199951171875,413.0,406.82000732421875,408.05999755859375,386.8080139160156,63435400,-0.006597096440516426
2022-08-03,SPY,410.29998779296875,415.67999267578125,410.0,414.45001220703125,392.8651123046875,67820600,0.01565918536007116
2022-08-04,SPY,414.3699951171875,415.0899963378906,412.44000244140625,414.1700134277344,392.5997619628906,45656600,-0.0006754235321131397
2022-08-05,SPY,409.6600036621094,414.1499938964844,409.6000061035156,413.4700012207031,391.9361572265625,56814900,-0.001690283083744859
2022-08-08,SPY,415.25,417.6199951171875,411.8299865722656,412.989990234375,391.4812316894531,53886100,-0.001160713368035582
2022-08-09,SPY,412.2200012207031,412.75,410.2200012207031,411.3500061035156,389.9266052246094,44931800,-0.003971139199022922
2022-08-10,SPY,418.7799987792969,420.1400146484375,416.7200012207031,419.989990234375,398.1165771484375,68665700,0.021003880766511163
2022-08-11,SPY,422.989990234375,424.95001220703125,419.2099914550781,419.989990234375,398.1165771484375,59489700,0.0
2022-08-12,SPY,422.0299987792969,427.2099914550781,421.0299987792969,427.1000061035156,404.8563232421875,61694500,0.016929076759436557
2022-08-15,SPY,424.7699890136719,429.4100036621094,424.7099914550781,428.8599853515625,406.5246276855469,54048300,0.004120732090829637
2022-08-16,SPY,427.7300109863281,431.7300109863281,426.8800048828125,429.70001220703125,407.3210144042969,59289000,0.001959012233241575
2022-08-17,SPY,425.9100036621094,429.5,424.5400085449219,426.6499938964844,404.4297180175781,63563400,-0.007098323642710236
2022-08-18,SPY,426.8599853515625,428.6099853515625,425.5,427.8900146484375,405.6051330566406,49023200,0.0029063518003180633
2022-08-19,SPY,424.9800109863281,425.260009765625,421.2200012207031,422.1400146484375,400.1546630859375,68016900,-0.013437872271557239
2022-08-22,SPY,417.04998779296875,417.2300109863281,412.3999938964844,413.3500061035156,391.8224182128906,77695600,-0.020822560978771887
2022-08-23,SPY,412.8999938964844,415.4200134277344,411.7699890136719,412.3500061035156,390.8746032714844,49105200,-0.002418991097368206
2022-08-24,SPY,412.1099853515625,415.1099853515625,411.3900146484375,413.6700134277344,392.1257629394531,49177800,0.0032009234099554806
2022-08-25,SPY,415.239990234375,419.55999755859375,414.0899963378906,419.510009765625,397.66162109375,50942300,0.014117557879387954
2022-08-26,SPY,419.3900146484375,419.9599914550781,405.25,405.30999755859375,384.201171875,103087000,-0.03384900253066325
2022-08-29,SPY,402.20001220703125,405.8399963378906,401.20001220703125,402.6300048828125,381.6607666015625,65370800,-0.006612174713157892
2022-08-30,SPY,403.8500061035156,404.1000061035156,396.0,398.2099914550781,377.4709167480469,85652400,-0.010977942246522931
2022-08-31,SPY,399.92999267578125,401.239990234375,395.0400085449219,395.17999267578125,374.5987243652344,76029700,-0.007609042857014692
2022-09-01,SPY,392.8900146484375,396.7799987792969,390.0400085449219,396.4200134277344,375.77410888671875,78740100,0.003137716294886239
2022-09-02,SPY,400.2799987792969,401.55999755859375,390.3299865722656,392.239990234375,371.81182861328125,99632100,-0.010544314202956317
2022-09-06,SPY,393.1300048828125,394.1199951171875,388.4200134277344,390.760009765625,370.4089660644531,76637400,-0.003773044429652206
2022-09-07,SPY,390.42999267578125,398.5899963378906,390.20001220703125,397.7799987792969,377.0633239746094,70964200,0.01796489426500103
2022-09-08,SPY,395.3900146484375,400.8599853515625,394.1199951171875,400.3800048828125,379.5279541015625,80821700,0.0065363825390747365
2022-09-09,SPY,402.739990234375,407.510009765625,402.4599914550781,406.6000061035156,385.42401123046875,76706900,0.015535238090336856
2022-09-12,SPY,408.7799987792969,411.7300109863281,408.4599914550781,410.9700012207031,389.5664367675781,69256300,0.010747710096951746
2022-09-13,SPY,401.8299865722656,403.1000061035156,391.9200134277344,393.1000061035156,372.6271057128906,122947100,-0.04348252173683487
2022-09-14,SPY,394.4700012207031,396.20001220703125,391.1199951171875,394.6000061035156,374.0489807128906,85023700,0.0038158120496354364
2022-09-15,SPY,392.9599914550781,395.9599914550781,388.7799987792969,390.1199951171875,369.80230712890625,87633800,-0.011353255330066037
2022-09-16,SPY,384.1400146484375,386.25,382.1099853515625,385.55999755859375,366.9810791015625,103084800,-0.007629016836718461
2022-09-19,SPY,382.260009765625,388.54998779296875,382.17999267578125,388.54998779296875,369.82696533203125,73278500,0.0077548581998723165
2022-09-20,SPY,385.05999755859375,386.1199951171875,381.20001220703125,384.0899963378906,365.5819091796875,77274900,-0.01147849278251667
2022-09-21,SPY,386.1099853515625,389.30999755859375,377.3800048828125,377.3900146484375,359.204833984375,106746600,-0.017443629006757222
2022-09-22,SPY,376.5799865722656,378.29998779296875,373.44000244140625,374.2200012207031,356.1875915527344,89472600,-0.008399782369777009
2022-09-23,SPY,370.5799865722656,370.6199951171875,363.2900085449219,367.95001220703125,350.2196960449219,122346900,-0.01675492254459665
2022-09-26,SPY,366.4100036621094,370.2099914550781,363.0299987792969,364.30999755859375,346.75506591796875,92581200,-0.009892733521499997
2022-09-27,SPY,368.0199890136719,370.3999938964844,360.8699951171875,363.3800048828125,345.86993408203125,108294100,-0.0025526140003010456
2022-09-28,SPY,364.3800048828125,372.29998779296875,362.6000061035156,370.5299987792969,352.67529296875,110802200,0.019676063791959075
2022-09-29,SPY,366.80999755859375,367.1099853515625,359.70001220703125,362.7900085449219,345.3082580566406,112952300,-0.020889002033840143
2022-09-30,SPY,361.79998779296875,365.9100036621094,357.0400085449219,357.17999267578125,339.9685974121094,153711200,-0.015463460603526546
2022-10-03,SPY,361.0799865722656,368.54998779296875,359.2099914550781,366.6099853515625,348.9441833496094,89756500,0.026401220600442032
2022-10-04,SPY,372.3999938964844,378.0,366.57000732421875,377.9700012207031,359.75677490234375,103602800,0.03098659346873589
2022-10-05,SPY,373.3900146484375,379.4599914550781,370.95001220703125,377.0899963378906,358.9192199707031,88065700,-0.0023281144097091477
2022-10-06,SPY,375.6199951171875,378.7200012207031,372.67999267578125,373.20001220703125,355.2167053222656,82333500,-0.010315732461303462
2022-10-07,SPY,368.9700012207031,373.2900085449219,360.94000244140625,362.7900085449219,345.3082580566406,107789500,-0.027894091457876913
2022-10-10,SPY,363.9599914550781,364.2099914550781,357.6700134277344,360.0199890136719,342.67181396484375,76042800,-0.007635045007711394
2022-10-11,SPY,358.239990234375,363.0299987792969,355.7099914550781,357.739990234375,340.5015869140625,92482800,-0.006333252290787739
2022-10-12,SPY,358.1700134277344,359.82000732421875,356.29998779296875,356.55999755859375,339.3785095214844,76991800,-0.003298302961687982
2022-10-13,SPY,349.2099914550781,367.510009765625,348.1099853515625,365.9700012207031,348.33502197265625,147254500,0.026390923997516413
2022-10-14,SPY,368.54998779296875,370.260009765625,356.9599914550781,357.6300048828125,340.3970031738281,123737000,-0.02278846024116188
2022-10-17,SPY,364.010009765625,367.9800109863281,357.2799987792969,366.82000732421875,349.1441345214844,93168200,0.025696851811557897
2022-10-18,SPY,375.1300048828125,375.45001220703125,367.5199890136719,371.1300048828125,353.24639892578125,97162900,0.011749486812714816
2022-10-19,SPY,368.989990234375,371.8500061035156,365.54998779296875,368.5,350.7431945800781,79746900,-0.0070862841158900736
2022-10-20,SPY,368.0299987792969,372.6700134277344,364.6099853515625,365.4100036621094,347.8020935058594,88283100,-0.00838534038483607
2022-10-21,SPY,365.1199951171875,374.79998779296875,363.5400085449219,374.2900085449219,356.254150390625,131038400,0.024301339878574524
2022-10-24,SPY,375.8900146484375,380.05999755859375,373.1099853515625,378.8699951171875,360.6134033203125,85436900,0.012236356895513056
2022-10-25,SPY,378.7900085449219,385.25,378.6700134277344,384.9200134277344,366.3719482421875,78846300,0.01596874899505618
2022-10-26,SPY,381.6199951171875,387.5799865722656,381.3500061035156,382.0199890136719,363.6116638183594,104087300,-0.007534104172198908
2022-10-27,SPY,383.07000732421875,385.0,379.3299865722656,379.9800109863281,361.66998291015625,81971800,-0.005339985213381637
2022-10-28,SPY,379.8699951171875,389.5199890136719,379.67999267578125,389.0199890136719,370.2743835449219,100302000,0.02379075135163511
2022-10-31,SPY,386.44000244140625,388.3999938964844,385.260009765625,386.2099914550781,367.59979248046875,96631300,-0.0072232678881191115
2022-11-01,SPY,390.1400146484375,390.3900146484375,383.2900085449219,384.5199890136719,365.99114990234375,85407600,-0.004376070419600309
2022-11-02,SPY,383.8999938964844,388.6300048828125,374.760009765625,374.8699951171875,356.80615234375,126990400,-0.025096228586523384
2022-11-03,SPY,371.4700012207031,374.20001220703125,368.7900085449219,371.010009765625,353.1322021484375,87100100,-0.010296768066299977
2022-11-04,SPY,377.0,378.8699951171875,370.0,376.3500061035156,358.21490478515625,103505200,0.014393200636463765
2022-11-07,SPY,377.7099914550781,380.57000732421875,375.5299987792969,379.95001220703125,361.6413879394531,68286900,0.00956543993151815
2022-11-08,SPY,381.1099853515625,385.1199951171875,377.7200012207031,382.0,363.5926208496094,84641100,0.005395491155683052
2022-11-09,SPY,379.92999267578125,381.1400146484375,373.6099853515625,374.1300048828125,356.1018371582031,78495500,-0.02060213343687367
2022-11-10,SPY,388.04998779296875,395.0400085449219,385.6400146484375,394.69000244140625,375.6711120605469,141455800,0.05495415316728569
2022-11-11,SPY,395.5899963378906,399.3500061035156,393.6099853515625,398.510009765625,379.30706787109375,93839900,0.009678561097242078
2022-11-14,SPY,396.6600036621094,400.17999267578125,394.8299865722656,395.1199951171875,376.0804138183594,71903500,-0.008506706903312788
2022-11-15,SPY,401.1499938964844,402.30999755859375,394.489990234375,398.489990234375,379.2879943847656,93194500,0.008528975316314913
2022-11-16,SPY,396.7799987792969,397.7799987792969,394.7900085449219,395.45001220703125,376.39459228515625,68508500,-0.007628509582283782
2022-11-17,SPY,390.4599914550781,394.95001220703125,390.1400146484375,394.239990234375,375.2428283691406,74496300,-0.0030599906046021585
2022-11-18,SPY,397.739990234375,397.80999755859375,393.0400085449219,396.0299987792969,376.946533203125,92922500,0.004540272871806472
2022-11-21,SPY,394.6400146484375,395.82000732421875,392.6600036621094,394.5899963378906,375.5758972167969,51243200,-0.0036361549068539833
2022-11-22,SPY,396.6300048828125,400.07000732421875,395.1499938964844,399.8999938964844,380.6300964355469,60429000,0.013457198015645044
2022-11-23,SPY,399.54998779296875,402.92999267578125,399.30999755859375,402.4200134277344,383.0286560058594,68261600,0.006301549963531716
2022-11-25,SPY,401.8299865722656,402.9100036621094,401.5400085449219,402.3299865722656,382.9430236816406,30545400,-0.00022356636475118208
2022-11-28,SPY,399.0899963378906,400.80999755859375,395.1099853515625,395.9100036621094,376.8323974609375,67881600,-0.015957011468586524
2022-11-29,SPY,396.04998779296875,397.29998779296875,393.29998779296875,395.2300109863281,376.1850891113281,52310000,-0.0017177619386520293
2022-11-30,SPY,395.489990234375,407.67999267578125,393.4800109863281,407.67999267578125,388.0351867675781,144566700,0.031500710685380406
2022-12-01,SPY,408.7699890136719,410.0,404.75,407.3800048828125,387.7496643066406,76398200,-0.00073581590194427
2022-12-02,SPY,402.25,407.8599853515625,402.1400146484375,406.9100036621094,387.3022766113281,85342700,-0.001153805500031857
2022-12-05,SPY,403.95001220703125,404.92999267578125,398.1700134277344,399.5899963378906,380.3349914550781,77289800,-0.01798926982100324
2022-12-06,SPY,399.4200134277344,399.989990234375,391.6400146484375,393.8299865722656,374.8525390625,77972200,-0.014414798837213083
2022-12-07,SPY,392.94000244140625,395.6400146484375,391.9700012207031,393.1600036621094,374.21484375,65927900,-0.0017011897907771578
2022-12-08,SPY,395.1400146484375,397.3599853515625,393.2699890136719,396.239990234375,377.1464538574219,60737900,0.007834029452290725
2022-12-09,SPY,394.94000244140625,397.6199951171875,393.1499938964844,393.2799987792969,374.32916259765625,81447700,-0.007470019221844981
2022-12-12,SPY,394.1099853515625,398.95001220703125,393.4100036621094,398.95001220703125,379.7259216308594,75405800,0.014417148254633139
2022-12-13,SPY,410.2200012207031,410.489990234375,399.07000732421875,401.9700012207031,382.60040283203125,123782500,0.007569884059603904
2022-12-14,SPY,401.6099853515625,405.5,396.30999755859375,399.3999938964844,380.1541442871094,108111300,-0.0063937688690720584
2022-12-15,SPY,394.29998779296875,395.25,387.8900146484375,389.6300048828125,370.8550109863281,117705900,-0.024461480798057877
2022-12-16,SPY,385.17999267578125,386.5799865722656,381.0400085449219,383.2699890136719,366.47662353515625,119858000,-0.011806197358711912
2022-12-19,SPY,383.4700012207031,383.82000732421875,378.2799987792969,380.0199890136719,363.3689880371094,79878100,-0.008479764597451256
2022-12-20,SPY,379.2300109863281,382.2300109863281,377.8500061035156,380.5400085449219,363.8661804199219,74427200,0.0013682851293894682
2022-12-21,SPY,383.25,387.4100036621094,382.69000244140625,386.2300109863281,369.3070068359375,78167400,0.014952822517708686
2022-12-22,SPY,383.04998779296875,386.2099914550781,374.7699890136719,380.7200012207031,364.0384216308594,100120900,-0.014266139302953063
2022-12-23,SPY,379.6499938964844,383.05999755859375,378.0299987792969,382.9100036621094,366.13238525390625,59857300,0.005752040165612593
2022-12-27,SPY,382.7900085449219,383.1499938964844,379.6499938964844,381.3999938964844,364.68853759765625,51638200,-0.003943512550108719
2022-12-28,SPY,381.3299865722656,383.3900146484375,376.4200134277344,376.6600036621094,360.1562805175781,70911500,-0.012427747551194912
2022-12-29,SPY,379.6300048828125,384.3500061035156,379.0799865722656,383.44000244140625,366.6391296386719,66970900,0.018000100155902476
2022-12-30,SPY,380.6400146484375,382.5799865722656,378.42999267578125,382.42999267578125,365.67340087890625,84022200,-0.002634003524712103
2023-01-03,SPY,384.3699951171875,386.42999267578125,377.8299865722656,380.82000732421875,364.1339111328125,74850700,-0.0042100129306467116
2023-01-04,SPY,383.17999267578125,385.8800048828125,380.0,383.760009765625,366.9450988769531,85934100,0.007720203085164634
2023-01-05,SPY,381.7200012207031,381.8399963378906,378.760009765625,379.3800048828125,362.757080078125,76970500,-0.011413202715190085
2023-01-06,SPY,382.6099853515625,389.25,379.4100036621094,388.0799865722656,371.0758361816406,104189600,0.022932029615311933
2023-01-09,SPY,390.3699951171875,393.70001220703125,387.6700134277344,387.8599853515625,370.8655090332031,73978100,-0.000566803677118255
2023-01-10,SPY,387.25,390.6499938964844,386.2699890136719,390.5799865722656,373.4663391113281,65358100,0.007012865890130948
2023-01-11,SPY,392.2300109863281,395.6000061035156,391.3800048828125,395.5199890136719,378.1898193359375,68881100,0.012647673243722624
2023-01-12,SPY,396.6700134277344,398.489990234375,392.4200134277344,396.9599914550781,379.5667419433594,90157700,0.0036408240968506256
2023-01-13,SPY,393.6199951171875,399.1000061035156,393.3399963378906,398.5,381.0392761230469,63903900,0.003879513184290584
2023-01-17,SPY,398.4800109863281,400.2300109863281,397.05999755859375,397.7699890136719,380.3412170410156,62677300,-0.0018319872143727212
2023-01-18,SPY,399.010009765625,400.1199951171875,391.2799987792969,391.489990234375,374.33642578125,99632300,-0.015787905677122738
2023-01-19,SPY,389.3599853515625,391.0799865722656,387.260009765625,388.6400146484375,371.6112976074219,86958900,-0.007279890457202232
2023-01-20,SPY,390.1000061035156,396.0400085449219,388.3800048828125,395.8800048828125,378.53411865234375,91806400,0.018629199622007375
2023-01-23,SPY,396.7200012207031,402.6499938964844,395.7200012207031,400.6300048828125,383.075927734375,84178800,0.011998414035175875
2023-01-24,SPY,398.8800048828125,401.1499938964844,397.6400146484375,400.20001220703125,382.6648254394531,59524900,-0.001073161389579469
2023-01-25,SPY,395.95001220703125,400.70001220703125,393.55999755859375,400.3500061035156,382.8082580566406,84800300,0.00037482571601077375
2023-01-26,SPY,403.1300048828125,404.9200134277344,400.0299987792969,404.75,387.0154724121094,72287400,0.010990396019216142
2023-01-27,SPY,403.6600036621094,408.1600036621094,403.44000244140625,405.67999267578125,387.90472412109375,68346200,0.002297716169955777
2023-01-30,SPY,402.79998779296875,405.1300048828125,400.2799987792969,400.5899963378906,383.0376892089844,74202000,-0.012546985405081146
2023-01-31,SPY,401.1300048828125,406.5299987792969,400.7699890136719,406.4800109863281,388.6697082519531,86811800,0.014703563648265305
2023-02-01,SPY,405.2099914550781,413.6700134277344,402.3500061035156,410.79998779296875,392.80035400390625,101459200,0.010627650326882288
2023-02-02,SPY,414.8599853515625,418.30999755859375,412.8800048828125,416.7799987792969,398.5182800292969,101654500,0.014556825031104115
2023-02-03,SPY,411.5899963378906,416.9700012207031,411.0899963378906,412.3500061035156,394.28240966796875,94736800,-0.010629049089082465
2023-02-06,SPY,409.7900085449219,411.2900085449219,408.1000061035156,409.8299865722656,391.87286376953125,60295300,-0.006111218353531456
2023-02-07,SPY,408.8699951171875,416.489990234375,407.57000732421875,415.19000244140625,396.9980163574219,90990700,0.013078610594748463
2023-02-08,SPY,413.1300048828125,414.5299987792969,409.92999267578125,410.6499938964844,392.65692138671875,76227500,-0.010934802673660649
2023-02-09,SPY,414.4100036621094,414.57000732421875,405.80999755859375,407.0899963378906,389.2528991699219,78694900,-0.008669202123765318
2023-02-10,SPY,405.8599853515625,408.44000244140625,405.010009765625,408.0400085449219,390.1613464355469,70769700,0.002333822734685409
2023-02-13,SPY,408.7200012207031,412.9700012207031,408.239990234375,412.8299865722656,394.74139404296875,64913500,0.011738855346036914
2023-02-14,SPY,411.239990234375,415.04998779296875,408.510009765625,412.6400146484375,394.55975341796875,88389300,-0.0004601509437346385
2023-02-15,SPY,410.3500061035156,414.05999755859375,409.4700012207031,413.9800109863281,395.84100341796875,61555700,0.003247290147818882
2023-02-16,SPY,408.7900085449219,412.9100036621094,408.1400146484375,408.2799987792969,390.3907775878906,76431500,-0.013768724773373764
2023-02-17,SPY,406.05999755859375,407.510009765625,404.04998779296875,407.260009765625,389.4154968261719,89257800,-0.0024982167041566194
2023-02-21,SPY,403.05999755859375,404.1600036621094,398.82000732421875,399.0899963378906,381.60345458984375,82655900,-0.02006094338822695
2023-02-22,SPY,399.5199890136719,401.1300048828125,397.0199890136719,398.5400085449219,381.07757568359375,83742300,-0.0013780769013614913
2023-02-23,SPY,401.55999755859375,402.20001220703125,396.25,400.6600036621094,383.1046447753906,96242400,0.005319308248879828
2023-02-24,SPY,395.4200134277344,397.25,393.6400146484375,396.3800048828125,379.01220703125,108194400,-0.01068229738258586
2023-02-27,SPY,399.8699951171875,401.2900085449219,396.75,397.7300109863281,380.302978515625,80444700,0.0034056198202305765
2023-02-28,SPY,397.2300109863281,399.2799987792969,396.1499938964844,396.260009765625,378.8974609375,96438600,-0.0036957837764272083
2023-03-01,SPY,395.4100036621094,396.69000244140625,393.3800048828125,394.739990234375,377.44403076171875,99706800,-0.003835945936890295
2023-03-02,SPY,392.67999267578125,398.69000244140625,392.3299865722656,397.80999755859375,380.3795166015625,85127800,0.00777727451118948
2023-03-03,SPY,399.7099914550781,404.45001220703125,399.0299987792969,404.19000244140625,386.47998046875,90120000,0.01603783484897159
2023-03-06,SPY,405.04998779296875,407.45001220703125,404.010009765625,404.4700012207031,386.7476501464844,72795900,0.000692583552218462
2023-03-07,SPY,404.4200134277344,404.6700134277344,397.6300048828125,398.2699890136719,380.8193054199219,108310600,-0.015328715570261608
2023-03-08,SPY,398.3900146484375,399.7099914550781,396.5899963378906,398.9200134277344,381.4408874511719,74746600,0.0016322230055132447
2023-03-09,SPY,399.739990234375,401.4800109863281,390.5299987792969,391.55999755859375,374.40338134765625,111945300,-0.018449794804487274
2023-03-10,SPY,390.989990234375,393.1600036621094,384.32000732421875,385.9100036621094,369.0008850097656,189253000,-0.014429614172939531
2023-03-13,SPY,381.80999755859375,390.3900146484375,380.6499938964844,385.3599853515625,368.4749755859375,157790000,-0.0014252253726009245
2023-03-14,SPY,390.5,393.45001220703125,387.04998779296875,391.7300109863281,374.5658874511719,149752400,0.01653005568573218
2023-03-15,SPY,385.8900146484375,389.489990234375,383.7099914550781,389.2799987792969,372.2232971191406,172996900,-0.006254147562587686
2023-03-16,SPY,386.82000732421875,396.4700012207031,386.2900085449219,396.1099853515625,378.7540283203125,143254200,0.017545197336429785
2023-03-17,SPY,393.2200012207031,394.3999938964844,388.54998779296875,389.989990234375,374.3253479003906,140553400,-0.011692761234942006
2023-03-20,SPY,390.79998779296875,394.1700134277344,390.07000732421875,393.739990234375,377.9246826171875,93055800,0.009615524935689512
2023-03-21,SPY,397.239990234375,399.4100036621094,395.5799865722656,398.9100036621094,382.8870544433594,91524200,0.01313058409365242
2023-03-22,SPY,398.7300109863281,402.489990234375,392.07000732421875,392.1099853515625,376.3602294921875,111746600,-0.017046345326719337
2023-03-23,SPY,395.0899963378906,399.2900085449219,390.3500061035156,393.1700134277344,377.3776550292969,119351300,0.002703329037933022
2023-03-24,SPY,391.8399963378906,395.8399963378906,389.3999938964844,395.75,379.8539733886719,107682400,0.006561910400293192
2023-03-27,SPY,398.1199951171875,398.9200134277344,395.55999755859375,396.489990234375,380.5642395019531,74010400,0.0018698398938543637
2023-03-28,SPY,395.7699890136719,396.489990234375,393.69000244140625,395.6000061035156,379.7099914550781,62871700,-0.0022446881714187628
2023-03-29,SPY,399.92999267578125,401.6000061035156,398.67999267578125,401.3500061035156,385.2290344238281,77497900,0.0145348900290998
2023-03-30,SPY,404.0899963378906,404.3500061035156,401.760009765625,403.70001220703125,387.48468017578125,69840000,0.005855336826640745
2023-03-31,SPY,404.6600036621094,409.70001220703125,404.54998779296875,409.3900146484375,392.9461669921875,112062600,0.01409471676126306
2023-04-03,SPY,408.8500061035156,411.3699951171875,408.44000244140625,410.95001220703125,394.44342041015625,67391100,0.0038103270721012716
2023-04-04,SPY,411.6199951171875,411.9200134277344,407.239990234375,408.6700134277344,392.2550354003906,66601500,-0.005548032738104891
2023-04-05,SPY,407.9100036621094,408.70001220703125,405.8800048828125,407.6000061035156,391.22802734375,65200200,-0.002618215099756016
2023-04-06,SPY,406.7699890136719,409.4800109863281,405.67999267578125,409.19000244140625,392.7541198730469,63743300,0.003900775053511163
2023-04-10,SPY,406.6099853515625,409.69000244140625,405.9700012207031,409.6099853515625,393.1572570800781,63681000,0.0010264366091476962
2023-04-11,SPY,410.260009765625,411.17999267578125,408.9200134277344,409.7200012207031,393.2628173828125,59297900,0.0002684938426886774
2023-04-12,SPY,411.8699951171875,412.1700134277344,407.44000244140625,408.04998779296875,391.6599426269531,86420400,-0.004075836018585743
2023-04-13,SPY,409.17999267578125,413.8399963378906,407.989990234375,413.4700012207031,396.86224365234375,85814800,0.013282698737322018
2023-04-14,SPY,412.80999755859375,415.0899963378906,410.05999755859375,412.4599914550781,395.892822265625,78161500,-0.0024427150786557883
2023-04-17,SPY,412.3699951171875,413.9599914550781,411.0899963378906,413.94000244140625,397.3133544921875,66436400,0.0035881737345806464
2023-04-18,SPY,415.5799865722656,415.7200012207031,412.7799987792969,414.2099914550781,397.5725402832031,63560000,0.0006523460338927478
2023-04-19,SPY,412.2200012207031,415.0799865722656,412.1600036621094,414.1400146484375,397.50537109375,55227300,-0.00016894826137958674
2023-04-20,SPY,411.2099914550781,413.70001220703125,410.2699890136719,411.8800048828125,395.3360595703125,75840400,-0.005457313740110159
2023-04-21,SPY,412.19000244140625,412.67999267578125,410.1700134277344,412.20001220703125,395.6431884765625,73457400,0.0007768805774606147
2023-04-24,SPY,411.989990234375,413.07000732421875,410.6000061035156,412.6300048828125,396.05596923828125,64332100,0.0010433157292766282
2023-04-25,SPY,410.5799865722656,411.1600036621094,406.0199890136719,406.0799865722656,389.7690734863281,97766700,-0.015873755833157754
2023-04-26,SPY,406.7200012207031,407.8399963378906,403.7799987792969,404.3599853515625,388.1181335449219,80447000,-0.004235687369034347
2023-04-27,SPY,407.0,412.69000244140625,406.739990234375,412.4100036621094,395.84478759765625,92968400,0.019907995491378117
2023-04-28,SPY,411.489990234375,415.94000244140625,411.42999267578125,415.92999267578125,399.2234191894531,89433100,0.008535243352076005
2023-05-01,SPY,415.4700012207031,417.6199951171875,415.2699890136719,415.510009765625,398.8202209472656,62122300,-0.0010099563873434692
2023-05-02,SPY,414.7699890136719,414.82000732421875,407.82000732421875,410.8399963378906,394.337890625,103998500,-0.011238974572601479
2023-05-03,SPY,411.3599853515625,413.8699951171875,407.7699890136719,408.0199890136719,391.63116455078125,91531800,-0.006863976651923509
2023-05-04,SPY,406.92999267578125,407.2699890136719,403.739990234375,405.1300048828125,388.8572692871094,94901900,-0.007082927802371519
2023-05-05,SPY,408.9100036621094,413.7200012207031,408.6400146484375,412.6300048828125,396.05596923828125,87891800,0.018512447933323184
2023-05-08,SPY,412.9700012207031,413.239990234375,411.2799987792969,412.739990234375,396.16156005859375,50046800,0.0002666058045168729
2023-05-09,SPY,411.1300048828125,412.0899963378906,410.69000244140625,410.92999267578125,394.42425537109375,49220100,-0.0043853439168682895
2023-05-10,SPY,413.8800048828125,414.5400085449219,408.8699951171875,412.8500061035156,396.2671813964844,96142900,0.004672445977382145
2023-05-11,SPY,411.95001220703125,412.42999267578125,409.9700012207031,412.1300048828125,395.5760498046875,70157100,-0.001744105048924971
2023-05-12,SPY,413.4200134277344,413.6400146484375,409.07000732421875,411.5899963378906,395.0577392578125,70481500,-0.0013102677655305595
2023-05-15,SPY,412.2200012207031,413.42999267578125,410.2300109863281,413.010009765625,396.4207458496094,54289400,0.0034501452733404214
2023-05-16,SPY,411.8599853515625,412.82000732421875,410.239990234375,410.25,393.77154541015625,57705500,-0.00668279969499419
2023-05-17,SPY,412.3500061035156,415.8599853515625,410.6400146484375,415.2300109863281,398.5515441894531,87287000,0.012139015210756332
2023-05-18,SPY,414.8999938964844,419.6700134277344,414.6700134277344,419.2300109863281,402.3908996582031,97177200,0.0096332720942236
2023-05-19,SPY,420.1700134277344,420.7200012207031,417.3500061035156,418.6199951171875,401.8053283691406,103793300,-0.0014552299506770394
2023-05-22,SPY,418.6400146484375,420.3900146484375,417.3500061035156,418.7900085449219,401.9686279296875,60745400,0.0004064146217515052
2023-05-23,SPY,417.0799865722656,418.7200012207031,413.67999267578125,414.0899963378906,397.45733642578125,86383500,-0.01122299401110316
2023-05-24,SPY,412.4200134277344,412.82000732421875,409.8800048828125,411.0899963378906,394.5778503417969,89213700,-0.007244767727471735
2023-05-25,SPY,414.739990234375,416.1600036621094,412.4100036621094,414.6499938964844,397.994873046875,90961600,0.008659945564907456
2023-05-26,SPY,415.3299865722656,420.7699890136719,415.25,420.0199890136719,403.14910888671875,93830000,0.012950508131889249
2023-05-30,SPY,422.0299987792969,422.5799865722656,418.739990234375,420.17999267578125,403.302734375,72216000,0.0003810636930476896
2023-05-31,SPY,418.2799987792969,419.2200012207031,416.2200012207031,417.8500061035156,401.0663146972656,110811800,-0.005545262868599576
2023-06-01,SPY,418.0899963378906,422.9200134277344,416.7900085449219,421.82000732421875,404.8768615722656,88865000,0.009501039442507908
2023-06-02,SPY,424.5,428.739990234375,423.95001220703125,427.9200134277344,410.7319030761719,91426200,0.014461289492240237
2023-06-05,SPY,428.2799987792969,429.6199951171875,426.3699951171875,427.1000061035156,409.9447937011719,65460200,-0.0019163580162752103
2023-06-06,SPY,426.6700134277344,428.5799865722656,425.989990234375,428.0299987792969,410.83734130859375,64022200,0.002177238548058069
2023-06-07,SPY,428.44000244140625,429.6199951171875,426.1099853515625,426.54998779296875,409.41680908203125,85373300,-0.00345765120092989
2023-06-08,SPY,426.6199951171875,429.6000061035156,425.82000732421875,429.1300048828125,411.89324951171875,61952800,0.006048702385327065
2023-06-09,SPY,429.9599914550781,431.989990234375,428.8699951171875,429.8999938964844,412.6322326660156,85742800,0.0017941132931236226
2023-06-12,SPY,430.9200134277344,433.8800048828125,430.1700134277344,433.79998779296875,416.3756408691406,76104300,0.009072020813640336
2023-06-13,SPY,435.32000732421875,437.3299865722656,434.6300048828125,436.6600036621094,419.1207580566406,95899700,0.006592886129865416
2023-06-14,SPY,437.010009765625,439.05999755859375,433.5899963378906,437.17999267578125,419.6199035644531,100612100,0.0011909348277734377
2023-06-15,SPY,436.3299865722656,443.8999938964844,436.2300109863281,442.6000061035156,424.82220458984375,110303100,0.012397650781575953
2023-06-16,SPY,443.0199890136719,443.6099853515625,438.9700012207031,439.4599914550781,423.3751220703125,114165800,-0.003406325055274273
2023-06-20,SPY,437.45001220703125,438.3699951171875,435.0299987792969,437.17999267578125,421.1786193847656,76160400,-0.005188076887479687
2023-06-21,SPY,436.1600036621094,436.989990234375,434.3299865722656,434.94000244140625,419.0205993652344,76982300,-0.005123764408277776
2023-06-22,SPY,433.95001220703125,436.6199951171875,433.6000061035156,436.510009765625,420.5331115722656,70637200,0.0036096368754245933
2023-06-23,SPY,432.92999267578125,435.05999755859375,432.4700012207031,433.2099914550781,417.3538818359375,92074500,-0.007559998603776541
2023-06-26,SPY,432.6199951171875,434.6099853515625,431.19000244140625,431.44000244140625,415.64874267578125,72823600,-0.0040855955446139625
2023-06-27,SPY,432.3500061035156,436.80999755859375,431.8800048828125,436.1700134277344,420.2055969238281,72813700,0.010963233567631292
2023-06-28,SPY,435.04998779296875,437.44000244140625,434.4100036621094,436.3900146484375,420.4175720214844,75636000,0.000504455674098736
2023-06-29,SPY,435.9599914550781,438.2799987792969,435.5400085449219,438.1099853515625,422.07452392578125,67882300,0.0039412051602167875
2023-06-30,SPY,441.44000244140625,444.29998779296875,441.1099853515625,443.2799987792969,427.05535888671875,104964000,0.011800842454574134
2023-07-03,SPY,442.9200134277344,444.0799865722656,442.6300048828125,443.7900085449219,427.5467529296875,32793400,0.0011506565430996485
2023-07-05,SPY,441.9100036621094,443.8900146484375,441.8999938964844,443.1300048828125,426.9107971191406,58418400,-0.0014874532578931232
2023-07-06,SPY,439.4200134277344,440.1000061035156,437.05999755859375,439.6600036621094,423.56781005859375,80658300,-0.007830645378626766
2023-07-07,SPY,438.6300048828125,442.6400146484375,438.29998779296875,438.54998779296875,422.4984436035156,86134200,-0.0025246641262238745
2023-07-10,SPY,438.17999267578125,439.8399963378906,437.5899963378906,439.6600036621094,423.56781005859375,62443500,0.0025310541879335346
2023-07-11,SPY,440.45001220703125,442.9700012207031,439.44000244140625,442.4599914550781,426.265380859375,64463800,0.006368686988768246
2023-07-12,SPY,446.3900146484375,447.4800109863281,444.9100036621094,446.0199890136719,429.69500732421875,91924500,0.008045754168282349
2023-07-13,SPY,447.8999938964844,450.3800048828125,447.45001220703125,449.55999755859375,433.1054992675781,72425200,0.007937006214238096
2023-07-14,SPY,450.4800109863281,451.3599853515625,448.489990234375,449.2799987792969,432.8357238769531,69815800,-0.0006228860891427379
2023-07-17,SPY,449.1300048828125,451.92999267578125,449.0799865722656,450.8399963378906,434.338623046875,52680200,0.0034722161018971853
2023-07-18,SPY,450.5,454.8599853515625,450.04998779296875,454.19000244140625,437.56597900390625,80668200,0.007430506489133792
2023-07-19,SPY,455.010009765625,456.42999267578125,454.1099853515625,455.20001220703125,438.5390930175781,65891700,0.0022239252144033994
2023-07-20,SPY,454.1700134277344,455.1000061035156,451.44000244140625,452.17999267578125,435.6296081542969,70591600,-0.006634493730675484
2023-07-21,SPY,453.9599914550781,454.1700134277344,452.1700134277344,452.17999267578125,435.6296081542969,71275600,0.0
2023-07-24,SPY,453.3699951171875,455.0400085449219,452.29998779296875,454.20001220703125,437.5756530761719,54023400,0.004467200772050761
2023-07-25,SPY,453.9200134277344,456.739990234375,453.8699951171875,455.44000244140625,438.770263671875,55191200,0.0027300664177838385
2023-07-26,SPY,454.4700012207031,456.989990234375,453.3800048828125,455.510009765625,438.837646484375,71052900,0.000153571967106636
2023-07-27,SPY,459.0199890136719,459.44000244140625,451.54998779296875,452.489990234375,435.92822265625,92194400,-0.006629841016223326
2023-07-28,SPY,455.8800048828125,457.7799987792969,452.489990234375,456.9200134277344,440.1961975097656,80011800,0.009790544937672285
2023-07-31,SPY,457.4100036621094,458.1600036621094,456.04998779296875,457.7900085449219,441.0342712402344,62040400,0.0019038640842647947
2023-08-01,SPY,456.2699890136719,457.25,455.489990234375,456.4800109863281,439.7721862792969,55291500,-0.002861648273700834
2023-08-02,SPY,453.25,453.5199890136719,449.3500061035156,450.1300048828125,433.6546325683594,93933400,-0.01391073356115402
2023-08-03,SPY,448.0400085449219,450.7900085449219,447.3699951171875,448.8399963378906,432.4118957519531,64276100,-0.0028657293686591423
2023-08-04,SPY,450.7200012207031,452.8999938964844,446.2699890136719,446.80999755859375,430.4561462402344,100128900,-0.004522885542539878
2023-08-07,SPY,448.7099914550781,450.8699951171875,447.989990234375,450.7099914550781,434.21337890625,58357500,0.008728491157189211
2023-08-08,SPY,448.0799865722656,450.70001220703125,445.2699890136719,448.75,432.3251037597656,71361300,-0.004348726313410212
2023-08-09,SPY,449.0299987792969,449.20001220703125,444.9599914550781,445.75,429.4349060058594,78789600,-0.00668524156652317
2023-08-10,SPY,448.19000244140625,451.70001220703125,444.70001220703125,445.9100036621094,429.5890808105469,93005500,0.0003590178686718737
2023-08-11,SPY,443.9700012207031,446.70001220703125,443.3500061035156,445.6499938964844,429.3385925292969,68690900,-0.0005830881007901079
2023-08-14,SPY,444.70001220703125,448.1099853515625,444.3800048828125,448.1099853515625,431.7085266113281,47867400,0.005519965181954856
2023-08-15,SPY,446.2699890136719,446.6400146484375,442.29998779296875,442.8900146484375,426.6795959472656,75707500,-0.011648902799156646
2023-08-16,SPY,442.4599914550781,444.17999267578125,439.5299987792969,439.6400146484375,423.548583984375,80107200,-0.00733808692196658
2023-08-17,SPY,441.1600036621094,441.42999267578125,435.75,436.2900085449219,420.3211669921875,95711300,-0.007619945182738563
2023-08-18,SPY,433.3699951171875,437.57000732421875,433.010009765625,436.5,420.52349853515625,98852000,0.0004813736705591154
2023-08-21,SPY,437.54998779296875,440.1099853515625,435.32000732421875,439.3399963378906,423.25958251953125,68719000,0.0065063759668742005
2023-08-22,SPY,441.17999267578125,441.17999267578125,437.57000732421875,438.1499938964844,422.11309814453125,64994200,-0.002708702702429844
2023-08-23,SPY,439.25,443.6700134277344,439.1000061035156,443.0299987792969,426.81451416015625,68441000,0.011137811255540031
2023-08-24,SPY,444.69000244140625,445.2200012207031,436.8599853515625,436.8900146484375,420.8992004394531,88517300,-0.013859214071814563
2023-08-25,SPY,438.67999267578125,441.29998779296875,435.0,439.9700012207031,423.8664245605469,102325100,0.007049726200467399
2023-08-28,SPY,442.239990234375,443.3999938964844,439.9700012207031,442.760009765625,426.5543518066406,61595400,0.006341448839408681
2023-08-29,SPY,442.6499938964844,449.45001220703125,442.4599914550781,449.1600036621094,432.7200927734375,83081900,0.014454760432480285
2023-08-30,SPY,449.510009765625,451.6700134277344,448.7799987792969,451.010009765625,434.5024108886719,69053900,0.00411887070880157
2023-08-31,SPY,451.6499938964844,452.8299865722656,450.1600036621094,450.3500061035156,433.86663818359375,66084600,-0.001463220201190163
2023-09-01,SPY,453.1700134277344,453.6700134277344,449.67999267578125,451.19000244140625,434.6758117675781,58944100,0.001865028358419174
2023-09-05,SPY,450.7300109863281,451.05999755859375,449.1700134277344,449.239990234375,432.79718017578125,55166200,-0.004321914265616789
2023-09-06,SPY,448.3999938964844,448.510009765625,443.80999755859375,446.2200012207031,429.8877258300781,70758500,-0.006722442933942974
2023-09-07,SPY,443.1099853515625,445.54998779296875,442.75,444.8500061035156,428.5678405761719,70355400,-0.003070302254751911
2023-09-08,SPY,444.8999938964844,447.1099853515625,444.5299987792969,445.5199890136719,429.2133483886719,61659700,0.0015061975057022448
2023-09-11,SPY,448.239990234375,448.7699890136719,446.4700012207031,448.45001220703125,432.0361022949219,60180100,0.006576575301879606
2023-09-12,SPY,446.95001220703125,448.5299987792969,445.3900146484375,445.989990234375,429.6661071777344,67565400,-0.00548564137255747
2023-09-13,SPY,446.2200012207031,447.7099914550781,445.0799865722656,446.510009765625,430.1671142578125,60199300,0.0011660381670990372
2023-09-14,SPY,449.07000732421875,451.0799865722656,447.7200012207031,450.3599853515625,433.8762512207031,83430800,0.008622548865201418
2023-09-15,SPY,447.1400146484375,447.4800109863281,442.9200134277344,443.3699951171875,428.648681640625,111848900,-0.012048526660241143
2023-09-18,SPY,443.04998779296875,444.9700012207031,442.55999755859375,443.6300048828125,428.900146484375,55752200,0.0005866455550207483
2023-09-19,SPY,442.67999267578125,443.2900085449219,439.94000244140625,442.7099914550781,428.0106201171875,66514600,-0.0020739707703035792
2023-09-20,SPY,444.010009765625,444.44000244140625,438.42999267578125,438.6400146484375,424.07574462890625,82562600,-0.009193406199135667
2023-09-21,SPY,435.70001220703125,435.9700012207031,431.2300109863281,431.3900146484375,417.0664367675781,104095800,-0.016528433776522022
2023-09-22,SPY,432.45001220703125,434.1000061035156,429.989990234375,430.4200134277344,416.12872314453125,100829700,-0.002248355514566258
2023-09-25,SPY,429.1700134277344,432.2699890136719,428.7200012207031,432.2300109863281,417.87860107421875,70874500,0.0042051361330319725
2023-09-26,SPY,429.0899963378906,429.82000732421875,425.0199890136719,425.8800048828125,411.7394714355469,96168400,-0.01469117974189238
2023-09-27,SPY,427.0899963378906,427.6700134277344,422.2900085449219,426.04998779296875,411.90380859375,104705800,0.00039912898714855594
2023-09-28,SPY,425.4800109863281,430.25,424.8699951171875,428.5199890136719,414.2917175292969,92258300,0.005797248983201442
2023-09-29,SPY,431.6700134277344,431.8500061035156,425.9100036621094,427.4800109863281,413.28631591796875,115111300,-0.0024267963099142698
2023-10-02,SPY,426.6199951171875,428.6000061035156,424.4599914550781,427.30999755859375,413.1219787597656,83798600,-0.00039763513059487554
2023-10-03,SPY,425.05999755859375,427.3699951171875,420.17999267578125,421.5899963378906,407.59185791015625,103760600,-0.013386169542979443
2023-10-04,SPY,422.07000732421875,425.42999267578125,420.55999755859375,424.6600036621094,410.5599365234375,87453000,0.007281987006559687
2023-10-05,SPY,424.3599853515625,425.3699951171875,421.1700134277344,424.5,410.40521240234375,70142700,-0.0003768612261682014
2023-10-06,SPY,421.9700012207031,431.1300048828125,420.6000061035156,429.5400085449219,415.27789306640625,113273300,0.01187285277284822
2023-10-09,SPY,427.5799865722656,432.8800048828125,427.010009765625,432.2900085449219,417.9366149902344,80374400,0.006402271751564159
2023-10-10,SPY,432.94000244140625,437.2200012207031,432.5299987792969,434.5400085449219,420.1119079589844,78607300,0.005204839419969964
2023-10-11,SPY,435.6400146484375,436.5799865722656,433.17999267578125,436.32000732421875,421.8327941894531,62451700,0.0040962567303299835
2023-10-12,SPY,436.95001220703125,437.3399963378906,431.2300109863281,433.6600036621094,419.2611083984375,81154200,-0.006096457711300296
2023-10-13,SPY,435.2099914550781,436.45001220703125,429.8800048828125,431.5,417.1728820800781,95143100,-0.00498072985194431
2023-10-16,SPY,433.82000732421875,437.1400146484375,433.57000732421875,436.0400085449219,421.5621337890625,75433200,0.0105214214478635
2023-10-17,SPY,432.80999755859375,438.1400146484375,432.45001220703125,436.0199890136719,421.5427551269531,75324700,-4.596869727169217e-05
2023-10-18,SPY,434.19000244140625,435.17999267578125,429.0899963378906,430.2099914550781,415.9256591796875,93559800,-0.013325091889134666
2023-10-19,SPY,430.95001220703125,432.82000732421875,425.7300109863281,426.42999267578125,412.2711181640625,121323000,-0.00878652455064377
2023-10-20,SPY,425.9800109863281,426.5400085449219,421.0799865722656,421.19000244140625,407.2051696777344,123919900,-0.012287905368894014
2023-10-23,SPY,419.6099853515625,424.45001220703125,417.79998779296875,420.4599914550781,406.4993896484375,92035100,-0.0017332295409103748
2023-10-24,SPY,422.6499938964844,424.82000732421875,420.739990234375,423.6300048828125,409.56414794921875,78564200,0.0075393921339754755
2023-10-25,SPY,421.8900146484375,421.9200134277344,417.0199890136719,417.54998779296875,403.68597412109375,94223200,-0.014352266568151473
2023-10-26,SPY,416.45001220703125,417.3299865722656,411.6000061035156,412.54998779296875,398.85198974609375,115156800,-0.011974615629201768
2023-10-27,SPY,414.19000244140625,414.6000061035156,409.2099914550781,410.67999267578125,397.04412841796875,107367700,-0.004532662176954139
2023-10-30,SPY,413.55999755859375,416.67999267578125,412.2200012207031,415.5899963378906,401.7911376953125,86562700,0.011955873258366223
2023-10-31,SPY,416.17999267578125,418.5299987792969,414.2099914550781,418.20001220703125,404.3144836425781,79665200,0.0062802429185959685
2023-11-01,SPY,419.20001220703125,423.5,418.6499938964844,422.6600036621094,408.6263427734375,98068100,0.010664617037739132
2023-11-02,SPY,426.5799865722656,430.9200134277344,426.55999755859375,430.760009765625,416.4573974609375,94938900,0.0191643412765532
2023-11-03,SPY,433.1400146484375,436.2900085449219,433.010009765625,434.69000244140625,420.25689697265625,100167800,0.009123381010599285
2023-11-06,SPY,435.4700012207031,436.1499938964844,433.67999267578125,435.69000244140625,421.2237243652344,67831700,0.0023005628213188523
2023-11-07,SPY,435.69000244140625,437.5899963378906,434.510009765625,436.92999267578125,422.4224853515625,64256100,0.002845900923872602
2023-11-08,SPY,437.54998779296875,438.0899963378906,434.8699951171875,437.25,422.73193359375,61746000,0.000732556274626317
2023-11-09,SPY,438.42999267578125,438.4700012207031,433.3999938964844,433.8399963378906,419.4350891113281,83174400,-0.007798900959278265
2023-11-10,SPY,435.9800109863281,440.92999267578125,433.8299865722656,440.6099853515625,425.9803466796875,89462200,0.015604935634324413
2023-11-13,SPY,439.2300109863281,441.3299865722656,438.4200134277344,440.19000244140625,425.5743408203125,52236100,-0.0009531093688702752
2023-11-14,SPY,446.32000732421875,450.05999755859375,446.0899963378906,448.7300109863281,433.8307800292969,97176900,0.0194006978735366
2023-11-15,SPY,450.1099853515625,451.3800048828125,448.79998779296875,449.67999267578125,434.7491760253906,77327600,0.002116945220050459
2023-11-16,SPY,449.2200012207031,450.55999755859375,448.1199951171875,450.2300109863281,435.2809143066406,66665800,0.001223092096714895
2023-11-17,SPY,450.239990234375,451.4200134277344,449.2900085449219,450.7900085449219,435.8223571777344,83133200,0.0012438929741640514
2023-11-20,SPY,450.5299987792969,455.1300048828125,450.5199890136719,454.260009765625,439.1771545410156,69936200,0.0076976256679579524
2023-11-21,SPY,453.17999267578125,454.1300048828125,451.9599914550781,453.2699890136719,438.219970703125,49244600,-0.002179493691767731
2023-11-22,SPY,454.9800109863281,456.3800048828125,453.8900146484375,455.0199890136719,439.9118957519531,59394900,0.00386090356884794
2023-11-24,SPY,455.07000732421875,455.5,454.7300109863281,455.29998779296875,440.18255615234375,29737400,0.0006152604714813048
2023-11-27,SPY,454.6499938964844,455.489990234375,454.0799865722656,454.4800109863281,439.3898010253906,50506000,-0.001800968974969508
2023-11-28,SPY,454.0799865722656,456.2699890136719,453.5,454.92999267578125,439.8248596191406,62115000,0.0009901426768093025
2023-11-29,SPY,457.1499938964844,458.32000732421875,454.20001220703125,454.6099853515625,439.5155334472656,63146000,-0.0007032939705655661
2023-11-30,SPY,455.4800109863281,456.760009765625,453.3399963378906,456.3999938964844,441.2460632324219,79752700,0.003937357507215022
2023-12-01,SPY,455.7699890136719,459.6499938964844,455.1600036621094,459.1000061035156,443.8564453125,89183400,0.005915932849248184
2023-12-04,SPY,455.6000061035156,459.1199951171875,454.3399963378906,456.69000244140625,441.5264892578125,72430900,-0.005249345997549004
2023-12-05,SPY,455.260009765625,457.5899963378906,454.8699951171875,456.6000061035156,441.4394226074219,69793500,-0.00019719462480494165
2023-12-06,SPY,458.80999755859375,458.8399963378906,454.30999755859375,454.760009765625,439.6605224609375,69124700,-0.00402977182231945
2023-12-07,SPY,456.9100036621094,458.8999938964844,456.2900085449219,458.2300109863281,443.0153503417969,66995400,0.007630496052002167
2023-12-08,SPY,457.4599914550781,460.75,457.2099914550781,460.20001220703125,444.919921875,83194400,0.004299109572013071
2023-12-11,SPY,459.69000244140625,462.1700134277344,459.4700012207031,461.989990234375,446.6504821777344,65002200,0.003889599493412943
2023-12-12,SPY,461.6300048828125,464.20001220703125,460.6000061035156,464.1000061035156,448.6904296875,68327600,0.0045672121517017494
2023-12-13,SPY,464.489990234375,470.760009765625,464.1199951171875,470.5,454.8779296875,93278000,0.013790131437190212
2023-12-14,SPY,472.5,473.7300109863281,469.25,472.010009765625,456.3377685546875,119026000,0.00320929808177417
2023-12-15,SPY,469.489990234375,470.70001220703125,467.42999267578125,469.3299865722656,455.58636474609375,141553700,-0.0016465957025069144
2023-12-18,SPY,470.9800109863281,472.9800109863281,469.8900146484375,471.9700012207031,458.1491394042969,70375300,0.005625222474846092
2023-12-19,SPY,472.5299987792969,474.9200134277344,472.45001220703125,474.8399963378906,460.9350280761719,55761800,0.0060807462729217665
2023-12-20,SPY,473.9599914550781,475.8999938964844,467.82000732421875,468.260009765625,454.5478210449219,102921000,-0.013857065838343008
2023-12-21,SPY,471.3299865722656,472.9800109863281,468.8399963378906,472.70001220703125,458.8576965332031,86667500,0.00948167670977651
2023-12-22,SPY,473.8599853515625,475.3800048828125,471.70001220703125,473.6499938964844,459.7799377441406,67160400,0.0020098632275438177
2023-12-26,SPY,474.07000732421875,476.5799865722656,473.989990234375,475.6499938964844,461.7213439941406,55387000,0.004222468382429456
2023-12-27,SPY,475.44000244140625,476.6600036621094,474.8900146484375,476.510009765625,462.5561828613281,68000300,0.001808101093975223
2023-12-28,SPY,476.8800048828125,477.54998779296875,476.260009765625,476.69000244140625,462.73089599609375,77158100,0.00037771224607752174
2023-12-29,SPY,476.489990234375,477.0299987792969,473.29998779296875,475.30999755859375,461.39129638671875,122283100,-0.002894986310545189
2020-01-02,WBD,32.81999969482422,32.84000015258789,32.0099983215332,32.220001220703125,32.220001220703125,3249300,
2020-01-03,WBD,31.84000015258789,32.22999954223633,31.770000457763672,32.029998779296875,32.029998779296875,3599600,-0.005897033960512776
2020-01-06,WBD,31.829999923706055,32.08000183105469,31.56999969482422,31.959999084472656,31.959999084472656,2416900,-0.0021854416950357614
2020-01-07,WBD,31.829999923706055,32.540000915527344,31.760000228881836,32.06999969482422,32.06999969482422,3102000,0.0034418214487685894
2020-01-08,WBD,32.0099983215332,32.38999938964844,31.959999084472656,32.11000061035156,32.11000061035156,3674100,0.0012473001530399763
2020-01-09,WBD,32.20000076293945,32.56999969482422,32.02000045776367,32.25,32.25,6465100,0.004359993366157333
2020-01-10,WBD,32.290000915527344,32.290000915527344,31.739999771118164,31.850000381469727,31.850000381469727,4092000,-0.01240308894667519
2020-01-13,WBD,31.75,31.940000534057617,31.459999084472656,31.790000915527344,31.790000915527344,3618500,-0.0018838136647963966
2020-01-14,WBD,31.780000686645508,31.989999771118164,31.649999618530273,31.899999618530273,31.899999618530273,3799500,0.003460166713905366
2020-01-15,WBD,31.729999542236328,32.2400016784668,31.670000076293945,32.2400016784668,32.2400016784668,3134500,0.010658371912299902
2020-01-16,WBD,32.31999969482422,32.869998931884766,32.25,32.77000045776367,32.77000045776367,4272700,0.016439167236484975
2020-01-17,WBD,32.790000915527344,32.88999938964844,32.36000061035156,32.43000030517578,32.43000030517578,3296400,-0.010375347813196045
2020-01-21,WBD,32.31999969482422,32.38999938964844,31.850000381469727,31.969999313354492,31.969999313354492,3268200,-0.014184427613091133
2020-01-22,WBD,32.16999816894531,32.459999084472656,31.93000030517578,32.029998779296875,32.029998779296875,2400300,0.0018767427973425121
2020-01-23,WBD,31.93000030517578,32.029998779296875,30.399999618530273,30.450000762939453,30.450000762939453,7597700,-0.04932869424205788
2020-01-24,WBD,30.420000076293945,30.420000076293945,29.899999618530273,30.31999969482422,30.31999969482422,6040900,-0.004269328895172286
2020-01-27,WBD,30.0,30.399999618530273,29.889999389648438,30.200000762939453,30.200000762939453,3653300,-0.003957748452921295
2020-01-28,WBD,30.350000381469727,30.760000228881836,30.239999771118164,30.520000457763672,30.520000457763672,3693000,0.01059601611722183
2020-01-29,WBD,30.420000076293945,30.559999465942383,29.59000015258789,29.700000762939453,29.700000762939453,5557600,-0.026867617382870246
2020-01-30,WBD,29.549999237060547,29.959999084472656,29.5,29.920000076293945,29.920000076293945,3519300,0.007407384097747771
2020-01-31,WBD,29.809999465942383,30.079999923706055,29.06999969482422,29.260000228881836,29.260000228881836,3863200,-0.022058818373300593
2020-02-03,WBD,29.40999984741211,29.940000534057617,29.110000610351562,29.149999618530273,29.149999618530273,3865000,-0.0037594193264217646
2020-02-04,WBD,29.440000534057617,29.799999237060547,29.350000381469727,29.739999771118164,29.739999771118164,4309700,0.020240142720716614
2020-02-05,WBD,30.110000610351562,30.84000015258789,30.06999969482422,30.6299991607666,30.6299991607666,3434600,0.029926005262204347
2020-02-06,WBD,30.809999465942383,30.8799991607666,29.90999984741211,30.049999237060547,30.049999237060547,3190800,-0.01893568199795992
2020-02-07,WBD,29.899999618530273,30.06999969482422,29.600000381469727,29.790000915527344,29.790000915527344,2607700,-0.008652190620109801
2020-02-10,WBD,29.65999984741211,29.860000610351562,29.40999984741211,29.829999923706055,29.829999923706055,4993900,0.0013426991255265364
2020-02-11,WBD,30.0,30.43000030517578,29.719999313354492,30.209999084472656,30.209999084472656,4671200,0.01273882540189386
2020-02-12,WBD,30.579999923706055,30.600000381469727,29.850000381469727,30.350000381469727,30.350000381469727,3582700,0.0046342701502770645
2020-02-13,WBD,30.239999771118164,30.510000228881836,30.020000457763672,30.329999923706055,30.329999923706055,2513800,-0.0006589936577359179
2020-02-14,WBD,30.420000076293945,30.479999542236328,30.010000228881836,30.209999084472656,30.209999084472656,3877300,-0.003956506413955063
2020-02-18,WBD,30.149999618530273,30.579999923706055,30.1299991607666,30.299999237060547,30.299999237060547,2385200,0.0029791511193439923
2020-02-19,WBD,30.299999237060547,30.770000457763672,30.110000610351562,30.479999542236328,30.479999542236328,3124400,0.0059406042807954584
2020-02-20,WBD,29.81999969482422,30.09000015258789,29.3799991607666,29.979999542236328,29.979999542236328,5705100,-0.016404199721432033
2020-02-21,WBD,29.809999465942383,29.889999389648438,29.1200008392334,29.209999084472656,29.209999084472656,4574600,-0.025683804853928738
2020-02-24,WBD,28.510000228881836,28.65999984741211,27.959999084472656,28.309999465942383,28.309999465942383,7157200,-0.030811353876717185
2020-02-25,WBD,28.34000015258789,28.5,27.040000915527344,27.420000076293945,27.420000076293945,8349800,-0.03143763357251661
2020-02-26,WBD,27.6299991607666,28.329999923706055,26.399999618530273,26.469999313354492,26.469999313354492,6230400,-0.03464627134559273
2020-02-27,WBD,25.389999389648438,25.389999389648438,23.889999389648438,24.670000076293945,24.670000076293945,17025100,-0.06800148408588824
2020-02-28,WBD,24.139999389648438,25.899999618530273,24.0,25.700000762939453,25.700000762939453,12545600,0.04175114241832789
2020-03-02,WBD,25.889999389648438,26.43000030517578,24.940000534057617,26.399999618530273,26.399999618530273,8373200,0.02723730874748642
2020-03-03,WBD,26.170000076293945,26.93000030517578,25.6200008392334,26.239999771118164,26.239999771118164,9827100,-0.006060600368335001
2020-03-04,WBD,26.479999542236328,26.520000457763672,25.760000228881836,26.510000228881836,26.510000228881836,6581000,0.010289651681356204
2020-03-05,WBD,25.739999771118164,25.969999313354492,24.979999542236328,25.229999542236328,25.229999542236328,6480700,-0.0482836920254337
2020-03-06,WBD,24.34000015258789,25.559999465942383,24.25,25.440000534057617,25.440000534057617,6481800,0.008323463956855681
2020-03-09,WBD,23.940000534057617,24.780000686645508,23.600000381469727,23.649999618530273,23.649999618530273,8612200,-0.0703616697307452
2020-03-10,WBD,24.479999542236328,25.09000015258789,23.530000686645508,25.079999923706055,25.079999923706055,6338600,0.060465130158198654
2020-03-11,WBD,24.40999984741211,24.790000915527344,23.809999465942383,24.059999465942383,24.059999465942383,7673800,-0.04066987483518891
2020-03-12,WBD,22.610000610351562,22.770000457763672,20.8799991607666,22.280000686645508,22.280000686645508,6020300,-0.0739816632920759
2020-03-13,WBD,23.360000610351562,24.040000915527344,20.8799991607666,22.889999389648438,22.889999389648438,6133500,0.027378756023493267
2020-03-16,WBD,19.8700008392334,21.239999771118164,19.290000915527344,20.6299991607666,20.6299991607666,6406400,-0.09873308384201518
2020-03-17,WBD,21.15999984741211,21.600000381469727,19.75,21.510000228881836,21.510000228881836,6561000,0.042656379249340404
2020-03-18,WBD,20.110000610351562,20.809999465942383,17.700000762939453,19.8799991607666,19.8799991607666,7042400,-0.07577875642821263
2020-03-19,WBD,19.5,21.770000457763672,19.239999771118164,21.219999313354492,21.219999313354492,6371600,0.06740443708027888
2020-03-20,WBD,21.399999618530273,21.969999313354492,18.56999969482422,18.760000228881836,18.760000228881836,6594900,-0.115928330069478
2020-03-23,WBD,19.229999542236328,19.229999542236328,17.1200008392334,18.489999771118164,18.489999771118164,6725700,-0.014392348319271053
2020-03-24,WBD,19.450000762939453,21.100000381469727,18.850000381469727,20.030000686645508,20.030000686645508,7552300,0.08328831447217566
2020-03-25,WBD,20.25,22.200000762939453,18.799999237060547,21.059999465942383,21.059999465942383,8722100,0.05142280299488955
2020-03-26,WBD,21.59000015258789,22.079999923706055,20.06999969482422,20.93000030517578,20.93000030517578,6920700,-0.006172799813068952
2020-03-27,WBD,19.979999542236328,20.489999771118164,18.93000030517578,19.030000686645508,19.030000686645508,4376900,-0.09077876688135655
2020-03-30,WBD,18.790000915527344,20.170000076293945,18.100000381469727,20.010000228881836,20.010000228881836,4938100,0.05149760939967041
2020-03-31,WBD,20.1200008392334,20.459999084472656,19.3700008392334,19.440000534057617,19.440000534057617,4748900,-0.028485741544445276
2020-04-01,WBD,18.760000228881836,20.010000228881836,18.549999237060547,19.450000762939453,19.450000762939453,7346300,0.0005144150518059387
2020-04-02,WBD,19.18000030517578,20.049999237060547,18.459999084472656,18.68000030517578,18.68000030517578,5788700,-0.03958871092852867
2020-04-03,WBD,18.549999237060547,18.920000076293945,17.690000534057617,18.360000610351562,18.360000610351562,4396200,-0.0171306043681142
2020-04-06,WBD,19.18000030517578,20.1299991607666,19.0,19.649999618530273,19.649999618530273,4996400,0.07026138155199169
2020-04-07,WBD,20.899999618530273,21.75,20.520000457763672,20.670000076293945,20.670000076293945,6925000,0.051908421250135506
2020-04-08,WBD,20.84000015258789,22.059999465942383,20.639999389648438,21.579999923706055,21.579999923706055,5039500,0.04402514968811122
2020-04-09,WBD,22.270000457763672,22.75,21.989999771118164,22.31999969482422,22.31999969482422,4954600,0.03429099970965521
2020-04-13,WBD,22.0,22.299999237060547,20.889999389648438,21.989999771118164,21.989999771118164,4384700,-0.014784943020522467
2020-04-14,WBD,22.049999237060547,22.790000915527344,22.0,22.299999237060547,22.299999237060547,3237200,0.014097292822601082
2020-04-15,WBD,21.329999923706055,21.56999969482422,20.93000030517578,21.350000381469727,21.350000381469727,3826200,-0.04260084699967204
2020-04-16,WBD,21.40999984741211,21.610000610351562,20.639999389648438,21.469999313354492,21.469999313354492,3689000,0.005620558770055961
2020-04-17,WBD,22.110000610351562,22.43000030517578,21.829999923706055,22.139999389648438,22.139999389648438,3620100,0.031206338971664582
2020-04-20,WBD,21.520000457763672,22.31999969482422,21.459999084472656,21.700000762939453,21.700000762939453,3475600,-0.019873470588924524
2020-04-21,WBD,21.43000030517578,21.59000015258789,20.770000457763672,20.780000686645508,20.780000686645508,3079400,-0.04239631538931443
2020-04-22,WBD,21.25,21.420000076293945,20.309999465942383,20.3700008392334,20.3700008392334,3465700,-0.019730502110887782
2020-04-23,WBD,20.350000381469727,21.06999969482422,20.030000686645508,20.389999389648438,20.389999389648438,4573000,0.0009817648301968518
2020-04-24,WBD,20.5,21.170000076293945,20.110000610351562,21.020000457763672,21.020000457763672,4155500,0.030897552083060553
2020-04-27,WBD,21.209999084472656,23.010000228881836,21.200000762939453,22.75,22.75,3895400,0.08230254541204629
2020-04-28,WBD,23.25,23.93000030517578,22.84000015258789,23.420000076293945,23.420000076293945,5743800,0.02945055280412956
2020-04-29,WBD,24.059999465942383,25.049999237060547,24.059999465942383,24.729999542236328,24.729999542236328,5105700,0.05593507522095975
2020-04-30,WBD,23.799999237060547,24.350000381469727,21.860000610351562,22.420000076293945,22.420000076293945,8243700,-0.09340879533770874
2020-05-01,WBD,22.110000610351562,22.110000610351562,21.25,21.670000076293945,21.670000076293945,4044500,-0.03345227464084721
2020-05-04,WBD,21.329999923706055,21.969999313354492,20.920000076293945,21.8700008392334,21.8700008392334,5692300,0.009229384505551774
2020-05-05,WBD,21.959999084472656,22.110000610351562,21.1299991607666,21.25,21.25,7110500,-0.02834937427716766
2020-05-06,WBD,21.600000381469727,21.790000915527344,20.200000762939453,20.850000381469727,20.850000381469727,11838600,-0.018823511460248188
2020-05-07,WBD,21.219999313354492,22.030000686645508,20.399999618530273,20.530000686645508,20.530000686645508,7390000,-0.015347706905013636
2020-05-08,WBD,21.030000686645508,21.510000228881836,20.790000915527344,21.09000015258789,21.09000015258789,6249500,0.027277128456535182
2020-05-11,WBD,20.809999465942383,20.920000076293945,19.760000228881836,20.329999923706055,20.329999923706055,7499000,-0.036036046627936025
2020-05-12,WBD,20.3799991607666,20.530000686645508,19.75,19.780000686645508,19.780000686645508,6685200,-0.02705357792053964
2020-05-13,WBD,19.709999084472656,19.729999542236328,18.700000762939453,19.1299991607666,19.1299991607666,6004900,-0.03286155224037757
2020-05-14,WBD,18.8799991607666,20.559999465942383,18.559999465942383,20.540000915527344,20.540000915527344,12729100,0.0737063155576343
2020-05-15,WBD,20.200000762939453,20.739999771118164,19.959999084472656,20.469999313354492,20.469999313354492,4705800,-0.0034080622713085207
2020-05-18,WBD,21.1299991607666,21.6299991607666,20.93000030517578,21.280000686645508,21.280000686645508,5497000,0.03957017100447957
2020-05-19,WBD,21.149999618530273,21.489999771118164,20.709999084472656,21.049999237060547,21.049999237060547,3934500,-0.010808338447531152
2020-05-20,WBD,21.40999984741211,21.780000686645508,21.0,21.170000076293945,21.170000076293945,3251900,0.0057007526642625095
2020-05-21,WBD,21.06999969482422,21.290000915527344,20.610000610351562,20.670000076293945,20.670000076293945,4314300,-0.023618327737272793
2020-05-22,WBD,20.75,20.950000762939453,20.209999084472656,20.299999237060547,20.299999237060547,4316600,-0.01790037919050358
2020-05-26,WBD,21.110000610351562,22.059999465942383,20.860000610351562,21.920000076293945,21.920000076293945,5659700,0.07980300000582541
2020-05-27,WBD,22.260000228881836,23.100000381469727,22.06999969482422,22.6200008392334,22.6200008392334,6310900,0.03193434126382555
2020-05-28,WBD,22.829999923706055,22.920000076293945,21.8799991607666,21.969999313354492,21.969999313354492,4259200,-0.028735698574843038
2020-05-29,WBD,21.610000610351562,21.8700008392334,21.040000915527344,21.75,21.75,5733800,-0.010013624043254565
2020-06-01,WBD,21.809999465942383,22.229999542236328,21.719999313354492,21.950000762939453,21.950000762939453,2886800,0.009195437376526616
2020-06-02,WBD,22.34000015258789,22.3700008392334,21.760000228881836,21.829999923706055,21.829999923706055,4079400,-0.005467008431088938
2020-06-03,WBD,22.139999389648438,22.799999237060547,22.1299991607666,22.270000457763672,22.270000457763672,4604000,0.020155773504140218
2020-06-04,WBD,22.229999542236328,23.1200008392334,21.809999465942383,23.09000015258789,23.09000015258789,4290800,0.03682082074400461
2020-06-05,WBD,24.15999984741211,24.889999389648438,23.719999313354492,24.780000686645508,24.780000686645508,8410000,0.0731918805928724
2020-06-08,WBD,25.09000015258789,26.270000457763672,25.040000915527344,26.149999618530273,26.149999618530273,8251400,0.05528647675232268
2020-06-09,WBD,25.299999237060547,25.530000686645508,23.510000228881836,23.8799991607666,23.8799991607666,6824500,-0.0868069021368213
2020-06-10,WBD,23.770000457763672,23.889999389648438,22.729999542236328,23.170000076293945,23.170000076293945,4017200,-0.029731956006059712
2020-06-11,WBD,21.770000457763672,22.700000762939453,21.639999389648438,22.34000015258789,22.34000015258789,7020600,-0.0358221804476927
2020-06-12,WBD,23.18000030517578,23.219999313354492,21.3799991607666,22.06999969482422,22.06999969482422,6885900,-0.012085964902394775
2020-06-15,WBD,21.420000076293945,23.149999618530273,21.209999084472656,22.75,22.75,5444900,0.030811069985436035
2020-06-16,WBD,23.530000686645508,23.690000534057617,21.440000534057617,22.260000228881836,22.260000228881836,7255200,-0.021538451477721487
2020-06-17,WBD,22.270000457763672,22.600000381469727,21.770000457763672,22.170000076293945,22.170000076293945,3807500,-0.00404313349786567
2020-06-18,WBD,21.969999313354492,22.6299991607666,21.81999969482422,22.520000457763672,22.520000457763672,2855900,0.01578711683650269
2020-06-19,WBD,22.34000015258789,22.959999084472656,22.049999237060547,22.149999618530273,22.149999618530273,5102800,-0.0164298770742628
2020-06-22,WBD,21.8799991607666,21.969999313354492,21.020000457763672,21.84000015258789,21.84000015258789,6120100,-0.013995461457391722
2020-06-23,WBD,22.139999389648438,22.549999237060547,21.8799991607666,22.15999984741211,22.15999984741211,3504100,0.014652000576396595
2020-06-24,WBD,21.920000076293945,21.920000076293945,21.09000015258789,21.719999313354492,21.719999313354492,4295300,-0.019855619904663557
2020-06-25,WBD,21.510000228881836,21.540000915527344,20.81999969482422,21.260000228881836,21.260000228881836,4238600,-0.02117859571891545
2020-06-26,WBD,21.020000457763672,21.170000076293945,19.950000762939453,20.260000228881836,20.260000228881836,5675800,-0.047036688110731695
2020-06-29,WBD,20.31999969482422,21.299999237060547,20.1299991607666,21.229999542236328,21.229999542236328,4740900,0.04787755688036466
2020-06-30,WBD,21.18000030517578,21.329999923706055,20.81999969482422,21.100000381469727,21.100000381469727,3462400,-0.006123370869979161
2020-07-01,WBD,21.229999542236328,21.799999237060547,20.969999313354492,21.06999969482422,21.06999969482422,4210100,-0.0014218334646028952
2020-07-02,WBD,21.510000228881836,21.75,20.700000762939453,20.790000915527344,20.790000915527344,3699200,-0.013288978801725193
2020-07-06,WBD,21.270000457763672,21.3700008392334,20.729999542236328,21.239999771118164,21.239999771118164,5097400,0.021644965645707614
2020-07-07,WBD,21.040000915527344,21.06999969482422,20.270000457763672,20.360000610351562,20.360000610351562,3862500,-0.041431222704776616
2020-07-08,WBD,20.3799991607666,20.440000534057617,19.989999771118164,20.219999313354492,20.219999313354492,4261900,-0.006876291394897649
2020-07-09,WBD,20.209999084472656,20.229999542236328,19.110000610351562,19.25,19.25,6459800,-0.04797227231921053
2020-07-10,WBD,19.25,20.3700008392334,19.209999084472656,20.229999542236328,20.229999542236328,5275800,0.05090906712915988
2020-07-13,WBD,20.360000610351562,20.93000030517578,19.709999084472656,20.520000457763672,20.520000457763672,6806300,0.01433519140333539
2020-07-14,WBD,20.209999084472656,20.950000762939453,20.100000381469727,20.649999618530273,20.649999618530273,2873100,0.00633524161143062
2020-07-15,WBD,20.920000076293945,22.049999237060547,20.90999984741211,21.780000686645508,21.780000686645508,6513600,0.054721602372390654
2020-07-16,WBD,21.56999969482422,22.1200008392334,21.489999771118164,22.020000457763672,22.020000457763672,3763200,0.011019272890350207
2020-07-17,WBD,21.770000457763672,22.219999313354492,21.3799991607666,21.420000076293945,21.420000076293945,2707500,-0.02724797316060823
2020-07-20,WBD,21.25,21.40999984741211,20.56999969482422,20.770000457763672,20.770000457763672,3975100,-0.030345453604813222
2020-07-21,WBD,20.950000762939453,21.440000534057617,20.829999923706055,20.979999542236328,20.979999542236328,2812000,0.010110692337233829
2020-07-22,WBD,20.959999084472656,21.350000381469727,20.760000228881836,21.110000610351562,21.110000610351562,2178500,0.0061964285487003945
2020-07-23,WBD,21.139999389648438,21.559999465942383,21.020000457763672,21.350000381469727,21.350000381469727,2780900,0.011369008251021828
2020-07-24,WBD,21.450000762939453,21.690000534057617,20.860000610351562,21.149999618530273,21.149999618530273,2344200,-0.009367717066321002
2020-07-27,WBD,21.1200008392334,21.170000076293945,20.639999389648438,20.8799991607666,20.8799991607666,1861400,-0.0127659793207332
2020-07-28,WBD,20.190000534057617,21.020000457763672,20.190000534057617,20.780000686645508,20.780000686645508,2604200,-0.0047891991446528115
2020-07-29,WBD,20.8700008392334,21.100000381469727,20.6299991607666,21.0,21.0,1756100,0.010587069590227483
2020-07-30,WBD,20.700000762939453,21.239999771118164,20.549999237060547,21.149999618530273,21.149999618530273,2603900,0.007142838977632016
2020-07-31,WBD,21.059999465942383,21.1200008392334,20.690000534057617,21.100000381469727,21.100000381469727,2581900,-0.002364030163704678
2020-08-03,WBD,21.18000030517578,21.450000762939453,20.829999923706055,21.34000015258789,21.34000015258789,3774500,0.011374396529818753
2020-08-04,WBD,21.479999542236328,22.549999237060547,21.299999237060547,22.010000228881836,22.010000228881836,6025100,0.03139644196360014
2020-08-05,WBD,23.0,23.0,21.059999465942383,21.1200008392334,21.1200008392334,8065300,-0.04043613722822992
2020-08-06,WBD,21.100000381469727,21.790000915527344,21.06999969482422,21.6299991607666,21.6299991607666,6525200,0.02414764684032633
2020-08-07,WBD,21.559999465942383,21.90999984741211,20.8799991607666,20.979999542236328,20.979999542236328,6863700,-0.030050838823390658
2020-08-10,WBD,21.100000381469727,21.84000015258789,21.100000381469727,21.780000686645508,21.780000686645508,4900600,0.03813160924044068
2020-08-11,WBD,21.979999542236328,23.670000076293945,21.950000762939453,22.479999542236328,22.479999542236328,7525200,0.032139524036839395
2020-08-12,WBD,22.799999237060547,22.84000015258789,21.809999465942383,21.81999969482422,21.81999969482422,3153400,-0.029359424415115076
2020-08-13,WBD,21.68000030517578,22.1200008392334,21.530000686645508,21.969999313354492,21.969999313354492,2462400,0.006874409744646037
2020-08-14,WBD,21.93000030517578,22.729999542236328,21.850000381469727,22.6200008392334,22.6200008392334,2470100,0.029585869194078684
2020-08-17,WBD,22.469999313354492,22.540000915527344,21.700000762939453,22.09000015258789,22.09000015258789,2614800,-0.02343062188248224
2020-08-18,WBD,22.139999389648438,22.290000915527344,21.940000534057617,22.059999465942383,22.059999465942383,2199000,-0.0013581116540640759
2020-08-19,WBD,22.360000610351562,22.510000228881836,22.059999465942383,22.219999313354492,22.219999313354492,1967400,0.007252939768159328
2020-08-20,WBD,22.020000457763672,22.3799991607666,21.889999389648438,22.1299991607666,22.1299991607666,2768000,-0.004050412032812201
2020-08-21,WBD,22.0,22.15999984741211,21.770000457763672,21.989999771118164,21.989999771118164,2042700,-0.006326226613538988
2020-08-24,WBD,21.940000534057617,22.8799991607666,21.889999389648438,22.809999465942383,22.809999465942383,3604400,0.03728966363615949
2020-08-25,WBD,22.93000030517578,23.010000228881836,22.3799991607666,22.860000610351562,22.860000610351562,3359600,0.002192071266105655
2020-08-26,WBD,22.889999389648438,23.049999237060547,22.56999969482422,22.770000457763672,22.770000457763672,2597200,-0.003937014443785136
2020-08-27,WBD,22.770000457763672,23.1200008392334,22.649999618530273,22.860000610351562,22.860000610351562,3296500,0.003952575791767554
2020-08-28,WBD,22.8799991607666,22.979999542236328,22.690000534057617,22.8799991607666,22.8799991607666,3012800,0.0008748272038969773
2020-08-31,WBD,22.799999237060547,22.950000762939453,21.989999771118164,22.06999969482422,22.06999969482422,4060200,-0.03540207585895927
2020-09-01,WBD,22.040000915527344,22.040000915527344,21.270000457763672,21.420000076293945,21.420000076293945,4101100,-0.029451727572189723
2020-09-02,WBD,21.299999237060547,22.1299991607666,21.219999313354492,21.809999465942383,21.809999465942383,4066100,0.01820725435384385
2020-09-03,WBD,21.969999313354492,22.68000030517578,21.459999084472656,21.639999389648438,21.639999389648438,5404400,-0.007794593326763244
2020-09-04,WBD,21.8799991607666,22.8799991607666,21.799999237060547,22.809999465942383,22.809999465942383,9453100,0.054066548488611366
2020-09-08,WBD,22.56999969482422,23.200000762939453,22.43000030517578,22.5,22.5,5360100,-0.013590507373980598
2020-09-09,WBD,22.520000457763672,23.190000534057617,22.1200008392334,23.059999465942383,23.059999465942383,4488500,0.02488886515299482
2020-09-10,WBD,23.229999542236328,23.799999237060547,23.229999542236328,23.450000762939453,23.450000762939453,5316900,0.016912459064583496
2020-09-11,WBD,23.40999984741211,23.579999923706055,22.549999237060547,22.829999923706055,22.829999923706055,5007600,-0.02643926733739177
2020-09-14,WBD,23.0,23.889999389648438,22.90999984741211,23.770000457763672,23.770000457763672,5051900,0.04117391752951982
2020-09-15,WBD,23.850000381469727,24.1200008392334,23.639999389648438,23.81999969482422,23.81999969482422,3402000,0.002103459659135831
2020-09-16,WBD,23.940000534057617,24.770000457763672,23.889999389648438,24.270000457763672,24.270000457763672,3517100,0.018891719928830764
2020-09-17,WBD,24.049999237060547,24.68000030517578,23.889999389648438,24.200000762939453,24.200000762939453,4015500,-0.002884206572061565
2020-09-18,WBD,24.040000915527344,24.31999969482422,23.760000228881836,23.8799991607666,23.8799991607666,5109500,-0.013223206284477151
2020-09-21,WBD,23.43000030517578,23.520000457763672,22.290000915527344,22.420000076293945,22.420000076293945,4096500,-0.06113899228570108
2020-09-22,WBD,22.420000076293945,22.770000457763672,22.18000030517578,22.329999923706055,22.329999923706055,2466500,-0.004014279762784345
2020-09-23,WBD,22.0,22.579999923706055,21.09000015258789,21.1200008392334,21.1200008392334,3930700,-0.054187151303484504
2020-09-24,WBD,21.209999084472656,21.549999237060547,20.790000915527344,21.31999969482422,21.31999969482422,3377200,0.009469642407366585
2020-09-25,WBD,21.06999969482422,21.420000076293945,20.8700008392334,21.329999923706055,21.329999923706055,2414600,0.0004690538942297984
2020-09-28,WBD,21.75,22.1200008392334,21.559999465942383,21.950000762939453,21.950000762939453,3105700,0.029067081174451115
2020-09-29,WBD,21.93000030517578,22.1299991607666,21.59000015258789,21.75,21.75,2295800,-0.009111651753431205
2020-09-30,WBD,21.889999389648438,22.299999237060547,21.639999389648438,21.770000457763672,21.770000457763672,2872700,0.0009195612764907324
2020-10-01,WBD,21.889999389648438,22.020000457763672,21.239999771118164,21.510000228881836,21.510000228881836,3595600,-0.011943051144452932
2020-10-02,WBD,21.149999618530273,21.600000381469727,21.059999465942383,21.5,21.5,2568400,-0.00046491068226062193
2020-10-05,WBD,21.959999084472656,22.1299991607666,21.6200008392334,21.90999984741211,21.90999984741211,2154700,0.019069760344749165
2020-10-06,WBD,22.049999237060547,22.1200008392334,21.489999771118164,21.520000457763672,21.520000457763672,2557200,-0.017800063549270218
2020-10-07,WBD,21.530000686645508,22.34000015258789,21.40999984741211,22.190000534057617,22.190000534057617,2665900,0.031133831879275542
2020-10-08,WBD,22.329999923706055,22.790000915527344,22.280000686645508,22.770000457763672,22.770000457763672,3097500,0.026137895887648144
2020-10-09,WBD,22.850000381469727,23.049999237060547,22.229999542236328,22.239999771118164,22.239999771118164,3039800,-0.02327627035531299
2020-10-12,WBD,22.170000076293945,22.420000076293945,21.90999984741211,22.34000015258789,22.34000015258789,1877600,0.0044964200763881745
2020-10-13,WBD,22.260000228881836,22.440000534057617,21.459999084472656,21.56999969482422,21.56999969482422,5107300,-0.034467343442451726
2020-10-14,WBD,21.649999618530273,21.760000228881836,20.889999389648438,20.93000030517578,20.93000030517578,6082400,-0.029670811251889195
2020-10-15,WBD,20.84000015258789,21.030000686645508,20.540000915527344,20.969999313354492,20.969999313354492,4019200,0.0019110849305061794
2020-10-16,WBD,20.889999389648438,21.15999984741211,20.559999465942383,20.959999084472656,20.959999084472656,2750000,-0.0004768826518495306
2020-10-19,WBD,21.15999984741211,21.200000762939453,20.1299991607666,20.200000762939453,20.200000762939453,2728000,-0.03625946348901399
2020-10-20,WBD,20.479999542236328,20.489999771118164,20.1299991607666,20.25,20.25,2815200,0.0024752096619857777
2020-10-21,WBD,20.110000610351562,20.81999969482422,20.010000228881836,20.719999313354492,20.719999313354492,3812400,0.023209842634789757
2020-10-22,WBD,21.09000015258789,21.3799991607666,20.770000457763672,21.18000030517578,21.18000030517578,2905200,0.022200820804313848
2020-10-23,WBD,21.43000030517578,21.43000030517578,20.719999313354492,21.100000381469727,21.100000381469727,2149100,-0.0037771445964760453
2020-10-26,WBD,20.93000030517578,20.979999542236328,20.280000686645508,20.520000457763672,20.520000457763672,2916500,-0.027488147545979058
2020-10-27,WBD,20.389999389648438,20.479999542236328,20.09000015258789,20.100000381469727,20.100000381469727,4401400,-0.02046783951873843
2020-10-28,WBD,19.799999237060547,19.969999313354492,19.200000762939453,19.270000457763672,19.270000457763672,5059100,-0.04129352775889672
2020-10-29,WBD,19.1299991607666,19.84000015258789,19.06999969482422,19.739999771118164,19.739999771118164,5898000,0.024390207690168086
2020-10-30,WBD,19.809999465942383,20.239999771118164,19.670000076293945,20.239999771118164,20.239999771118164,4915000,0.02532928094211817
2020-11-02,WBD,20.780000686645508,21.25,20.020000457763672,21.1200008392334,21.1200008392334,5148400,0.043478314133726714
2020-11-03,WBD,21.389999389648438,21.799999237060547,20.979999542236328,21.1200008392334,21.1200008392334,5467700,0.0
2020-11-04,WBD,21.0,21.059999465942383,20.209999084472656,20.530000686645508,20.530000686645508,6833900,-0.02793561217535001
2020-11-05,WBD,21.1200008392334,21.59000015258789,20.6299991607666,21.43000030517578,21.43000030517578,7766600,0.0438382653886471
2020-11-06,WBD,21.3700008392334,21.420000076293945,20.469999313354492,20.93000030517578,20.93000030517578,4866300,-0.023331777549216337
2020-11-09,WBD,21.860000610351562,23.079999923706055,21.690000534057617,22.1200008392334,22.1200008392334,6480800,0.05685621197833157
2020-11-10,WBD,22.1200008392334,22.989999771118164,21.959999084472656,22.920000076293945,22.920000076293945,4378600,0.0361663294172041
2020-11-11,WBD,22.889999389648438,22.950000762939453,22.360000610351562,22.440000534057617,22.440000534057617,4366000,-0.020942388335015272
2020-11-12,WBD,22.459999084472656,22.5,21.56999969482422,21.799999237060547,21.799999237060547,3520900,-0.02852055622840688
2020-11-13,WBD,22.020000457763672,23.459999084472656,21.93000030517578,23.1200008392334,23.1200008392334,5139300,0.06055053432886437
2020-11-16,WBD,23.700000762939453,24.3700008392334,23.6200008392334,24.06999969482422,24.06999969482422,7796000,0.04108991440773324
2020-11-17,WBD,23.59000015258789,24.56999969482422,23.469999313354492,24.299999237060547,24.299999237060547,4434900,0.009555444335372698
2020-11-18,WBD,24.31999969482422,25.049999237060547,24.100000381469727,24.5,24.5,6499300,0.008230484329992294
2020-11-19,WBD,24.139999389648438,25.190000534057617,24.139999389648438,25.030000686645508,25.030000686645508,5849500,0.02163268108757177
2020-11-20,WBD,24.899999618530273,25.579999923706055,24.75,25.489999771118164,25.489999771118164,10031300,0.018377909382882418
2020-11-23,WBD,25.799999237060547,26.6299991607666,25.56999969482422,26.5,26.5,8470900,0.03962339105339008
2020-11-24,WBD,26.989999771118164,27.3799991607666,26.780000686645508,27.200000762939453,27.200000762939453,6544200,0.026415123129790663
2020-11-25,WBD,26.899999618530273,27.350000381469727,26.719999313354492,27.299999237060547,27.299999237060547,5946300,0.0036764143866254706
2020-11-27,WBD,27.190000534057617,27.65999984741211,27.1200008392334,27.479999542236328,27.479999542236328,3959900,0.006593417956269665
2020-11-30,WBD,27.270000457763672,27.40999984741211,26.719999313354492,26.90999984741211,26.90999984741211,7719400,-0.02074234731875224
2020-12-01,WBD,27.389999389648438,28.15999984741211,27.139999389648438,27.68000030517578,27.68000030517578,11279500,0.028613915352278196
2020-12-02,WBD,29.209999084472656,29.219999313354492,27.139999389648438,28.3700008392334,28.3700008392334,10500200,0.024927764683897013
2020-12-03,WBD,28.790000915527344,29.200000762939453,28.049999237060547,28.239999771118164,28.239999771118164,8932000,-0.004582342765935166
2020-12-04,WBD,28.34000015258789,28.780000686645508,28.15999984741211,28.479999542236328,28.479999542236328,7208900,0.008498575533404162
2020-12-07,WBD,28.290000915527344,28.809999465942383,28.040000915527344,28.799999237060547,28.799999237060547,7088300,0.01123594452133525
2020-12-08,WBD,28.469999313354492,28.850000381469727,27.81999969482422,28.09000015258789,28.09000015258789,11304800,-0.02465274664170869
2020-12-09,WBD,28.18000030517578,28.6299991607666,28.139999389648438,28.5,28.5,5417400,0.014595936104839558
2020-12-10,WBD,28.209999084472656,29.049999237060547,28.100000381469727,28.790000915527344,28.790000915527344,6368300,0.010175470720257707
2020-12-11,WBD,28.649999618530273,28.979999542236328,28.5,28.93000030517578,28.93000030517578,8342200,0.004862778228427622
2020-12-14,WBD,29.1200008392334,29.18000030517578,28.43000030517578,28.649999618530273,28.649999618530273,7387400,-0.009678558025988493
2020-12-15,WBD,28.84000015258789,28.84000015258789,27.90999984741211,28.719999313354492,28.719999313354492,4314600,0.0024432703579844173
2020-12-16,WBD,28.65999984741211,29.020000457763672,28.399999618530273,28.790000915527344,28.790000915527344,5955100,0.0024373817495288996
2020-12-17,WBD,28.790000915527344,28.889999389648438,28.209999084472656,28.739999771118164,28.739999771118164,6260300,-0.0017367538318560083
2020-12-18,WBD,28.0,28.510000228881836,27.3700008392334,27.799999237060547,27.799999237060547,8319800,-0.03270704737451868
2020-12-21,WBD,27.360000610351562,27.600000381469727,26.8700008392334,27.3700008392334,27.3700008392334,9440200,-0.015467568691653444
2020-12-22,WBD,27.559999465942383,27.6200008392334,26.920000076293945,27.209999084472656,27.209999084472656,5403400,-0.0058458805208141396
2020-12-23,WBD,27.399999618530273,28.459999084472656,27.31999969482422,28.260000228881836,28.260000228881836,5542200,0.038588797491300175
2020-12-24,WBD,28.290000915527344,28.729999542236328,27.969999313354492,28.56999969482422,28.56999969482422,3471600,0.010969549307560333
2020-12-28,WBD,28.709999084472656,29.469999313354492,28.309999465942383,29.450000762939453,29.450000762939453,5020500,0.030801577791919055
2020-12-29,WBD,29.56999969482422,29.799999237060547,29.18000030517578,29.690000534057617,29.690000534057617,4271800,0.008149397789496415
2020-12-30,WBD,29.690000534057617,30.010000228881836,29.450000762939453,29.809999465942383,29.809999465942383,3191200,0.004041728855717297
2020-12-31,WBD,29.899999618530273,30.329999923706055,29.700000762939453,30.09000015258789,30.09000015258789,5191500,0.009392844403281808
2021-01-04,WBD,31.06999969482422,31.06999969482422,29.770000457763672,30.6299991607666,30.6299991607666,7537100,0.017946128462623667
2021-01-05,WBD,30.43000030517578,31.729999542236328,30.389999389648438,31.520000457763672,31.520000457763672,10031500,0.029056523714733107
2021-01-06,WBD,32.41999816894531,34.459999084472656,31.8799991607666,34.25,34.25,11881400,0.08661165934608683
2021-01-07,WBD,34.369998931884766,35.11000061035156,33.95000076293945,34.400001525878906,34.400001525878906,16015200,0.0043796065950045815
2021-01-08,WBD,34.36000061035156,34.68000030517578,33.369998931884766,34.630001068115234,34.630001068115234,11310600,0.006686032907972539
2021-01-11,WBD,34.34000015258789,35.27000045776367,33.70000076293945,35.130001068115234,35.130001068115234,7103100,0.014438347807628649
2021-01-12,WBD,35.22999954223633,35.619998931884766,34.900001525878906,35.29999923706055,35.29999923706055,5855700,0.004839116532211252
2021-01-13,WBD,35.220001220703125,36.86000061035156,35.02000045776367,36.689998626708984,36.689998626708984,12090700,0.03937675409888142
2021-01-14,WBD,37.040000915527344,38.439998626708984,36.31999969482422,37.25,37.25,11860800,0.015263052446214953
2021-01-15,WBD,37.2400016784668,37.91999816894531,36.63999938964844,36.7599983215332,36.7599983215332,7690500,-0.01315440747561869
2021-01-19,WBD,36.16999816894531,36.84000015258789,35.689998626708984,36.150001525878906,36.150001525878906,10095900,-0.016594037636203485
2021-01-20,WBD,36.33000183105469,36.61000061035156,35.84000015258789,36.439998626708984,36.439998626708984,6943400,0.008022049476885229
2021-01-21,WBD,36.5,37.11000061035156,36.27000045776367,36.880001068115234,36.880001068115234,5372400,0.012074710702204783
2021-01-22,WBD,36.709999084472656,37.619998931884766,36.0,37.4900016784668,37.4900016784668,5867800,0.01654014622247235
2021-01-25,WBD,37.70000076293945,40.22999954223633,37.4900016784668,39.0,39.0,10922700,0.040277360734302325
2021-01-26,WBD,39.470001220703125,40.970001220703125,39.310001373291016,40.720001220703125,40.720001220703125,12857700,0.04410259540264416
2021-01-27,WBD,40.439998626708984,49.939998626708984,40.439998626708984,43.869998931884766,43.869998931884766,38255100,0.07735750532296404
2021-01-28,WBD,43.58000183105469,45.20000076293945,40.47999954223633,41.02000045776367,41.02000045776367,23705100,-0.06496463513815387
2021-01-29,WBD,41.86000061035156,43.810001373291016,40.060001373291016,41.41999816894531,41.41999816894531,16444200,0.009751284902921986
2021-02-01,WBD,41.04999923706055,42.2599983215332,40.31999969482422,42.119998931884766,42.119998931884766,10409000,0.016900067452544576
2021-02-02,WBD,42.29999923706055,42.47999954223633,39.97999954223633,40.08000183105469,40.08000183105469,9692000,-0.04843298083005898
2021-02-03,WBD,40.540000915527344,41.310001373291016,40.08000183105469,40.810001373291016,40.810001373291016,7654200,0.01821356060095569
2021-02-04,WBD,40.720001220703125,41.2599983215332,40.20000076293945,41.11000061035156,41.11000061035156,7120900,0.007351120484325291
2021-02-05,WBD,41.02000045776367,42.77000045776367,40.439998626708984,42.66999816894531,42.66999816894531,4876100,0.037946911589219035
2021-02-08,WBD,42.58000183105469,43.34000015258789,42.33000183105469,43.25,43.25,7198300,0.013592731566527405
2021-02-09,WBD,42.900001525878906,43.540000915527344,42.349998474121094,43.5,43.5,5513000,0.005780346820809301
2021-02-10,WBD,43.7599983215332,45.279998779296875,43.29999923706055,45.06999969482422,45.06999969482422,4433400,0.03609194700745322
2021-02-11,WBD,44.689998626708984,45.599998474121094,44.45000076293945,45.54999923706055,45.54999923706055,5030000,0.010650089760072756
2021-02-12,WBD,45.790000915527344,47.88999938964844,45.470001220703125,47.79999923706055,47.79999923706055,4107900,0.04939626866490365
2021-02-16,WBD,48.060001373291016,48.5,47.2400016784668,47.349998474121094,47.349998474121094,6878200,-0.009414242052760424
2021-02-17,WBD,47.08000183105469,49.459999084472656,46.83000183105469,49.36000061035156,49.36000061035156,4604200,0.042449888088782695
2021-02-18,WBD,49.36000061035156,50.689998626708984,49.119998931884766,49.709999084472656,49.709999084472656,8189400,0.007090730749458096
2021-02-19,WBD,49.84000015258789,51.43000030517578,49.77000045776367,50.790000915527344,50.790000915527344,8666200,0.02172604809787737
2021-02-22,WBD,52.130001068115234,56.02000045776367,51.63999938964844,55.290000915527344,55.290000915527344,14043000,0.08860011653640809
2021-02-23,WBD,53.81999969482422,55.0099983215332,50.119998931884766,52.95000076293945,52.95000076293945,15094600,-0.042322302655826816
2021-02-24,WBD,50.79999923706055,52.2400016784668,50.56999969482422,51.86000061035156,51.86000061035156,10824100,-0.020585460564351843
2021-02-25,WBD,52.63999938964844,53.54999923706055,51.060001373291016,51.31999969482422,51.31999969482422,9490500,-0.010412666972077878
2021-02-26,WBD,51.61000061035156,53.529998779296875,51.119998931884766,53.029998779296875,53.029998779296875,8963000,0.03332032530477802
2021-03-01,WBD,54.31999969482422,58.61000061035156,53.66999816894531,58.18000030517578,58.18000030517578,11154800,0.09711487166561072
2021-03-02,WBD,57.63999938964844,60.040000915527344,57.36000061035156,59.2400016784668,59.2400016784668,7497700,0.018219342862339616
2021-03-03,WBD,59.209999084472656,61.93000030517578,58.86000061035156,61.45000076293945,61.45000076293945,6310500,0.03730585789763685
2021-03-04,WBD,61.88999938964844,62.970001220703125,60.45000076293945,62.599998474121094,62.599998474121094,9367400,0.018714364473616074
2021-03-05,WBD,63.68000030517578,64.9000015258789,62.66999816894531,64.25,64.25,9083200,0.02635785249357503
2021-03-08,WBD,64.87999725341797,67.58000183105469,63.939998626708984,67.25,67.25,9097700,0.04669260700389111
2021-03-09,WBD,66.87999725341797,67.4800033569336,61.779998779296875,63.0099983215332,63.0099983215332,16965800,-0.06304835209616055
2021-03-10,WBD,63.86000061035156,66.56999969482422,62.459999084472656,65.81999969482422,65.81999969482422,12316200,0.0445961188405668
2021-03-11,WBD,65.33999633789062,68.52999877929688,65.19999694824219,66.97000122070312,66.97000122070312,11952600,0.017471916305240143
2021-03-12,WBD,67.02999877929688,71.93000030517578,66.66000366210938,71.0999984741211,71.0999984741211,15747600,0.06166936207463025
2021-03-15,WBD,71.05000305175781,74.52999877929688,70.5,73.66999816894531,73.66999816894531,11184200,0.036146269338664494
2021-03-16,WBD,72.6500015258789,76.61000061035156,72.61000061035156,75.80999755859375,75.80999755859375,11261100,0.0290484517827847
2021-03-17,WBD,74.69000244140625,74.69000244140625,70.9800033569336,74.06999969482422,74.06999969482422,13628500,-0.02295208969535556
2021-03-18,WBD,72.20999908447266,76.08000183105469,71.05000305175781,75.94999694824219,75.94999694824219,12172000,0.025381359000455683
2021-03-19,WBD,75.86000061035156,78.13999938964844,74.19999694824219,77.2699966430664,77.2699966430664,9262200,0.017379851848101646
2021-03-22,WBD,77.9800033569336,78.08000183105469,74.51000213623047,74.6500015258789,74.6500015258789,10952800,-0.03390701735487389
2021-03-23,WBD,70.01000213623047,72.41999816894531,68.41000366210938,71.68000030517578,71.68000030517578,12233800,-0.039785681982518306
2021-03-24,WBD,70.76000213623047,72.22000122070312,61.880001068115234,61.939998626708984,61.939998626708984,16131200,-0.13588171926616888
2021-03-25,WBD,58.189998626708984,62.2400016784668,56.90999984741211,57.75,57.75,13590900,-0.06764608846636666
2021-03-26,WBD,57.45000076293945,58.209999084472656,34.599998474121094,41.900001525878906,41.900001525878906,106071700,-0.27445884803672893
2021-03-29,WBD,43.0,44.75,39.81999969482422,41.22999954223633,41.22999954223633,65944200,-0.015990500220596893
2021-03-30,WBD,43.34000015258789,46.18000030517578,42.0,43.439998626708984,43.439998626708984,45823200,0.05360172469099145
2021-03-31,WBD,44.150001525878906,45.279998779296875,42.349998474121094,43.459999084472656,43.459999084472656,31581800,0.0004604157089309613
2021-04-01,WBD,43.97999954223633,44.310001373291016,42.150001525878906,43.310001373291016,43.310001373291016,16364900,-0.003451397016601243
2021-04-05,WBD,42.75,43.400001525878906,40.790000915527344,41.63999938964844,41.63999938964844,22810800,-0.03855926877602123
2021-04-06,WBD,41.560001373291016,44.34000015258789,41.560001373291016,43.380001068115234,43.380001068115234,23200400,0.04178678443735406
2021-04-07,WBD,44.66999816894531,45.470001220703125,42.5,43.38999938964844,43.38999938964844,15198400,0.00023048227955335676
2021-04-08,WBD,43.209999084472656,43.619998931884766,41.380001068115234,41.880001068115234,41.880001068115234,14780500,-0.034800607116243554
2021-04-09,WBD,41.650001525878906,42.59000015258789,41.25,42.0,42.0,14390400,0.002865303935632557
2021-04-12,WBD,41.88999938964844,42.47999954223633,40.31999969482422,40.380001068115234,40.380001068115234,10140000,-0.038571403140113425
2021-04-13,WBD,40.16999816894531,41.31999969482422,39.689998626708984,40.380001068115234,40.380001068115234,10200500,0.0
2021-04-14,WBD,39.0,40.11000061035156,38.060001373291016,38.380001068115234,38.380001068115234,35615900,-0.04952946872453734
2021-04-15,WBD,38.790000915527344,38.95000076293945,37.27000045776367,37.81999969482422,37.81999969482422,15764000,-0.014590968152844663
2021-04-16,WBD,37.95000076293945,38.27000045776367,37.11000061035156,37.34000015258789,37.34000015258789,15955500,-0.012691685513207873
2021-04-19,WBD,37.439998626708984,37.619998931884766,35.959999084472656,36.369998931884766,36.369998931884766,15280200,-0.02597753660255131
2021-04-20,WBD,36.540000915527344,36.54999923706055,35.279998779296875,35.470001220703125,35.470001220703125,11144600,-0.024745607303073958
2021-04-21,WBD,35.15999984741211,38.5099983215332,34.810001373291016,38.47999954223633,38.47999954223633,21090600,0.08486039520563438
2021-04-22,WBD,38.68000030517578,39.16999816894531,37.56999969482422,38.209999084472656,38.209999084472656,18289100,-0.007016643996248351
2021-04-23,WBD,38.38999938964844,38.70000076293945,37.41999816894531,38.400001525878906,38.400001525878906,10102800,0.004972584296225824
2021-04-26,WBD,38.5,39.029998779296875,37.349998474121094,38.849998474121094,38.849998474121094,10454900,0.011718670061482195
2021-04-27,WBD,38.630001068115234,39.54999923706055,38.400001525878906,39.0099983215332,39.0099983215332,7560200,0.004118400352542739
2021-04-28,WBD,35.959999084472656,37.779998779296875,35.560001373291016,37.4900016784668,37.4900016784668,16863600,-0.038964283734085225
2021-04-29,WBD,38.459999084472656,38.66999816894531,37.150001525878906,37.95000076293945,37.95000076293945,12812500,0.012269913680395206
2021-04-30,WBD,37.959999084472656,38.79999923706055,37.529998779296875,37.65999984741211,37.65999984741211,5914100,-0.007641657699531512
2021-05-03,WBD,37.36000061035156,37.529998779296875,35.650001525878906,36.119998931884766,36.119998931884766,13788800,-0.04089221778457253
2021-05-04,WBD,36.09000015258789,36.58000183105469,35.29999923706055,36.52000045776367,36.52000045776367,7026200,0.01107423969289778
2021-05-05,WBD,36.470001220703125,36.880001068115234,35.959999084472656,36.65999984741211,36.65999984741211,5173500,0.0038334991208544
2021-05-06,WBD,37.08000183105469,37.38999938964844,35.83000183105469,36.25,36.25,6745700,-0.011183847493688726
2021-05-07,WBD,36.47999954223633,37.72999954223633,36.099998474121094,37.560001373291016,37.560001373291016,8232000,0.036137968918372954
2021-05-10,WBD,37.70000076293945,38.06999969482422,37.08000183105469,37.2599983215332,37.2599983215332,6194000,-0.007987301405455893
2021-05-11,WBD,36.290000915527344,37.349998474121094,35.970001220703125,36.779998779296875,36.779998779296875,5517100,-0.012882435959717387
2021-05-12,WBD,36.77000045776367,37.40999984741211,35.689998626708984,35.7599983215332,35.7599983215332,5041000,-0.027732476661685546
2021-05-13,WBD,35.880001068115234,36.83000183105469,34.63999938964844,35.22999954223633,35.22999954223633,8194100,-0.014820995642433554
2021-05-14,WBD,35.61000061035156,36.040000915527344,35.02000045776367,35.650001525878906,35.650001525878906,4717500,0.011921714138515727
2021-05-17,WBD,39.2400016784668,39.70000076293945,33.43000030517578,33.849998474121094,33.849998474121094,89513200,-0.05049096703267075
2021-05-18,WBD,33.7599983215332,34.52000045776367,32.439998626708984,33.310001373291016,33.310001373291016,31351600,-0.01595264771556537
2021-05-19,WBD,32.68000030517578,33.599998474121094,32.540000915527344,33.11000061035156,33.11000061035156,18898400,-0.006004225598736257
2021-05-20,WBD,33.34000015258789,33.5099983215332,31.75,31.850000381469727,31.850000381469727,19397000,-0.038054974498789584
2021-05-21,WBD,31.989999771118164,32.349998474121094,31.360000610351562,31.469999313354492,31.469999313354492,17539900,-0.011930959609542713
2021-05-24,WBD,31.31999969482422,31.81999969482422,30.610000610351562,31.280000686645508,31.280000686645508,12265900,-0.0060374525215943775
2021-05-25,WBD,31.559999465942383,31.719999313354492,30.559999465942383,30.65999984741211,30.65999984741211,10209200,-0.01982099826161765
2021-05-26,WBD,30.709999084472656,32.04999923706055,30.700000762939453,31.81999969482422,31.81999969482422,11316400,0.037834307018433266
2021-05-27,WBD,31.799999237060547,32.7599983215332,31.510000228881836,32.52000045776367,32.52000045776367,9663900,0.021998767116685913
2021-05-28,WBD,32.54999923706055,32.689998626708984,32.02000045776367,32.11000061035156,32.11000061035156,8168000,-0.012607621206666586
2021-06-01,WBD,32.279998779296875,32.45000076293945,31.8799991607666,32.0,32.0,7727300,-0.003425743016526206
2021-06-02,WBD,32.290000915527344,32.56999969482422,31.360000610351562,32.150001525878906,32.150001525878906,8556600,0.00468754768371582
2021-06-03,WBD,32.09000015258789,32.400001525878906,31.309999465942383,31.6299991607666,31.6299991607666,6681600,-0.016174256312048163
2021-06-04,WBD,31.75,31.899999618530273,31.170000076293945,31.549999237060547,31.549999237060547,5115400,-0.00252924204327154
2021-06-07,WBD,31.670000076293945,31.979999542236328,31.15999984741211,31.239999771118164,31.239999771118164,5046400,-0.009825656844334785
2021-06-08,WBD,31.219999313354492,31.309999465942383,29.940000534057617,30.040000915527344,30.040000915527344,12160200,-0.03841225558203232
2021-06-09,WBD,30.09000015258789,31.0,30.010000228881836,30.559999465942383,30.559999465942383,6625700,0.017310204213284663
2021-06-10,WBD,30.670000076293945,30.850000381469727,29.969999313354492,30.139999389648438,30.139999389648438,7832700,-0.013743458234088513
2021-06-11,WBD,30.399999618530273,30.809999465942383,30.239999771118164,30.790000915527344,30.790000915527344,5280100,0.02156607627875884
2021-06-14,WBD,30.959999084472656,31.479999542236328,30.65999984741211,30.81999969482422,30.81999969482422,5182600,0.0009743026438737701
2021-06-15,WBD,30.81999969482422,31.530000686645508,30.049999237060547,30.06999969482422,30.06999969482422,6912600,-0.024334847742582988
2021-06-16,WBD,30.020000457763672,30.59000015258789,29.540000915527344,30.459999084472656,30.459999084472656,7134200,0.012969717113617607
2021-06-17,WBD,30.31999969482422,30.489999771118164,29.34000015258789,29.40999984741211,29.40999984741211,7729000,-0.03447141394025177
2021-06-18,WBD,29.260000228881836,29.5,28.889999389648438,29.079999923706055,29.079999923706055,10228800,-0.011220670704460867
2021-06-21,WBD,29.149999618530273,29.729999542236328,29.010000228881836,29.690000534057617,29.690000534057617,7984600,0.02097663727482635
2021-06-22,WBD,29.690000534057617,29.700000762939453,29.020000457763672,29.489999771118164,29.489999771118164,6575500,-0.00673630041569151
2021-06-23,WBD,29.34000015258789,30.06999969482422,29.34000015258789,29.510000228881836,29.510000228881836,9244400,0.0006782115265819844
2021-06-24,WBD,29.639999389648438,30.360000610351562,29.459999084472656,30.31999969482422,30.31999969482422,6667600,0.02744830429210321
2021-06-25,WBD,30.350000381469727,30.979999542236328,30.110000610351562,30.860000610351562,30.860000610351562,6852200,0.017810056759978377
2021-06-28,WBD,30.959999084472656,31.309999465942383,30.329999923706055,30.56999969482422,30.56999969482422,5635500,-0.00939730751107204
2021-06-29,WBD,30.690000534057617,30.860000610351562,30.190000534057617,30.34000015258789,30.34000015258789,3951500,-0.007523701162328367
2021-06-30,WBD,30.40999984741211,30.790000915527344,29.940000534057617,30.68000030517578,30.68000030517578,5656500,0.011206333252404166
2021-07-01,WBD,30.729999542236328,31.8799991607666,30.549999237060547,31.200000762939453,31.200000762939453,7054100,0.016949167294367573
2021-07-02,WBD,31.030000686645508,31.670000076293945,30.799999237060547,31.139999389648438,31.139999389648438,4327900,-0.0019231208917881437
2021-07-06,WBD,31.170000076293945,31.170000076293945,30.030000686645508,30.34000015258789,30.34000015258789,4471700,-0.025690406317942394
2021-07-07,WBD,30.18000030517578,30.350000381469727,29.459999084472656,29.559999465942383,29.559999465942383,5171300,-0.025708657967128512
2021-07-08,WBD,29.0,29.25,28.280000686645508,28.780000686645508,28.780000686645508,6978700,-0.026386968653214993
2021-07-09,WBD,29.200000762939453,29.479999542236328,28.8700008392334,29.299999237060547,29.299999237060547,4001800,0.01806805205033668
2021-07-12,WBD,29.229999542236328,29.719999313354492,28.860000610351562,29.649999618530273,29.649999618530273,3267300,0.011945405821957245
2021-07-13,WBD,29.43000030517578,29.729999542236328,28.950000762939453,29.100000381469727,29.100000381469727,6415800,-0.018549721556043952
2021-07-14,WBD,29.209999084472656,29.329999923706055,28.549999237060547,28.739999771118164,28.739999771118164,5500000,-0.01237115483272655
2021-07-15,WBD,28.600000381469727,29.15999984741211,28.34000015258789,28.459999084472656,28.459999084472656,5218700,-0.00974254310631173
2021-07-16,WBD,28.540000915527344,29.079999923706055,28.049999237060547,28.18000030517578,28.18000030517578,6284300,-0.009838327066202801
2021-07-19,WBD,27.770000457763672,28.209999084472656,27.079999923706055,27.81999969482422,27.81999969482422,7095500,-0.012775039263766108
2021-07-20,WBD,27.8799991607666,28.219999313354492,27.520000457763672,28.1299991607666,28.1299991607666,3534400,0.011143043470272174
2021-07-21,WBD,28.209999084472656,29.049999237060547,28.209999084472656,28.790000915527344,28.790000915527344,4030400,0.02346255863673319
2021-07-22,WBD,28.850000381469727,28.93000030517578,27.8700008392334,28.479999542236328,28.479999542236328,4515400,-0.01076767500635345
2021-07-23,WBD,28.6299991607666,28.68000030517578,27.860000610351562,28.469999313354492,28.469999313354492,3030300,-0.0003511316377307061
2021-07-26,WBD,28.43000030517578,31.399999618530273,28.350000381469727,29.34000015258789,29.34000015258789,16584200,0.030558512828108952
2021-07-27,WBD,29.020000457763672,29.579999923706055,28.75,28.829999923706055,28.829999923706055,6553000,-0.017382420798551124
2021-07-28,WBD,28.899999618530273,29.93000030517578,27.34000015258789,29.389999389648438,29.389999389648438,15471800,0.01942419241846438
2021-07-29,WBD,29.399999618530273,31.0,29.31999969482422,30.18000030517578,30.18000030517578,9316000,0.02687992282863383
2021-07-30,WBD,29.920000076293945,30.15999984741211,28.889999389648438,29.010000228881836,29.010000228881836,4100900,-0.038767397762195954
2021-08-02,WBD,29.229999542236328,29.59000015258789,28.93000030517578,29.09000015258789,29.09000015258789,4114900,0.0027576671173690226
2021-08-03,WBD,29.18000030517578,29.280000686645508,26.850000381469727,27.8700008392334,27.8700008392334,13105300,-0.041938786763669356
2021-08-04,WBD,27.809999465942383,28.579999923706055,27.43000030517578,28.34000015258789,28.34000015258789,6219500,0.01686398633662267
2021-08-05,WBD,28.43000030517578,29.399999618530273,28.280000686645508,29.200000762939453,29.200000762939453,4563400,0.030345822361367514
2021-08-06,WBD,29.239999771118164,29.719999313354492,28.8700008392334,29.040000915527344,29.040000915527344,6595500,-0.005479446686014522
2021-08-09,WBD,29.030000686645508,29.309999465942383,28.770000457763672,29.229999542236328,29.229999542236328,2507300,0.006542652228616053
2021-08-10,WBD,29.1299991607666,29.5,28.81999969482422,29.440000534057617,29.440000534057617,4487000,0.007184433633597775
2021-08-11,WBD,29.440000534057617,29.610000610351562,29.049999237060547,29.450000762939453,29.450000762939453,2966400,0.00033968168140030564
2021-08-12,WBD,29.6200008392334,29.729999542236328,28.709999084472656,28.899999618530273,28.899999618530273,3949500,-0.018675759937545222
2021-08-13,WBD,29.110000610351562,29.209999084472656,28.360000610351562,28.420000076293945,28.420000076293945,3278600,-0.01660898091945162
2021-08-16,WBD,28.260000228881836,28.729999542236328,27.799999237060547,28.34000015258789,28.34000015258789,5022200,-0.0028149163790039955
2021-08-17,WBD,28.0,28.670000076293945,27.799999237060547,28.610000610351562,28.610000610351562,3813000,0.009527186178896807
2021-08-18,WBD,28.719999313354492,29.229999542236328,28.40999984741211,28.450000762939453,28.450000762939453,4637300,-0.005592444739557889
2021-08-19,WBD,28.40999984741211,28.43000030517578,27.690000534057617,27.739999771118164,27.739999771118164,5425000,-0.024956097461557025
2021-08-20,WBD,27.65999984741211,28.1299991607666,27.3799991607666,28.06999969482422,28.06999969482422,4089300,0.0118961761510048
2021-08-23,WBD,28.309999465942383,28.690000534057617,28.049999237060547,28.440000534057617,28.440000534057617,3286700,0.013181362424511178
2021-08-24,WBD,28.479999542236328,28.959999084472656,28.450000762939453,28.700000762939453,28.700000762939453,3403800,0.009142061322062078
2021-08-25,WBD,28.709999084472656,29.079999923706055,28.450000762939453,28.739999771118164,28.739999771118164,2704100,0.0013936936277145762
2021-08-26,WBD,28.920000076293945,28.93000030517578,27.770000457763672,27.889999389648438,27.889999389648438,4019900,-0.02957551803197722
2021-08-27,WBD,27.899999618530273,28.3799991607666,27.65999984741211,28.280000686645508,28.280000686645508,4009400,0.01398355344323976
2021-08-30,WBD,28.479999542236328,28.479999542236328,27.690000534057617,27.850000381469727,27.850000381469727,3084900,-0.015205102359804323
2021-08-31,WBD,27.799999237060547,28.969999313354492,27.790000915527344,28.84000015258789,28.84000015258789,5288900,0.03554756759633193
2021-09-01,WBD,28.81999969482422,28.920000076293945,28.290000915527344,28.43000030517578,28.43000030517578,3271500,-0.014216360792054905
2021-09-02,WBD,28.520000457763672,29.040000915527344,28.3799991607666,28.940000534057617,28.940000534057617,3622900,0.017938804903529615
2021-09-03,WBD,28.950000762939453,28.950000762939453,28.15999984741211,28.309999465942383,28.309999465942383,3655100,-0.021769214115038737
2021-09-07,WBD,28.309999465942383,28.739999771118164,27.93000030517578,27.959999084472656,27.959999084472656,3297000,-0.012363136279489706
2021-09-08,WBD,27.959999084472656,28.239999771118164,26.940000534057617,26.979999542236328,26.979999542236328,5693700,-0.035050056306352384
2021-09-09,WBD,26.90999984741211,27.219999313354492,26.610000610351562,26.790000915527344,26.790000915527344,4921600,-0.007042202740276116
2021-09-10,WBD,26.780000686645508,26.889999389648438,26.110000610351562,26.149999618530273,26.149999618530273,6613800,-0.02388955860864228
2021-09-13,WBD,26.350000381469727,27.1200008392334,26.18000030517578,27.059999465942383,27.059999465942383,5440000,0.03479922985418593
2021-09-14,WBD,27.100000381469727,27.100000381469727,25.790000915527344,26.260000228881836,26.260000228881836,9715700,-0.029563904392068574
2021-09-15,WBD,26.329999923706055,27.049999237060547,26.110000610351562,26.809999465942383,26.809999465942383,7610300,0.020944372896677832
2021-09-16,WBD,26.739999771118164,27.200000762939453,26.549999237060547,26.989999771118164,26.989999771118164,4933500,0.006713924235785207
2021-09-17,WBD,27.0,27.40999984741211,26.770000457763672,26.8799991607666,26.8799991607666,7576900,-0.004075606198013837
2021-09-20,WBD,26.420000076293945,26.440000534057617,25.549999237060547,26.010000228881836,26.010000228881836,8634500,-0.03236603270265703
2021-09-21,WBD,26.18000030517578,26.450000762939453,24.979999542236328,25.149999618530273,25.149999618530273,8906600,-0.03306422924966401
2021-09-22,WBD,25.3700008392334,26.1299991607666,25.360000610351562,25.440000534057617,25.440000534057617,6458000,0.01153085168691903
2021-09-23,WBD,25.489999771118164,26.049999237060547,25.489999771118164,25.530000686645508,25.530000686645508,4145700,0.003537741772741132
2021-09-24,WBD,25.520000457763672,25.68000030517578,25.200000762939453,25.299999237060547,25.299999237060547,5638600,-0.009009065546373929
2021-09-27,WBD,25.360000610351562,26.520000457763672,25.34000015258789,26.139999389648438,26.139999389648438,5156000,0.033201588060027376
2021-09-28,WBD,26.049999237060547,26.469999313354492,25.549999237060547,25.600000381469727,25.600000381469727,3798400,-0.020657957949017924
2021-09-29,WBD,25.690000534057617,25.8700008392334,25.3700008392334,25.420000076293945,25.420000076293945,3560400,-0.007031261816154988
2021-09-30,WBD,25.479999542236328,25.56999969482422,24.860000610351562,25.3799991607666,25.3799991607666,5331300,-0.001573600134039621
2021-10-01,WBD,25.530000686645508,26.010000228881836,25.329999923706055,25.739999771118164,25.739999771118164,3614600,0.014184421680677906
2021-10-04,WBD,25.65999984741211,25.829999923706055,25.329999923706055,25.610000610351562,25.610000610351562,6528200,-0.005050472491164082
2021-10-05,WBD,25.670000076293945,26.3799991607666,25.40999984741211,26.149999618530273,26.149999618530273,5991600,0.02108547424088858
2021-10-06,WBD,25.770000457763672,25.90999984741211,25.06999969482422,25.8799991607666,25.8799991607666,7529000,-0.010325065457069682
2021-10-07,WBD,26.100000381469727,26.809999465942383,25.940000534057617,26.459999084472656,26.459999084472656,6745900,0.022411126063146103
2021-10-08,WBD,26.65999984741211,26.989999771118164,25.860000610351562,25.889999389648438,25.889999389648438,3591500,-0.021541939325262827
2021-10-11,WBD,26.020000457763672,26.100000381469727,25.170000076293945,25.170000076293945,25.170000076293945,4413000,-0.027809939371507664
2021-10-12,WBD,25.18000030517578,25.469999313354492,24.479999542236328,24.579999923706055,24.579999923706055,7419100,-0.023440609884764152
2021-10-13,WBD,24.81999969482422,25.540000915527344,24.670000076293945,25.5,25.5,7149100,0.037428807125693186
2021-10-14,WBD,25.549999237060547,25.739999771118164,25.110000610351562,25.260000228881836,25.260000228881836,4031000,-0.009411755730124094
2021-10-15,WBD,25.479999542236328,25.600000381469727,24.770000457763672,24.829999923706055,24.829999923706055,5419800,-0.017022973130622843
2021-10-18,WBD,24.739999771118164,25.209999084472656,24.440000534057617,24.670000076293945,24.670000076293945,5113300,-0.006443811836638447
2021-10-19,WBD,24.989999771118164,25.209999084472656,24.639999389648438,24.899999618530273,24.899999618530273,6306900,0.009323045866438395
2021-10-20,WBD,24.770000457763672,25.700000762939453,24.739999771118164,25.329999923706055,25.329999923706055,5875500,0.017269088825839995
2021-10-21,WBD,25.3700008392334,25.969999313354492,24.739999771118164,25.0,25.0,6041000,-0.013028027031188882
2021-10-22,WBD,25.079999923706055,25.270000457763672,24.75,25.100000381469727,25.100000381469727,3904200,0.004000015258789125
2021-10-25,WBD,25.100000381469727,25.559999465942383,25.030000686645508,25.290000915527344,25.290000915527344,5062400,0.007569742277688807
2021-10-26,WBD,25.5,25.540000915527344,24.540000915527344,24.639999389648438,24.639999389648438,5858200,-0.025701917846899902
2021-10-27,WBD,24.739999771118164,24.760000228881836,23.59000015258789,23.600000381469727,23.600000381469727,7348600,-0.04220775300082302
2021-10-28,WBD,23.56999969482422,24.34000015258789,23.520000457763672,24.309999465942383,24.309999465942383,4666000,0.030084706482891965
2021-10-29,WBD,24.149999618530273,24.25,23.399999618530273,23.440000534057617,23.440000534057617,5842700,-0.035787698519023414
2021-11-01,WBD,23.700000762939453,24.700000762939453,23.559999465942383,24.420000076293945,24.420000076293945,6912200,0.04180885323839556
2021-11-02,WBD,24.420000076293945,24.799999237060547,23.850000381469727,24.549999237060547,24.549999237060547,10507900,0.005323470940231445
2021-11-03,WBD,24.399999618530273,25.780000686645508,23.760000228881836,25.600000381469727,25.600000381469727,11278200,0.04276990537841252
2021-11-04,WBD,25.65999984741211,25.84000015258789,24.969999313354492,25.459999084472656,25.459999084472656,6681200,-0.005468800582456579
2021-11-05,WBD,25.639999389648438,26.600000381469727,25.40999984741211,26.520000457763672,26.520000457763672,6209500,0.04163399102152687
2021-11-08,WBD,26.829999923706055,26.989999771118164,26.209999084472656,26.280000686645508,26.280000686645508,6800700,-0.009049764968910634
2021-11-09,WBD,26.5,26.780000686645508,25.979999542236328,26.649999618530273,26.649999618530273,4307400,0.01407910662927736
2021-11-10,WBD,26.649999618530273,28.059999465942383,26.520000457763672,27.360000610351562,27.360000610351562,7760200,0.026641688629804428
2021-11-11,WBD,27.15999984741211,28.979999542236328,26.75,28.229999542236328,28.229999542236328,12304500,0.03179820586537585
2021-11-12,WBD,28.15999984741211,28.700000762939453,27.8700008392334,27.90999984741211,27.90999984741211,5414800,-0.011335448105319723
2021-11-15,WBD,28.0,28.8799991607666,27.8799991607666,28.020000457763672,28.020000457763672,4125300,0.003941261589141876
2021-11-16,WBD,27.989999771118164,28.020000457763672,27.5,27.729999542236328,27.729999542236328,4827700,-0.01034978268342579
2021-11-17,WBD,27.610000610351562,27.850000381469727,27.209999084472656,27.59000015258789,27.59000015258789,4515700,-0.005048661808854327
2021-11-18,WBD,27.559999465942383,27.600000381469727,26.510000228881836,26.850000381469727,26.850000381469727,5129300,-0.026821303625428006
2021-11-19,WBD,26.770000457763672,26.81999969482422,24.829999923706055,25.260000228881836,25.260000228881836,11188700,-0.05921788193661304
2021-11-22,WBD,25.299999237060547,25.93000030517578,24.65999984741211,25.709999084472656,25.709999084472656,5607900,0.017814681374242358
2021-11-23,WBD,25.75,26.15999984741211,25.170000076293945,25.600000381469727,25.600000381469727,6240500,-0.004278440564759234
2021-11-24,WBD,25.530000686645508,25.559999465942383,25.06999969482422,25.170000076293945,25.170000076293945,3788900,-0.016796886670635836
2021-11-26,WBD,24.459999084472656,24.81999969482422,24.139999389648438,24.719999313354492,24.719999313354492,3407000,-0.017878456955718547
2021-11-29,WBD,24.950000762939453,25.049999237060547,24.010000228881836,24.59000015258789,24.59000015258789,5147600,-0.005258865872879381
2021-11-30,WBD,24.299999237060547,24.34000015258789,22.670000076293945,23.270000457763672,23.270000457763672,11473700,-0.05368034512538622
2021-12-01,WBD,23.600000381469727,23.93000030517578,22.200000762939453,22.260000228881836,22.260000228881836,10507000,-0.043403532832542946
2021-12-02,WBD,22.440000534057617,23.389999389648438,22.309999465942383,23.25,23.25,8921100,0.044474382791499734
2021-12-03,WBD,23.049999237060547,24.030000686645508,23.040000915527344,23.989999771118164,23.989999771118164,9162700,0.03182794714486725
2021-12-06,WBD,24.43000030517578,24.90999984741211,23.770000457763672,24.399999618530273,24.399999618530273,6635800,0.01709044815855787
2021-12-07,WBD,24.770000457763672,25.270000457763672,24.15999984741211,24.219999313354492,24.219999313354492,5901100,-0.007377061802865015
2021-12-08,WBD,24.389999389648438,24.889999389648438,23.969999313354492,24.030000686645508,24.030000686645508,4948900,-0.00784469992136716
2021-12-09,WBD,23.799999237060547,23.93000030517578,23.049999237060547,23.579999923706055,23.579999923706055,7219100,-0.01872662297465255
2021-12-10,WBD,23.8799991607666,23.920000076293945,23.110000610351562,23.290000915527344,23.290000915527344,4791800,-0.012298516077905552
2021-12-13,WBD,22.989999771118164,23.25,22.56999969482422,22.75,22.75,4327600,-0.02318595510090027
2021-12-14,WBD,22.649999618530273,23.06999969482422,22.450000762939453,22.510000228881836,22.510000228881836,8522700,-0.010549440488710538
2021-12-15,WBD,22.40999984741211,22.670000076293945,21.65999984741211,22.56999969482422,22.56999969482422,5858900,0.0026654582555445394
2021-12-16,WBD,22.850000381469727,23.549999237060547,22.719999313354492,23.40999984741211,23.40999984741211,6682000,0.0372175526781473
2021-12-17,WBD,23.5,23.610000610351562,22.59000015258789,23.280000686645508,23.280000686645508,7107700,-0.005553146587524371
2021-12-20,WBD,22.860000610351562,23.329999923706055,22.450000762939453,22.889999389648438,22.889999389648438,6087300,-0.01675263253839998
2021-12-21,WBD,22.979999542236328,23.959999084472656,22.850000381469727,23.530000686645508,23.530000686645508,5283400,0.02795986518402871
2021-12-22,WBD,23.469999313354492,24.0,23.059999465942383,23.6299991607666,23.6299991607666,5086400,0.004249828780406695
2021-12-23,WBD,23.780000686645508,24.639999389648438,23.719999313354492,24.420000076293945,24.420000076293945,4741900,0.033432117798759764
2021-12-27,WBD,24.440000534057617,24.670000076293945,23.959999084472656,24.360000610351562,24.360000610351562,3340500,-0.0024569805796449407
2021-12-28,WBD,24.270000457763672,24.889999389648438,24.1299991607666,24.329999923706055,24.329999923706055,3572400,-0.001231555250157057
2021-12-29,WBD,24.280000686645508,24.65999984741211,23.75,23.8700008392334,23.8700008392334,4990800,-0.0189066619776046
2021-12-30,WBD,23.860000610351562,24.90999984741211,23.770000457763672,24.450000762939453,24.450000762939453,6283500,0.024298278312280264
2021-12-31,WBD,24.389999389648438,24.600000381469727,23.520000457763672,23.540000915527344,23.540000915527344,6716100,-0.037218806503738766
2022-01-03,WBD,23.899999618530273,25.799999237060547,23.84000015258789,25.329999923706055,25.329999923706055,10231100,0.07604073655740606
2022-01-04,WBD,25.770000457763672,27.15999984741211,25.639999389648438,26.75,26.75,12074000,0.056060011076627836
2022-01-05,WBD,27.1299991607666,27.969999313354492,26.3799991607666,26.450000762939453,26.450000762939453,12532200,-0.011214924749927024
2022-01-06,WBD,26.59000015258789,26.81999969482422,25.6200008392334,25.719999313354492,25.719999313354492,7197300,-0.02759929786496662
2022-01-07,WBD,27.649999618530273,31.18000030517578,27.260000228881836,30.059999465942383,30.059999465942383,42891900,0.16874029037529747
2022-01-10,WBD,30.170000076293945,30.389999389648438,28.270000457763672,28.59000015258789,28.59000015258789,12117000,-0.048902173635098856
2022-01-11,WBD,28.899999618530273,29.299999237060547,28.030000686645508,28.68000030517578,28.68000030517578,7014100,0.003147959150316515
2022-01-12,WBD,28.5,29.219999313354492,28.280000686645508,28.790000915527344,28.790000915527344,5045200,0.0038354466241659058
2022-01-13,WBD,28.860000610351562,30.020000457763672,28.440000534057617,29.34000015258789,29.34000015258789,9016100,0.019103828397723843
2022-01-14,WBD,28.940000534057617,31.280000686645508,28.940000534057617,31.18000030517578,31.18000030517578,12183400,0.0627130246427623
2022-01-18,WBD,30.950000762939453,31.549999237060547,29.3700008392334,29.639999389648438,29.639999389648438,8682800,-0.04939066390168412
2022-01-19,WBD,29.8799991607666,30.06999969482422,28.280000686645508,28.579999923706055,28.579999923706055,7234000,-0.03576246584919229
2022-01-20,WBD,28.8700008392334,29.059999465942383,27.290000915527344,27.489999771118164,27.489999771118164,10880800,-0.038138563873255094
2022-01-21,WBD,26.829999923706055,27.1299991607666,25.940000534057617,26.190000534057617,26.190000534057617,10403800,-0.04728989624897584
2022-01-24,WBD,25.270000457763672,26.950000762939453,25.219999313354492,26.8799991607666,26.8799991607666,9189500,0.026345880589490944
2022-01-25,WBD,26.3700008392334,27.09000015258789,25.84000015258789,26.860000610351562,26.860000610351562,6800700,-0.0007439937142642572
2022-01-26,WBD,27.049999237060547,27.399999618530273,24.18000030517578,24.399999618530273,24.399999618530273,18137100,-0.09158603633364137
2022-01-27,WBD,24.760000228881836,25.299999237060547,24.389999389648438,25.239999771118164,25.239999771118164,10093900,0.03442623630001873
2022-01-28,WBD,25.059999465942383,27.15999984741211,24.899999618530273,27.149999618530273,27.149999618530273,9601400,0.07567352871364519
2022-01-31,WBD,27.1200008392334,28.43000030517578,26.15999984741211,27.90999984741211,27.90999984741211,7309200,0.02799264234107479
2022-02-01,WBD,25.989999771118164,28.940000534057617,25.899999618530273,27.170000076293945,27.170000076293945,25754500,-0.026513786283190455
2022-02-02,WBD,27.049999237060547,28.3700008392334,26.3799991607666,27.690000534057617,27.690000534057617,11157700,0.019138772775248336
2022-02-03,WBD,27.43000030517578,29.350000381469727,27.31999969482422,28.93000030517578,28.93000030517578,12439100,0.04478150044067397
2022-02-04,WBD,29.020000457763672,29.43000030517578,28.260000228881836,28.899999618530273,28.899999618530273,6722900,-0.0010370095516432087
2022-02-07,WBD,29.06999969482422,29.360000610351562,28.239999771118164,28.34000015258789,28.34000015258789,6619500,-0.01937714440602689
2022-02-08,WBD,28.450000762939453,28.899999618530273,28.040000915527344,28.209999084472656,28.209999084472656,5391800,-0.004587193627921149
2022-02-09,WBD,28.489999771118164,30.059999465942383,27.959999084472656,29.84000015258789,29.84000015258789,10942000,0.0577809684868944
2022-02-10,WBD,29.84000015258789,31.1200008392334,29.56999969482422,30.09000015258789,30.09000015258789,7517500,0.008378016042949632
2022-02-11,WBD,30.010000228881836,30.649999618530273,29.440000534057617,29.56999969482422,29.56999969482422,6591400,-0.01728150399224737
2022-02-14,WBD,29.600000381469727,30.260000228881836,29.350000381469727,29.420000076293945,29.420000076293945,4115800,-0.005072695978300179
2022-02-15,WBD,29.850000381469727,30.56999969482422,29.440000534057617,30.510000228881836,30.510000228881836,4068300,0.03704963119514715
2022-02-16,WBD,29.540000915527344,29.65999984741211,28.1200008392334,29.3799991607666,29.3799991607666,13121600,-0.0370370717678834
2022-02-17,WBD,28.93000030517578,30.110000610351562,28.829999923706055,29.8700008392334,29.8700008392334,7169100,0.016678069859209943
2022-02-18,WBD,29.90999984741211,30.739999771118164,29.600000381469727,29.860000610351562,29.860000610351562,6931900,-0.00033479171747130554
2022-02-22,WBD,29.510000228881836,30.209999084472656,28.09000015258789,28.280000686645508,28.280000686645508,10721300,-0.05291359314836441
2022-02-23,WBD,28.34000015258789,29.25,28.06999969482422,28.209999084472656,28.209999084472656,8400500,-0.00247530411857122
2022-02-24,WBD,26.25,27.799999237060547,25.34000015258789,27.729999542236328,27.729999542236328,16236900,-0.01701522714690651
2022-02-25,WBD,27.649999618530273,28.8799991607666,26.610000610351562,28.239999771118164,28.239999771118164,9585400,0.01839164216735889
2022-02-28,WBD,27.489999771118164,28.530000686645508,27.329999923706055,28.049999237060547,28.049999237060547,8296400,-0.006728064291697922
2022-03-01,WBD,28.09000015258789,28.469999313354492,27.229999542236328,28.110000610351562,28.110000610351562,7663000,0.002139086450018146
2022-03-02,WBD,28.1200008392334,29.600000381469727,28.1200008392334,29.239999771118164,29.239999771118164,7679600,0.040199186632193795
2022-03-03,WBD,29.270000457763672,29.6200008392334,27.969999313354492,28.68000030517578,28.68000030517578,6199300,-0.019151828670516013
2022-03-04,WBD,28.520000457763672,28.540000915527344,26.5,26.889999389648438,26.889999389648438,12200000,-0.06241286249931832
2022-03-07,WBD,26.610000610351562,26.940000534057617,25.489999771118164,25.549999237060547,25.549999237060547,10290200,-0.04983265834895245
2022-03-08,WBD,25.690000534057617,26.219999313354492,25.15999984741211,25.270000457763672,25.270000457763672,9388100,-0.010958856659797234
2022-03-09,WBD,26.0,26.600000381469727,25.329999923706055,25.3700008392334,25.3700008392334,5845500,0.003957276599059423
2022-03-10,WBD,25.18000030517578,25.440000534057617,24.469999313354492,25.079999923706055,25.079999923706055,9331900,-0.011430859516522895
2022-03-11,WBD,25.360000610351562,25.510000228881836,23.93000030517578,23.989999771118164,23.989999771118164,11207100,-0.043460931256128266
2022-03-14,WBD,24.0,24.959999084472656,23.700000762939453,23.8799991607666,23.8799991607666,10106400,-0.00458526933726755
2022-03-15,WBD,24.1200008392334,25.34000015258789,23.90999984741211,25.020000457763672,25.020000457763672,7460900,0.047738749458166696
2022-03-16,WBD,25.459999084472656,26.079999923706055,25.079999923706055,25.639999389648438,25.639999389648438,6529200,0.024780132715480407
2022-03-17,WBD,25.34000015258789,25.719999313354492,25.010000228881836,25.709999084472656,25.709999084472656,4472000,0.0027300973670256745
2022-03-18,WBD,25.540000915527344,26.350000381469727,25.350000381469727,26.260000228881836,26.260000228881836,6938000,0.021392499571940782
2022-03-21,WBD,26.15999984741211,26.899999618530273,25.770000457763672,26.149999618530273,26.149999618530273,4775900,-0.004188903632627472
2022-03-22,WBD,26.3700008392334,27.190000534057617,26.229999542236328,26.8700008392334,26.8700008392334,5166500,0.027533507885519004
2022-03-23,WBD,26.670000076293945,27.65999984741211,26.559999465942383,26.6200008392334,26.6200008392334,4822700,-0.009304056278069406
2022-03-24,WBD,26.610000610351562,27.170000076293945,26.479999542236328,27.1200008392334,27.1200008392334,5121400,0.018782869430382654
2022-03-25,WBD,27.1200008392334,27.6299991607666,26.950000762939453,27.350000381469727,27.350000381469727,3533200,0.008480808817070473
2022-03-28,WBD,27.31999969482422,27.350000381469727,25.1299991607666,25.579999923706055,25.579999923706055,11002900,-0.06471665203203758
2022-03-29,WBD,25.940000534057617,26.420000076293945,25.56999969482422,26.25,26.25,5306800,0.02619234082456079
2022-03-30,WBD,26.040000915527344,26.68000030517578,25.639999389648438,25.700000762939453,25.700000762939453,4790500,-0.020952351888020804
2022-03-31,WBD,25.56999969482422,25.6200008392334,24.850000381469727,24.920000076293945,24.920000076293945,8586500,-0.0303502203692656
2022-04-01,WBD,25.15999984741211,25.329999923706055,24.3700008392334,25.020000457763672,25.020000457763672,7750900,0.004012856386981234
2022-04-04,WBD,25.15999984741211,26.0,24.3700008392334,25.799999237060547,25.799999237060547,8399900,0.03117501059256944
2022-04-05,WBD,25.510000228881836,26.010000228881836,24.229999542236328,24.420000076293945,24.420000076293945,11423000,-0.05348834114631651
2022-04-06,WBD,24.389999389648438,24.389999389648438,23.34000015258789,23.920000076293945,23.920000076293945,10965600,-0.020475020411051648
2022-04-07,WBD,23.969999313354492,24.040000915527344,22.5,23.06999969482422,23.06999969482422,16798600,-0.035535132891246324
2022-04-08,WBD,23.06999969482422,24.520000457763672,22.780000686645508,24.43000030517578,24.43000030517578,22358900,0.05895104587524891
2022-04-11,WBD,24.079999923706055,26.260000228881836,23.5,24.780000686645508,24.780000686645508,70016200,0.014326663000310047
2022-04-12,WBD,24.3700008392334,25.329999923706055,23.75,24.68000030517578,24.68000030517578,40974800,-0.004035527792524141
2022-04-13,WBD,24.670000076293945,27.5,24.209999084472656,26.0,26.0,65233900,0.0534845898906815
2022-04-14,WBD,25.889999389648438,26.579999923706055,24.760000228881836,24.8799991607666,24.8799991607666,37861600,-0.043076955355130675
2022-04-18,WBD,24.530000686645508,24.799999237060547,23.520000457763672,24.15999984741211,24.15999984741211,29145500,-0.02893888013026391
2022-04-19,WBD,23.65999984741211,24.68000030517578,23.5,24.489999771118164,24.489999771118164,32055100,0.013658937325755183
2022-04-20,WBD,23.489999771118164,23.559999465942383,22.700000762939453,23.010000228881836,23.010000228881836,41515900,-0.06043281159935898
2022-04-21,WBD,22.649999618530273,23.229999542236328,20.920000076293945,21.450000762939453,21.450000762939453,50753200,-0.06779658628530971
2022-04-22,WBD,21.0,21.90999984741211,20.3700008392334,20.56999969482422,20.56999969482422,23510100,-0.04102568936201012
2022-04-25,WBD,20.059999465942383,21.940000534057617,19.950000762939453,21.5,21.5,35852700,0.0452114885256798
2022-04-26,WBD,19.93000030517578,20.959999084472656,19.6299991607666,19.829999923706055,19.829999923706055,33742500,-0.07767442215320675
2022-04-27,WBD,19.860000610351562,19.950000762939453,18.200000762939453,18.829999923706055,18.829999923706055,33842400,-0.05042864366350985
2022-04-28,WBD,19.020000457763672,19.420000076293945,17.889999389648438,18.350000381469727,18.350000381469727,23049800,-0.025491213180093064
2022-04-29,WBD,18.360000610351562,19.200000762939453,18.09000015258789,18.149999618530273,18.149999618530273,22966600,-0.010899223911810862
2022-05-02,WBD,18.149999618530273,19.450000762939453,18.049999237060547,19.25,19.25,26110500,0.060606082897471714
2022-05-03,WBD,18.979999542236328,19.68000030517578,18.68000030517578,19.270000457763672,19.270000457763672,19475900,0.0010389848188920858
2022-05-04,WBD,19.3700008392334,19.799999237060547,18.809999465942383,19.65999984741211,19.65999984741211,17002200,0.020238680870986236
2022-05-05,WBD,19.389999389648438,20.079999923706055,18.5,18.8799991607666,18.8799991607666,21442000,-0.03967450115459592
2022-05-06,WBD,18.549999237060547,18.709999084472656,17.549999237060547,17.75,17.75,22653600,-0.05985165312479379
2022-05-09,WBD,17.290000915527344,17.84000015258789,16.860000610351562,17.100000381469727,17.100000381469727,20143700,-0.036619696818606995
2022-05-10,WBD,17.329999923706055,17.969999313354492,17.100000381469727,17.350000381469727,17.350000381469727,18456500,0.014619882714792753
2022-05-11,WBD,17.239999771118164,17.84000015258789,16.59000015258789,16.6200008392334,16.6200008392334,17838900,-0.04207490064472774
2022-05-12,WBD,16.510000228881836,17.739999771118164,16.510000228881836,17.110000610351562,17.110000610351562,22105700,0.02948253588299843
2022-05-13,WBD,17.18000030517578,18.25,17.170000076293945,18.100000381469727,18.100000381469727,15288600,0.057860884617339625
2022-05-16,WBD,17.920000076293945,18.5,17.139999389648438,17.209999084472656,17.209999084472656,16687000,-0.04917134133920953
2022-05-17,WBD,17.690000534057617,18.360000610351562,17.579999923706055,18.360000610351562,18.360000610351562,20024600,0.06682170755700212
2022-05-18,WBD,18.030000686645508,18.360000610351562,17.260000228881836,17.459999084472656,17.459999084472656,19495900,-0.04901968932242173
2022-05-19,WBD,17.350000381469727,17.8700008392334,17.270000457763672,17.5,17.5,16972400,0.0022910033003906705
2022-05-20,WBD,17.75,18.020000457763672,17.149999618530273,17.739999771118164,17.739999771118164,19152600,0.013714272635323654
2022-05-23,WBD,18.0,18.3799991607666,17.450000762939453,18.290000915527344,18.290000915527344,17869600,0.03100344709725511
2022-05-24,WBD,17.84000015258789,17.889999389648438,16.729999542236328,16.860000610351562,16.860000610351562,23189600,-0.07818481320915516
2022-05-25,WBD,16.90999984741211,17.360000610351562,16.75,17.229999542236328,17.229999542236328,18875900,0.021945368830983192
2022-05-26,WBD,17.360000610351562,18.040000915527344,17.239999771118164,17.979999542236328,17.979999542236328,14440200,0.043528730117578185
2022-05-27,WBD,18.010000228881836,18.760000228881836,18.0,18.760000228881836,18.760000228881836,16213300,0.0433815743328152
2022-05-31,WBD,18.559999465942383,18.700000762939453,18.010000228881836,18.450000762939453,18.450000762939453,33259600,-0.01652449158636604
2022-06-01,WBD,18.489999771118164,18.739999771118164,17.510000228881836,17.65999984741211,17.65999984741211,15623600,-0.04281847603574196
2022-06-02,WBD,17.469999313354492,18.059999465942383,17.350000381469727,18.0,18.0,13592700,0.019252556938029297
2022-06-03,WBD,17.81999969482422,17.899999618530273,17.18000030517578,17.5,17.5,14604800,-0.02777777777777779
2022-06-06,WBD,17.81999969482422,17.8700008392334,16.829999923706055,16.850000381469727,16.850000381469727,21860700,-0.037142835344587066
2022-06-07,WBD,16.559999465942383,17.170000076293945,16.329999923706055,17.170000076293945,17.170000076293945,19171700,0.018991079381584397
2022-06-08,WBD,17.030000686645508,17.31999969482422,16.6200008392334,16.670000076293945,16.670000076293945,16512100,-0.029120558985339384
2022-06-09,WBD,16.5,16.559999465942383,15.609999656677246,15.630000114440918,15.630000114440918,22961500,-0.06238751992160996
2022-06-10,WBD,15.369999885559082,15.399999618530273,14.819999694824219,14.859999656677246,14.859999656677246,25435900,-0.049264264371453925
2022-06-13,WBD,14.4399995803833,14.479999542236328,13.720000267028809,14.029999732971191,14.029999732971191,28812800,-0.055854639494093083
2022-06-14,WBD,14.170000076293945,14.289999961853027,13.569999694824219,13.979999542236328,13.979999542236328,22936600,-0.0035638055371705057
2022-06-15,WBD,14.09000015258789,15.130000114440918,14.050000190734863,14.850000381469727,14.850000381469727,23100500,0.062231821725383885
2022-06-16,WBD,14.329999923706055,14.479999542236328,13.300000190734863,13.649999618530273,13.649999618530273,26389800,-0.08080813010865984
2022-06-17,WBD,13.949999809265137,14.5,13.5,14.220000267028809,14.220000267028809,36064400,0.04175829043428991
2022-06-21,WBD,14.5600004196167,14.680000305175781,13.930000305175781,14.039999961853027,14.039999961853027,19574300,-0.012658249071424987
2022-06-22,WBD,13.760000228881836,14.300000190734863,13.760000228881836,13.970000267028809,13.970000267028809,14646300,-0.004985733263134562
2022-06-23,WBD,14.170000076293945,14.1899995803833,13.75,14.119999885559082,14.119999885559082,14425000,0.010737266690272973
2022-06-24,WBD,14.25,14.609999656677246,14.199999809265137,14.279999732971191,14.279999732971191,49763900,0.011331434044538957
2022-06-27,WBD,14.380000114440918,14.4399995803833,13.880000114440918,14.079999923706055,14.079999923706055,19434600,-0.014005589146010688
2022-06-28,WBD,14.109999656677246,14.680000305175781,13.569999694824219,13.65999984741211,13.65999984741211,24493300,-0.02982955103478402
2022-06-29,WBD,13.640000343322754,13.670000076293945,12.90999984741211,13.170000076293945,13.170000076293945,29669000,-0.0358711403068569
2022-06-30,WBD,13.119999885559082,13.670000076293945,12.770000457763672,13.420000076293945,13.420000076293945,25815700,0.01898253595685251
2022-07-01,WBD,13.300000190734863,14.300000190734863,13.260000228881836,14.25,14.25,23453600,0.061847982040792004
2022-07-05,WBD,13.949999809265137,14.489999771118164,13.479999542236328,14.4399995803833,14.4399995803833,20355800,0.01333330388654752
2022-07-06,WBD,14.430000305175781,14.640000343322754,14.119999885559082,14.270000457763672,14.270000457763672,20632500,-0.011772792767291484
2022-07-07,WBD,14.3100004196167,14.699999809265137,14.199999809265137,14.520000457763672,14.520000457763672,15169500,0.01751927063632186
2022-07-08,WBD,14.319999694824219,14.510000228881836,13.970000267028809,13.989999771118164,13.989999771118164,16060100,-0.03650142354934449
2022-07-11,WBD,13.800000190734863,13.920000076293945,13.550000190734863,13.65999984741211,13.65999984741211,15863400,-0.023588272273408317
2022-07-12,WBD,13.550000190734863,14.09000015258789,13.550000190734863,13.949999809265137,13.949999809265137,12235700,0.02122986567294638
2022-07-13,WBD,13.760000228881836,14.329999923706055,13.430000305175781,14.180000305175781,14.180000305175781,18002900,0.016487490971712093
2022-07-14,WBD,13.829999923706055,13.920000076293945,13.430000305175781,13.630000114440918,13.630000114440918,25315500,-0.03878703659365301
2022-07-15,WBD,13.819999694824219,13.989999771118164,13.600000381469727,13.960000038146973,13.960000038146973,17057900,0.02421129280523049
2022-07-18,WBD,14.029999732971191,14.229999542236328,13.8100004196167,13.880000114440918,13.880000114440918,16229500,-0.005730653544946063
2022-07-19,WBD,14.0,14.329999923706055,13.960000038146973,14.25,14.25,18864600,0.026657052053921104
2022-07-20,WBD,14.289999961853027,14.59000015258789,13.9399995803833,14.4399995803833,14.4399995803833,18892300,0.01333330388654752
2022-07-21,WBD,14.329999923706055,14.520000457763672,14.140000343322754,14.510000228881836,14.510000228881836,11673800,0.004847690480104472
2022-07-22,WBD,14.399999618530273,14.989999771118164,14.350000381469727,14.649999618530273,14.649999618530273,19650800,0.00964847604686958
2022-07-25,WBD,14.649999618530273,14.84000015258789,14.34000015258789,14.65999984741211,14.65999984741211,17912100,0.0006826094977632202
2022-07-26,WBD,14.59000015258789,14.649999618530273,14.300000190734863,14.430000305175781,14.430000305175781,12215500,-0.015688918460454837
2022-07-27,WBD,14.5600004196167,15.279999732971191,14.489999771118164,15.149999618530273,15.149999618530273,18763700,0.049896001256232836
2022-07-28,WBD,15.0,15.640000343322754,14.8100004196167,15.59000015258789,15.59000015258789,18480400,0.029042940273044104
2022-07-29,WBD,15.350000381469727,15.399999618530273,14.720000267028809,15.0,15.0,25702300,-0.03784478170707084
2022-08-01,WBD,15.010000228881836,15.739999771118164,14.800000190734863,15.399999618530273,15.399999618530273,22244200,0.026666641235351562
2022-08-02,WBD,15.430000305175781,16.459999084472656,15.300000190734863,16.0,16.0,22877300,0.03896106469689564
2022-08-03,WBD,16.190000534057617,16.850000381469727,15.989999771118164,16.709999084472656,16.709999084472656,21595800,0.044374942779541016
2022-08-04,WBD,16.510000228881836,17.649999618530273,16.510000228881836,17.479999542236328,17.479999542236328,34395500,0.0460802214213869
2022-08-05,WBD,14.59000015258789,15.149999618530273,14.420000076293945,14.59000015258789,14.59000015258789,67899700,-0.16533177719286718
2022-08-08,WBD,14.699999809265137,14.720000267028809,13.920000076293945,14.020000457763672,14.020000457763672,40527300,-0.03906783336963271
2022-08-09,WBD,13.9399995803833,14.0,12.930000305175781,13.100000381469727,13.100000381469727,43116100,-0.0656205453819717
2022-08-10,WBD,13.359999656677246,13.579999923706055,13.069999694824219,13.100000381469727,13.100000381469727,31905000,0.0
2022-08-11,WBD,13.260000228881836,13.949999809265137,13.210000038146973,13.680000305175781,13.680000305175781,28750300,0.044274802047065576
2022-08-12,WBD,13.850000381469727,13.859999656677246,13.359999656677246,13.680000305175781,13.680000305175781,22307300,0.0
2022-08-15,WBD,13.550000190734863,13.630000114440918,13.0600004196167,13.119999885559082,13.119999885559082,34209800,-0.04093570227515453
2022-08-16,WBD,13.069999694824219,13.880000114440918,12.819999694824219,13.6899995803833,13.6899995803833,33874700,0.043445099069825854
2022-08-17,WBD,13.4399995803833,13.539999961853027,13.050000190734863,13.260000228881836,13.260000228881836,23289500,-0.03140974175905897
2022-08-18,WBD,13.15999984741211,13.220000267028809,12.859999656677246,13.1899995803833,13.1899995803833,25789200,-0.005279083506051996
2022-08-19,WBD,12.979999542236328,13.75,12.970000267028809,13.729999542236328,13.729999542236328,24631700,0.04094010455134023
2022-08-22,WBD,13.479999542236328,13.529999732971191,12.6899995803833,12.710000038146973,12.710000038146973,33567900,-0.07428984254162763
2022-08-23,WBD,12.829999923706055,13.149999618530273,12.699999809265137,12.789999961853027,12.789999961853027,23719300,0.006294250469390139
2022-08-24,WBD,12.84000015258789,13.59000015258789,12.789999961853027,13.520000457763672,13.520000457763672,27581100,0.05707587944393411
2022-08-25,WBD,13.479999542236328,13.65999984741211,13.34000015258789,13.5600004196167,13.5600004196167,21341000,0.002958576959962933
2022-08-26,WBD,13.5600004196167,14.020000457763672,13.130000114440918,13.15999984741211,13.15999984741211,29667500,-0.02949856635888637
2022-08-29,WBD,12.979999542236328,13.470000267028809,12.979999542236328,13.199999809265137,13.199999809265137,18506400,0.0030395108143479455
2022-08-30,WBD,13.359999656677246,13.569999694824219,13.050000190734863,13.289999961853027,13.289999961853027,23844100,0.006818193476390677
2022-08-31,WBD,13.319999694824219,13.550000190734863,13.199999809265137,13.239999771118164,13.239999771118164,24097600,-0.0037622416010820725
2022-09-01,WBD,13.020000457763672,13.220000267028809,12.770000457763672,13.1899995803833,13.1899995803833,25104400,-0.003776449516557756
2022-09-02,WBD,13.270000457763672,13.520000457763672,13.0,13.0600004196167,13.0600004196167,20909600,-0.00985588816545091
2022-09-06,WBD,13.109999656677246,13.109999656677246,12.489999771118164,12.630000114440918,12.630000114440918,25104100,-0.032924984024495285
2022-09-07,WBD,12.5,12.880000114440918,12.479999542236328,12.680000305175781,12.680000305175781,15816000,0.0039588432527164485
2022-09-08,WBD,12.539999961853027,12.6899995803833,12.229999542236328,12.539999961853027,12.539999961853027,22276100,-0.01104103627391928
2022-09-09,WBD,12.670000076293945,13.09000015258789,12.670000076293945,13.029999732971191,13.029999732971191,22559300,0.0390749419943186
2022-09-12,WBD,13.180000305175781,13.529999732971191,13.100000381469727,13.3100004196167,13.3100004196167,15804600,0.021488924971885703
2022-09-13,WBD,12.84000015258789,13.180000305175781,12.75,12.949999809265137,12.949999809265137,20761400,-0.027047377836366016
2022-09-14,WBD,12.949999809265137,12.979999542236328,12.319999694824219,12.710000038146973,12.710000038146973,23717900,-0.018532801131507015
2022-09-15,WBD,12.569999694824219,13.34000015258789,12.550000190734863,13.170000076293945,13.170000076293945,22447800,0.036191977715685164
2022-09-16,WBD,13.039999961853027,13.119999885559082,12.630000114440918,12.739999771118164,12.739999771118164,37420200,-0.03264998501782723
2022-09-19,WBD,12.65999984741211,13.359999656677246,12.550000190734863,13.15999984741211,13.15999984741211,23871600,0.03296703954784164
2022-09-20,WBD,13.0600004196167,13.239999771118164,12.829999923706055,13.210000038146973,13.210000038146973,27526100,0.0037994066348485678
2022-09-21,WBD,13.180000305175781,13.289999961853027,12.220000267028809,12.220000267028809,12.220000267028809,25806100,-0.07494320728685144
2022-09-22,WBD,12.239999771118164,12.380000114440918,11.880000114440918,12.010000228881836,12.010000228881836,23521400,-0.017184945463019408
2022-09-23,WBD,11.789999961853027,11.90999984741211,11.510000228881836,11.789999961853027,11.789999961853027,25087500,-0.018318090161209888
2022-09-26,WBD,11.6899995803833,12.050000190734863,11.390000343322754,11.40999984741211,11.40999984741211,24792000,-0.032230713797321675
2022-09-27,WBD,11.520000457763672,12.010000228881836,11.220000267028809,11.319999694824219,11.319999694824219,22208200,-0.007887831182425753
2022-09-28,WBD,11.279999732971191,11.869999885559082,11.199999809265137,11.789999961853027,11.789999961853027,19531400,0.0415194593374153
2022-09-29,WBD,11.529999732971191,11.760000228881836,11.300000190734863,11.65999984741211,11.65999984741211,20033700,-0.01102630321132636
2022-09-30,WBD,11.710000038146973,12.020000457763672,11.479999542236328,11.5,11.5,23432200,-0.013722114022807652
2022-10-03,WBD,11.640000343322754,12.029999732971191,11.5600004196167,11.949999809265137,11.949999809265137,17827200,0.0391304181969685
2022-10-04,WBD,12.079999923706055,12.550000190734863,12.039999961853027,12.359999656677246,12.359999656677246,18674000,0.034309611209719426
2022-10-05,WBD,12.050000190734863,12.300000190734863,11.859999656677246,12.220000267028809,12.220000267028809,13677300,-0.011326811774853507
2022-10-06,WBD,12.199999809265137,12.539999961853027,12.069999694824219,12.489999771118164,12.489999771118164,17992700,0.022094885285546928
2022-10-07,WBD,12.380000114440918,12.479999542236328,11.880000114440918,11.979999542236328,11.979999542236328,14331200,-0.040832685206380726
2022-10-10,WBD,12.039999961853027,12.229999542236328,11.8100004196167,12.020000457763672,12.020000457763672,16726500,0.00333897471250455
2022-10-11,WBD,11.850000381469727,12.029999732971191,11.390000343322754,11.600000381469727,11.600000381469727,25356100,-0.03494176874366661
2022-10-12,WBD,11.479999542236328,11.850000381469727,11.329999923706055,11.65999984741211,11.65999984741211,28771600,0.005172367583558657
2022-10-13,WBD,11.420000076293945,12.5600004196167,11.25,12.5,12.5,29973200,0.07204118040999163
2022-10-14,WBD,12.550000190734863,12.84000015258789,12.399999618530273,12.430000305175781,12.430000305175781,20423100,-0.0055999755859375
2022-10-17,WBD,12.569999694824219,12.640000343322754,12.279999732971191,12.319999694824219,12.319999694824219,21358100,-0.008849606407954735
2022-10-18,WBD,12.619999885559082,13.039999961853027,12.550000190734863,12.880000114440918,12.880000114440918,18270300,0.04545458064028707
2022-10-19,WBD,12.960000038146973,13.1899995803833,12.550000190734863,12.609999656677246,12.609999656677246,19640300,-0.02096276827365473
2022-10-20,WBD,12.65999984741211,13.220000267028809,12.449999809265137,12.920000076293945,12.920000076293945,23298300,0.024583697704745555
2022-10-21,WBD,12.869999885559082,13.5,12.84000015258789,13.489999771118164,13.489999771118164,21454500,0.04411762317788792
2022-10-24,WBD,13.460000038146973,13.59000015258789,13.020000457763672,13.180000305175781,13.180000305175781,20913400,-0.02297994597495001
2022-10-25,WBD,13.010000228881836,13.649999618530273,13.010000228881836,13.569999694824219,13.569999694824219,22539800,0.029590241321563848
2022-10-26,WBD,13.470000267028809,13.65999984741211,12.829999923706055,13.0,13.0,24247100,-0.04200439997368788
2022-10-27,WBD,13.010000228881836,13.350000381469727,12.4399995803833,12.489999771118164,12.489999771118164,23608500,-0.03923078683706427
2022-10-28,WBD,12.5,12.970000267028809,12.369999885559082,12.949999809265137,12.949999809265137,19055900,0.03682946729996539
2022-10-31,WBD,12.779999732971191,13.0600004196167,12.649999618530273,13.0,13.0,21383700,0.0038610186464320684
2022-11-01,WBD,13.25,13.829999923706055,13.25,13.350000381469727,13.350000381469727,22199500,0.026923106266901975
2022-11-02,WBD,13.029999732971191,13.130000114440918,12.65999984741211,12.680000305175781,12.680000305175781,32132500,-0.0501872701984285
2022-11-03,WBD,12.359999656677246,12.399999618530273,11.640000343322754,11.970000267028809,11.970000267028809,34500300,-0.055993692512543713
2022-11-04,WBD,11.380000114440918,11.760000228881836,10.199999809265137,10.430000305175781,10.430000305175781,60325100,-0.1286549647032954
2022-11-07,WBD,10.460000038146973,10.5600004196167,9.970000267028809,10.270000457763672,10.270000457763672,44576700,-0.015340349255091645
2022-11-08,WBD,10.199999809265137,10.470000267028809,9.800000190734863,10.0600004196167,10.0600004196167,36236000,-0.020447909326841485
2022-11-09,WBD,9.859999656677246,9.90999984741211,9.520000457763672,9.84000015258789,9.84000015258789,43663300,-0.02186881290778231
2022-11-10,WBD,10.180000305175781,10.819999694824219,10.149999618530273,10.800000190734863,10.800000190734863,37007000,0.09756097797361263
2022-11-11,WBD,10.819999694824219,12.359999656677246,10.609999656677246,11.84000015258789,11.84000015258789,48852200,0.09629629106351545
2022-11-14,WBD,11.75,12.3100004196167,11.479999542236328,11.489999771118164,11.489999771118164,24372300,-0.029560842648572616
2022-11-15,WBD,11.84000015258789,12.199999809265137,11.180000305175781,11.329999923706055,11.329999923706055,29600500,-0.01392513930368322
2022-11-16,WBD,11.149999618530273,11.180000305175781,10.520000457763672,10.90999984741211,10.90999984741211,26336900,-0.03706973337353414
2022-11-17,WBD,10.699999809265137,11.170000076293945,10.600000381469727,10.960000038146973,10.960000038146973,18062600,0.0045829689673848595
2022-11-18,WBD,11.119999885559082,11.210000038146973,10.649999618530273,10.770000457763672,10.770000457763672,14638800,-0.017335728076824375
2022-11-21,WBD,10.699999809265137,10.779999732971191,10.5,10.5600004196167,10.5600004196167,18070400,-0.019498609955544755
2022-11-22,WBD,10.5,10.819999694824219,10.359999656677246,10.800000190734863,10.800000190734863,13273800,0.022727250149756628
2022-11-23,WBD,10.720000267028809,11.40999984741211,10.720000267028809,11.34000015258789,11.34000015258789,16946300,0.04999999558484114
2022-11-25,WBD,11.180000305175781,11.59000015258789,11.109999656677246,11.470000267028809,11.470000267028809,10129400,0.01146385473471545
2022-11-28,WBD,11.270000457763672,11.529999732971191,10.90999984741211,10.920000076293945,10.920000076293945,16264200,-0.04795119249612145
2022-11-29,WBD,10.979999542236328,11.25,10.859999656677246,11.140000343322754,11.140000343322754,16626000,0.020146544458951476
2022-11-30,WBD,11.0600004196167,11.520000457763672,10.930000305175781,11.399999618530273,11.399999618530273,26857000,0.023339251992336107
2022-12-01,WBD,11.399999618530273,11.890000343322754,11.380000114440918,11.630000114440918,11.630000114440918,21848600,0.02017548277254222
2022-12-02,WBD,11.569999694824219,11.649999618530273,11.369999885559082,11.550000190734863,11.550000190734863,17221600,-0.0068787551950854064
2022-12-05,WBD,11.5,11.640000343322754,11.109999656677246,11.149999618530273,11.149999618530273,15244400,-0.03463208360164882
2022-12-06,WBD,11.3100004196167,11.489999771118164,10.569999694824219,10.609999656677246,10.609999656677246,25893000,-0.04843049150921919
2022-12-07,WBD,10.520000457763672,10.960000038146973,10.34000015258789,10.739999771118164,10.739999771118164,19258200,0.012252603077051338
2022-12-08,WBD,10.779999732971191,11.0,10.670000076293945,10.760000228881836,10.760000228881836,20565600,0.0018622400549259677
2022-12-09,WBD,10.710000038146973,11.34000015258789,10.670000076293945,11.09000015258789,11.09000015258789,29007300,0.030669137238517274
2022-12-12,WBD,11.0,11.399999618530273,10.960000038146973,11.270000457763672,11.270000457763672,50053900,0.016230865888110735
2022-12-13,WBD,11.649999618530273,11.90999984741211,10.779999732971191,10.890000343322754,10.890000343322754,29922800,-0.033717843744996756
2022-12-14,WBD,10.800000190734863,11.229999542236328,10.770000457763672,10.979999542236328,10.979999542236328,35547900,0.00826438898771542
2022-12-15,WBD,10.65999984741211,10.800000190734863,9.949999809265137,10.0,10.0,47972800,-0.0892531496441874
2022-12-16,WBD,9.970000267028809,10.100000381469727,9.600000381469727,9.90999984741211,9.90999984741211,158082500,-0.009000015258789018
2022-12-19,WBD,9.8100004196167,9.880000114440918,9.069999694824219,9.25,9.25,42430500,-0.06659938017904832
2022-12-20,WBD,9.180000305175781,9.5600004196167,8.890000343322754,9.029999732971191,9.029999732971191,42837300,-0.023783812651763103
2022-12-21,WBD,9.0600004196167,9.380000114440918,8.90999984741211,9.039999961853027,9.039999961853027,25650700,0.001107445091645065
2022-12-22,WBD,9.0,9.239999771118164,8.819999694824219,9.229999542236328,9.229999542236328,28566000,0.02101765278595802
2022-12-23,WBD,9.1899995803833,9.380000114440918,9.09000015258789,9.170000076293945,9.170000076293945,19035100,-0.006500484173138532
2022-12-27,WBD,9.0600004196167,9.270000457763672,8.850000381469727,9.229999542236328,9.229999542236328,22207700,0.006543016951274794
2022-12-28,WBD,9.170000076293945,9.300000190734863,8.84000015258789,8.869999885559082,8.869999885559082,22506100,-0.03900321500882997
2022-12-29,WBD,9.010000228881836,9.569999694824219,8.9399995803833,9.430000305175781,9.430000305175781,29740700,0.06313420821215732
2022-12-30,WBD,9.210000038146973,9.5,9.180000305175781,9.479999542236328,9.479999542236328,22808700,0.005302145858161245
2023-01-03,WBD,9.649999618530273,9.9399995803833,9.489999771118164,9.539999961853027,9.539999961853027,25186100,0.006329158493033615
2023-01-04,WBD,9.789999961853027,10.609999656677246,9.5600004196167,10.380000114440918,10.380000114440918,34435900,0.08805033081202773
2023-01-05,WBD,10.380000114440918,11.050000190734863,10.119999885559082,10.859999656677246,10.859999656677246,33761600,0.04624272995609524
2023-01-06,WBD,10.880000114440918,11.390000343322754,10.729999542236328,11.319999694824219,11.319999694824219,29842600,0.04235727925314836
2023-01-09,WBD,11.390000343322754,11.710000038146973,11.229999542236328,11.609999656677246,11.609999656677246,25383800,0.025618371879075452
2023-01-10,WBD,11.800000190734863,12.579999923706055,11.770000457763672,12.5600004196167,12.5600004196167,43263500,0.08182608019226612
2023-01-11,WBD,12.880000114440918,12.949999809265137,12.380000114440918,12.600000381469727,12.600000381469727,30814100,0.0031847102322188903
2023-01-12,WBD,12.779999732971191,13.279999732971191,12.5,13.149999618530273,13.149999618530273,28005800,0.043650731778501095
2023-01-13,WBD,12.960000038146973,13.15999984741211,12.90999984741211,13.140000343322754,13.140000343322754,16146600,-0.0007604011785239395
2023-01-17,WBD,13.0600004196167,13.329999923706055,12.829999923706055,13.229999542236328,13.229999542236328,18142600,0.0068492539240538886
2023-01-18,WBD,13.229999542236328,13.25,12.489999771118164,12.59000015258789,12.59000015258789,21307800,-0.048374861057648655
2023-01-19,WBD,12.449999809265137,12.5600004196167,11.90999984741211,12.470000267028809,12.470000267028809,20111300,-0.009531364901089079
2023-01-20,WBD,12.539999961853027,13.039999961853027,12.359999656677246,13.020000457763672,13.020000457763672,18431100,0.044105868400747816
2023-01-23,WBD,13.020000457763672,13.529999732971191,12.949999809265137,13.510000228881836,13.510000228881836,21618200,0.03763438969973176
2023-01-24,WBD,13.369999885559082,13.600000381469727,13.239999771118164,13.380000114440918,13.380000114440918,11424200,-0.009622510158290187
2023-01-25,WBD,13.260000228881836,14.729999542236328,13.180000305175781,14.529999732971191,14.529999732971191,44313500,0.08594914863185155
2023-01-26,WBD,14.720000267028809,15.1899995803833,14.420000076293945,15.0,15.0,30614200,0.032346887520052325
2023-01-27,WBD,14.899999618530273,15.100000381469727,14.649999618530273,14.90999984741211,14.90999984741211,21010500,-0.006000010172526049
2023-01-30,WBD,14.59000015258789,14.729999542236328,14.220000267028809,14.380000114440918,14.380000114440918,20238500,-0.0355465954658063
2023-01-31,WBD,14.449999809265137,14.84000015258789,14.229999542236328,14.819999694824219,14.819999694824219,23524600,0.030598023427095722
2023-02-01,WBD,14.720000267028809,15.470000267028809,14.670000076293945,15.359999656677246,15.359999656677246,26301400,0.03643724513986446
2023-02-02,WBD,15.520000457763672,16.049999237060547,15.4399995803833,15.920000076293945,15.920000076293945,25213400,0.036458361467036626
2023-02-03,WBD,15.5600004196167,15.859999656677246,15.260000228881836,15.420000076293945,15.420000076293945,20698400,-0.03140703502536646
2023-02-06,WBD,15.199999809265137,15.460000038146973,15.0,15.399999618530273,15.399999618530273,16769000,-0.001297046541161806
2023-02-07,WBD,15.350000381469727,15.420000076293945,14.789999961853027,15.329999923706055,15.329999923706055,12936200,-0.004545434841439211
2023-02-08,WBD,15.260000228881836,15.260000228881836,14.529999732971191,14.5600004196167,14.5600004196167,15044700,-0.05022827840322697
2023-02-09,WBD,14.779999732971191,14.960000038146973,14.239999771118164,14.369999885559082,14.369999885559082,17023000,-0.013049486853147996
2023-02-10,WBD,14.180000305175781,14.380000114440918,14.020000457763672,14.220000267028809,14.220000267028809,11847900,-0.010438386898041219
2023-02-13,WBD,14.3100004196167,15.079999923706055,14.109999656677246,14.920000076293945,14.920000076293945,19340400,0.04922642729397064
2023-02-14,WBD,14.720000267028809,15.039999961853027,14.430000305175781,14.729999542236328,14.729999542236328,11173200,-0.012734620180029688
2023-02-15,WBD,14.569999694824219,15.369999885559082,14.40999984741211,15.350000381469727,15.350000381469727,16744400,0.04209102909036955
2023-02-16,WBD,14.960000038146973,15.630000114440918,14.819999694824219,15.3100004196167,15.3100004196167,23020800,-0.0026058606422781905
2023-02-17,WBD,15.239999771118164,15.529999732971191,15.0600004196167,15.430000305175781,15.430000305175781,15552500,0.007838006679955711
2023-02-21,WBD,15.109999656677246,15.229999542236328,14.720000267028809,14.75,14.75,17783500,-0.04407001242557884
2023-02-22,WBD,14.680000305175781,15.520000457763672,14.680000305175781,15.420000076293945,15.420000076293945,20901300,0.04542373398603017
2023-02-23,WBD,15.430000305175781,15.789999961853027,15.289999961853027,15.729999542236328,15.729999542236328,27591400,0.020103726615342987
2023-02-24,WBD,15.3100004196167,16.239999771118164,15.149999618530273,15.550000190734863,15.550000190734863,38611600,-0.01144306145833962
2023-02-27,WBD,15.550000190734863,16.34000015258789,15.550000190734863,15.9399995803833,15.9399995803833,20752400,0.02508034629355249
2023-02-28,WBD,15.859999656677246,16.31999969482422,15.460000038146973,15.619999885559082,15.619999885559082,22523200,-0.020075263691852863
2023-03-01,WBD,15.59000015258789,15.65999984741211,15.0,15.020000457763672,15.020000457763672,13922800,-0.03841225558203232
2023-03-02,WBD,14.930000305175781,15.279999732971191,14.760000228881836,15.239999771118164,15.239999771118164,13334000,0.014647090988654243
2023-03-03,WBD,15.350000381469727,15.579999923706055,15.270000457763672,15.470000267028809,15.470000267028809,16506200,0.015091896283786488
2023-03-06,WBD,15.649999618530273,15.850000381469727,15.119999885559082,15.130000114440918,15.130000114440918,11534600,-0.021978031462128178
2023-03-07,WBD,15.079999923706055,15.270000457763672,14.770000457763672,14.819999694824219,14.819999694824219,11413200,-0.020489122093318213
2023-03-08,WBD,14.869999885559082,15.380000114440918,14.75,15.34000015258789,15.34000015258789,12817100,0.03508775090901506
2023-03-09,WBD,15.220000267028809,15.399999618530273,14.569999694824219,14.770000457763672,14.770000457763672,19337000,-0.037157737233011634
2023-03-10,WBD,14.65999984741211,14.75,14.140000343322754,14.350000381469727,14.350000381469727,16213600,-0.028436023241500852
2023-03-13,WBD,14.029999732971191,14.350000381469727,13.470000267028809,14.020000457763672,14.020000457763672,23224800,-0.022996509751469163
2023-03-14,WBD,14.1899995803833,14.319999694824219,13.779999732971191,14.050000190734863,14.050000190734863,20094500,0.0021397811691639124
2023-03-15,WBD,13.6899995803833,13.850000381469727,13.399999618530273,13.569999694824219,13.569999694824219,17601500,-0.03416373589995936
2023-03-16,WBD,13.449999809265137,14.229999542236328,13.390000343322754,14.15999984741211,14.15999984741211,13732900,0.04347827309185015
2023-03-17,WBD,14.760000228881836,14.890000343322754,14.199999809265137,14.34000015258789,14.34000015258789,32003200,0.012711886095724712
2023-03-20,WBD,14.260000228881836,14.539999961853027,14.109999656677246,14.239999771118164,14.239999771118164,16431900,-0.006973527224940823
2023-03-21,WBD,14.479999542236328,15.140000343322754,14.40999984741211,15.09000015258789,15.09000015258789,17627900,0.05969103898398331
2023-03-22,WBD,15.130000114440918,15.270000457763672,14.479999542236328,14.510000228881836,14.510000228881836,13584300,-0.03843604491989261
2023-03-23,WBD,14.670000076293945,15.0,14.239999771118164,14.529999732971191,14.529999732971191,11042000,0.0013783255529897787
2023-03-24,WBD,14.199999809265137,14.319999694824219,13.720000267028809,14.0,14.0,12747400,-0.03647623831461788
2023-03-27,WBD,14.130000114440918,14.510000228881836,14.130000114440918,14.34000015258789,14.34000015258789,10588700,0.024285725184849394
2023-03-28,WBD,14.350000381469727,14.579999923706055,14.329999923706055,14.479999542236328,14.479999542236328,11188900,0.009762858309535716
2023-03-29,WBD,14.649999618530273,14.720000267028809,14.390000343322754,14.65999984741211,14.65999984741211,12433700,0.012430960695181126
2023-03-30,WBD,14.930000305175781,15.039999961853027,14.760000228881836,14.850000381469727,14.850000381469727,12707500,0.012960473126550465
2023-03-31,WBD,14.899999618530273,15.119999885559082,14.850000381469727,15.100000381469727,15.100000381469727,17309400,0.01683501640255569
2023-04-03,WBD,15.010000228881836,15.199999809265137,14.670000076293945,14.8100004196167,14.8100004196167,16566300,-0.019205295001774036
2023-04-04,WBD,15.0,15.180000305175781,14.800000190734863,15.149999618530273,15.149999618530273,15755000,0.022957406433508742
2023-04-05,WBD,14.989999771118164,15.010000228881836,14.65999984741211,14.789999961853027,14.789999961853027,14871900,-0.02376235417438055
2023-04-06,WBD,14.699999809265137,15.239999771118164,14.40999984741211,15.109999656677246,15.109999656677246,21833900,0.021636220125055727
2023-04-10,WBD,15.010000228881836,15.520000457763672,14.960000038146973,15.399999618530273,15.399999618530273,15878300,0.019192585601739198
2023-04-11,WBD,15.5,15.5600004196167,14.859999656677246,14.930000305175781,14.930000305175781,19676900,-0.030519436688099533
2023-04-12,WBD,15.069999694824219,15.140000343322754,13.970000267028809,14.0600004196167,14.0600004196167,26222900,-0.05827192684366389
2023-04-13,WBD,14.109999656677246,14.479999542236328,13.729999542236328,14.039999961853027,14.039999961853027,36540500,-0.00142250762210272
2023-04-14,WBD,14.100000381469727,14.279999732971191,13.5600004196167,13.779999732971191,13.779999732971191,16783400,-0.01851853487095878
2023-04-17,WBD,13.819999694824219,14.539999961853027,13.760000228881836,14.529999732971191,14.529999732971191,18793000,0.05442670642478209
2023-04-18,WBD,14.59000015258789,14.680000305175781,14.130000114440918,14.270000457763672,14.270000457763672,13688800,-0.017893962834530153
2023-04-19,WBD,14.100000381469727,14.350000381469727,13.829999923706055,14.289999961853027,14.289999961853027,12505900,0.0014015068989345902
2023-04-20,WBD,14.039999961853027,14.170000076293945,13.6899995803833,13.829999923706055,13.829999923706055,15925600,-0.03219034565254986
2023-04-21,WBD,13.729999542236328,13.880000114440918,13.460000038146973,13.579999923706055,13.579999923706055,16059200,-0.018076645074413533
2023-04-24,WBD,13.630000114440918,13.729999542236328,13.199999809265137,13.359999656677246,13.359999656677246,16336600,-0.01620031430521318
2023-04-25,WBD,13.1899995803833,13.289999961853027,12.760000228881836,12.8100004196167,12.8100004196167,18570600,-0.0411676086223296
2023-04-26,WBD,12.800000190734863,13.0,12.539999961853027,12.579999923706055,12.579999923706055,14264400,-0.01795476099738691
2023-04-27,WBD,12.75,13.15999984741211,12.609999656677246,13.09000015258789,13.09000015258789,19979600,0.040540558980511454
2023-04-28,WBD,13.069999694824219,13.739999771118164,12.920000076293945,13.609999656677246,13.609999656677246,16908600,0.03972494255369052
2023-05-01,WBD,13.579999923706055,13.699999809265137,13.239999771118164,13.289999961853027,13.289999961853027,13721700,-0.023512101608850755
2023-05-02,WBD,13.149999618530273,13.210000038146973,12.649999618530273,12.6899995803833,12.6899995803833,15663800,-0.045146755695405494
2023-05-03,WBD,12.800000190734863,13.130000114440918,12.75,12.829999923706055,12.829999923706055,15265700,0.01103233632404299
2023-05-04,WBD,12.430000305175781,12.520000457763672,12.050000190734863,12.329999923706055,12.329999923706055,32200600,-0.03897116157235103
2023-05-05,WBD,11.8100004196167,12.960000038146973,11.630000114440918,12.890000343322754,12.890000343322754,43789100,0.04541771476737999
2023-05-08,WBD,13.0,13.550000190734863,12.800000190734863,13.460000038146973,13.460000038146973,20909500,0.044220300980789995
2023-05-09,WBD,13.3100004196167,13.5,13.25,13.40999984741211,13.40999984741211,20611200,-0.0037147244125674828
2023-05-10,WBD,13.550000190734863,13.5600004196167,12.6899995803833,13.039999961853027,13.039999961853027,21790000,-0.027591341518955037
2023-05-11,WBD,12.819999694824219,12.880000114440918,12.34000015258789,12.380000114440918,12.380000114440918,20095200,-0.050613485379053746
2023-05-12,WBD,12.380000114440918,12.630000114440918,12.25,12.510000228881836,12.510000228881836,18620800,0.010500816901388932
2023-05-15,WBD,12.619999885559082,12.819999694824219,12.460000038146973,12.8100004196167,12.8100004196167,13879700,0.023980830155562405
2023-05-16,WBD,12.779999732971191,12.819999694824219,12.09000015258789,12.149999618530273,12.149999618530273,20245000,-0.05152230909186606
2023-05-17,WBD,12.289999961853027,12.680000305175781,12.180000305175781,12.510000228881836,12.510000228881836,15072200,0.029629680794599933
2023-05-18,WBD,12.510000228881836,12.579999923706055,12.1899995803833,12.399999618530273,12.399999618530273,16779300,-0.008793014255715548
2023-05-19,WBD,12.399999618530273,12.460000038146973,12.15999984741211,12.199999809265137,12.199999809265137,13198900,-0.016129017372408794
2023-05-22,WBD,12.220000267028809,12.319999694824219,11.970000267028809,12.15999984741211,12.15999984741211,15850000,-0.00327868544904808
2023-05-23,WBD,12.130000114440918,12.239999771118164,11.65999984741211,11.6899995803833,11.6899995803833,20315300,-0.03865133823409006
2023-05-24,WBD,11.699999809265137,11.899999618530273,11.369999885559082,11.65999984741211,11.65999984741211,17325000,-0.0025662732290883117
2023-05-25,WBD,11.569999694824219,11.569999694824219,11.039999961853027,11.09000015258789,11.09000015258789,21466800,-0.04888505165381529
2023-05-26,WBD,11.170000076293945,11.489999771118164,11.010000228881836,11.4399995803833,11.4399995803833,21300400,0.031559911900788995
2023-05-30,WBD,11.5,11.569999694824219,11.130000114440918,11.300000190734863,11.300000190734863,19895200,-0.012237709334229407
2023-05-31,WBD,11.34000015258789,11.520000457763672,11.220000267028809,11.279999732971191,11.279999732971191,35876700,-0.0017699519846088307
2023-06-01,WBD,11.300000190734863,11.609999656677246,10.899999618530273,11.350000381469727,11.350000381469727,20503000,0.006205731396776937
2023-06-02,WBD,11.529999732971191,11.850000381469727,11.4399995803833,11.75,11.75,19218600,0.03524225595475072
2023-06-05,WBD,11.75,11.880000114440918,11.470000267028809,11.630000114440918,11.630000114440918,15053800,-0.010212756217794161
2023-06-06,WBD,11.539999961853027,12.199999809265137,11.539999961853027,12.100000381469727,12.100000381469727,18359800,0.04041274827204955
2023-06-07,WBD,12.119999885559082,13.34000015258789,12.119999885559082,13.119999885559082,13.119999885559082,47243100,0.0842974770192082
2023-06-08,WBD,13.119999885559082,14.210000038146973,13.09000015258789,14.020000457763672,14.020000457763672,43172300,0.068597605187116
2023-06-09,WBD,14.109999656677246,14.170000076293945,13.600000381469727,13.84000015258789,13.84000015258789,25204100,-0.012838823059816984
2023-06-12,WBD,13.920000076293945,14.229999542236328,13.8100004196167,13.970000267028809,13.970000267028809,16927000,0.009393071749107529
2023-06-13,WBD,14.119999885559082,14.479999542236328,13.75,13.789999961853027,13.789999961853027,19999500,-0.012884774641028995
2023-06-14,WBD,13.850000381469727,14.140000343322754,13.5,13.670000076293945,13.670000076293945,26280000,-0.008701949665774866
2023-06-15,WBD,13.609999656677246,13.619999885559082,12.850000381469727,13.130000114440918,13.130000114440918,43427100,-0.039502557340103994
2023-06-16,WBD,13.09000015258789,13.109999656677246,12.579999923706055,12.800000190734863,12.800000190734863,46121400,-0.025133276529305415
2023-06-20,WBD,12.649999618530273,12.739999771118164,12.149999618530273,12.1899995803833,12.1899995803833,30172600,-0.04765629697358165
2023-06-21,WBD,12.1899995803833,12.479999542236328,12.0600004196167,12.369999885559082,12.369999885559082,27539200,0.01476622734798494
2023-06-22,WBD,12.369999885559082,12.40999984741211,12.020000457763672,12.09000015258789,12.09000015258789,19138500,-0.02263538686835942
2023-06-23,WBD,11.9399995803833,11.970000267028809,11.670000076293945,11.789999961853027,11.789999961853027,57397600,-0.02481391124471144
2023-06-26,WBD,11.789999961853027,12.0,11.600000381469727,11.779999732971191,11.779999732971191,27227300,-0.0008481958366575171
2023-06-27,WBD,11.829999923706055,12.4399995803833,11.779999732971191,12.270000457763672,12.270000457763672,31123900,0.041595987767385934
2023-06-28,WBD,12.270000457763672,12.5,12.130000114440918,12.449999809265137,12.449999809265137,17592500,0.014669873250703347
2023-06-29,WBD,12.300000190734863,12.5,12.229999542236328,12.420000076293945,12.420000076293945,13587800,-0.0024096171430353364
2023-06-30,WBD,12.529999732971191,12.579999923706055,12.40999984741211,12.539999961853027,12.539999961853027,17333600,0.009661826475196644
2023-07-03,WBD,12.520000457763672,13.029999732971191,12.510000228881836,13.010000228881836,13.010000228881836,11593100,0.03748008520403201
2023-07-05,WBD,12.869999885559082,13.039999961853027,12.539999961853027,12.829999923706055,12.829999923706055,14367600,-0.01383553435888385
2023-07-06,WBD,12.640000343322754,12.699999809265137,12.399999618530273,12.670000076293945,12.670000076293945,14078800,-0.012470759810097598
2023-07-07,WBD,12.25,12.819999694824219,12.25,12.539999961853027,12.539999961853027,13785200,-0.010260466744917651
2023-07-10,WBD,12.510000228881836,13.029999732971191,12.4399995803833,12.949999809265137,12.949999809265137,15047900,0.032695362732004574
2023-07-11,WBD,12.9399995803833,13.34000015258789,12.920000076293945,13.300000190734863,13.300000190734863,16802200,0.027027056882218403
2023-07-12,WBD,13.5,13.59000015258789,13.069999694824219,13.15999984741211,13.15999984741211,14585600,-0.010526341452256616
2023-07-13,WBD,13.229999542236328,13.270000457763672,12.550000190734863,13.100000381469727,13.100000381469727,22969600,-0.004559229987694979
2023-07-14,WBD,13.050000190734863,13.09000015258789,12.369999885559082,12.399999618530273,12.399999618530273,18790500,-0.053435171187446784
2023-07-17,WBD,12.359999656677246,12.359999656677246,12.140000343322754,12.3100004196167,12.3100004196167,17472100,-0.007258000135667908
2023-07-18,WBD,12.329999923706055,13.050000190734863,12.319999694824219,12.770000457763672,12.770000457763672,20810400,0.037367995326298864
2023-07-19,WBD,12.84000015258789,13.359999656677246,12.829999923706055,13.279999732971191,13.279999732971191,19700900,0.03993729498243348
2023-07-20,WBD,13.15999984741211,13.420000076293945,13.039999961853027,13.109999656677246,13.109999656677246,15620900,-0.0128012108217046
2023-07-21,WBD,13.239999771118164,13.399999618530273,12.869999885559082,12.930000305175781,12.930000305175781,40095400,-0.013729928010317471
2023-07-24,WBD,13.010000228881836,13.109999656677246,12.5600004196167,12.609999656677246,12.609999656677246,16752300,-0.02474869612883468
2023-07-25,WBD,12.579999923706055,12.789999961853027,12.420000076293945,12.529999732971191,12.529999732971191,15816500,-0.006344165415079428
2023-07-26,WBD,12.550000190734863,12.8100004196167,12.470000267028809,12.760000228881836,12.760000228881836,12544500,0.018355985699299415
2023-07-27,WBD,13.0,13.020000457763672,12.239999771118164,12.289999961853027,12.289999961853027,16434600,-0.036833876065689886
2023-07-28,WBD,12.550000190734863,12.859999656677246,12.449999809265137,12.789999961853027,12.789999961853027,16138300,0.040683482632380086
2023-07-31,WBD,12.859999656677246,13.260000228881836,12.819999694824219,13.069999694824219,13.069999694824219,13445200,0.021892082392987344
2023-08-01,WBD,13.020000457763672,13.09000015258789,12.720000267028809,12.869999885559082,12.869999885559082,12669900,-0.015302204585692314
2023-08-02,WBD,12.699999809265137,12.800000190734863,12.460000038146973,12.550000190734863,12.550000190734863,19885500,-0.024864001372935318
2023-08-03,WBD,12.479999542236328,13.010000228881836,12.119999885559082,12.890000343322754,12.890000343322754,34181500,0.02709164521279428
2023-08-04,WBD,12.9399995803833,14.039999961853027,12.760000228881836,13.970000267028809,13.970000267028809,32466400,0.08378587237707191
2023-08-07,WBD,14.09000015258789,14.5,13.84000015258789,14.470000267028809,14.470000267028809,29361200,0.0357909799887457
2023-08-08,WBD,14.300000190734863,14.5,13.75,14.420000076293945,14.420000076293945,24606800,-0.003455438134911004
2023-08-09,WBD,14.550000190734863,14.760000228881836,14.109999656677246,14.109999656677246,14.109999656677246,16817300,-0.021497948542062106
2023-08-10,WBD,14.279999732971191,14.520000457763672,14.069999694824219,14.119999885559082,14.119999885559082,12214300,0.0007087334603232964
2023-08-11,WBD,14.010000228881836,14.270000457763672,13.680000305175781,13.699999809265137,13.699999809265137,11566400,-0.029745048137251873
2023-08-14,WBD,13.550000190734863,13.8100004196167,13.420000076293945,13.529999732971191,13.529999732971191,11363500,-0.012408764865746713
2023-08-15,WBD,13.369999885559082,13.5600004196167,13.140000343322754,13.420000076293945,13.420000076293945,8989500,-0.008130056086341875
2023-08-16,WBD,13.260000228881836,13.470000267028809,13.149999618530273,13.1899995803833,13.1899995803833,8721000,-0.017138635961480686
2023-08-17,WBD,13.199999809265137,13.300000190734863,12.75,12.760000228881836,12.760000228881836,14732800,-0.032600406761269185
2023-08-18,WBD,12.640000343322754,12.829999923706055,12.529999732971191,12.779999732971191,12.779999732971191,10902000,0.0015673592265372793
2023-08-21,WBD,12.770000457763672,12.800000190734863,12.5,12.649999618530273,12.649999618530273,10927800,-0.010172153142189
2023-08-22,WBD,12.630000114440918,12.789999961853027,12.460000038146973,12.539999961853027,12.539999961853027,10050900,-0.0086956252959971
2023-08-23,WBD,12.569999694824219,12.789999961853027,12.520000457763672,12.699999809265137,12.699999809265137,8524100,0.012759158524627834
2023-08-24,WBD,12.630000114440918,12.829999923706055,12.479999542236328,12.699999809265137,12.699999809265137,14044800,0.0
2023-08-25,WBD,12.65999984741211,12.800000190734863,11.949999809265137,12.270000457763672,12.270000457763672,18874000,-0.03385821716215809
2023-08-28,WBD,12.3100004196167,12.800000190734863,12.3100004196167,12.789999961853027,12.789999961853027,15302700,0.042379746103459404
2023-08-29,WBD,12.829999923706055,13.039999961853027,12.710000038146973,12.949999809265137,12.949999809265137,11313300,0.012509761367421435
2023-08-30,WBD,12.970000267028809,13.130000114440918,12.880000114440918,13.109999656677246,13.109999656677246,9543400,0.012355200754337936
2023-08-31,WBD,13.100000381469727,13.3100004196167,13.100000381469727,13.140000343322754,13.140000343322754,13170100,0.0022883819550847395
2023-09-01,WBD,12.779999732971191,12.84000015258789,11.34000015258789,11.5600004196167,11.5600004196167,62845900,-0.12024352225446866
2023-09-05,WBD,11.59000015258789,11.960000038146973,11.34000015258789,11.640000343322754,11.640000343322754,25835300,0.006920408373887188
2023-09-06,WBD,11.529999732971191,11.579999923706055,11.100000381469727,11.489999771118164,11.489999771118164,23007700,-0.01288664671652151
2023-09-07,WBD,11.390000343322754,11.430000305175781,10.850000381469727,11.029999732971191,11.029999732971191,28265600,-0.040034816998278044
2023-09-08,WBD,11.079999923706055,11.399999618530273,11.0,11.319999694824219,11.319999694824219,28275100,0.026291928275043563
2023-09-11,WBD,11.40999984741211,12.039999961853027,11.25,11.579999923706055,11.579999923706055,37363000,0.022968218718302014
2023-09-12,WBD,11.720000267028809,11.850000381469727,11.279999732971191,11.329999923706055,11.329999923706055,26268800,-0.021588946601649894
2023-09-13,WBD,11.359999656677246,11.470000267028809,11.220000267028809,11.40999984741211,11.40999984741211,12547100,0.0070608935785312354
2023-09-14,WBD,11.609999656677246,11.770000457763672,11.420000076293945,11.729999542236328,11.729999542236328,16870600,0.028045547686558203
2023-09-15,WBD,11.75,12.180000305175781,11.6899995803833,11.84000015258789,11.84000015258789,30316100,0.00937771650846897
2023-09-18,WBD,11.880000114440918,11.960000038146973,11.569999694824219,11.65999984741211,11.65999984741211,13642700,-0.01520272828175917
2023-09-19,WBD,11.65999984741211,11.75,11.529999732971191,11.640000343322754,11.640000343322754,10708700,-0.0017152233577253373
2023-09-20,WBD,11.680000305175781,11.829999923706055,11.489999771118164,11.5,11.5,10685500,-0.012027520549263926
2023-09-21,WBD,11.510000228881836,11.930000305175781,11.449999809265137,11.510000228881836,11.510000228881836,17361500,0.000869585120159666
2023-09-22,WBD,11.510000228881836,11.609999656677246,11.010000228881836,11.100000381469727,11.100000381469727,22925700,-0.03562118499209965
2023-09-25,WBD,11.149999618530273,11.180000305175781,10.619999885559082,10.65999984741211,10.65999984741211,22405100,-0.039639686390655626
2023-09-26,WBD,10.569999694824219,10.8100004196167,10.430000305175781,10.6899995803833,10.6899995803833,21457900,0.0028142339024961327
2023-09-27,WBD,10.760000228881836,11.119999885559082,10.760000228881836,11.029999732971191,11.029999732971191,20955300,0.03180544115378714
2023-09-28,WBD,11.079999923706055,11.100000381469727,10.65999984741211,10.6899995803833,10.6899995803833,17806300,-0.0308250372456087
2023-09-29,WBD,10.770000457763672,11.069999694824219,10.770000457763672,10.859999656677246,10.859999656677246,19127100,0.01590272057689357
2023-10-02,WBD,10.800000190734863,10.890000343322754,10.34000015258789,10.510000228881836,10.510000228881836,18332000,-0.032228309287304024
2023-10-03,WBD,10.390000343322754,10.739999771118164,10.300000190734863,10.350000381469727,10.350000381469727,20757100,-0.015223581724805757
2023-10-04,WBD,10.380000114440918,10.399999618530273,9.989999771118164,10.289999961853027,10.289999961853027,17845200,-0.0057971417782864965
2023-10-05,WBD,10.199999809265137,10.319999694824219,9.880000114440918,10.09000015258789,10.09000015258789,22760300,-0.01943632750306834
2023-10-06,WBD,10.0,10.420000076293945,9.949999809265137,10.279999732971191,10.279999732971191,21052700,0.01883048340039606
2023-10-09,WBD,10.130000114440918,10.5600004196167,10.069999694824219,10.529999732971191,10.529999732971191,15518600,0.024319066779561416
2023-10-10,WBD,10.550000190734863,10.770000457763672,10.4399995803833,10.670000076293945,10.670000076293945,26641800,0.013295379570085863
2023-10-11,WBD,10.680000305175781,10.960000038146973,10.680000305175781,10.960000038146973,10.960000038146973,18216200,0.027179002790949758
2023-10-12,WBD,10.960000038146973,10.989999771118164,10.260000228881836,10.319999694824219,10.319999694824219,14748400,-0.05839419170576576
2023-10-13,WBD,10.289999961853027,10.449999809265137,10.149999618530273,10.369999885559082,10.369999885559082,15401300,0.004844979865642918
2023-10-16,WBD,10.449999809265137,10.960000038146973,10.300000190734863,10.899999618530273,10.899999618530273,17824300,0.05110894299133517
2023-10-17,WBD,10.819999694824219,11.039999961853027,10.789999961853027,10.920000076293945,10.920000076293945,13479300,0.0018349044462047104
2023-10-18,WBD,10.789999961853027,10.850000381469727,10.5600004196167,10.579999923706055,10.579999923706055,12669700,-0.031135544891248812
2023-10-19,WBD,10.710000038146973,10.760000228881836,10.329999923706055,10.390000343322754,10.390000343322754,14655000,-0.01795837256648547
2023-10-20,WBD,10.390000343322754,10.609999656677246,10.260000228881836,10.329999923706055,10.329999923706055,14212200,-0.005774823641392812
2023-10-23,WBD,10.260000228881836,10.40999984741211,10.109999656677246,10.140000343322754,10.140000343322754,14015200,-0.018392989524353753
2023-10-24,WBD,10.1899995803833,10.479999542236328,10.050000190734863,10.079999923706055,10.079999923706055,17892700,-0.005917200945284917
2023-10-25,WBD,10.010000228881836,10.180000305175781,9.720000267028809,9.729999542236328,9.729999542236328,32193700,-0.03472226032924852
2023-10-26,WBD,9.699999809265137,9.970000267028809,9.569999694824219,9.800000190734863,9.800000190734863,18682700,0.007194311592171543
2023-10-27,WBD,9.800000190734863,9.90999984741211,9.529999732971191,9.550000190734863,9.550000190734863,15162000,-0.025510203585134117
2023-10-30,WBD,9.649999618530273,9.970000267028809,9.630000114440918,9.850000381469727,9.850000381469727,18128400,0.03141363191028157
2023-10-31,WBD,9.890000343322754,10.109999656677246,9.800000190734863,9.9399995803833,9.9399995803833,23004200,0.00913697415513659
2023-11-01,WBD,9.970000267028809,10.210000038146973,9.84000015258789,10.079999923706055,10.079999923706055,20037500,0.014084542176344472
2023-11-02,WBD,10.279999732971191,11.100000381469727,10.25,11.079999923706055,11.079999923706055,29635200,0.09920634995722666
2023-11-03,WBD,11.399999618530273,11.880000114440918,11.380000114440918,11.770000457763672,11.770000457763672,25064600,0.062274416859998016
2023-11-06,WBD,11.609999656677246,11.770000457763672,11.25,11.449999809265137,11.449999809265137,20804800,-0.02718781954570426
2023-11-07,WBD,11.449999809265137,11.710000038146973,11.350000381469727,11.609999656677246,11.609999656677246,24405100,0.013973786032960511
2023-11-08,WBD,10.1899995803833,10.329999923706055,9.380000114440918,9.399999618530273,9.399999618530273,80193400,-0.19035315275620512
2023-11-09,WBD,9.670000076293945,9.829999923706055,9.270000457763672,9.640000343322754,9.640000343322754,39753900,0.025531993035336376
2023-11-10,WBD,9.680000305175781,10.199999809265137,9.600000381469727,10.130000114440918,10.130000114440918,34526800,0.05082984996546891
2023-11-13,WBD,10.010000228881836,10.069999694824219,9.630000114440918,9.890000343322754,9.890000343322754,18631300,-0.0236919810865579
2023-11-14,WBD,10.289999961853027,10.850000381469727,10.270000457763672,10.4399995803833,10.4399995803833,27971300,0.05561164994618828
2023-11-15,WBD,10.4399995803833,10.640000343322754,10.380000114440918,10.5600004196167,10.5600004196167,21896900,0.011494333721897787
2023-11-16,WBD,10.539999961853027,10.649999618530273,9.970000267028809,10.319999694824219,10.319999694824219,21984300,-0.022727340459820944
2023-11-17,WBD,10.4399995803833,10.779999732971191,10.279999732971191,10.710000038146973,10.710000038146973,18719400,0.037790732059648224
2023-11-20,WBD,10.779999732971191,10.829999923706055,10.539999961853027,10.739999771118164,10.739999771118164,18732200,0.0028010955055404185
2023-11-21,WBD,10.59000015258789,10.680000305175781,10.479999542236328,10.579999923706055,10.579999923706055,10220100,-0.014897565253434997
2023-11-22,WBD,10.670000076293945,10.75,10.600000381469727,10.65999984741211,10.65999984741211,12169700,0.0075614295163464185
2023-11-24,WBD,10.619999885559082,10.949999809265137,10.609999656677246,10.850000381469727,10.850000381469727,6786100,0.017823690129202374
2023-11-27,WBD,10.760000228881836,10.9399995803833,10.6899995803833,10.779999732971191,10.779999732971191,17049600,-0.00645167244584488
2023-11-28,WBD,10.729999542236328,10.789999961853027,10.5,10.619999885559082,10.619999885559082,32676700,-0.014842286769520152
2023-11-29,WBD,10.720000267028809,10.90999984741211,10.550000190734863,10.779999732971191,10.779999732971191,24145000,0.015065899165373375
2023-11-30,WBD,10.770000457763672,10.829999923706055,10.380000114440918,10.449999809265137,10.449999809265137,27490100,-0.030612238578887174
2023-12-01,WBD,10.479999542236328,11.520000457763672,10.359999656677246,11.329999923706055,11.329999923706055,32077900,0.08421053880409612
2023-12-04,WBD,11.239999771118164,11.4399995803833,11.15999984741211,11.390000343322754,11.390000343322754,20425200,0.005295712270143804
2023-12-05,WBD,11.229999542236328,11.3100004196167,10.779999732971191,10.869999885559082,10.869999885559082,19524300,-0.045654121342368126
2023-12-06,WBD,11.029999732971191,11.279999732971191,10.890000343322754,10.920000076293945,10.920000076293945,15783100,0.004599833602692893
2023-12-07,WBD,10.949999809265137,11.09000015258789,10.729999542236328,10.819999694824219,10.819999694824219,17100000,-0.00915754402665403
2023-12-08,WBD,11.0,11.680000305175781,11.0,11.470000267028809,11.470000267028809,27965600,0.06007399173176675
2023-12-11,WBD,11.619999885559082,11.739999771118164,11.140000343322754,11.430000305175781,11.430000305175781,21970800,-0.0034873549190761466
2023-12-12,WBD,11.449999809265137,11.479999542236328,11.149999618530273,11.229999542236328,11.229999542236328,16669400,-0.017497879055076493
2023-12-13,WBD,11.15999984741211,11.890000343322754,11.0600004196167,11.880000114440918,11.880000114440918,23694200,0.05788073007126315
2023-12-14,WBD,12.109999656677246,12.699999809265137,12.079999923706055,12.489999771118164,12.489999771118164,35317300,0.05134677195295234
2023-12-15,WBD,12.529999732971191,12.680000305175781,12.180000305175781,12.260000228881836,12.260000228881836,43112700,-0.018414695472467324
2023-12-18,WBD,12.319999694824219,12.34000015258789,11.9399995803833,11.970000267028809,11.970000267028809,19202800,-0.023654156316396446
2023-12-19,WBD,11.9399995803833,12.4399995803833,11.9399995803833,12.359999656677246,12.359999656677246,17263400,0.0325814019171482
2023-12-20,WBD,12.319999694824219,12.569999694824219,11.489999771118164,11.65999984741211,11.65999984741211,36623000,-0.05663429034862277
2023-12-21,WBD,11.8100004196167,11.84000015258789,10.920000076293945,11.489999771118164,11.489999771118164,46101300,-0.01457976659679594
2023-12-22,WBD,11.5,11.630000114440918,11.210000038146973,11.270000457763672,11.270000457763672,21560800,-0.019147025042375865
2023-12-26,WBD,11.270000457763672,11.5600004196167,11.170000076293945,11.5,11.5,17934500,0.02040812181847662
2023-12-27,WBD,11.470000267028809,11.5600004196167,11.289999961853027,11.489999771118164,11.489999771118164,20714200,-0.000869585120159666
2023-12-28,WBD,11.4399995803833,11.739999771118164,11.430000305175781,11.6899995803833,11.6899995803833,16578600,0.017406424129604137
2023-12-29,WBD,11.550000190734863,11.65999984741211,11.329999923706055,11.380000114440918,11.380000114440918,20267500,-0.026518347054741098
