date,sector,sentiment,observed_only_sentiment,coverage_rate,article_count,ticker_count,usable_sentiment_lag1
2020-01-02,Comm,0.08718,0.10897499999999999,0.8,11.0,5,
2020-01-03,Comm,0.05423,0.135575,0.4,3.0,5,0.08718
2020-01-06,Comm,0.10428583333333333,0.1738097222222222,0.6,16.0,5,0.05423
2020-01-07,Comm,0.17558,0.29263333333333336,0.6,5.0,5,0.10428583333333333
2020-01-08,Comm,0.154382,0.1929775,0.8,20.0,5,0.17558
2020-01-09,Comm,0.16018,0.16018,1.0,6.0,5,0.154382
2020-01-10,Comm,0.028676666666666673,0.03584583333333334,0.8,8.0,5,0.16018
2020-01-13,Comm,0.0006191666666666678,0.0015479166666666697,0.4,14.0,5,0.028676666666666673
2020-01-14,Comm,0.03452,0.0863,0.4,4.0,5,0.0006191666666666678
2020-01-15,Comm,0.00041833333333333165,0.0006972222222222194,0.6,9.0,5,0.03452
2020-01-16,Comm,0.11389,0.1423625,0.8,17.0,5,0.00041833333333333165
2020-01-17,Comm,0.038040000000000004,0.0634,0.6,8.0,5,0.11389
2020-01-21,Comm,-0.022039999999999997,-0.027549999999999998,0.8,19.0,5,0.038040000000000004
2020-01-22,Comm,0.10965,0.18275,0.6,4.0,5,-0.022039999999999997
2020-01-23,Comm,0.19437114285714285,0.19437114285714285,1.0,22.0,5,0.10965
2020-01-24,Comm,0.10515933333333334,0.13144916666666667,0.8,24.0,5,0.19437114285714285
2020-01-27,Comm,-0.029038181818181817,-0.03629772727272727,0.8,20.0,5,0.10515933333333334
2020-01-28,Comm,0.036708000000000005,0.04588500000000001,0.8,15.0,5,-0.029038181818181817
2020-01-29,Comm,0.303721,0.37965125,0.8,11.0,5,0.036708000000000005
2020-01-30,Comm,-0.014118333333333333,-0.017647916666666666,0.8,18.0,5,0.303721
2020-01-31,Comm,-0.18172545454545458,-0.2271568181818182,0.8,15.0,5,-0.014118333333333333
2020-02-03,Comm,0.129675,0.129675,1.0,21.0,5,-0.18172545454545458
2020-02-04,Comm,0.120489,0.120489,1.0,17.0,5,0.129675
2020-02-05,Comm,-0.006538333333333329,-0.008172916666666662,0.8,12.0,5,0.120489
2020-02-06,Comm,0.09675214285714287,0.09675214285714287,1.0,19.0,5,-0.006538333333333329
2020-02-07,Comm,0.03277599999999999,0.04096999999999999,0.8,13.0,5,0.09675214285714287
2020-02-10,Comm,0.09140000000000001,0.11425,0.8,20.0,5,0.03277599999999999
2020-02-11,Comm,-0.019481882352941172,-0.024352352941176464,0.8,24.0,5,0.09140000000000001
2020-02-12,Comm,0.15365222222222225,0.15365222222222225,1.0,18.0,5,-0.019481882352941172
2020-02-13,Comm,0.11660214285714285,0.11660214285714285,1.0,20.0,5,0.15365222222222225
2020-02-14,Comm,0.12498000000000001,0.6249,0.2,1.0,5,0.11660214285714285
2020-02-18,Comm,0.04021809523809524,0.04021809523809524,1.0,23.0,5,0.12498000000000001
2020-02-19,Comm,0.07368166666666666,0.18420416666666664,0.4,7.0,5,0.04021809523809524
2020-02-20,Comm,0.038785,0.06464166666666667,0.6,15.0,5,0.07368166666666666
2020-02-21,Comm,-0.0016033333333333399,-0.0026722222222222334,0.6,7.0,5,0.038785
2020-02-24,Comm,0.028283333333333334,0.04713888888888889,0.6,10.0,5,-0.0016033333333333399
2020-02-25,Comm,0.12050666666666668,0.20084444444444446,0.6,5.0,5,0.028283333333333334
2020-02-26,Comm,0.12558666666666668,0.15698333333333334,0.8,10.0,5,0.12050666666666668
2020-02-27,Comm,0.13194,0.164925,0.8,8.0,5,0.12558666666666668
2020-02-28,Comm,-0.09630999999999998,-0.09630999999999998,1.0,17.0,5,0.13194
2020-03-02,Comm,0.10930666666666666,0.13663333333333333,0.8,17.0,5,-0.09630999999999998
2020-03-03,Comm,0.040232000000000004,0.05029000000000001,0.8,11.0,5,0.10930666666666666
2020-03-04,Comm,0.10109666666666664,0.1263708333333333,0.8,7.0,5,0.040232000000000004
2020-03-05,Comm,0.181035,0.181035,1.0,10.0,5,0.10109666666666664
2020-03-06,Comm,0.027944999999999998,0.0698625,0.4,6.0,5,0.181035
2020-03-09,Comm,-0.010929999999999999,-0.013662499999999998,0.8,16.0,5,0.027944999999999998
2020-03-10,Comm,-0.04432399999999999,-0.04432399999999999,1.0,18.0,5,-0.010929999999999999
2020-03-11,Comm,0.022200000000000004,0.027750000000000004,0.8,9.0,5,-0.04432399999999999
2020-03-12,Comm,-0.004151999999999994,-0.006919999999999991,0.6,12.0,5,0.022200000000000004
2020-03-13,Comm,0.09265699999999999,0.1544283333333333,0.6,16.0,5,-0.004151999999999994
2020-03-16,Comm,-0.0059479999999999976,-0.007434999999999997,0.8,28.0,5,0.09265699999999999
2020-03-17,Comm,0.06664933333333334,0.08331166666666667,0.8,17.0,5,-0.0059479999999999976
2020-03-18,Comm,-0.02648399999999999,-0.03310499999999999,0.8,11.0,5,0.06664933333333334
2020-03-19,Comm,0.03651833333333333,0.03651833333333333,1.0,14.0,5,-0.02648399999999999
2020-03-20,Comm,0.013975000000000001,0.02329166666666667,0.6,6.0,5,0.03651833333333333
2020-03-23,Comm,0.16240557142857143,0.16240557142857143,1.0,28.0,5,0.013975000000000001
2020-03-24,Comm,0.1880167619047619,0.23502095238095239,0.8,18.0,5,0.16240557142857143
2020-03-25,Comm,0.17759866666666663,0.17759866666666663,1.0,15.0,5,0.1880167619047619
2020-03-26,Comm,0.12920166666666666,0.12920166666666666,1.0,13.0,5,0.17759866666666663
2020-03-27,Comm,0.12567733333333336,0.20946222222222224,0.6,11.0,5,0.12920166666666666
2020-03-30,Comm,0.204299,0.25537375,0.8,15.0,5,0.12567733333333336
2020-03-31,Comm,0.12033333333333333,0.20055555555555557,0.6,6.0,5,0.204299
2020-04-01,Comm,0.06144666666666667,0.07680833333333334,0.8,21.0,5,0.12033333333333333
2020-04-02,Comm,-0.09556,-0.09556,1.0,10.0,5,0.06144666666666667
2020-04-03,Comm,0.21319476190476191,0.21319476190476191,1.0,16.0,5,-0.09556
2020-04-06,Comm,0.2485433333333334,0.31067916666666673,0.8,16.0,5,0.21319476190476191
2020-04-07,Comm,0.16592636363636365,0.20740795454545455,0.8,20.0,5,0.2485433333333334
2020-04-08,Comm,0.037483999999999996,0.046854999999999994,0.8,13.0,5,0.16592636363636365
2020-04-09,Comm,-0.02296333333333333,-0.02296333333333333,1.0,16.0,5,0.037483999999999996
2020-04-13,Comm,0.058230000000000004,0.0727875,0.8,16.0,5,-0.02296333333333333
2020-04-14,Comm,0.20913561904761901,0.26141952380952377,0.8,16.0,5,0.058230000000000004
2020-04-15,Comm,0.12380333333333333,0.15475416666666666,0.8,16.0,5,0.20913561904761901
2020-04-16,Comm,0.2287443333333333,0.28593041666666663,0.8,16.0,5,0.12380333333333333
2020-04-17,Comm,0.06399933333333332,0.07999916666666666,0.8,15.0,5,0.2287443333333333
2020-04-20,Comm,0.070725,0.08840624999999999,0.8,12.0,5,0.06399933333333332
2020-04-21,Comm,0.12262333333333333,0.12262333333333333,1.0,15.0,5,0.070725
2020-04-22,Comm,0.17217466666666667,0.21521833333333334,0.8,26.0,5,0.12262333333333333
2020-04-23,Comm,0.10536722222222221,0.13170902777777777,0.8,24.0,5,0.17217466666666667
2020-04-24,Comm,0.015129090909090911,0.01891136363636364,0.8,17.0,5,0.10536722222222221
2020-04-27,Comm,0.08147666666666667,0.08147666666666667,1.0,21.0,5,0.015129090909090911
2020-04-28,Comm,0.1422871717171717,0.1422871717171717,1.0,36.0,5,0.08147666666666667
2020-04-29,Comm,0.06182000000000001,0.10303333333333335,0.6,19.0,5,0.1422871717171717
2020-04-30,Comm,0.027556666666666674,0.03444583333333334,0.8,27.0,5,0.06182000000000001
2020-05-01,Comm,-0.07805366666666666,-0.09756708333333333,0.8,19.0,5,0.027556666666666674
2020-05-04,Comm,0.07728711111111111,0.12881185185185184,0.6,23.0,5,-0.07805366666666666
2020-05-05,Comm,0.12417928571428571,0.12417928571428571,1.0,35.0,5,0.07728711111111111
2020-05-06,Comm,-0.05310466666666667,-0.06638083333333333,0.8,33.0,5,0.12417928571428571
2020-05-07,Comm,0.10598800000000001,0.13248500000000002,0.8,23.0,5,-0.05310466666666667
2020-05-08,Comm,0.15336,0.2556,0.6,9.0,5,0.10598800000000001
2020-05-11,Comm,0.12894285714285716,0.12894285714285716,1.0,23.0,5,0.15336
2020-05-12,Comm,0.085805,0.085805,1.0,18.0,5,0.12894285714285716
2020-05-13,Comm,0.015159999999999996,0.02526666666666666,0.6,4.0,5,0.085805
2020-05-14,Comm,0.1712533333333333,0.1712533333333333,1.0,14.0,5,0.015159999999999996
2020-05-15,Comm,0.15572666666666665,0.15572666666666665,1.0,16.0,5,0.1712533333333333
2020-05-18,Comm,0.1499806666666667,0.1499806666666667,1.0,20.0,5,0.15572666666666665
2020-05-19,Comm,0.12955733333333336,0.12955733333333336,1.0,20.0,5,0.1499806666666667
2020-05-20,Comm,0.019808666666666665,0.019808666666666665,1.0,27.0,5,0.12955733333333336
2020-05-21,Comm,0.10847199999999999,0.10847199999999999,1.0,11.0,5,0.019808666666666665
2020-05-22,Comm,0.006760000000000011,0.006760000000000011,1.0,10.0,5,0.10847199999999999
2020-05-26,Comm,0.1426346666666667,0.1426346666666667,1.0,20.0,5,0.006760000000000011
2020-05-27,Comm,0.15016333333333337,0.15016333333333337,1.0,22.0,5,0.1426346666666667
2020-05-28,Comm,0.09534436363636363,0.09534436363636363,1.0,23.0,5,0.15016333333333337
2020-05-29,Comm,0.10081,0.1260125,0.8,14.0,5,0.09534436363636363
2020-06-01,Comm,0.15972342857142857,0.15972342857142857,1.0,17.0,5,0.10081
2020-06-02,Comm,0.17357666666666666,0.28929444444444447,0.6,9.0,5,0.15972342857142857
2020-06-03,Comm,-0.07269666666666666,-0.07269666666666666,1.0,12.0,5,0.17357666666666666
2020-06-04,Comm,0.160185,0.160185,1.0,11.0,5,-0.07269666666666666
2020-06-05,Comm,0.08882933333333333,0.11103666666666666,0.8,11.0,5,0.160185
2020-06-08,Comm,-0.1130925,-0.1130925,1.0,16.0,5,0.08882933333333333
2020-06-09,Comm,0.0,0.0,0.6,6.0,5,-0.1130925
2020-06-10,Comm,0.009570000000000013,0.011962500000000015,0.8,6.0,5,0.0
2020-06-11,Comm,0.006903809523809523,0.006903809523809523,1.0,14.0,5,0.009570000000000013
2020-06-12,Comm,0.06633333333333333,0.11055555555555556,0.6,9.0,5,0.006903809523809523
2020-06-15,Comm,0.01801333333333332,0.02251666666666665,0.8,16.0,5,0.06633333333333333
2020-06-16,Comm,0.09305,0.09305,1.0,23.0,5,0.01801333333333332
2020-06-17,Comm,0.12827833333333333,0.12827833333333333,1.0,12.0,5,0.09305
2020-06-18,Comm,0.009248999999999999,0.011561249999999999,0.8,16.0,5,0.12827833333333333
2020-06-19,Comm,0.12429333333333333,0.15536666666666665,0.8,11.0,5,0.009248999999999999
2020-06-22,Comm,0.14001666666666665,0.17502083333333332,0.8,11.0,5,0.12429333333333333
2020-06-23,Comm,0.11965333333333332,0.1994222222222222,0.6,8.0,5,0.14001666666666665
2020-06-24,Comm,0.10274121212121212,0.17123535353535355,0.6,16.0,5,0.11965333333333332
2020-06-25,Comm,0.07029866666666666,0.11716444444444445,0.6,10.0,5,0.10274121212121212
2020-06-26,Comm,0.1451,0.36275,0.4,5.0,5,0.07029866666666666
2020-06-29,Comm,0.020961025641025643,0.020961025641025643,1.0,22.0,5,0.1451
2020-06-30,Comm,0.09233428571428572,0.1538904761904762,0.6,9.0,5,0.020961025641025643
2020-07-01,Comm,-0.05766,-0.072075,0.8,6.0,5,0.09233428571428572
2020-07-02,Comm,-0.008895,-0.014825,0.6,7.0,5,-0.05766
2020-07-06,Comm,0.04434400000000001,0.04434400000000001,1.0,21.0,5,-0.008895
2020-07-07,Comm,0.08076000000000001,0.08076000000000001,1.0,14.0,5,0.04434400000000001
2020-07-08,Comm,-0.0964,-0.1205,0.8,8.0,5,0.08076000000000001
2020-07-09,Comm,0.084225,0.21056249999999999,0.4,6.0,5,-0.0964
2020-07-10,Comm,0.0,0.0,0.4,4.0,5,0.084225
2020-07-13,Comm,0.025039999999999996,0.041733333333333324,0.6,11.0,5,0.0
2020-07-14,Comm,0.03231714285714286,0.04039642857142857,0.8,10.0,5,0.025039999999999996
2020-07-15,Comm,0.05775333333333332,0.07219166666666665,0.8,7.0,5,0.03231714285714286
2020-07-16,Comm,0.15875333333333336,0.19844166666666668,0.8,7.0,5,0.05775333333333332
2020-07-17,Comm,-0.06667000000000001,-0.33335000000000004,0.2,2.0,5,0.15875333333333336
2020-07-20,Comm,0.04096999999999999,0.06828333333333332,0.6,8.0,5,-0.06667000000000001
2020-07-21,Comm,0.17599666666666666,0.17599666666666666,1.0,10.0,5,0.04096999999999999
2020-07-22,Comm,0.07524,0.09405,0.8,7.0,5,0.17599666666666666
2020-07-23,Comm,-0.11823999999999998,-0.19706666666666664,0.6,10.0,5,0.07524
2020-07-24,Comm,0.1033525,0.129190625,0.8,18.0,5,-0.11823999999999998
2020-07-27,Comm,0.07184,0.1796,0.4,5.0,5,0.1033525
2020-07-28,Comm,0.083498,0.208745,0.4,9.0,5,0.07184
2020-07-29,Comm,0.03955,0.0494375,0.8,12.0,5,0.083498
2020-07-30,Comm,0.092235,0.092235,1.0,15.0,5,0.03955
2020-07-31,Comm,0.12288999999999999,0.20481666666666665,0.6,6.0,5,0.092235
2020-08-03,Comm,0.242384,0.242384,1.0,22.0,5,0.12288999999999999
2020-08-04,Comm,0.13759307692307693,0.13759307692307693,1.0,21.0,5,0.242384
2020-08-05,Comm,0.13505,0.1688125,0.8,10.0,5,0.13759307692307693
2020-08-06,Comm,0.1558895238095238,0.259815873015873,0.6,13.0,5,0.13505
2020-08-07,Comm,0.030405128205128206,0.07601282051282052,0.4,28.0,5,0.1558895238095238
2020-08-10,Comm,0.26166333333333336,0.26166333333333336,1.0,11.0,5,0.030405128205128206
2020-08-11,Comm,0.08351666666666667,0.13919444444444445,0.6,9.0,5,0.26166333333333336
2020-08-12,Comm,0.08342999999999999,0.13904999999999998,0.6,7.0,5,0.08351666666666667
2020-08-13,Comm,0.059199999999999996,0.074,0.8,10.0,5,0.08342999999999999
2020-08-14,Comm,-0.06364,-0.07955,0.8,6.0,5,0.059199999999999996
2020-08-17,Comm,0.16704666666666668,0.16704666666666668,1.0,9.0,5,-0.06364
2020-08-18,Comm,0.12132666666666667,0.12132666666666667,1.0,13.0,5,0.16704666666666668
2020-08-19,Comm,0.0,0.0,0.2,1.0,5,0.12132666666666667
2020-08-20,Comm,0.07736000000000001,0.09670000000000001,0.8,8.0,5,0.0
2020-08-21,Comm,0.03560666666666666,0.05934444444444444,0.6,10.0,5,0.07736000000000001
2020-08-24,Comm,-0.01386,-0.03465,0.4,6.0,5,0.03560666666666666
2020-08-25,Comm,0.016666666666666666,0.041666666666666664,0.4,4.0,5,-0.01386
2020-08-26,Comm,0.098772,0.12346499999999999,0.8,10.0,5,0.016666666666666666
2020-08-27,Comm,0.04046,0.10115,0.4,3.0,5,0.098772
2020-08-28,Comm,0.04531166666666667,0.11327916666666667,0.4,7.0,5,0.04046
2020-08-31,Comm,0.10032666666666665,0.1672111111111111,0.6,5.0,5,0.04531166666666667
2020-09-01,Comm,0.08423,0.14038333333333333,0.6,4.0,5,0.10032666666666665
2020-09-02,Comm,0.15059333333333333,0.2509888888888889,0.6,7.0,5,0.08423
2020-09-03,Comm,0.05884857142857144,0.0980809523809524,0.6,10.0,5,0.15059333333333333
2020-09-04,Comm,0.10863666666666667,0.2715916666666667,0.4,7.0,5,0.05884857142857144
2020-09-08,Comm,0.06978799999999999,0.17447,0.4,6.0,5,0.10863666666666667
2020-09-09,Comm,0.11918,0.19863333333333333,0.6,5.0,5,0.06978799999999999
2020-09-10,Comm,0.012970000000000004,0.03242500000000001,0.4,3.0,5,0.11918
2020-09-11,Comm,-0.00442,-0.007366666666666667,0.6,4.0,5,0.012970000000000004
2020-09-14,Comm,0.02327166666666667,0.03878611111111112,0.6,12.0,5,-0.00442
2020-09-15,Comm,0.028493333333333332,0.047488888888888886,0.6,11.0,5,0.02327166666666667
2020-09-16,Comm,0.04827000000000001,0.08045000000000001,0.6,8.0,5,0.028493333333333332
2020-09-17,Comm,0.15084666666666666,0.2514111111111111,0.6,5.0,5,0.04827000000000001
2020-09-18,Comm,0.027525,0.03440625,0.8,7.0,5,0.15084666666666666
2020-09-21,Comm,0.0784775,0.098096875,0.8,17.0,5,0.027525
2020-09-22,Comm,0.18247,0.30411666666666665,0.6,5.0,5,0.0784775
2020-09-23,Comm,0.07487,0.187175,0.4,3.0,5,0.18247
2020-09-24,Comm,0.076438,0.19109500000000001,0.4,7.0,5,0.07487
2020-09-25,Comm,-0.058289999999999995,-0.145725,0.4,3.0,5,0.076438
2020-09-28,Comm,0.1542255,0.192781875,0.8,16.0,5,-0.058289999999999995
2020-09-29,Comm,0.011859999999999999,0.0593,0.2,3.0,5,0.1542255
2020-09-30,Comm,0.13596,0.16995,0.8,5.0,5,0.011859999999999999
2020-10-01,Comm,-0.009583333333333333,-0.01597222222222222,0.6,12.0,5,0.13596
2020-10-02,Comm,-0.12972,-0.16215,0.8,4.0,5,-0.009583333333333333
2020-10-05,Comm,0.07788750000000001,0.12981250000000003,0.6,12.0,5,-0.12972
2020-10-06,Comm,0.07555,0.09443750000000001,0.8,7.0,5,0.07788750000000001
2020-10-07,Comm,0.15276,0.3819,0.4,3.0,5,0.07555
2020-10-08,Comm,-0.086114,-0.14352333333333334,0.6,8.0,5,0.15276
2020-10-09,Comm,0.13463785714285714,0.16829732142857143,0.8,14.0,5,-0.086114
2020-10-12,Comm,-0.01873212121212121,-0.03122020202020202,0.6,21.0,5,0.13463785714285714
2020-10-13,Comm,-0.08477357142857142,-0.1412892857142857,0.6,12.0,5,-0.01873212121212121
2020-10-14,Comm,0.22808199999999998,0.22808199999999998,1.0,13.0,5,-0.08477357142857142
2020-10-15,Comm,0.14469333333333334,0.36173333333333335,0.4,5.0,5,0.22808199999999998
2020-10-16,Comm,0.01017499999999999,0.016958333333333315,0.6,6.0,5,0.14469333333333334
2020-10-19,Comm,0.2748366666666667,0.2748366666666667,1.0,13.0,5,0.01017499999999999
2020-10-20,Comm,0.0,0.0,0.2,3.0,5,0.2748366666666667
2020-10-21,Comm,0.022346666666666664,0.05586666666666666,0.4,6.0,5,0.0
2020-10-22,Comm,0.018023333333333332,0.022529166666666666,0.8,16.0,5,0.022346666666666664
2020-10-23,Comm,0.14871249999999997,0.37178124999999995,0.4,9.0,5,0.018023333333333332
2020-10-26,Comm,0.19108057142857143,0.19108057142857143,1.0,17.0,5,0.14871249999999997
2020-10-27,Comm,0.0,0.0,0.4,2.0,5,0.19108057142857143
2020-10-28,Comm,0.07549399999999999,0.12582333333333331,0.6,17.0,5,0.0
2020-10-29,Comm,0.185096,0.185096,1.0,17.0,5,0.07549399999999999
2020-10-30,Comm,0.14788,0.18485000000000001,0.8,6.0,5,0.185096
2020-11-02,Comm,0.06413833333333332,0.06413833333333332,1.0,19.0,5,0.14788
2020-11-03,Comm,-0.06384266666666667,-0.06384266666666667,1.0,15.0,5,0.06413833333333332
2020-11-04,Comm,0.06766599999999999,0.11277666666666665,0.6,12.0,5,-0.06384266666666667
2020-11-05,Comm,0.016963,0.016963,1.0,19.0,5,0.06766599999999999
2020-11-06,Comm,0.09671144607843138,0.09671144607843138,1.0,46.0,5,0.016963
2020-11-09,Comm,0.20570857142857144,0.20570857142857144,1.0,18.0,5,0.09671144607843138
2020-11-10,Comm,0.02692500000000001,0.02692500000000001,1.0,14.0,5,0.20570857142857144
2020-11-11,Comm,-0.06203499999999999,-0.07754375,0.8,9.0,5,0.02692500000000001
2020-11-12,Comm,0.07258,0.090725,0.8,7.0,5,-0.06203499999999999
2020-11-13,Comm,0.086965,0.14494166666666666,0.6,13.0,5,0.07258
2020-11-16,Comm,0.125346,0.125346,1.0,12.0,5,0.086965
2020-11-17,Comm,0.115872,0.14484,0.8,12.0,5,0.125346
2020-11-18,Comm,0.008979999999999998,0.008979999999999998,1.0,11.0,5,0.115872
2020-11-19,Comm,0.14369285714285712,0.23948809523809522,0.6,10.0,5,0.008979999999999998
2020-11-20,Comm,-0.07707,-0.07707,1.0,15.0,5,0.14369285714285712
2020-11-23,Comm,0.03452666666666667,0.057544444444444454,0.6,9.0,5,-0.07707
2020-11-24,Comm,0.09909333333333334,0.12386666666666668,0.8,10.0,5,0.03452666666666667
2020-11-25,Comm,0.042552,0.10638,0.4,6.0,5,0.09909333333333334
2020-11-27,Comm,0.17606,0.2934333333333333,0.6,3.0,5,0.042552
2020-11-30,Comm,0.06034666666666667,0.10057777777777778,0.6,6.0,5,0.17606
2020-12-01,Comm,0.08808,0.1101,0.8,6.0,5,0.06034666666666667
2020-12-02,Comm,-0.09878,-0.24695,0.4,2.0,5,0.08808
2020-12-03,Comm,0.027834285714285718,0.06958571428571429,0.4,8.0,5,-0.09878
2020-12-04,Comm,0.10051000000000002,0.16751666666666667,0.6,10.0,5,0.027834285714285718
2020-12-07,Comm,0.039542222222222215,0.0659037037037037,0.6,12.0,5,0.10051000000000002
2020-12-08,Comm,0.06846909090909091,0.11411515151515152,0.6,13.0,5,0.039542222222222215
2020-12-09,Comm,0.21944249999999998,0.274303125,0.8,11.0,5,0.06846909090909091
2020-12-10,Comm,0.15233750000000001,0.19042187500000002,0.8,12.0,5,0.21944249999999998
2020-12-11,Comm,0.04853142857142857,0.06066428571428572,0.8,10.0,5,0.15233750000000001
2020-12-14,Comm,0.0482675,0.060334374999999996,0.8,31.0,5,0.04853142857142857
2020-12-15,Comm,0.09427571428571428,0.2356892857142857,0.4,9.0,5,0.0482675
2020-12-16,Comm,0.0,0.0,0.2,6.0,5,0.09427571428571428
2020-12-17,Comm,0.017132500000000002,0.0856625,0.2,8.0,5,0.0
2020-12-18,Comm,0.006408,0.00801,0.8,8.0,5,0.017132500000000002
2020-12-21,Comm,0.062107333333333334,0.07763416666666667,0.8,18.0,5,0.006408
2020-12-22,Comm,-0.004289999999999997,-0.007149999999999994,0.6,7.0,5,0.062107333333333334
2020-12-23,Comm,0.027115,0.0677875,0.4,5.0,5,-0.004289999999999997
2020-12-24,Comm,0.016390000000000002,0.08195000000000001,0.2,4.0,5,0.027115
2020-12-28,Comm,0.18002249999999997,0.30003749999999996,0.6,10.0,5,0.016390000000000002
2020-12-29,Comm,0.1016,0.16933333333333334,0.6,7.0,5,0.18002249999999997
2020-12-30,Comm,0.06124,0.1531,0.4,4.0,5,0.1016
2020-12-31,Comm,0.060379047619047624,0.10063174603174603,0.6,11.0,5,0.06124
2021-01-04,Comm,0.017933333333333332,0.029888888888888885,0.6,10.0,5,0.060379047619047624
2021-01-05,Comm,0.06041166666666666,0.06041166666666666,1.0,17.0,5,0.017933333333333332
2021-01-06,Comm,0.11120171428571428,0.18533619047619046,0.6,13.0,5,0.06041166666666666
2021-01-07,Comm,0.16188000000000002,0.16188000000000002,1.0,10.0,5,0.11120171428571428
2021-01-08,Comm,0.0,0.0,0.6,4.0,5,0.16188000000000002
2021-01-11,Comm,0.21936999999999998,0.27421249999999997,0.8,13.0,5,0.0
2021-01-12,Comm,-0.033755,-0.056258333333333334,0.6,6.0,5,0.21936999999999998
2021-01-13,Comm,-0.04493,-0.0561625,0.8,10.0,5,-0.033755
2021-01-14,Comm,0.045872,0.05734,0.8,12.0,5,-0.04493
2021-01-15,Comm,0.04418333333333333,0.22091666666666665,0.2,6.0,5,0.045872
2021-01-19,Comm,0.042885999999999994,0.053607499999999995,0.8,14.0,5,0.04418333333333333
2021-01-20,Comm,-0.2,-0.25,0.8,6.0,5,0.042885999999999994
2021-01-21,Comm,-0.04013866666666667,-0.050173333333333334,0.8,10.0,5,-0.2
2021-01-22,Comm,0.078155,0.13025833333333334,0.6,12.0,5,-0.04013866666666667
2021-01-25,Comm,0.0754752380952381,0.0754752380952381,1.0,26.0,5,0.078155
2021-01-26,Comm,-0.042228571428571435,-0.07038095238095239,0.6,10.0,5,0.0754752380952381
2021-01-27,Comm,0.019497999999999998,0.048745,0.4,11.0,5,-0.042228571428571435
2021-01-28,Comm,0.18072333333333335,0.22590416666666668,0.8,24.0,5,0.019497999999999998
2021-01-29,Comm,0.05877666666666666,0.05877666666666666,1.0,17.0,5,0.18072333333333335
2021-02-01,Comm,0.4569233333333333,0.4569233333333333,1.0,11.0,5,0.05877666666666666
2021-02-02,Comm,0.14324166666666666,0.14324166666666666,1.0,18.0,5,0.4569233333333333
2021-02-03,Comm,0.009293333333333334,0.01548888888888889,0.6,10.0,5,0.14324166666666666
2021-02-04,Comm,0.018326666666666658,0.022908333333333322,0.8,9.0,5,0.009293333333333334
2021-02-05,Comm,0.068705,0.068705,1.0,12.0,5,0.018326666666666658
2021-02-08,Comm,-0.00798833333333333,-0.00798833333333333,1.0,21.0,5,0.068705
2021-02-09,Comm,0.03142142857142857,0.039276785714285715,0.8,26.0,5,-0.00798833333333333
2021-02-10,Comm,-0.023785333333333335,-0.039642222222222225,0.6,10.0,5,0.03142142857142857
2021-02-11,Comm,0.120215,0.120215,1.0,11.0,5,-0.023785333333333335
2021-02-12,Comm,0.153,0.3825,0.4,2.0,5,0.120215
2021-02-16,Comm,0.10841757575757578,0.10841757575757578,1.0,26.0,5,0.153
2021-02-17,Comm,-0.007726666666666665,-0.012877777777777774,0.6,5.0,5,0.10841757575757578
2021-02-18,Comm,0.11839999999999999,0.19733333333333333,0.6,6.0,5,-0.007726666666666665
2021-02-19,Comm,0.1272,0.159,0.8,6.0,5,0.11839999999999999
2021-02-22,Comm,0.147552,0.18444,0.8,8.0,5,0.1272
2021-02-23,Comm,0.14768666666666666,0.24614444444444442,0.6,7.0,5,0.147552
2021-02-24,Comm,-0.019178571428571423,-0.023973214285714278,0.8,13.0,5,0.14768666666666666
2021-02-25,Comm,0.0044977777777777785,0.005622222222222223,0.8,16.0,5,-0.019178571428571423
2021-02-26,Comm,0.084745,0.14124166666666668,0.6,9.0,5,0.0044977777777777785
2021-03-01,Comm,0.016930000000000004,0.021162500000000004,0.8,13.0,5,0.084745
2021-03-02,Comm,0.16122,0.2687,0.6,7.0,5,0.016930000000000004
2021-03-03,Comm,0.056625999999999996,0.0707825,0.8,9.0,5,0.16122
2021-03-04,Comm,0.154,0.1925,0.8,5.0,5,0.056625999999999996
2021-03-05,Comm,0.09458533333333333,0.09458533333333333,1.0,12.0,5,0.154
2021-03-08,Comm,-0.068966,-0.068966,1.0,10.0,5,0.09458533333333333
2021-03-09,Comm,0.15458,0.193225,0.8,5.0,5,-0.068966
2021-03-10,Comm,0.1099375,0.137421875,0.8,13.0,5,0.15458
2021-03-11,Comm,0.13156600000000002,0.21927666666666668,0.6,9.0,5,0.1099375
2021-03-12,Comm,0.15660857142857143,0.1957607142857143,0.8,10.0,5,0.13156600000000002
2021-03-15,Comm,0.08673833333333333,0.10842291666666667,0.8,14.0,5,0.15660857142857143
2021-03-16,Comm,0.038728,0.06454666666666667,0.6,10.0,5,0.08673833333333333
2021-03-17,Comm,0.1295,0.1295,1.0,8.0,5,0.038728
2021-03-18,Comm,-0.007813333333333321,-0.009766666666666653,0.8,9.0,5,0.1295
2021-03-19,Comm,0.11760666666666668,0.11760666666666668,1.0,10.0,5,-0.007813333333333321
2021-03-22,Comm,-0.002485,-0.004141666666666666,0.6,6.0,5,0.11760666666666668
2021-03-23,Comm,0.022164,0.05541,0.4,6.0,5,-0.002485
2021-03-24,Comm,0.18495,0.2311875,0.8,7.0,5,0.022164
2021-03-25,Comm,-0.002475999999999998,-0.003094999999999998,0.8,9.0,5,0.18495
2021-03-26,Comm,0.034595,0.0864875,0.4,6.0,5,-0.002475999999999998
2021-03-29,Comm,0.11353444444444442,0.14191805555555553,0.8,17.0,5,0.034595
2021-03-30,Comm,0.12869,0.1608625,0.8,7.0,5,0.11353444444444442
2021-03-31,Comm,0.0,0.0,0.6,5.0,5,0.12869
2021-04-01,Comm,0.06819,0.08523750000000001,0.8,9.0,5,0.0
2021-04-05,Comm,0.344484,0.344484,1.0,21.0,5,0.06819
2021-04-06,Comm,0.09397428571428572,0.15662380952380953,0.6,9.0,5,0.344484
2021-04-07,Comm,0.01686,0.04215,0.4,7.0,5,0.09397428571428572
2021-04-08,Comm,0.23076666666666665,0.23076666666666665,1.0,11.0,5,0.01686
2021-04-09,Comm,0.0633,0.079125,0.8,12.0,5,0.23076666666666665
2021-04-12,Comm,-0.11116,-0.18526666666666666,0.6,8.0,5,0.0633
2021-04-13,Comm,0.196944,0.32824000000000003,0.6,7.0,5,-0.11116
2021-04-14,Comm,0.16172,0.16172,1.0,14.0,5,0.196944
2021-04-15,Comm,0.01089,0.027225,0.4,7.0,5,0.16172
2021-04-16,Comm,0.09808,0.2452,0.4,4.0,5,0.01089
2021-04-19,Comm,-0.026015,-0.03251875,0.8,8.0,5,0.09808
2021-04-20,Comm,0.01423142857142857,0.017789285714285712,0.8,12.0,5,-0.026015
2021-04-21,Comm,0.0497688888888889,0.08294814814814816,0.6,18.0,5,0.01423142857142857
2021-04-22,Comm,0.0687909090909091,0.11465151515151516,0.6,26.0,5,0.0497688888888889
2021-04-23,Comm,0.136241,0.22706833333333334,0.6,10.0,5,0.0687909090909091
2021-04-26,Comm,-0.03693666666666666,-0.04617083333333332,0.8,9.0,5,0.136241
2021-04-27,Comm,0.031104444444444445,0.05184074074074074,0.6,11.0,5,-0.03693666666666666
2021-04-28,Comm,0.21570666666666666,0.26963333333333334,0.8,10.0,5,0.031104444444444445
2021-04-29,Comm,0.148073,0.18509125,0.8,12.0,5,0.21570666666666666
2021-04-30,Comm,0.10788666666666669,0.17981111111111114,0.6,10.0,5,0.148073
2021-05-03,Comm,0.15644666666666668,0.15644666666666668,1.0,19.0,5,0.10788666666666669
2021-05-04,Comm,0.263486,0.32935749999999997,0.8,10.0,5,0.15644666666666668
2021-05-05,Comm,0.14817,0.1852125,0.8,17.0,5,0.263486
2021-05-06,Comm,-0.006366666666666665,-0.015916666666666662,0.4,5.0,5,0.14817
2021-05-07,Comm,0.08235333333333332,0.10294166666666665,0.8,8.0,5,-0.006366666666666665
2021-05-10,Comm,-0.11144033333333334,-0.11144033333333334,1.0,14.0,5,0.08235333333333332
2021-05-11,Comm,0.20482,0.20482,1.0,15.0,5,-0.11144033333333334
2021-05-12,Comm,0.08715,0.08715,1.0,13.0,5,0.20482
2021-05-13,Comm,0.0,0.0,0.2,1.0,5,0.08715
2021-05-14,Comm,0.0,0.0,0.4,2.0,5,0.0
2021-05-17,Comm,0.00817589743589744,0.00817589743589744,1.0,40.0,5,0.0
2021-05-18,Comm,0.0013776666666666631,0.0013776666666666631,1.0,32.0,5,0.00817589743589744
2021-05-19,Comm,0.02379,0.03965,0.6,21.0,5,0.0013776666666666631
2021-05-20,Comm,0.109577,0.109577,1.0,17.0,5,0.02379
2021-05-21,Comm,0.21222285714285713,0.21222285714285713,1.0,14.0,5,0.109577
2021-05-24,Comm,-0.015649999999999987,-0.015649999999999987,1.0,15.0,5,0.21222285714285713
2021-05-25,Comm,0.24645,0.3080625,0.8,13.0,5,-0.015649999999999987
2021-05-26,Comm,0.04462857142857142,0.07438095238095237,0.6,9.0,5,0.24645
2021-05-27,Comm,0.13729599999999997,0.13729599999999997,1.0,14.0,5,0.04462857142857142
2021-05-28,Comm,0.409197,0.409197,1.0,15.0,5,0.13729599999999997
2021-06-01,Comm,0.154908,0.38727,0.4,11.0,5,0.409197
2021-06-02,Comm,0.12601,0.12601,1.0,8.0,5,0.154908
2021-06-03,Comm,0.04317333333333333,0.10793333333333333,0.4,4.0,5,0.12601
2021-06-04,Comm,0.295435,0.295435,1.0,11.0,5,0.04317333333333333
2021-06-07,Comm,0.2353244444444444,0.2353244444444444,1.0,16.0,5,0.295435
2021-06-08,Comm,0.2827266666666667,0.3534083333333333,0.8,7.0,5,0.2353244444444444
2021-06-09,Comm,0.0,0.0,0.2,2.0,5,0.2827266666666667
2021-06-10,Comm,0.06415371428571429,0.06415371428571429,1.0,16.0,5,0.0
2021-06-11,Comm,0.11789666666666668,0.2947416666666667,0.4,8.0,5,0.06415371428571429
2021-06-14,Comm,0.10092666666666665,0.12615833333333332,0.8,10.0,5,0.11789666666666668
2021-06-15,Comm,0.09738,0.09738,1.0,8.0,5,0.10092666666666665
2021-06-16,Comm,0.22462,0.280775,0.8,12.0,5,0.09738
2021-06-17,Comm,0.23835,0.39725000000000005,0.6,4.0,5,0.22462
2021-06-18,Comm,0.0,0.0,0.6,4.0,5,0.23835
2021-06-21,Comm,0.17274,0.2879,0.6,8.0,5,0.0
2021-06-22,Comm,-0.10769999999999999,-0.26925,0.4,3.0,5,0.17274
2021-06-23,Comm,-0.003572666666666666,-0.004465833333333332,0.8,17.0,5,-0.10769999999999999
2021-06-24,Comm,-0.10990666666666668,-0.13738333333333336,0.8,13.0,5,-0.003572666666666666
2021-06-25,Comm,0.03293,0.05488333333333334,0.6,6.0,5,-0.10990666666666668
2021-06-28,Comm,0.193076,0.241345,0.8,11.0,5,0.03293
2021-06-29,Comm,0.08808,0.2202,0.4,2.0,5,0.193076
2021-06-30,Comm,0.1665590909090909,0.27759848484848487,0.6,14.0,5,0.08808
2021-07-01,Comm,0.14739,0.1842375,0.8,9.0,5,0.1665590909090909
2021-07-02,Comm,0.0216,0.0216,1.0,5.0,5,0.14739
2021-07-06,Comm,0.0449,0.056125,0.8,7.0,5,0.0216
2021-07-07,Comm,0.031904,0.07976000000000001,0.4,7.0,5,0.0449
2021-07-08,Comm,0.16462,0.20577499999999999,0.8,9.0,5,0.031904
2021-07-09,Comm,0.18455333333333335,0.3075888888888889,0.6,6.0,5,0.16462
2021-07-12,Comm,0.09792500000000001,0.09792500000000001,1.0,10.0,5,0.18455333333333335
2021-07-13,Comm,0.11024,0.11024,1.0,10.0,5,0.09792500000000001
2021-07-14,Comm,0.02266666666666667,0.028333333333333335,0.8,7.0,5,0.11024
2021-07-15,Comm,0.05035333333333334,0.08392222222222223,0.6,5.0,5,0.02266666666666667
2021-07-16,Comm,0.017056,0.021320000000000002,0.8,16.0,5,0.05035333333333334
2021-07-19,Comm,0.27175666666666665,0.27175666666666665,1.0,14.0,5,0.017056
2021-07-20,Comm,0.240516,0.40086,0.6,7.0,5,0.27175666666666665
2021-07-21,Comm,-0.022019999999999994,-0.027524999999999994,0.8,12.0,5,0.240516
2021-07-22,Comm,0.1610875,0.201359375,0.8,14.0,5,-0.022019999999999994
2021-07-23,Comm,0.05561666666666667,0.06952083333333334,0.8,18.0,5,0.1610875
2021-07-26,Comm,0.009571999999999999,0.023929999999999996,0.4,10.0,5,0.05561666666666667
2021-07-27,Comm,0.06020000000000001,0.10033333333333334,0.6,6.0,5,0.009571999999999999
2021-07-28,Comm,0.05209333333333334,0.06511666666666667,0.8,7.0,5,0.06020000000000001
2021-07-29,Comm,0.11897309523809523,0.19828849206349206,0.6,17.0,5,0.05209333333333334
2021-07-30,Comm,0.02263,0.03771666666666667,0.6,6.0,5,0.11897309523809523
2021-08-02,Comm,0.03984333333333333,0.04980416666666666,0.8,15.0,5,0.02263
2021-08-03,Comm,0.11177733333333333,0.13972166666666666,0.8,20.0,5,0.03984333333333333
2021-08-04,Comm,0.07032,0.08789999999999999,0.8,16.0,5,0.11177733333333333
2021-08-05,Comm,0.058223333333333335,0.07277916666666667,0.8,15.0,5,0.07032
2021-08-06,Comm,0.10434999999999998,0.13043749999999998,0.8,6.0,5,0.058223333333333335
2021-08-09,Comm,0.15797166666666668,0.15797166666666668,1.0,15.0,5,0.10434999999999998
2021-08-10,Comm,0.06426333333333334,0.08032916666666667,0.8,11.0,5,0.15797166666666668
2021-08-11,Comm,-0.0359,-0.05983333333333333,0.6,4.0,5,0.06426333333333334
2021-08-12,Comm,0.3003216666666667,0.3003216666666667,1.0,13.0,5,-0.0359
2021-08-13,Comm,0.13891,0.23151666666666668,0.6,6.0,5,0.3003216666666667
2021-08-16,Comm,0.03388928571428572,0.042361607142857145,0.8,13.0,5,0.13891
2021-08-17,Comm,0.1275,0.15937500000000002,0.8,5.0,5,0.03388928571428572
2021-08-18,Comm,-0.06211642857142857,-0.07764553571428572,0.8,14.0,5,0.1275
2021-08-19,Comm,0.032813999999999996,0.082035,0.4,7.0,5,-0.06211642857142857
2021-08-20,Comm,0.025723333333333338,0.04287222222222223,0.6,9.0,5,0.032813999999999996
2021-08-23,Comm,0.21510166666666666,0.21510166666666666,1.0,10.0,5,0.025723333333333338
2021-08-24,Comm,0.17979333333333333,0.29965555555555556,0.6,5.0,5,0.21510166666666666
2021-08-25,Comm,0.04404,0.2202,0.2,2.0,5,0.17979333333333333
2021-08-26,Comm,0.14347,0.23911666666666664,0.6,7.0,5,0.04404
2021-08-27,Comm,0.35936999999999997,0.44921249999999996,0.8,9.0,5,0.14347
2021-08-30,Comm,0.101002,0.1262525,0.8,12.0,5,0.35936999999999997
2021-08-31,Comm,0.03252666666666666,0.08131666666666666,0.4,4.0,5,0.101002
2021-09-01,Comm,0.0,,0.0,0.0,5,0.03252666666666666
2021-09-02,Comm,0.032549999999999996,0.05424999999999999,0.6,8.0,5,0.0
2021-09-03,Comm,0.18952666666666668,0.31587777777777776,0.6,6.0,5,0.032549999999999996
2021-09-07,Comm,0.14690666666666669,0.24484444444444445,0.6,11.0,5,0.18952666666666668
2021-09-08,Comm,0.12920166666666666,0.16150208333333332,0.8,10.0,5,0.14690666666666669
2021-09-09,Comm,-0.07891285714285715,-0.07891285714285715,1.0,26.0,5,0.12920166666666666
2021-09-10,Comm,0.07243,0.09053749999999999,0.8,9.0,5,-0.07891285714285715
2021-09-13,Comm,0.24411571428571427,0.24411571428571427,1.0,13.0,5,0.07243
2021-09-14,Comm,0.12824333333333332,0.16030416666666666,0.8,18.0,5,0.24411571428571427
2021-09-15,Comm,0.004713,0.007855000000000001,0.6,11.0,5,0.12824333333333332
2021-09-16,Comm,0.005959999999999993,0.007449999999999991,0.8,12.0,5,0.004713
2021-09-17,Comm,0.05224342857142857,0.06530428571428572,0.8,17.0,5,0.005959999999999993
2021-09-20,Comm,0.3034075757575757,0.3034075757575757,1.0,24.0,5,0.05224342857142857
2021-09-21,Comm,0.0617,0.10283333333333333,0.6,6.0,5,0.3034075757575757
2021-09-22,Comm,0.15978399999999998,0.15978399999999998,1.0,11.0,5,0.0617
2021-09-23,Comm,0.08474000000000001,0.08474000000000001,1.0,9.0,5,0.15978399999999998
2021-09-24,Comm,0.05194,0.08656666666666667,0.6,6.0,5,0.08474000000000001
2021-09-27,Comm,0.15547000000000002,0.19433750000000002,0.8,10.0,5,0.05194
2021-09-28,Comm,0.140023,0.140023,1.0,14.0,5,0.15547000000000002
2021-09-29,Comm,-0.054200000000000005,-0.06775,0.8,7.0,5,0.140023
2021-09-30,Comm,0.10342666666666667,0.10342666666666667,1.0,10.0,5,-0.054200000000000005
2021-10-01,Comm,0.16461,0.20576250000000001,0.8,5.0,5,0.10342666666666667
2021-10-04,Comm,0.018139999999999996,0.018139999999999996,1.0,12.0,5,0.16461
2021-10-05,Comm,-0.004519999999999999,-0.005649999999999999,0.8,10.0,5,0.018139999999999996
2021-10-06,Comm,0.021336666666666667,0.026670833333333335,0.8,16.0,5,-0.004519999999999999
2021-10-07,Comm,0.23674166666666668,0.23674166666666668,1.0,10.0,5,0.021336666666666667
2021-10-08,Comm,0.004652499999999999,0.011631249999999996,0.4,10.0,5,0.23674166666666668
2021-10-11,Comm,0.18658333333333332,0.18658333333333332,1.0,12.0,5,0.004652499999999999
2021-10-12,Comm,0.18191,0.3031833333333333,0.6,8.0,5,0.18658333333333332
2021-10-13,Comm,-0.10480666666666667,-0.1746777777777778,0.6,7.0,5,0.18191
2021-10-14,Comm,-0.0010449999999999973,-0.0017416666666666622,0.6,6.0,5,-0.10480666666666667
2021-10-15,Comm,0.16146,0.40364999999999995,0.4,5.0,5,-0.0010449999999999973
2021-10-18,Comm,0.17103,0.28504999999999997,0.6,7.0,5,0.16146
2021-10-19,Comm,0.06590666666666667,0.08238333333333334,0.8,6.0,5,0.17103
2021-10-20,Comm,0.04050666666666667,0.10126666666666667,0.4,6.0,5,0.06590666666666667
2021-10-21,Comm,-0.00470071428571428,-0.00470071428571428,1.0,25.0,5,0.04050666666666667
2021-10-22,Comm,0.19567333333333334,0.24459166666666668,0.8,10.0,5,-0.00470071428571428
2021-10-25,Comm,0.368036,0.460045,0.8,8.0,5,0.19567333333333334
2021-10-26,Comm,0.2707571428571428,0.2707571428571428,1.0,12.0,5,0.368036
2021-10-27,Comm,0.1139,0.28475,0.4,3.0,5,0.2707571428571428
2021-10-28,Comm,0.08645,0.10806249999999999,0.8,11.0,5,0.1139
2021-10-29,Comm,0.18426,0.230325,0.8,12.0,5,0.08645
2021-11-01,Comm,0.07648500000000001,0.12747500000000003,0.6,6.0,5,0.18426
2021-11-02,Comm,0.25803,0.25803,1.0,15.0,5,0.07648500000000001
2021-11-03,Comm,0.11527300000000003,0.11527300000000003,1.0,26.0,5,0.25803
2021-11-04,Comm,0.17051504761904762,0.17051504761904762,1.0,20.0,5,0.11527300000000003
2021-11-05,Comm,0.16154,0.201925,0.8,8.0,5,0.17051504761904762
2021-11-08,Comm,-0.15794666666666668,-0.15794666666666668,1.0,7.0,5,0.16154
2021-11-09,Comm,0.10533999999999999,0.131675,0.8,8.0,5,-0.15794666666666668
2021-11-10,Comm,0.01769333333333334,0.029488888888888898,0.6,5.0,5,0.10533999999999999
2021-11-11,Comm,0.10554666666666665,0.13193333333333332,0.8,9.0,5,0.01769333333333334
2021-11-12,Comm,0.08238666666666668,0.10298333333333334,0.8,9.0,5,0.10554666666666665
2021-11-15,Comm,0.149642,0.149642,1.0,12.0,5,0.08238666666666668
2021-11-16,Comm,0.020300000000000006,0.025375000000000005,0.8,11.0,5,0.149642
2021-11-17,Comm,-0.0023999999999999994,-0.003999999999999999,0.6,8.0,5,0.020300000000000006
2021-11-18,Comm,0.09115,0.09115,1.0,13.0,5,-0.0023999999999999994
2021-11-19,Comm,0.04325,0.0540625,0.8,9.0,5,0.09115
2021-11-22,Comm,0.05401333333333334,0.13503333333333334,0.4,7.0,5,0.04325
2021-11-23,Comm,0.13581400000000002,0.13581400000000002,1.0,11.0,5,0.05401333333333334
2021-11-24,Comm,0.129365,0.16170625,0.8,7.0,5,0.13581400000000002
2021-11-26,Comm,0.08984666666666667,0.08984666666666667,1.0,7.0,5,0.129365
2021-11-29,Comm,-0.13546,-0.22576666666666667,0.6,5.0,5,0.08984666666666667
2021-11-30,Comm,0.06031000000000001,0.10051666666666668,0.6,14.0,5,-0.13546
2021-12-01,Comm,0.19230333333333333,0.24037916666666664,0.8,8.0,5,0.06031000000000001
2021-12-02,Comm,-0.064,-0.064,1.0,6.0,5,0.19230333333333333
2021-12-03,Comm,-0.009113333333333334,-0.022783333333333336,0.4,6.0,5,-0.064
2021-12-06,Comm,0.05042222222222222,0.06302777777777778,0.8,12.0,5,-0.009113333333333334
2021-12-07,Comm,0.15863333333333335,0.1982916666666667,0.8,9.0,5,0.05042222222222222
2021-12-08,Comm,0.254865,0.31858125000000004,0.8,9.0,5,0.15863333333333335
2021-12-09,Comm,0.012575,0.020958333333333332,0.6,7.0,5,0.254865
2021-12-10,Comm,0.15510666666666667,0.15510666666666667,1.0,9.0,5,0.012575
2021-12-13,Comm,0.040465,0.040465,1.0,9.0,5,0.15510666666666667
2021-12-14,Comm,0.043993333333333336,0.07332222222222222,0.6,5.0,5,0.040465
2021-12-15,Comm,0.073494,0.12249,0.6,8.0,5,0.043993333333333336
2021-12-16,Comm,0.2085775,0.2085775,1.0,13.0,5,0.073494
2021-12-17,Comm,-0.07021999999999999,-0.08777499999999999,0.8,11.0,5,0.2085775
2021-12-20,Comm,0.19402,0.19402,1.0,13.0,5,-0.07021999999999999
2021-12-21,Comm,0.0697375,0.087171875,0.8,13.0,5,0.19402
2021-12-22,Comm,0.15460666666666667,0.3865166666666667,0.4,7.0,5,0.0697375
2021-12-23,Comm,0.07453333333333333,0.12422222222222222,0.6,10.0,5,0.15460666666666667
2021-12-27,Comm,0.059352499999999996,0.2967625,0.2,8.0,5,0.07453333333333333
2021-12-28,Comm,0.029099999999999997,0.07275,0.4,9.0,5,0.059352499999999996
2021-12-29,Comm,0.013486666666666666,0.033716666666666666,0.4,4.0,5,0.029099999999999997
2021-12-30,Comm,0.12137066666666665,0.1517133333333333,0.8,15.0,5,0.013486666666666666
2021-12-31,Comm,0.02668,0.04446666666666666,0.6,7.0,5,0.12137066666666665
2022-01-03,Comm,0.08151538461538461,0.20378846153846153,0.4,14.0,5,0.02668
2022-01-04,Comm,0.10756000000000002,0.26890000000000003,0.4,9.0,5,0.08151538461538461
2022-01-05,Comm,0.17899333333333334,0.22374166666666667,0.8,15.0,5,0.10756000000000002
2022-01-06,Comm,0.259594,0.259594,1.0,18.0,5,0.17899333333333334
2022-01-07,Comm,0.133331,0.133331,1.0,20.0,5,0.259594
2022-01-10,Comm,0.11486357142857143,0.11486357142857143,1.0,27.0,5,0.133331
2022-01-11,Comm,0.080425,0.080425,1.0,14.0,5,0.11486357142857143
2022-01-12,Comm,0.15800533333333333,0.15800533333333333,1.0,14.0,5,0.080425
2022-01-13,Comm,0.167286,0.2091075,0.8,17.0,5,0.15800533333333333
2022-01-14,Comm,0.06488000000000001,0.06488000000000001,1.0,18.0,5,0.167286
2022-01-18,Comm,-0.07353200980392158,-0.07353200980392158,1.0,43.0,5,0.06488000000000001
2022-01-19,Comm,0.06328333333333333,0.06328333333333333,1.0,21.0,5,-0.07353200980392158
2022-01-20,Comm,0.25361151515151514,0.42268585858585855,0.6,15.0,5,0.06328333333333333
2022-01-21,Comm,0.20741333333333337,0.2592666666666667,0.8,14.0,5,0.25361151515151514
2022-01-24,Comm,0.1381188888888889,0.1381188888888889,1.0,22.0,5,0.20741333333333337
2022-01-25,Comm,-0.0027633333333333342,-0.003454166666666668,0.8,19.0,5,0.1381188888888889
2022-01-26,Comm,0.32568705882352944,0.32568705882352944,1.0,26.0,5,-0.0027633333333333342
2022-01-27,Comm,0.1269154761904762,0.15864434523809523,0.8,22.0,5,0.32568705882352944
2022-01-28,Comm,-0.142852,-0.142852,1.0,19.0,5,0.1269154761904762
2022-01-31,Comm,0.118466,0.118466,1.0,25.0,5,-0.142852
2022-02-01,Comm,0.04030857142857143,0.04030857142857143,1.0,31.0,5,0.118466
2022-02-02,Comm,0.15273238095238095,0.15273238095238095,1.0,17.0,5,0.04030857142857143
2022-02-03,Comm,0.20232238095238095,0.20232238095238095,1.0,24.0,5,0.15273238095238095
2022-02-04,Comm,0.04254,0.04254,1.0,13.0,5,0.20232238095238095
2022-02-07,Comm,0.20024266666666665,0.20024266666666665,1.0,23.0,5,0.04254
2022-02-08,Comm,0.09655500000000002,0.09655500000000002,1.0,14.0,5,0.20024266666666665
2022-02-09,Comm,0.256076,0.256076,1.0,10.0,5,0.09655500000000002
2022-02-10,Comm,0.3842433333333334,0.4803041666666667,0.8,9.0,5,0.256076
2022-02-11,Comm,-0.020079999999999997,-0.020079999999999997,1.0,12.0,5,0.3842433333333334
2022-02-14,Comm,0.18856933333333334,0.18856933333333334,1.0,14.0,5,-0.020079999999999997
2022-02-15,Comm,0.19648800000000002,0.24561000000000002,0.8,10.0,5,0.18856933333333334
2022-02-16,Comm,0.06069,0.10115,0.6,4.0,5,0.19648800000000002
2022-02-17,Comm,0.21119285714285713,0.21119285714285713,1.0,13.0,5,0.06069
2022-02-18,Comm,0.0,0.0,0.6,4.0,5,0.21119285714285713
2022-02-22,Comm,-0.06219857142857142,-0.10366428571428571,0.6,12.0,5,0.0
2022-02-23,Comm,-0.13194,-0.164925,0.8,4.0,5,-0.06219857142857142
2022-02-24,Comm,0.06787,0.11311666666666666,0.6,5.0,5,-0.13194
2022-02-25,Comm,0.08038,0.100475,0.8,7.0,5,0.06787
2022-02-28,Comm,0.1937188888888889,0.24214861111111113,0.8,16.0,5,0.08038
2022-03-01,Comm,0.04369999999999998,0.05462499999999998,0.8,5.0,5,0.1937188888888889
2022-03-02,Comm,0.087284,0.21821,0.4,6.0,5,0.04369999999999998
2022-03-03,Comm,-0.039318,-0.039318,1.0,11.0,5,0.087284
2022-03-04,Comm,0.02787,0.0348375,0.8,11.0,5,-0.039318
2022-03-07,Comm,0.05576333333333333,0.06970416666666666,0.8,13.0,5,0.02787
2022-03-08,Comm,0.046473333333333325,0.07745555555555554,0.6,5.0,5,0.05576333333333333
2022-03-09,Comm,0.10212999999999998,0.10212999999999998,1.0,13.0,5,0.046473333333333325
2022-03-10,Comm,0.07840666666666667,0.09800833333333334,0.8,9.0,5,0.10212999999999998
2022-03-11,Comm,0.038795,0.06465833333333333,0.6,11.0,5,0.07840666666666667
2022-03-14,Comm,0.10785928571428571,0.1797654761904762,0.6,13.0,5,0.038795
2022-03-15,Comm,0.151826,0.1897825,0.8,9.0,5,0.10785928571428571
2022-03-16,Comm,0.02732,0.0683,0.4,3.0,5,0.151826
2022-03-17,Comm,-0.09547333333333333,-0.11934166666666665,0.8,6.0,5,0.02732
2022-03-18,Comm,0.28582,0.28582,1.0,7.0,5,-0.09547333333333333
2022-03-21,Comm,0.09507800000000002,0.11884750000000002,0.8,9.0,5,0.28582
2022-03-22,Comm,-0.11776,-0.19626666666666667,0.6,9.0,5,0.09507800000000002
2022-03-23,Comm,0.09001500000000001,0.11251875000000001,0.8,8.0,5,-0.11776
2022-03-24,Comm,0.12327499999999998,0.15409374999999997,0.8,9.0,5,0.09001500000000001
2022-03-25,Comm,-0.0843,-0.4215,0.2,1.0,5,0.12327499999999998
2022-03-28,Comm,0.10390133333333333,0.12987666666666667,0.8,14.0,5,-0.0843
2022-03-29,Comm,0.05295333333333333,0.06619166666666666,0.8,11.0,5,0.10390133333333333
2022-03-30,Comm,0.06124,0.10206666666666668,0.6,5.0,5,0.05295333333333333
2022-03-31,Comm,0.14542,0.181775,0.8,10.0,5,0.06124
2022-04-01,Comm,0.030560000000000004,0.05093333333333334,0.6,5.0,5,0.14542
2022-04-04,Comm,0.147815,0.18476875,0.8,16.0,5,0.030560000000000004
2022-04-05,Comm,-0.069578,-0.069578,1.0,12.0,5,0.147815
2022-04-06,Comm,0.008533333333333334,0.021333333333333333,0.4,4.0,5,-0.069578
2022-04-07,Comm,0.022568333333333333,0.028210416666666665,0.8,12.0,5,0.008533333333333334
2022-04-08,Comm,0.03356,0.0839,0.4,9.0,5,0.022568333333333333
2022-04-11,Comm,0.048661764705882356,0.08110294117647059,0.6,20.0,5,0.03356
2022-04-12,Comm,0.22090285714285712,0.36817142857142854,0.6,9.0,5,0.048661764705882356
2022-04-13,Comm,0.18822166666666668,0.23527708333333336,0.8,10.0,5,0.22090285714285712
2022-04-14,Comm,-0.058744,-0.07343,0.8,10.0,5,0.18822166666666668
2022-04-18,Comm,0.035902857142857146,0.035902857142857146,1.0,17.0,5,-0.058744
2022-04-19,Comm,-0.03867466666666666,-0.03867466666666666,1.0,16.0,5,0.035902857142857146
2022-04-20,Comm,0.11934333333333333,0.19890555555555556,0.6,12.0,5,-0.03867466666666666
2022-04-21,Comm,0.16436389473684213,0.20545486842105265,0.8,27.0,5,0.11934333333333333
2022-04-22,Comm,0.06584857142857142,0.08231071428571428,0.8,12.0,5,0.16436389473684213
2022-04-25,Comm,0.068066,0.11344333333333334,0.6,17.0,5,0.06584857142857142
2022-04-26,Comm,0.2819006666666667,0.35237583333333333,0.8,13.0,5,0.068066
2022-04-27,Comm,0.08959642857142858,0.11199553571428572,0.8,18.0,5,0.2819006666666667
2022-04-28,Comm,0.09273,0.09273,1.0,14.0,5,0.08959642857142858
2022-04-29,Comm,0.116211,0.14526375,0.8,12.0,5,0.09273
2022-05-02,Comm,0.121806,0.121806,1.0,12.0,5,0.116211
2022-05-03,Comm,-0.015349999999999997,-0.02558333333333333,0.6,7.0,5,0.121806
2022-05-04,Comm,-0.01088,-0.013600000000000001,0.8,5.0,5,-0.015349999999999997
2022-05-05,Comm,-0.014333333333333326,-0.017916666666666657,0.8,9.0,5,-0.01088
2022-05-06,Comm,0.23221566666666665,0.23221566666666665,1.0,14.0,5,-0.014333333333333326
2022-05-09,Comm,-0.024980000000000002,-0.024980000000000002,1.0,14.0,5,0.23221566666666665
2022-05-10,Comm,0.02242285714285714,0.028028571428571424,0.8,11.0,5,-0.024980000000000002
2022-05-11,Comm,0.047914000000000005,0.07985666666666667,0.6,14.0,5,0.02242285714285714
2022-05-12,Comm,-0.028725333333333335,-0.03590666666666667,0.8,11.0,5,0.047914000000000005
2022-05-13,Comm,0.10335000000000001,0.17225000000000001,0.6,7.0,5,-0.028725333333333335
2022-05-16,Comm,0.04784000000000001,0.07973333333333334,0.6,10.0,5,0.10335000000000001
2022-05-17,Comm,0.009181333333333333,0.009181333333333333,1.0,22.0,5,0.04784000000000001
2022-05-18,Comm,-0.021075,-0.021075,1.0,11.0,5,0.009181333333333333
2022-05-19,Comm,0.04399000000000001,0.07331666666666668,0.6,10.0,5,-0.021075
2022-05-20,Comm,0.16309,0.16309,1.0,7.0,5,0.04399000000000001
2022-05-23,Comm,-0.006215999999999999,-0.007769999999999999,0.8,9.0,5,0.16309
2022-05-24,Comm,0.09552799999999999,0.09552799999999999,1.0,11.0,5,-0.006215999999999999
2022-05-25,Comm,0.20104285714285713,0.20104285714285713,1.0,11.0,5,0.09552799999999999
2022-05-26,Comm,0.21776,0.21776,1.0,11.0,5,0.20104285714285713
2022-05-27,Comm,0.07342333333333333,0.09177916666666666,0.8,9.0,5,0.21776
2022-05-31,Comm,0.11564933333333334,0.1927488888888889,0.6,10.0,5,0.07342333333333333
2022-06-01,Comm,0.1401,0.35025,0.4,5.0,5,0.11564933333333334
2022-06-02,Comm,-0.07633000000000001,-0.07633000000000001,1.0,8.0,5,0.1401
2022-06-03,Comm,0.04448866666666666,0.05561083333333333,0.8,13.0,5,-0.07633000000000001
2022-06-06,Comm,0.013083333333333325,0.013083333333333325,1.0,8.0,5,0.04448866666666666
2022-06-07,Comm,0.086775,0.2169375,0.4,6.0,5,0.013083333333333325
2022-06-08,Comm,0.191892,0.31982,0.6,9.0,5,0.086775
2022-06-09,Comm,0.08032133333333333,0.08032133333333333,1.0,14.0,5,0.191892
2022-06-10,Comm,-0.031369999999999995,-0.031369999999999995,1.0,10.0,5,0.08032133333333333
2022-06-13,Comm,0.09077,0.09077,1.0,10.0,5,-0.031369999999999995
2022-06-14,Comm,0.21526750000000003,0.26908437500000004,0.8,11.0,5,0.09077
2022-06-15,Comm,0.040440000000000004,0.040440000000000004,1.0,10.0,5,0.21526750000000003
2022-06-16,Comm,0.022036666666666666,0.022036666666666666,1.0,13.0,5,0.040440000000000004
2022-06-17,Comm,0.136946,0.17118250000000002,0.8,9.0,5,0.022036666666666666
2022-06-21,Comm,0.09559428571428571,0.11949285714285714,0.8,12.0,5,0.136946
2022-06-22,Comm,0.08254500000000001,0.137575,0.6,8.0,5,0.09559428571428571
2022-06-23,Comm,0.008013333333333332,0.013355555555555553,0.6,9.0,5,0.08254500000000001
2022-06-24,Comm,-0.014863999999999999,-0.03716,0.4,6.0,5,0.008013333333333332
2022-06-27,Comm,0.09763000000000001,0.12203750000000001,0.8,11.0,5,-0.014863999999999999
2022-06-28,Comm,0.11567000000000001,0.1445875,0.8,5.0,5,0.09763000000000001
2022-06-29,Comm,0.005244999999999999,0.013112499999999997,0.4,7.0,5,0.11567000000000001
2022-06-30,Comm,0.1959216666666667,0.1959216666666667,1.0,14.0,5,0.005244999999999999
2022-07-01,Comm,0.31268,0.39085000000000003,0.8,8.0,5,0.1959216666666667
2022-07-05,Comm,0.12808333333333333,0.16010416666666666,0.8,17.0,5,0.31268
2022-07-06,Comm,-0.10833833333333334,-0.18056388888888888,0.6,8.0,5,0.12808333333333333
2022-07-07,Comm,0.0,0.0,0.2,1.0,5,-0.10833833333333334
2022-07-08,Comm,0.029563333333333337,0.07390833333333334,0.4,8.0,5,0.0
2022-07-11,Comm,0.1824093333333333,0.1824093333333333,1.0,19.0,5,0.029563333333333337
2022-07-12,Comm,0.16039333333333333,0.16039333333333333,1.0,9.0,5,0.1824093333333333
2022-07-13,Comm,-0.05716000000000001,-0.07145000000000001,0.8,7.0,5,0.16039333333333333
2022-07-14,Comm,0.04177000000000001,0.06961666666666667,0.6,8.0,5,-0.05716000000000001
2022-07-15,Comm,-0.07432,-0.12386666666666667,0.6,4.0,5,0.04177000000000001
2022-07-18,Comm,0.038951071428571425,0.04868883928571428,0.8,18.0,5,-0.07432
2022-07-19,Comm,0.20058999999999996,0.25073749999999995,0.8,8.0,5,0.038951071428571425
2022-07-20,Comm,-0.0036183333333333345,-0.004522916666666668,0.8,10.0,5,0.20058999999999996
2022-07-21,Comm,0.11988033333333334,0.11988033333333334,1.0,33.0,5,-0.0036183333333333345
2022-07-22,Comm,0.08428266666666669,0.10535333333333335,0.8,19.0,5,0.11988033333333334
2022-07-25,Comm,-0.022425,-0.022425,1.0,18.0,5,0.08428266666666669
2022-07-26,Comm,0.0,0.0,0.4,4.0,5,-0.022425
2022-07-27,Comm,0.07255666666666666,0.07255666666666666,1.0,29.0,5,0.0
2022-07-28,Comm,0.05661666666666667,0.09436111111111112,0.6,15.0,5,0.07255666666666666
2022-07-29,Comm,0.11800000000000002,0.14750000000000002,0.8,5.0,5,0.05661666666666667
2022-08-01,Comm,0.06971055555555555,0.08713819444444444,0.8,22.0,5,0.11800000000000002
2022-08-02,Comm,0.0566225,0.070778125,0.8,14.0,5,0.06971055555555555
2022-08-03,Comm,0.05151999999999999,0.05151999999999999,1.0,12.0,5,0.0566225
2022-08-04,Comm,0.08727333333333334,0.10909166666666667,0.8,11.0,5,0.05151999999999999
2022-08-05,Comm,0.16040333333333331,0.20050416666666665,0.8,7.0,5,0.08727333333333334
2022-08-08,Comm,-0.154864,-0.154864,1.0,16.0,5,0.16040333333333331
2022-08-09,Comm,0.10445000000000002,0.13056250000000003,0.8,6.0,5,-0.154864
2022-08-10,Comm,0.17597000000000002,0.17597000000000002,1.0,13.0,5,0.10445000000000002
2022-08-11,Comm,0.05713500000000001,0.05713500000000001,1.0,18.0,5,0.17597000000000002
2022-08-12,Comm,0.0695,0.11583333333333334,0.6,6.0,5,0.05713500000000001
2022-08-15,Comm,0.08424833333333333,0.08424833333333333,1.0,18.0,5,0.0695
2022-08-16,Comm,0.07264833333333334,0.12108055555555557,0.6,9.0,5,0.08424833333333333
2022-08-17,Comm,-0.04899333333333333,-0.061241666666666666,0.8,6.0,5,0.07264833333333334
2022-08-18,Comm,0.004529999999999999,0.005662499999999999,0.8,8.0,5,-0.04899333333333333
2022-08-19,Comm,-0.188835,-0.23604375,0.8,7.0,5,0.004529999999999999
2022-08-22,Comm,0.21372,0.21372,1.0,11.0,5,-0.188835
2022-08-23,Comm,0.18191333333333332,0.22739166666666666,0.8,8.0,5,0.21372
2022-08-24,Comm,0.13018666666666664,0.13018666666666664,1.0,15.0,5,0.18191333333333332
2022-08-25,Comm,0.02849833333333333,0.04749722222222222,0.6,9.0,5,0.13018666666666664
2022-08-26,Comm,-0.10375083333333335,-0.10375083333333335,1.0,22.0,5,0.02849833333333333
2022-08-29,Comm,0.157895,0.157895,1.0,16.0,5,-0.10375083333333335
2022-08-30,Comm,-0.10533999999999999,-0.26335,0.4,2.0,5,0.157895
2022-08-31,Comm,0.15776333333333334,0.15776333333333334,1.0,17.0,5,-0.10533999999999999
2022-09-01,Comm,0.03812666666666666,0.04765833333333333,0.8,6.0,5,0.15776333333333334
2022-09-02,Comm,0.06369,0.159225,0.4,3.0,5,0.03812666666666666
2022-09-06,Comm,0.13329,0.1666125,0.8,9.0,5,0.06369
2022-09-07,Comm,0.07006952380952382,0.08758690476190477,0.8,13.0,5,0.13329
2022-09-08,Comm,0.22610076190476186,0.22610076190476186,1.0,19.0,5,0.07006952380952382
2022-09-09,Comm,-0.028329999999999987,-0.028329999999999987,1.0,10.0,5,0.22610076190476186
2022-09-12,Comm,0.047181904761904765,0.058977380952380955,0.8,17.0,5,-0.028329999999999987
2022-09-13,Comm,-0.0025906666666666634,-0.003238333333333329,0.8,11.0,5,0.047181904761904765
2022-09-14,Comm,0.07474,0.09342500000000001,0.8,11.0,5,-0.0025906666666666634
2022-09-15,Comm,0.13936166666666666,0.13936166666666666,1.0,14.0,5,0.07474
2022-09-16,Comm,0.10519166666666666,0.17531944444444444,0.6,9.0,5,0.13936166666666666
2022-09-19,Comm,0.036989636363636356,0.04623704545454545,0.8,20.0,5,0.10519166666666666
2022-09-20,Comm,0.07379500000000001,0.09224375000000001,0.8,7.0,5,0.036989636363636356
2022-09-21,Comm,0.140432,0.140432,1.0,13.0,5,0.07379500000000001
2022-09-22,Comm,0.053559999999999997,0.053559999999999997,1.0,9.0,5,0.140432
2022-09-23,Comm,0.133952,0.16743999999999998,0.8,13.0,5,0.053559999999999997
2022-09-26,Comm,0.10272333333333335,0.10272333333333335,1.0,14.0,5,0.133952
2022-09-27,Comm,0.165855,0.20731875,0.8,13.0,5,0.10272333333333335
2022-09-28,Comm,0.111276,0.139095,0.8,15.0,5,0.165855
2022-09-29,Comm,0.053163333333333326,0.06645416666666666,0.8,11.0,5,0.111276
2022-09-30,Comm,0.015295,0.025491666666666666,0.6,6.0,5,0.053163333333333326
2022-10-03,Comm,0.24489099999999997,0.24489099999999997,1.0,13.0,5,0.015295
2022-10-04,Comm,0.14996,0.14996,1.0,6.0,5,0.24489099999999997
2022-10-05,Comm,0.18780000000000002,0.313,0.6,5.0,5,0.14996
2022-10-06,Comm,0.09442999999999999,0.11803749999999999,0.8,11.0,5,0.18780000000000002
2022-10-07,Comm,0.09542666666666667,0.15904444444444446,0.6,7.0,5,0.09442999999999999
2022-10-10,Comm,0.0,0.0,0.8,5.0,5,0.09542666666666667
2022-10-11,Comm,0.07919066666666667,0.13198444444444446,0.6,10.0,5,0.0
2022-10-12,Comm,0.13851,0.13851,1.0,8.0,5,0.07919066666666667
2022-10-13,Comm,-0.115725,-0.14465625,0.8,8.0,5,0.13851
2022-10-14,Comm,0.02408,0.060200000000000004,0.4,4.0,5,-0.115725
2022-10-17,Comm,0.201096,0.25137,0.8,10.0,5,0.02408
2022-10-18,Comm,0.17411000000000001,0.17411000000000001,1.0,15.0,5,0.201096
2022-10-19,Comm,-0.057853333333333326,-0.07231666666666665,0.8,13.0,5,0.17411000000000001
2022-10-20,Comm,-0.0026533333333333352,-0.004422222222222226,0.6,24.0,5,-0.057853333333333326
2022-10-21,Comm,0.12279111111111111,0.1534888888888889,0.8,13.0,5,-0.0026533333333333352
2022-10-24,Comm,0.13608499999999998,0.17010625,0.8,14.0,5,0.12279111111111111
2022-10-25,Comm,0.10085111111111111,0.10085111111111111,1.0,19.0,5,0.13608499999999998
2022-10-26,Comm,0.01018,0.02545,0.4,6.0,5,0.10085111111111111
2022-10-27,Comm,0.23258933333333331,0.29073666666666664,0.8,20.0,5,0.01018
2022-10-28,Comm,0.12074857142857143,0.15093571428571428,0.8,11.0,5,0.23258933333333331
2022-10-31,Comm,0.289524,0.361905,0.8,8.0,5,0.12074857142857143
2022-11-01,Comm,0.11287749999999999,0.14109687499999998,0.8,13.0,5,0.289524
2022-11-02,Comm,0.02171,0.0271375,0.8,7.0,5,0.11287749999999999
2022-11-03,Comm,0.07632000000000001,0.07632000000000001,1.0,14.0,5,0.02171
2022-11-04,Comm,0.014044999999999997,0.017556249999999995,0.8,8.0,5,0.07632000000000001
2022-11-07,Comm,-0.11578266666666666,-0.11578266666666666,1.0,17.0,5,0.014044999999999997
2022-11-08,Comm,0.07013230769230769,0.08766538461538462,0.8,17.0,5,-0.11578266666666666
2022-11-09,Comm,0.0020349999999999977,0.003391666666666663,0.6,6.0,5,0.07013230769230769
2022-11-10,Comm,0.04046,0.04046,1.0,6.0,5,0.0020349999999999977
2022-11-11,Comm,0.0,0.0,1.0,7.0,5,0.04046
2022-11-14,Comm,0.352572619047619,0.352572619047619,1.0,17.0,5,0.0
2022-11-15,Comm,-0.06178,-0.077225,0.8,7.0,5,0.352572619047619
2022-11-16,Comm,0.14805333333333334,0.2467555555555556,0.6,5.0,5,-0.06178
2022-11-17,Comm,-0.010206666666666668,-0.012758333333333335,0.8,7.0,5,0.14805333333333334
2022-11-18,Comm,0.0,0.0,0.2,2.0,5,-0.010206666666666668
2022-11-21,Comm,0.20773000000000003,0.2596625,0.8,7.0,5,0.0
2022-11-22,Comm,0.09742,0.48710000000000003,0.2,3.0,5,0.20773000000000003
2022-11-23,Comm,0.00258,0.00645,0.4,4.0,5,0.09742
2022-11-25,Comm,0.269245,0.44874166666666665,0.6,6.0,5,0.00258
2022-11-28,Comm,0.14483333333333331,0.3620833333333333,0.4,4.0,5,0.269245
2022-11-29,Comm,0.1632333333333333,0.27205555555555555,0.6,7.0,5,0.14483333333333331
2022-11-30,Comm,0.04576,0.07626666666666666,0.6,4.0,5,0.1632333333333333
2022-12-01,Comm,0.10304666666666666,0.10304666666666666,1.0,7.0,5,0.04576
2022-12-02,Comm,0.25708000000000003,0.25708000000000003,1.0,10.0,5,0.10304666666666666
2022-12-05,Comm,0.07413828571428571,0.09267285714285714,0.8,15.0,5,0.25708000000000003
2022-12-06,Comm,0.119556,0.149445,0.8,10.0,5,0.07413828571428571
2022-12-07,Comm,0.03554,0.044425000000000006,0.8,7.0,5,0.119556
2022-12-08,Comm,0.039206666666666674,0.06534444444444445,0.6,11.0,5,0.03554
2022-12-09,Comm,-0.15739999999999998,-0.15739999999999998,1.0,9.0,5,0.039206666666666674
2022-12-12,Comm,0.03916,0.06526666666666667,0.6,6.0,5,-0.15739999999999998
2022-12-13,Comm,-0.126008,-0.21001333333333336,0.6,7.0,5,0.03916
2022-12-14,Comm,0.10474333333333334,0.17457222222222224,0.6,8.0,5,-0.126008
2022-12-15,Comm,0.07400899999999999,0.07400899999999999,1.0,12.0,5,0.10474333333333334
2022-12-16,Comm,-0.136945,-0.136945,1.0,11.0,5,0.07400899999999999
2022-12-19,Comm,0.146765,0.18345625000000002,0.8,11.0,5,-0.136945
2022-12-20,Comm,0.18938,0.3156333333333333,0.6,4.0,5,0.146765
2022-12-21,Comm,-0.04151,-0.06918333333333333,0.6,8.0,5,0.18938
2022-12-22,Comm,0.015319999999999983,0.025533333333333307,0.6,9.0,5,-0.04151
2022-12-23,Comm,0.1233,0.30825,0.4,4.0,5,0.015319999999999983
2022-12-27,Comm,0.16654000000000002,0.2775666666666667,0.6,11.0,5,0.1233
2022-12-28,Comm,0.077467,0.12911166666666665,0.6,10.0,5,0.16654000000000002
2022-12-29,Comm,-0.004530000000000001,-0.007550000000000001,0.6,4.0,5,0.077467
2022-12-30,Comm,0.0024319999999999954,0.0040533333333333255,0.6,8.0,5,-0.004530000000000001
2023-01-03,Comm,0.003713714285714284,0.006189523809523807,0.6,16.0,5,0.0024319999999999954
2023-01-04,Comm,0.028546666666666665,0.047577777777777774,0.6,6.0,5,0.003713714285714284
2023-01-05,Comm,0.098078,0.16346333333333332,0.6,8.0,5,0.028546666666666665
2023-01-06,Comm,0.24178666666666668,0.24178666666666668,1.0,9.0,5,0.098078
2023-01-09,Comm,0.26422999999999996,0.33028749999999996,0.8,9.0,5,0.24178666666666668
2023-01-10,Comm,0.20980333333333334,0.3496722222222222,0.6,7.0,5,0.26422999999999996
2023-01-11,Comm,0.15447666666666668,0.19309583333333336,0.8,8.0,5,0.20980333333333334
2023-01-12,Comm,0.11219266666666668,0.14024083333333334,0.8,14.0,5,0.15447666666666668
2023-01-13,Comm,0.08791,0.43955,0.2,2.0,5,0.11219266666666668
2023-01-17,Comm,0.20365666666666668,0.25457083333333336,0.8,13.0,5,0.08791
2023-01-18,Comm,0.0,0.0,0.6,3.0,5,0.20365666666666668
2023-01-19,Comm,0.048020000000000014,0.08003333333333336,0.6,11.0,5,0.0
2023-01-20,Comm,0.03473333333333334,0.0578888888888889,0.6,11.0,5,0.048020000000000014
2023-01-23,Comm,0.060814999999999994,0.10135833333333333,0.6,10.0,5,0.03473333333333334
2023-01-24,Comm,0.017955000000000006,0.017955000000000006,1.0,9.0,5,0.060814999999999994
2023-01-25,Comm,0.004865714285714295,0.004865714285714295,1.0,27.0,5,0.017955000000000006
2023-01-26,Comm,0.24585742424242424,0.3073217803030303,0.8,20.0,5,0.004865714285714295
2023-01-27,Comm,0.09685466666666666,0.09685466666666666,1.0,13.0,5,0.24585742424242424
2023-01-30,Comm,0.06238999999999999,0.10398333333333332,0.6,7.0,5,0.09685466666666666
2023-01-31,Comm,-0.01744888888888889,-0.01744888888888889,1.0,16.0,5,0.06238999999999999
2023-02-01,Comm,0.010203333333333332,0.010203333333333332,1.0,24.0,5,-0.01744888888888889
2023-02-02,Comm,0.13776133333333335,0.13776133333333335,1.0,15.0,5,0.010203333333333332
2023-02-03,Comm,0.18137,0.18137,1.0,6.0,5,0.13776133333333335
2023-02-06,Comm,0.02198250000000001,0.02198250000000001,1.0,20.0,5,0.18137
2023-02-07,Comm,0.09971699999999999,0.09971699999999999,1.0,13.0,5,0.02198250000000001
2023-02-08,Comm,0.03818,0.047725,0.8,5.0,5,0.09971699999999999
2023-02-09,Comm,0.111375,0.185625,0.6,6.0,5,0.03818
2023-02-10,Comm,0.12475,0.1559375,0.8,5.0,5,0.111375
2023-02-13,Comm,0.031952,0.03994,0.8,9.0,5,0.12475
2023-02-14,Comm,0.0,0.0,0.6,4.0,5,0.031952
2023-02-15,Comm,0.26027666666666666,0.26027666666666666,1.0,9.0,5,0.0
2023-02-16,Comm,0.02366,0.02366,1.0,7.0,5,0.26027666666666666
2023-02-17,Comm,0.26779,0.44631666666666664,0.6,4.0,5,0.02366
2023-02-21,Comm,0.1144947619047619,0.1144947619047619,1.0,20.0,5,0.26779
2023-02-22,Comm,0.12631833333333334,0.21053055555555555,0.6,9.0,5,0.1144947619047619
2023-02-23,Comm,0.14103,0.14103,1.0,9.0,5,0.12631833333333334
2023-02-24,Comm,0.023400000000000004,0.03900000000000001,0.6,7.0,5,0.14103
2023-02-27,Comm,0.08055333333333334,0.13425555555555557,0.6,9.0,5,0.023400000000000004
2023-02-28,Comm,0.09842999999999999,0.1230375,0.8,6.0,5,0.08055333333333334
2023-03-01,Comm,-0.02385250000000001,-0.02385250000000001,1.0,14.0,5,0.09842999999999999
2023-03-02,Comm,0.23134666666666667,0.23134666666666667,1.0,13.0,5,-0.02385250000000001
2023-03-03,Comm,-0.07432,-0.1858,0.4,2.0,5,0.23134666666666667
2023-03-06,Comm,0.02023,0.02023,1.0,7.0,5,-0.07432
2023-03-07,Comm,0.15453999999999998,0.19317499999999999,0.8,5.0,5,0.02023
2023-03-08,Comm,-0.031630000000000005,-0.079075,0.4,3.0,5,0.15453999999999998
2023-03-09,Comm,-0.02417333333333333,-0.030216666666666663,0.8,8.0,5,-0.031630000000000005
2023-03-10,Comm,0.025708,0.04284666666666667,0.6,8.0,5,-0.02417333333333333
2023-03-13,Comm,0.06463933333333334,0.10773222222222223,0.6,10.0,5,0.025708
2023-03-14,Comm,0.0,0.0,0.2,3.0,5,0.06463933333333334
2023-03-15,Comm,0.13586000000000004,0.22643333333333338,0.6,9.0,5,0.0
2023-03-16,Comm,0.08991828571428573,0.11239785714285716,0.8,14.0,5,0.13586000000000004
2023-03-17,Comm,0.04046,0.10115,0.4,4.0,5,0.08991828571428573
2023-03-20,Comm,0.18363400000000002,0.18363400000000002,1.0,11.0,5,0.04046
2023-03-21,Comm,0.084422,0.084422,1.0,13.0,5,0.18363400000000002
2023-03-22,Comm,0.14209666666666668,0.23682777777777778,0.6,6.0,5,0.084422
2023-03-23,Comm,0.18723,0.2340375,0.8,9.0,5,0.14209666666666668
2023-03-24,Comm,0.12738,0.31845,0.4,2.0,5,0.18723
2023-03-27,Comm,0.1007742857142857,0.16795714285714283,0.6,13.0,5,0.12738
2023-03-28,Comm,0.1739433333333333,0.21742916666666665,0.8,7.0,5,0.1007742857142857
2023-03-29,Comm,0.08532666666666668,0.10665833333333334,0.8,7.0,5,0.1739433333333333
2023-03-30,Comm,0.16473333333333334,0.20591666666666666,0.8,6.0,5,0.08532666666666668
2023-03-31,Comm,0.19658533333333333,0.3276422222222222,0.6,9.0,5,0.16473333333333334
2023-04-03,Comm,0.1467795238095238,0.18347440476190474,0.8,18.0,5,0.19658533333333333
2023-04-04,Comm,0.059763,0.059763,1.0,12.0,5,0.1467795238095238
2023-04-05,Comm,0.023815,0.0595375,0.4,8.0,5,0.059763
2023-04-06,Comm,0.1901933333333333,0.1901933333333333,1.0,12.0,5,0.023815
2023-04-10,Comm,0.03769666666666667,0.03769666666666667,1.0,10.0,5,0.1901933333333333
2023-04-11,Comm,0.04052,0.05065,0.8,9.0,5,0.03769666666666667
2023-04-12,Comm,0.14808,0.14808,1.0,13.0,5,0.04052
2023-04-13,Comm,0.0014371428571428578,0.0014371428571428578,1.0,13.0,5,0.14808
2023-04-14,Comm,0.011933333333333334,0.029833333333333333,0.4,7.0,5,0.0014371428571428578
2023-04-17,Comm,0.014846666666666666,0.014846666666666666,1.0,15.0,5,0.011933333333333334
2023-04-18,Comm,0.03874809523809525,0.04843511904761906,0.8,13.0,5,0.014846666666666666
2023-04-19,Comm,0.08130066666666666,0.1355011111111111,0.6,12.0,5,0.03874809523809525
2023-04-20,Comm,0.0025387179487179464,0.004231196581196577,0.6,32.0,5,0.08130066666666666
2023-04-21,Comm,0.21154227272727272,0.21154227272727272,1.0,20.0,5,0.0025387179487179464
2023-04-24,Comm,-0.03576220779220779,-0.04470275974025974,0.8,27.0,5,0.21154227272727272
2023-04-25,Comm,-0.033940000000000005,-0.042425000000000004,0.8,11.0,5,-0.03576220779220779
2023-04-26,Comm,0.05900000000000001,0.05900000000000001,1.0,19.0,5,-0.033940000000000005
2023-04-27,Comm,0.09783412698412697,0.09783412698412697,1.0,34.0,5,0.05900000000000001
2023-04-28,Comm,0.012615555555555555,0.021025925925925924,0.6,18.0,5,0.09783412698412697
2023-05-01,Comm,-0.0007224999999999981,-0.0007224999999999981,1.0,17.0,5,0.012615555555555555
2023-05-02,Comm,0.05378166666666667,0.05378166666666667,1.0,18.0,5,-0.0007224999999999981
2023-05-03,Comm,0.05895666666666668,0.07369583333333335,0.8,7.0,5,0.05378166666666667
2023-05-04,Comm,0.011020000000000007,0.011020000000000007,1.0,9.0,5,0.05895666666666668
2023-05-05,Comm,0.26765,0.44608333333333333,0.6,4.0,5,0.011020000000000007
2023-05-08,Comm,0.09156666666666666,0.09156666666666666,1.0,15.0,5,0.26765
2023-05-09,Comm,0.08016000000000001,0.08016000000000001,1.0,14.0,5,0.09156666666666666
2023-05-10,Comm,0.13751777777777777,0.13751777777777777,1.0,18.0,5,0.08016000000000001
2023-05-11,Comm,0.2863142857142857,0.2863142857142857,1.0,14.0,5,0.13751777777777777
2023-05-12,Comm,0.142905,0.17863125000000002,0.8,8.0,5,0.2863142857142857
2023-05-15,Comm,0.046709,0.046709,1.0,17.0,5,0.142905
2023-05-16,Comm,0.06216666666666667,0.07770833333333334,0.8,17.0,5,0.046709
2023-05-17,Comm,0.025421666666666665,0.03177708333333333,0.8,15.0,5,0.06216666666666667
2023-05-18,Comm,0.0395425,0.0395425,1.0,30.0,5,0.025421666666666665
2023-05-19,Comm,0.25138666666666665,0.25138666666666665,1.0,12.0,5,0.0395425
2023-05-22,Comm,-0.002857999999999994,-0.0035724999999999923,0.8,19.0,5,0.25138666666666665
2023-05-23,Comm,0.032455,0.04056875,0.8,9.0,5,-0.002857999999999994
2023-05-24,Comm,0.06454666666666667,0.08068333333333334,0.8,7.0,5,0.032455
2023-05-25,Comm,0.051871999999999995,0.25936,0.2,5.0,5,0.06454666666666667
2023-05-26,Comm,0.2987266666666667,0.2987266666666667,1.0,10.0,5,0.051871999999999995
2023-05-30,Comm,0.00357666666666667,0.004470833333333337,0.8,10.0,5,0.2987266666666667
2023-05-31,Comm,0.09653999999999999,0.12067499999999998,0.8,9.0,5,0.00357666666666667
2023-06-01,Comm,0.10456666666666667,0.13070833333333334,0.8,10.0,5,0.09653999999999999
2023-06-02,Comm,-0.012118846153846152,-0.01514855769230769,0.8,28.0,5,0.10456666666666667
2023-06-05,Comm,0.08271066666666667,0.10338833333333333,0.8,15.0,5,-0.012118846153846152
2023-06-06,Comm,0.053329,0.1333225,0.4,9.0,5,0.08271066666666667
2023-06-07,Comm,0.20610266666666668,0.25762833333333335,0.8,11.0,5,0.053329
2023-06-08,Comm,-0.046338333333333336,-0.07723055555555557,0.6,9.0,5,0.20610266666666668
2023-06-09,Comm,0.1967566666666667,0.24594583333333336,0.8,12.0,5,-0.046338333333333336
2023-06-12,Comm,0.013486666666666666,0.022477777777777777,0.6,9.0,5,0.1967566666666667
2023-06-13,Comm,0.09894833333333333,0.12368541666666666,0.8,12.0,5,0.013486666666666666
2023-06-14,Comm,0.15863,0.2643833333333333,0.6,8.0,5,0.09894833333333333
2023-06-15,Comm,0.054407000000000004,0.09067833333333335,0.6,10.0,5,0.15863
2023-06-16,Comm,0.13058666666666666,0.13058666666666666,1.0,15.0,5,0.054407000000000004
2023-06-20,Comm,0.10486200000000001,0.10486200000000001,1.0,21.0,5,0.13058666666666666
2023-06-21,Comm,0.11794,0.19656666666666667,0.6,5.0,5,0.10486200000000001
2023-06-22,Comm,0.32592000000000004,0.32592000000000004,1.0,8.0,5,0.11794
2023-06-23,Comm,0.031689999999999996,0.07922499999999999,0.4,5.0,5,0.32592000000000004
2023-06-26,Comm,0.12835722222222223,0.12835722222222223,1.0,23.0,5,0.031689999999999996
2023-06-27,Comm,0.176568,0.176568,1.0,10.0,5,0.12835722222222223
2023-06-28,Comm,0.02695000000000001,0.03368750000000001,0.8,11.0,5,0.176568
2023-06-29,Comm,0.040413333333333336,0.05051666666666667,0.8,12.0,5,0.02695000000000001
2023-06-30,Comm,-0.033986666666666665,-0.05664444444444444,0.6,7.0,5,0.040413333333333336
2023-07-03,Comm,0.087752,0.14625333333333332,0.6,14.0,5,-0.033986666666666665
2023-07-05,Comm,0.23747833333333332,0.29684791666666666,0.8,13.0,5,0.087752
2023-07-06,Comm,0.1411666666666667,0.1411666666666667,1.0,12.0,5,0.23747833333333332
2023-07-07,Comm,0.11603266666666667,0.14504083333333334,0.8,11.0,5,0.1411666666666667
2023-07-10,Comm,0.03793,0.047412499999999996,0.8,10.0,5,0.11603266666666667
2023-07-11,Comm,0.13328500000000001,0.13328500000000001,1.0,12.0,5,0.03793
2023-07-12,Comm,0.10722533333333333,0.10722533333333333,1.0,24.0,5,0.13328500000000001
2023-07-13,Comm,0.065615,0.10935833333333334,0.6,14.0,5,0.10722533333333333
2023-07-14,Comm,0.07744901960784314,0.09681127450980392,0.8,22.0,5,0.065615
2023-07-17,Comm,-0.0886042735042735,-0.0886042735042735,1.0,39.0,5,0.07744901960784314
2023-07-18,Comm,0.1409721212121212,0.1409721212121212,1.0,24.0,5,-0.0886042735042735
2023-07-19,Comm,0.16643529411764707,0.20804411764705882,0.8,25.0,5,0.1409721212121212
2023-07-20,Comm,0.009710000000000002,0.009710000000000002,1.0,21.0,5,0.16643529411764707
2023-07-21,Comm,0.07885066666666667,0.09856333333333334,0.8,17.0,5,0.009710000000000002
2023-07-24,Comm,0.04991666666666667,0.04991666666666667,1.0,29.0,5,0.07885066666666667
2023-07-25,Comm,-0.05441266666666668,-0.05441266666666668,1.0,18.0,5,0.04991666666666667
2023-07-26,Comm,0.20867500000000003,0.20867500000000003,1.0,31.0,5,-0.05441266666666668
2023-07-27,Comm,0.08810166666666666,0.08810166666666666,1.0,36.0,5,0.20867500000000003
2023-07-28,Comm,0.19745166666666666,0.24681458333333334,0.8,14.0,5,0.08810166666666666
2023-07-31,Comm,0.11713895454545456,0.1464236931818182,0.8,27.0,5,0.19745166666666666
2023-08-01,Comm,0.31718428571428575,0.31718428571428575,1.0,21.0,5,0.11713895454545456
2023-08-02,Comm,0.12747,0.12747,1.0,20.0,5,0.31718428571428575
2023-08-03,Comm,0.0586347619047619,0.0586347619047619,1.0,17.0,5,0.12747
2023-08-04,Comm,0.016595,0.016595,1.0,13.0,5,0.0586347619047619
2023-08-07,Comm,0.13250199999999998,0.13250199999999998,1.0,14.0,5,0.016595
2023-08-08,Comm,0.110575,0.18429166666666666,0.6,11.0,5,0.13250199999999998
2023-08-09,Comm,0.022032666666666666,0.027540833333333334,0.8,16.0,5,0.110575
2023-08-10,Comm,-0.018349999999999998,-0.0229375,0.8,9.0,5,0.022032666666666666
2023-08-11,Comm,0.12282166666666665,0.15352708333333331,0.8,11.0,5,-0.018349999999999998
2023-08-14,Comm,0.07223166666666667,0.09028958333333334,0.8,10.0,5,0.12282166666666665
2023-08-15,Comm,0.07261,0.0907625,0.8,12.0,5,0.07223166666666667
2023-08-16,Comm,0.12312000000000001,0.12312000000000001,1.0,9.0,5,0.07261
2023-08-17,Comm,0.06904,0.06904,1.0,11.0,5,0.12312000000000001
2023-08-18,Comm,0.15160999999999997,0.18951249999999997,0.8,10.0,5,0.06904
2023-08-21,Comm,0.05242857142857142,0.05242857142857142,1.0,18.0,5,0.15160999999999997
2023-08-22,Comm,-0.005667999999999995,-0.007084999999999994,0.8,9.0,5,0.05242857142857142
2023-08-23,Comm,0.07746944444444445,0.12911574074074075,0.6,19.0,5,-0.005667999999999995
2023-08-24,Comm,0.08614933333333333,0.1435822222222222,0.6,15.0,5,0.07746944444444445
2023-08-25,Comm,-0.026886666666666663,-0.03360833333333333,0.8,12.0,5,0.08614933333333333
2023-08-28,Comm,0.072714,0.12119,0.6,12.0,5,-0.026886666666666663
2023-08-29,Comm,0.11246249999999999,0.1874375,0.6,19.0,5,0.072714
2023-08-30,Comm,0.06314733333333333,0.10524555555555555,0.6,10.0,5,0.11246249999999999
2023-08-31,Comm,0.11901666666666669,0.11901666666666669,1.0,18.0,5,0.06314733333333333
2023-09-01,Comm,0.01918,0.023975,0.8,9.0,5,0.11901666666666669
2023-09-05,Comm,0.40598999999999996,0.40598999999999996,1.0,11.0,5,0.01918
2023-09-06,Comm,0.18699333333333332,0.18699333333333332,1.0,12.0,5,0.40598999999999996
2023-09-07,Comm,0.07390133333333333,0.09237666666666666,0.8,13.0,5,0.18699333333333332
2023-09-08,Comm,0.1408346666666667,0.1408346666666667,1.0,13.0,5,0.07390133333333333
2023-09-11,Comm,0.006898333333333345,0.008622916666666681,0.8,13.0,5,0.1408346666666667
2023-09-12,Comm,0.037546666666666666,0.046933333333333334,0.8,12.0,5,0.006898333333333345
2023-09-13,Comm,0.020765,0.02595625,0.8,12.0,5,0.037546666666666666
2023-09-14,Comm,0.10732,0.17886666666666665,0.6,11.0,5,0.020765
2023-09-15,Comm,-0.01023833333333333,-0.025595833333333325,0.4,7.0,5,0.10732
2023-09-18,Comm,0.09223333333333332,0.11529166666666665,0.8,13.0,5,-0.01023833333333333
2023-09-19,Comm,0.04388,0.1097,0.4,5.0,5,0.09223333333333332
2023-09-20,Comm,0.11850999999999998,0.19751666666666665,0.6,4.0,5,0.04388
2023-09-21,Comm,0.039676666666666666,0.039676666666666666,1.0,12.0,5,0.11850999999999998
2023-09-22,Comm,0.017471999999999998,0.02184,0.8,11.0,5,0.039676666666666666
2023-09-25,Comm,-0.029010500000000015,-0.03626312500000002,0.8,15.0,5,0.017471999999999998
2023-09-26,Comm,0.15773333333333334,0.15773333333333334,1.0,13.0,5,-0.029010500000000015
2023-09-27,Comm,0.06364,0.10606666666666666,0.6,4.0,5,0.15773333333333334
2023-09-28,Comm,0.08551914285714286,0.10689892857142858,0.8,15.0,5,0.06364
2023-09-29,Comm,0.32592999999999994,0.40741249999999996,0.8,10.0,5,0.08551914285714286
2023-10-02,Comm,0.264206,0.264206,1.0,12.0,5,0.32592999999999994
2023-10-03,Comm,0.022510000000000006,0.03751666666666668,0.6,4.0,5,0.264206
2023-10-04,Comm,0.12807285714285715,0.2134547619047619,0.6,11.0,5,0.022510000000000006
2023-10-05,Comm,0.036173333333333335,0.09043333333333334,0.4,7.0,5,0.12807285714285715
2023-10-06,Comm,0.078045,0.13007500000000002,0.6,14.0,5,0.036173333333333335
2023-10-09,Comm,0.16567333333333334,0.16567333333333334,1.0,18.0,5,0.078045
2023-10-10,Comm,0.129766,0.1622075,0.8,9.0,5,0.16567333333333334
2023-10-11,Comm,0.046495,0.11623750000000001,0.4,5.0,5,0.129766
2023-10-12,Comm,0.08808333333333333,0.08808333333333333,1.0,13.0,5,0.046495
2023-10-13,Comm,0.0125,0.015625,0.8,11.0,5,0.08808333333333333
2023-10-16,Comm,0.035483333333333325,0.04435416666666666,0.8,11.0,5,0.0125
2023-10-17,Comm,-0.0256,-0.042666666666666665,0.6,4.0,5,0.035483333333333325
2023-10-18,Comm,0.04229666666666666,0.07049444444444444,0.6,13.0,5,-0.0256
2023-10-19,Comm,0.23656296296296295,0.2957037037037037,0.8,32.0,5,0.04229666666666666
2023-10-20,Comm,0.07577939393939395,0.07577939393939395,1.0,20.0,5,0.23656296296296295
2023-10-23,Comm,0.01683,0.0210375,0.8,17.0,5,0.07577939393939395
2023-10-24,Comm,0.06614809523809524,0.1102468253968254,0.6,15.0,5,0.01683
2023-10-25,Comm,0.20046861904761903,0.20046861904761903,1.0,27.0,5,0.06614809523809524
2023-10-26,Comm,0.17326735042735045,0.21658418803418805,0.8,26.0,5,0.20046861904761903
2023-10-27,Comm,-0.07968766666666667,-0.13281277777777778,0.6,12.0,5,0.17326735042735045
2023-10-30,Comm,0.18803333333333333,0.18803333333333333,1.0,13.0,5,-0.07968766666666667
2023-10-31,Comm,0.12010799999999999,0.12010799999999999,1.0,11.0,5,0.18803333333333333
2023-11-01,Comm,0.11091333333333334,0.11091333333333334,1.0,14.0,5,0.12010799999999999
2023-11-02,Comm,0.04729833333333333,0.04729833333333333,1.0,18.0,5,0.11091333333333334
2023-11-03,Comm,0.10550000000000001,0.17583333333333337,0.6,9.0,5,0.04729833333333333
2023-11-06,Comm,0.053104,0.053104,1.0,17.0,5,0.10550000000000001
2023-11-07,Comm,0.14964,0.18705,0.8,10.0,5,0.053104
2023-11-08,Comm,0.14546933333333334,0.14546933333333334,1.0,21.0,5,0.14964
2023-11-09,Comm,0.28206190476190474,0.28206190476190474,1.0,17.0,5,0.14546933333333334
2023-11-10,Comm,0.071004,0.11834,0.6,8.0,5,0.28206190476190474
2023-11-13,Comm,0.1282,0.16025,0.8,10.0,5,0.071004
2023-11-14,Comm,0.0,0.0,0.6,5.0,5,0.1282
2023-11-15,Comm,0.16599999999999998,0.2075,0.8,6.0,5,0.0
2023-11-16,Comm,0.004453333333333335,0.007422222222222225,0.6,6.0,5,0.16599999999999998
2023-11-17,Comm,0.0,0.0,0.4,3.0,5,0.004453333333333335
2023-11-20,Comm,0.15504500000000002,0.15504500000000002,1.0,12.0,5,0.0
2023-11-21,Comm,0.04220999999999999,0.07034999999999998,0.6,8.0,5,0.15504500000000002
2023-11-22,Comm,-0.024485333333333324,-0.030606666666666657,0.8,11.0,5,0.04220999999999999
2023-11-24,Comm,0.07722666666666667,0.07722666666666667,1.0,17.0,5,-0.024485333333333324
2023-11-27,Comm,0.00028333333333333823,0.00035416666666667276,0.8,13.0,5,0.07722666666666667
2023-11-28,Comm,0.07564599999999999,0.12607666666666664,0.6,8.0,5,0.00028333333333333823
2023-11-29,Comm,0.038913333333333334,0.038913333333333334,1.0,13.0,5,0.07564599999999999
2023-11-30,Comm,0.19064,0.2383,0.8,13.0,5,0.038913333333333334
2023-12-01,Comm,0.064815,0.108025,0.6,8.0,5,0.19064
2023-12-04,Comm,0.08354933333333334,0.10443666666666666,0.8,23.0,5,0.064815
2023-12-05,Comm,0.08702641025641027,0.10878301282051284,0.8,33.0,5,0.08354933333333334
2023-12-06,Comm,0.04393500000000001,0.04393500000000001,1.0,16.0,5,0.08702641025641027
2023-12-07,Comm,0.05658166666666666,0.05658166666666666,1.0,12.0,5,0.04393500000000001
2023-12-08,Comm,0.06278999999999998,0.06278999999999998,1.0,14.0,5,0.05658166666666666
2023-12-11,Comm,0.08932571428571429,0.08932571428571429,1.0,19.0,5,0.06278999999999998
2023-12-12,Comm,0.13960793650793651,0.2326798941798942,0.6,20.0,5,0.08932571428571429
2023-12-13,Comm,0.16280299999999998,0.20350374999999998,0.8,13.0,5,0.13960793650793651
2023-12-14,Comm,0.19019333333333335,0.31698888888888893,0.6,9.0,5,0.16280299999999998
2023-12-15,Comm,-0.010206666666666668,-0.012758333333333335,0.8,7.0,5,0.19019333333333335
2023-12-18,Comm,0.23851742857142857,0.23851742857142857,1.0,22.0,5,-0.010206666666666668
2023-12-19,Comm,0.0,,0.0,0.0,5,0.23851742857142857
2023-12-20,Comm,0.0,,0.0,0.0,5,0.0
2023-12-21,Comm,0.0,,0.0,0.0,5,0.0
2023-12-22,Comm,0.0,,0.0,0.0,5,0.0
2023-12-26,Comm,0.0,,0.0,0.0,5,0.0
2023-12-27,Comm,0.0,,0.0,0.0,5,0.0
2023-12-28,Comm,0.0,,0.0,0.0,5,0.0
2023-12-29,Comm,0.0,,0.0,0.0,5,0.0
2020-01-02,Consumer,-0.06894547619047618,-0.06894547619047618,1.0,22.0,5,
2020-01-03,Consumer,-0.17423333333333332,-0.21779166666666666,0.8,10.0,5,-0.06894547619047618
2020-01-06,Consumer,0.10678931372549019,0.10678931372549019,1.0,44.0,5,-0.17423333333333332
2020-01-07,Consumer,0.1472385,0.1472385,1.0,22.0,5,0.10678931372549019
2020-01-08,Consumer,0.05741,0.0717625,0.8,16.0,5,0.1472385
2020-01-09,Consumer,0.31884055555555557,0.31884055555555557,1.0,25.0,5,0.05741
2020-01-10,Consumer,0.004144000000000004,0.004144000000000004,1.0,15.0,5,0.31884055555555557
2020-01-13,Consumer,0.08908528571428571,0.08908528571428571,1.0,29.0,5,0.004144000000000004
2020-01-14,Consumer,0.042910000000000004,0.042910000000000004,1.0,19.0,5,0.08908528571428571
2020-01-15,Consumer,0.09859371428571428,0.12324214285714286,0.8,27.0,5,0.042910000000000004
2020-01-16,Consumer,0.17721542857142858,0.22151928571428572,0.8,19.0,5,0.09859371428571428
2020-01-17,Consumer,0.09022033333333332,0.09022033333333332,1.0,23.0,5,0.17721542857142858
2020-01-21,Consumer,0.07445492424242424,0.07445492424242424,1.0,51.0,5,0.09022033333333332
2020-01-22,Consumer,0.09453990476190476,0.09453990476190476,1.0,32.0,5,0.07445492424242424
2020-01-23,Consumer,0.12542366666666666,0.12542366666666666,1.0,22.0,5,0.09453990476190476
2020-01-24,Consumer,0.08278269230769231,0.08278269230769231,1.0,23.0,5,0.12542366666666666
2020-01-27,Consumer,0.03558333333333334,0.03558333333333334,1.0,42.0,5,0.08278269230769231
2020-01-28,Consumer,0.04736814285714286,0.05921017857142857,0.8,37.0,5,0.03558333333333334
2020-01-29,Consumer,0.015758761904761904,0.015758761904761904,1.0,35.0,5,0.04736814285714286
2020-01-30,Consumer,0.0510729523809524,0.0510729523809524,1.0,40.0,5,0.015758761904761904
2020-01-31,Consumer,0.02843959595959596,0.03554949494949495,0.8,25.0,5,0.0510729523809524
2020-02-03,Consumer,0.16842376623376626,0.16842376623376626,1.0,39.0,5,0.02843959595959596
2020-02-04,Consumer,0.15853863636363635,0.15853863636363635,1.0,52.0,5,0.16842376623376626
2020-02-05,Consumer,0.017972037037037033,0.022465046296296292,0.8,43.0,5,0.15853863636363635
2020-02-06,Consumer,0.13285111111111111,0.1660638888888889,0.8,24.0,5,0.017972037037037033
2020-02-07,Consumer,0.17583916666666666,0.21979895833333332,0.8,21.0,5,0.13285111111111111
2020-02-10,Consumer,-0.006942857142857142,-0.006942857142857142,1.0,37.0,5,0.17583916666666666
2020-02-11,Consumer,0.04548616666666666,0.04548616666666666,1.0,28.0,5,-0.006942857142857142
2020-02-12,Consumer,0.05834264705882351,0.05834264705882351,1.0,26.0,5,0.04548616666666666
2020-02-13,Consumer,-0.009732833333333352,-0.009732833333333352,1.0,37.0,5,0.05834264705882351
2020-02-14,Consumer,-0.05277816666666666,-0.05277816666666666,1.0,23.0,5,-0.009732833333333352
2020-02-18,Consumer,0.19559599206349207,0.19559599206349207,1.0,54.0,5,-0.05277816666666666
2020-02-19,Consumer,0.17203057142857142,0.17203057142857142,1.0,20.0,5,0.19559599206349207
2020-02-20,Consumer,0.06387014285714285,0.06387014285714285,1.0,18.0,5,0.17203057142857142
2020-02-21,Consumer,0.0683877777777778,0.08548472222222224,0.8,22.0,5,0.06387014285714285
2020-02-24,Consumer,-0.0021578571428571445,-0.0021578571428571445,1.0,28.0,5,0.0683877777777778
2020-02-25,Consumer,0.16376858974358974,0.16376858974358974,1.0,29.0,5,-0.0021578571428571445
2020-02-26,Consumer,0.09330333333333334,0.09330333333333334,1.0,49.0,5,0.16376858974358974
2020-02-27,Consumer,0.08388466666666665,0.08388466666666665,1.0,30.0,5,0.09330333333333334
2020-02-28,Consumer,-0.11344452380952379,-0.11344452380952379,1.0,26.0,5,0.08388466666666665
2020-03-02,Consumer,0.05835970085470086,0.05835970085470086,1.0,40.0,5,-0.11344452380952379
2020-03-03,Consumer,0.18419,0.18419,1.0,28.0,5,0.05835970085470086
2020-03-04,Consumer,0.15447333333333332,0.15447333333333332,1.0,24.0,5,0.18419
2020-03-05,Consumer,0.07891594805194806,0.07891594805194806,1.0,27.0,5,0.15447333333333332
2020-03-06,Consumer,-0.01978126373626373,-0.024726579670329662,0.8,26.0,5,0.07891594805194806
2020-03-09,Consumer,0.06260397435897436,0.06260397435897436,1.0,31.0,5,-0.01978126373626373
2020-03-10,Consumer,-0.008197010101010097,-0.01024626262626262,0.8,26.0,5,0.06260397435897436
2020-03-11,Consumer,-0.03196085714285714,-0.039951071428571426,0.8,23.0,5,-0.008197010101010097
2020-03-12,Consumer,0.04935908888888889,0.04935908888888889,1.0,47.0,5,-0.03196085714285714
2020-03-13,Consumer,0.045301666666666664,0.07550277777777777,0.6,31.0,5,0.04935908888888889
2020-03-16,Consumer,-0.13602125724637681,-0.13602125724637681,1.0,54.0,5,0.045301666666666664
2020-03-17,Consumer,0.05167161904761904,0.05167161904761904,1.0,36.0,5,-0.13602125724637681
2020-03-18,Consumer,0.02316417027417027,0.02316417027417027,1.0,35.0,5,0.05167161904761904
2020-03-19,Consumer,0.0218805,0.0218805,1.0,34.0,5,0.02316417027417027
2020-03-20,Consumer,0.0462953961038961,0.0462953961038961,1.0,54.0,5,0.0218805
2020-03-23,Consumer,0.05334474564651035,0.05334474564651035,1.0,64.0,5,0.0462953961038961
2020-03-24,Consumer,0.20609983516483518,0.20609983516483518,1.0,43.0,5,0.05334474564651035
2020-03-25,Consumer,0.1701325714285714,0.1701325714285714,1.0,41.0,5,0.20609983516483518
2020-03-26,Consumer,0.08964880952380952,0.08964880952380952,1.0,33.0,5,0.1701325714285714
2020-03-27,Consumer,0.03916448717948717,0.03916448717948717,1.0,33.0,5,0.08964880952380952
2020-03-30,Consumer,0.07381264912280701,0.07381264912280701,1.0,35.0,5,0.03916448717948717
2020-03-31,Consumer,-0.023837333333333356,-0.023837333333333356,1.0,12.0,5,0.07381264912280701
2020-04-01,Consumer,0.1795776666666667,0.1795776666666667,1.0,30.0,5,-0.023837333333333356
2020-04-02,Consumer,0.049584642857142855,0.049584642857142855,1.0,35.0,5,0.1795776666666667
2020-04-03,Consumer,0.015347916666666666,0.019184895833333333,0.8,32.0,5,0.049584642857142855
2020-04-06,Consumer,0.2067302251082251,0.2067302251082251,1.0,59.0,5,0.015347916666666666
2020-04-07,Consumer,0.24089971717171715,0.24089971717171715,1.0,33.0,5,0.2067302251082251
2020-04-08,Consumer,-0.04794083157894735,-0.05992603947368419,0.8,54.0,5,0.24089971717171715
2020-04-09,Consumer,0.17041476190476193,0.17041476190476193,1.0,84.0,5,-0.04794083157894735
2020-04-13,Consumer,-0.006414284382284382,-0.006414284382284382,1.0,78.0,5,0.17041476190476193
2020-04-14,Consumer,0.22203950000000003,0.22203950000000003,1.0,29.0,5,-0.006414284382284382
2020-04-15,Consumer,0.09350427272727273,0.09350427272727273,1.0,35.0,5,0.22203950000000003
2020-04-16,Consumer,0.11577376811594202,0.14471721014492753,0.8,40.0,5,0.09350427272727273
2020-04-17,Consumer,0.21409866666666666,0.21409866666666666,1.0,28.0,5,0.11577376811594202
2020-04-20,Consumer,0.06161292063492063,0.06161292063492063,1.0,56.0,5,0.21409866666666666
2020-04-21,Consumer,0.016644828828828832,0.016644828828828832,1.0,70.0,5,0.06161292063492063
2020-04-22,Consumer,0.10721475816993462,0.10721475816993462,1.0,39.0,5,0.016644828828828832
2020-04-23,Consumer,0.08177963636363636,0.08177963636363636,1.0,43.0,5,0.10721475816993462
2020-04-24,Consumer,0.004474666666666666,0.004474666666666666,1.0,29.0,5,0.08177963636363636
2020-04-27,Consumer,0.08174644444444445,0.08174644444444445,1.0,50.0,5,0.004474666666666666
2020-04-28,Consumer,0.08452002797202797,0.10565003496503496,0.8,58.0,5,0.08174644444444445
2020-04-29,Consumer,0.10723711721611721,0.10723711721611721,1.0,60.0,5,0.08452002797202797
2020-04-30,Consumer,0.004515166666666665,0.004515166666666665,1.0,33.0,5,0.10723711721611721
2020-05-01,Consumer,0.2003011666666667,0.2003011666666667,1.0,39.0,5,0.004515166666666665
2020-05-04,Consumer,0.13913217582417584,0.13913217582417584,1.0,63.0,5,0.2003011666666667
2020-05-05,Consumer,0.20450595238095234,0.20450595238095234,1.0,49.0,5,0.13913217582417584
2020-05-06,Consumer,0.07349682352941175,0.0918710294117647,0.8,51.0,5,0.20450595238095234
2020-05-07,Consumer,0.11694166666666668,0.11694166666666668,1.0,34.0,5,0.07349682352941175
2020-05-08,Consumer,0.07110133766233766,0.07110133766233766,1.0,55.0,5,0.11694166666666668
2020-05-11,Consumer,0.065772625,0.065772625,1.0,52.0,5,0.07110133766233766
2020-05-12,Consumer,0.10019939999999998,0.12524924999999998,0.8,38.0,5,0.065772625
2020-05-13,Consumer,0.08083495238095238,0.08083495238095238,1.0,36.0,5,0.10019939999999998
2020-05-14,Consumer,0.129311931372549,0.129311931372549,1.0,39.0,5,0.08083495238095238
2020-05-15,Consumer,0.06442585185185186,0.06442585185185186,1.0,47.0,5,0.129311931372549
2020-05-18,Consumer,0.20182033333333335,0.20182033333333335,1.0,49.0,5,0.06442585185185186
2020-05-19,Consumer,-0.06443851282051284,-0.06443851282051284,1.0,44.0,5,0.20182033333333335
2020-05-20,Consumer,-0.015584642857142861,-0.015584642857142861,1.0,34.0,5,-0.06443851282051284
2020-05-21,Consumer,0.024796969696969692,0.024796969696969692,1.0,40.0,5,-0.015584642857142861
2020-05-22,Consumer,0.0036226666666666686,0.006037777777777781,0.6,18.0,5,0.024796969696969692
2020-05-26,Consumer,0.20328895238095238,0.20328895238095238,1.0,46.0,5,0.0036226666666666686
2020-05-27,Consumer,0.14999318181818183,0.14999318181818183,1.0,37.0,5,0.20328895238095238
2020-05-28,Consumer,0.06766350000000002,0.06766350000000002,1.0,33.0,5,0.14999318181818183
2020-05-29,Consumer,0.08072742857142859,0.08072742857142859,1.0,18.0,5,0.06766350000000002
2020-06-01,Consumer,0.10932420414673047,0.10932420414673047,1.0,47.0,5,0.08072742857142859
2020-06-02,Consumer,-0.11654666666666666,-0.11654666666666666,1.0,20.0,5,0.10932420414673047
2020-06-03,Consumer,0.1979542857142857,0.1979542857142857,1.0,33.0,5,-0.11654666666666666
2020-06-04,Consumer,0.16784999999999997,0.20981249999999996,0.8,11.0,5,0.1979542857142857
2020-06-05,Consumer,0.118412,0.19735333333333335,0.6,14.0,5,0.16784999999999997
2020-06-08,Consumer,0.16258666666666666,0.16258666666666666,1.0,20.0,5,0.118412
2020-06-09,Consumer,0.012601714285714289,0.021002857142857146,0.6,26.0,5,0.16258666666666666
2020-06-10,Consumer,-0.022498963636363632,-0.022498963636363632,1.0,48.0,5,0.012601714285714289
2020-06-11,Consumer,0.0453064935064935,0.0453064935064935,1.0,38.0,5,-0.022498963636363632
2020-06-12,Consumer,0.15695361904761906,0.15695361904761906,1.0,20.0,5,0.0453064935064935
2020-06-15,Consumer,0.00854649350649351,0.00854649350649351,1.0,33.0,5,0.15695361904761906
2020-06-16,Consumer,0.17451999999999998,0.21814999999999998,0.8,12.0,5,0.00854649350649351
2020-06-17,Consumer,0.17689083333333336,0.17689083333333336,1.0,20.0,5,0.17451999999999998
2020-06-18,Consumer,0.0690825238095238,0.0690825238095238,1.0,29.0,5,0.17689083333333336
2020-06-19,Consumer,0.015828222222222226,0.015828222222222226,1.0,21.0,5,0.0690825238095238
2020-06-22,Consumer,0.04642333333333333,0.04642333333333333,1.0,49.0,5,0.015828222222222226
2020-06-23,Consumer,0.2115006666666667,0.2115006666666667,1.0,40.0,5,0.04642333333333333
2020-06-24,Consumer,-0.02069233333333333,-0.02069233333333333,1.0,25.0,5,0.2115006666666667
2020-06-25,Consumer,0.0918286,0.0918286,1.0,44.0,5,-0.02069233333333333
2020-06-26,Consumer,0.17677,0.17677,1.0,24.0,5,0.0918286
2020-06-29,Consumer,0.05464476923076922,0.05464476923076922,1.0,46.0,5,0.17677
2020-06-30,Consumer,0.07042000000000001,0.07042000000000001,1.0,29.0,5,0.05464476923076922
2020-07-01,Consumer,-0.08904167532467533,-0.08904167532467533,1.0,29.0,5,0.07042000000000001
2020-07-02,Consumer,0.161906,0.161906,1.0,23.0,5,-0.08904167532467533
2020-07-06,Consumer,0.006079904761904767,0.006079904761904767,1.0,44.0,5,0.161906
2020-07-07,Consumer,0.11819927272727274,0.1477490909090909,0.8,23.0,5,0.006079904761904767
2020-07-08,Consumer,0.17270555555555556,0.17270555555555556,1.0,22.0,5,0.11819927272727274
2020-07-09,Consumer,0.08616750000000001,0.08616750000000001,1.0,24.0,5,0.17270555555555556
2020-07-10,Consumer,0.007357142857142847,0.007357142857142847,1.0,15.0,5,0.08616750000000001
2020-07-13,Consumer,0.16484914285714286,0.16484914285714286,1.0,29.0,5,0.007357142857142847
2020-07-14,Consumer,0.0881445238095238,0.0881445238095238,1.0,23.0,5,0.16484914285714286
2020-07-15,Consumer,0.12762828571428572,0.12762828571428572,1.0,29.0,5,0.0881445238095238
2020-07-16,Consumer,0.20136309523809523,0.20136309523809523,1.0,25.0,5,0.12762828571428572
2020-07-17,Consumer,0.11238722222222224,0.11238722222222224,1.0,19.0,5,0.20136309523809523
2020-07-20,Consumer,0.05997861471861473,0.07497326839826841,0.8,31.0,5,0.11238722222222224
2020-07-21,Consumer,0.21922012422360249,0.21922012422360249,1.0,46.0,5,0.05997861471861473
2020-07-22,Consumer,0.10545200000000002,0.10545200000000002,1.0,17.0,5,0.21922012422360249
2020-07-23,Consumer,0.06261121794871796,0.06261121794871796,1.0,32.0,5,0.10545200000000002
2020-07-24,Consumer,0.0004891666666666669,0.0004891666666666669,1.0,19.0,5,0.06261121794871796
2020-07-27,Consumer,0.09007888888888889,0.11259861111111111,0.8,21.0,5,0.0004891666666666669
2020-07-28,Consumer,0.10934180952380954,0.10934180952380954,1.0,21.0,5,0.09007888888888889
2020-07-29,Consumer,0.06217972222222222,0.06217972222222222,1.0,39.0,5,0.10934180952380954
2020-07-30,Consumer,0.10903800000000001,0.10903800000000001,1.0,24.0,5,0.06217972222222222
2020-07-31,Consumer,0.0384012380952381,0.0384012380952381,1.0,19.0,5,0.10903800000000001
2020-08-03,Consumer,0.05033760784313725,0.05033760784313725,1.0,36.0,5,0.0384012380952381
2020-08-04,Consumer,0.22070616161616163,0.22070616161616163,1.0,40.0,5,0.05033760784313725
2020-08-05,Consumer,0.0257964705882353,0.0257964705882353,1.0,52.0,5,0.22070616161616163
2020-08-06,Consumer,0.07993600000000001,0.07993600000000001,1.0,17.0,5,0.0257964705882353
2020-08-07,Consumer,0.11740533333333332,0.14675666666666665,0.8,15.0,5,0.07993600000000001
2020-08-10,Consumer,0.09200813852813852,0.09200813852813852,1.0,24.0,5,0.11740533333333332
2020-08-11,Consumer,0.053126833333333345,0.06640854166666668,0.8,22.0,5,0.09200813852813852
2020-08-12,Consumer,0.007589166666666663,0.00948645833333333,0.8,14.0,5,0.053126833333333345
2020-08-13,Consumer,0.053421666666666645,0.053421666666666645,1.0,16.0,5,0.007589166666666663
2020-08-14,Consumer,0.0468275,0.058534375,0.8,12.0,5,0.053421666666666645
2020-08-17,Consumer,0.1856988888888889,0.1856988888888889,1.0,46.0,5,0.0468275
2020-08-18,Consumer,0.09580285714285715,0.09580285714285715,1.0,44.0,5,0.1856988888888889
2020-08-19,Consumer,0.15707303030303027,0.15707303030303027,1.0,32.0,5,0.09580285714285715
2020-08-20,Consumer,0.168295,0.168295,1.0,19.0,5,0.15707303030303027
2020-08-21,Consumer,0.25173633333333334,0.25173633333333334,1.0,21.0,5,0.168295
2020-08-24,Consumer,0.08777571428571429,0.08777571428571429,1.0,18.0,5,0.25173633333333334
2020-08-25,Consumer,0.11815,0.1476875,0.8,15.0,5,0.08777571428571429
2020-08-26,Consumer,0.06596190476190476,0.08245238095238096,0.8,15.0,5,0.11815
2020-08-27,Consumer,-0.020826315789473682,-0.020826315789473682,1.0,27.0,5,0.06596190476190476
2020-08-28,Consumer,0.02799897435897437,0.046664957264957285,0.6,23.0,5,-0.020826315789473682
2020-08-31,Consumer,0.02842941176470588,0.02842941176470588,1.0,27.0,5,0.02799897435897437
2020-09-01,Consumer,0.08452476190476191,0.10565595238095238,0.8,29.0,5,0.02842941176470588
2020-09-02,Consumer,0.2,0.2,1.0,17.0,5,0.08452476190476191
2020-09-03,Consumer,0.17257285714285714,0.21571607142857144,0.8,20.0,5,0.2
2020-09-04,Consumer,0.052898,0.052898,1.0,16.0,5,0.17257285714285714
2020-09-08,Consumer,0.11216557575757576,0.11216557575757576,1.0,41.0,5,0.052898
2020-09-09,Consumer,0.10890545454545456,0.1361318181818182,0.8,22.0,5,0.11216557575757576
2020-09-10,Consumer,0.1711475,0.213934375,0.8,15.0,5,0.10890545454545456
2020-09-11,Consumer,0.10309166666666666,0.12886458333333334,0.8,14.0,5,0.1711475
2020-09-14,Consumer,0.07089485714285715,0.07089485714285715,1.0,33.0,5,0.10309166666666666
2020-09-15,Consumer,0.1365338095238095,0.1706672619047619,0.8,18.0,5,0.07089485714285715
2020-09-16,Consumer,0.09923833333333333,0.16539722222222222,0.6,11.0,5,0.1365338095238095
2020-09-17,Consumer,0.2207163333333333,0.2758954166666666,0.8,24.0,5,0.09923833333333333
2020-09-18,Consumer,0.0021362987012987,0.0021362987012987,1.0,26.0,5,0.2207163333333333
2020-09-21,Consumer,0.08879786666666667,0.11099733333333334,0.8,35.0,5,0.0021362987012987
2020-09-22,Consumer,0.18445739316239315,0.18445739316239315,1.0,30.0,5,0.08879786666666667
2020-09-23,Consumer,0.10271933333333334,0.12839916666666668,0.8,32.0,5,0.18445739316239315
2020-09-24,Consumer,0.07200619047619047,0.0900077380952381,0.8,19.0,5,0.10271933333333334
2020-09-25,Consumer,0.03577333333333333,0.04471666666666666,0.8,14.0,5,0.07200619047619047
2020-09-28,Consumer,0.06900727272727274,0.06900727272727274,1.0,34.0,5,0.03577333333333333
2020-09-29,Consumer,0.21098349206349204,0.21098349206349204,1.0,30.0,5,0.06900727272727274
2020-09-30,Consumer,0.22516666666666668,0.22516666666666668,1.0,27.0,5,0.21098349206349204
2020-10-01,Consumer,0.057404,0.09567333333333333,0.6,16.0,5,0.22516666666666668
2020-10-02,Consumer,0.06484190476190475,0.08105238095238095,0.8,18.0,5,0.057404
2020-10-05,Consumer,0.1104941904761905,0.1104941904761905,1.0,24.0,5,0.06484190476190475
2020-10-06,Consumer,0.17313444444444442,0.17313444444444442,1.0,18.0,5,0.1104941904761905
2020-10-07,Consumer,0.07855385714285715,0.09819232142857143,0.8,17.0,5,0.17313444444444442
2020-10-08,Consumer,0.10740821428571427,0.10740821428571427,1.0,21.0,5,0.07855385714285715
2020-10-09,Consumer,0.04635571428571428,0.04635571428571428,1.0,15.0,5,0.10740821428571427
2020-10-12,Consumer,0.2718842564102564,0.2718842564102564,1.0,33.0,5,0.04635571428571428
2020-10-13,Consumer,-0.08431622807017544,-0.08431622807017544,1.0,31.0,5,0.2718842564102564
2020-10-14,Consumer,0.11719821428571428,0.14649776785714286,0.8,18.0,5,-0.08431622807017544
2020-10-15,Consumer,0.0400570909090909,0.05007136363636363,0.8,20.0,5,0.11719821428571428
2020-10-16,Consumer,0.23147333333333336,0.2893416666666667,0.8,14.0,5,0.0400570909090909
2020-10-19,Consumer,0.24128,0.24128,1.0,23.0,5,0.23147333333333336
2020-10-20,Consumer,0.183925,0.22990625,0.8,11.0,5,0.24128
2020-10-21,Consumer,0.18136980952380952,0.2267122619047619,0.8,19.0,5,0.183925
2020-10-22,Consumer,0.05215736842105264,0.05215736842105264,1.0,42.0,5,0.18136980952380952
2020-10-23,Consumer,0.30526,0.30526,1.0,15.0,5,0.05215736842105264
2020-10-26,Consumer,0.057729555555555555,0.057729555555555555,1.0,27.0,5,0.30526
2020-10-27,Consumer,0.065585,0.065585,1.0,15.0,5,0.057729555555555555
2020-10-28,Consumer,0.08383266666666667,0.10479083333333333,0.8,14.0,5,0.065585
2020-10-29,Consumer,0.094772,0.118465,0.8,21.0,5,0.08383266666666667
2020-10-30,Consumer,0.17318155555555556,0.17318155555555556,1.0,23.0,5,0.094772
2020-11-02,Consumer,0.16427722222222224,0.16427722222222224,1.0,24.0,5,0.17318155555555556
2020-11-03,Consumer,0.12514866666666666,0.12514866666666666,1.0,23.0,5,0.16427722222222224
2020-11-04,Consumer,0.03353314285714286,0.055888571428571426,0.6,13.0,5,0.12514866666666666
2020-11-05,Consumer,0.15840928571428572,0.15840928571428572,1.0,16.0,5,0.03353314285714286
2020-11-06,Consumer,0.07316857142857143,0.07316857142857143,1.0,22.0,5,0.15840928571428572
2020-11-09,Consumer,0.03824285714285715,0.03824285714285715,1.0,22.0,5,0.07316857142857143
2020-11-10,Consumer,0.09780488888888889,0.12225611111111111,0.8,17.0,5,0.03824285714285715
2020-11-11,Consumer,0.08898266666666667,0.11122833333333333,0.8,14.0,5,0.09780488888888889
2020-11-12,Consumer,0.09818103896103896,0.1227262987012987,0.8,43.0,5,0.08898266666666667
2020-11-13,Consumer,0.1349944099378882,0.22499068322981366,0.6,31.0,5,0.09818103896103896
2020-11-16,Consumer,0.1839656111111111,0.1839656111111111,1.0,44.0,5,0.1349944099378882
2020-11-17,Consumer,0.32769245614035086,0.32769245614035086,1.0,30.0,5,0.1839656111111111
2020-11-18,Consumer,0.08726166666666667,0.14543611111111113,0.6,19.0,5,0.32769245614035086
2020-11-19,Consumer,-0.028374166666666662,-0.028374166666666662,1.0,16.0,5,0.08726166666666667
2020-11-20,Consumer,0.07916369047619047,0.09895461309523809,0.8,26.0,5,-0.028374166666666662
2020-11-23,Consumer,0.17166674725274725,0.17166674725274725,1.0,37.0,5,0.07916369047619047
2020-11-24,Consumer,0.029164999999999996,0.036456249999999996,0.8,15.0,5,0.17166674725274725
2020-11-25,Consumer,0.15788666666666665,0.1973583333333333,0.8,15.0,5,0.029164999999999996
2020-11-27,Consumer,0.094752,0.094752,1.0,32.0,5,0.15788666666666665
2020-11-30,Consumer,0.11200000000000002,0.14,0.8,16.0,5,0.094752
2020-12-01,Consumer,0.14459,0.24098333333333333,0.6,8.0,5,0.11200000000000002
2020-12-02,Consumer,0.03146422222222222,0.03146422222222222,1.0,26.0,5,0.14459
2020-12-03,Consumer,0.09779,0.1222375,0.8,26.0,5,0.03146422222222222
2020-12-04,Consumer,0.07866666666666666,0.09833333333333333,0.8,10.0,5,0.09779
2020-12-07,Consumer,0.10498857142857143,0.10498857142857143,1.0,39.0,5,0.07866666666666666
2020-12-08,Consumer,0.0752563888888889,0.0752563888888889,1.0,22.0,5,0.10498857142857143
2020-12-09,Consumer,0.014072606060606055,0.01759075757575757,0.8,21.0,5,0.0752563888888889
2020-12-10,Consumer,0.21859968253968254,0.21859968253968254,1.0,23.0,5,0.014072606060606055
2020-12-11,Consumer,0.14347326315789474,0.14347326315789474,1.0,29.0,5,0.21859968253968254
2020-12-14,Consumer,0.05454566666666668,0.05454566666666668,1.0,35.0,5,0.14347326315789474
2020-12-15,Consumer,0.1809552380952381,0.1809552380952381,1.0,20.0,5,0.05454566666666668
2020-12-16,Consumer,0.27887399999999996,0.27887399999999996,1.0,17.0,5,0.1809552380952381
2020-12-17,Consumer,0.17274,0.17274,1.0,16.0,5,0.27887399999999996
2020-12-18,Consumer,0.26275933333333334,0.26275933333333334,1.0,26.0,5,0.17274
2020-12-21,Consumer,0.13812922943722944,0.13812922943722944,1.0,60.0,5,0.26275933333333334
2020-12-22,Consumer,0.08608799999999997,0.08608799999999997,1.0,16.0,5,0.13812922943722944
2020-12-23,Consumer,0.13125683333333335,0.13125683333333335,1.0,22.0,5,0.08608799999999997
2020-12-24,Consumer,0.19487114285714285,0.24358892857142858,0.8,21.0,5,0.13125683333333335
2020-12-28,Consumer,0.252569,0.252569,1.0,26.0,5,0.19487114285714285
2020-12-29,Consumer,0.16010577777777776,0.16010577777777776,1.0,22.0,5,0.252569
2020-12-30,Consumer,0.35562000000000005,0.44452500000000006,0.8,10.0,5,0.16010577777777776
2020-12-31,Consumer,0.3254826666666667,0.3254826666666667,1.0,21.0,5,0.35562000000000005
2021-01-04,Consumer,0.09874088888888889,0.09874088888888889,1.0,27.0,5,0.3254826666666667
2021-01-05,Consumer,0.0969,0.0969,1.0,18.0,5,0.09874088888888889
2021-01-06,Consumer,0.10820333333333335,0.10820333333333335,1.0,16.0,5,0.0969
2021-01-07,Consumer,0.13425933333333334,0.13425933333333334,1.0,19.0,5,0.10820333333333335
2021-01-08,Consumer,0.208589,0.208589,1.0,15.0,5,0.13425933333333334
2021-01-11,Consumer,0.1927052380952381,0.1927052380952381,1.0,15.0,5,0.208589
2021-01-12,Consumer,0.14030083333333332,0.14030083333333332,1.0,20.0,5,0.1927052380952381
2021-01-13,Consumer,0.12171999999999998,0.15214999999999998,0.8,15.0,5,0.14030083333333332
2021-01-14,Consumer,0.06798,0.06798,1.0,17.0,5,0.12171999999999998
2021-01-15,Consumer,0.1527966666666667,0.1527966666666667,1.0,21.0,5,0.06798
2021-01-19,Consumer,0.0835878787878788,0.0835878787878788,1.0,58.0,5,0.1527966666666667
2021-01-20,Consumer,-0.054398000000000016,-0.06799750000000002,0.8,17.0,5,0.0835878787878788
2021-01-21,Consumer,-0.050777,-0.06347125,0.8,17.0,5,-0.054398000000000016
2021-01-22,Consumer,0.021915,0.02739375,0.8,19.0,5,-0.050777
2021-01-25,Consumer,0.0511475,0.0511475,1.0,25.0,5,0.021915
2021-01-26,Consumer,0.14650555555555556,0.14650555555555556,1.0,26.0,5,0.0511475
2021-01-27,Consumer,0.024555357142857143,0.024555357142857143,1.0,22.0,5,0.14650555555555556
2021-01-28,Consumer,0.1433707619047619,0.1433707619047619,1.0,23.0,5,0.024555357142857143
2021-01-29,Consumer,0.12376833333333337,0.1547104166666667,0.8,17.0,5,0.1433707619047619
2021-02-01,Consumer,0.07755583333333335,0.07755583333333335,1.0,20.0,5,0.12376833333333337
2021-02-02,Consumer,0.19279333333333332,0.19279333333333332,1.0,14.0,5,0.07755583333333335
2021-02-03,Consumer,-0.01653111111111111,-0.020663888888888888,0.8,19.0,5,0.19279333333333332
2021-02-04,Consumer,0.21328933333333336,0.21328933333333336,1.0,16.0,5,-0.01653111111111111
2021-02-05,Consumer,-0.19637833333333332,-0.19637833333333332,1.0,14.0,5,0.21328933333333336
2021-02-08,Consumer,0.1057412380952381,0.1057412380952381,1.0,38.0,5,-0.19637833333333332
2021-02-09,Consumer,0.05041428571428571,0.05041428571428571,1.0,19.0,5,0.1057412380952381
2021-02-10,Consumer,0.11931190476190476,0.14913988095238095,0.8,23.0,5,0.05041428571428571
2021-02-11,Consumer,0.1079877777777778,0.1079877777777778,1.0,30.0,5,0.11931190476190476
2021-02-12,Consumer,0.044746333333333346,0.044746333333333346,1.0,26.0,5,0.1079877777777778
2021-02-16,Consumer,0.06202557142857144,0.06202557142857144,1.0,39.0,5,0.044746333333333346
2021-02-17,Consumer,0.10958166666666666,0.10958166666666666,1.0,18.0,5,0.06202557142857144
2021-02-18,Consumer,0.19713504761904763,0.19713504761904763,1.0,31.0,5,0.10958166666666666
2021-02-19,Consumer,0.09890333333333334,0.1648388888888889,0.6,10.0,5,0.19713504761904763
2021-02-22,Consumer,0.059426,0.0742825,0.8,20.0,5,0.09890333333333334
2021-02-23,Consumer,0.09460428571428572,0.11825535714285715,0.8,14.0,5,0.059426
2021-02-24,Consumer,0.037637500000000004,0.047046875,0.8,11.0,5,0.09460428571428572
2021-02-25,Consumer,0.12287166666666664,0.12287166666666664,1.0,25.0,5,0.037637500000000004
2021-02-26,Consumer,0.1821105,0.1821105,1.0,18.0,5,0.12287166666666664
2021-03-01,Consumer,0.18115833333333337,0.2264479166666667,0.8,17.0,5,0.1821105
2021-03-02,Consumer,0.03705,0.0463125,0.8,10.0,5,0.18115833333333337
2021-03-03,Consumer,0.03581761904761905,0.03581761904761905,1.0,25.0,5,0.03705
2021-03-04,Consumer,-0.08179681818181818,-0.10224602272727272,0.8,22.0,5,0.03581761904761905
2021-03-05,Consumer,0.1252625,0.20877083333333335,0.6,17.0,5,-0.08179681818181818
2021-03-08,Consumer,0.10533833333333334,0.13167291666666667,0.8,23.0,5,0.1252625
2021-03-09,Consumer,0.09810533333333334,0.12263166666666667,0.8,23.0,5,0.10533833333333334
2021-03-10,Consumer,0.15496566233766235,0.15496566233766235,1.0,25.0,5,0.09810533333333334
2021-03-11,Consumer,0.08439571428571428,0.08439571428571428,1.0,23.0,5,0.15496566233766235
2021-03-12,Consumer,0.15496285714285712,0.15496285714285712,1.0,18.0,5,0.08439571428571428
2021-03-15,Consumer,0.2340242857142857,0.2340242857142857,1.0,35.0,5,0.15496285714285712
2021-03-16,Consumer,0.22946450000000002,0.22946450000000002,1.0,22.0,5,0.2340242857142857
2021-03-17,Consumer,0.09070249999999999,0.09070249999999999,1.0,17.0,5,0.22946450000000002
2021-03-18,Consumer,0.16298266666666666,0.16298266666666666,1.0,20.0,5,0.09070249999999999
2021-03-19,Consumer,0.05637238095238095,0.05637238095238095,1.0,25.0,5,0.16298266666666666
2021-03-22,Consumer,0.087212,0.087212,1.0,17.0,5,0.05637238095238095
2021-03-23,Consumer,0.163071,0.271785,0.6,10.0,5,0.087212
2021-03-24,Consumer,0.17302515151515152,0.2162814393939394,0.8,24.0,5,0.163071
2021-03-25,Consumer,0.0841157142857143,0.0841157142857143,1.0,32.0,5,0.17302515151515152
2021-03-26,Consumer,-0.025307380952380953,-0.03163422619047619,0.8,26.0,5,0.0841157142857143
2021-03-29,Consumer,0.2614518831168831,0.2614518831168831,1.0,31.0,5,-0.025307380952380953
2021-03-30,Consumer,0.105048,0.105048,1.0,15.0,5,0.2614518831168831
2021-03-31,Consumer,0.125685,0.125685,1.0,13.0,5,0.105048
2021-04-01,Consumer,0.023636666666666667,0.023636666666666667,1.0,15.0,5,0.125685
2021-04-05,Consumer,0.14930333333333334,0.14930333333333334,1.0,27.0,5,0.023636666666666667
2021-04-06,Consumer,0.126614,0.1582675,0.8,23.0,5,0.14930333333333334
2021-04-07,Consumer,-0.07609066666666667,-0.07609066666666667,1.0,12.0,5,0.126614
2021-04-08,Consumer,0.29276928571428573,0.29276928571428573,1.0,22.0,5,-0.07609066666666667
2021-04-09,Consumer,0.14809714285714284,0.18512142857142855,0.8,14.0,5,0.29276928571428573
2021-04-12,Consumer,0.17996428571428572,0.17996428571428572,1.0,22.0,5,0.14809714285714284
2021-04-13,Consumer,0.14032833333333333,0.14032833333333333,1.0,16.0,5,0.17996428571428572
2021-04-14,Consumer,-0.008063333333333329,-0.008063333333333329,1.0,21.0,5,0.14032833333333333
2021-04-15,Consumer,-0.013320571428571432,-0.01665071428571429,0.8,17.0,5,-0.008063333333333329
2021-04-16,Consumer,0.1554375,0.194296875,0.8,20.0,5,-0.013320571428571432
2021-04-19,Consumer,0.07712101307189542,0.07712101307189542,1.0,40.0,5,0.1554375
2021-04-20,Consumer,0.032544523809523815,0.032544523809523815,1.0,26.0,5,0.07712101307189542
2021-04-21,Consumer,0.08473666666666667,0.08473666666666667,1.0,11.0,5,0.032544523809523815
2021-04-22,Consumer,0.19145833333333334,0.23932291666666666,0.8,15.0,5,0.08473666666666667
2021-04-23,Consumer,0.11434333333333332,0.11434333333333332,1.0,22.0,5,0.19145833333333334
2021-04-26,Consumer,0.15691549019607842,0.15691549019607842,1.0,31.0,5,0.11434333333333332
2021-04-27,Consumer,0.03400485714285714,0.04250607142857143,0.8,22.0,5,0.15691549019607842
2021-04-28,Consumer,0.1647015,0.1647015,1.0,18.0,5,0.03400485714285714
2021-04-29,Consumer,0.09748466666666666,0.12185583333333333,0.8,13.0,5,0.1647015
2021-04-30,Consumer,0.08240666666666666,0.10300833333333333,0.8,23.0,5,0.09748466666666666
2021-05-03,Consumer,0.08281295238095239,0.08281295238095239,1.0,19.0,5,0.08240666666666666
2021-05-04,Consumer,0.12166183333333333,0.15207729166666667,0.8,18.0,5,0.08281295238095239
2021-05-05,Consumer,0.029199999999999997,0.048666666666666664,0.6,18.0,5,0.12166183333333333
2021-05-06,Consumer,0.13727833333333334,0.13727833333333334,1.0,20.0,5,0.029199999999999997
2021-05-07,Consumer,-0.06119,-0.10198333333333333,0.6,9.0,5,0.13727833333333334
2021-05-10,Consumer,0.0988,0.0988,1.0,16.0,5,-0.06119
2021-05-11,Consumer,0.03266299999999999,0.03266299999999999,1.0,17.0,5,0.0988
2021-05-12,Consumer,0.009050000000000002,0.011312500000000003,0.8,11.0,5,0.03266299999999999
2021-05-13,Consumer,0.23203800000000002,0.38673,0.6,16.0,5,0.009050000000000002
2021-05-14,Consumer,-0.023962862318840573,-0.029953577898550715,0.8,36.0,5,0.23203800000000002
2021-05-17,Consumer,0.030150030959752327,0.03768753869969041,0.8,39.0,5,-0.023962862318840573
2021-05-18,Consumer,0.11633107142857144,0.1454138392857143,0.8,39.0,5,0.030150030959752327
2021-05-19,Consumer,0.06391200000000001,0.06391200000000001,1.0,23.0,5,0.11633107142857144
2021-05-20,Consumer,0.21369333333333335,0.21369333333333335,1.0,22.0,5,0.06391200000000001
2021-05-21,Consumer,0.09479619047619046,0.11849523809523808,0.8,15.0,5,0.21369333333333335
2021-05-24,Consumer,0.1670268888888889,0.1670268888888889,1.0,32.0,5,0.09479619047619046
2021-05-25,Consumer,0.1364838888888889,0.17060486111111112,0.8,15.0,5,0.1670268888888889
2021-05-26,Consumer,0.07906878787878788,0.09883598484848485,0.8,21.0,5,0.1364838888888889
2021-05-27,Consumer,0.22668249999999998,0.22668249999999998,1.0,20.0,5,0.07906878787878788
2021-05-28,Consumer,0.34120666666666666,0.34120666666666666,1.0,11.0,5,0.22668249999999998
2021-06-01,Consumer,0.2531896153846154,0.2531896153846154,1.0,27.0,5,0.34120666666666666
2021-06-02,Consumer,0.15471809523809527,0.15471809523809527,1.0,15.0,5,0.2531896153846154
2021-06-03,Consumer,0.24453,0.24453,1.0,12.0,5,0.15471809523809527
2021-06-04,Consumer,0.11211533333333334,0.11211533333333334,1.0,18.0,5,0.24453
2021-06-07,Consumer,0.08687416666666667,0.08687416666666667,1.0,24.0,5,0.11211533333333334
2021-06-08,Consumer,0.05634866666666667,0.07043583333333334,0.8,17.0,5,0.08687416666666667
2021-06-09,Consumer,0.07265999999999999,0.12109999999999999,0.6,9.0,5,0.05634866666666667
2021-06-10,Consumer,0.0615895,0.0615895,1.0,20.0,5,0.07265999999999999
2021-06-11,Consumer,0.026685000000000004,0.026685000000000004,1.0,13.0,5,0.0615895
2021-06-14,Consumer,0.15620126984126986,0.15620126984126986,1.0,21.0,5,0.026685000000000004
2021-06-15,Consumer,0.19162466666666664,0.2395308333333333,0.8,12.0,5,0.15620126984126986
2021-06-16,Consumer,0.09042457142857144,0.09042457142857144,1.0,20.0,5,0.19162466666666664
2021-06-17,Consumer,0.07094500000000001,0.11824166666666668,0.6,10.0,5,0.09042457142857144
2021-06-18,Consumer,0.26881499999999997,0.26881499999999997,1.0,15.0,5,0.07094500000000001
2021-06-21,Consumer,0.030614325396825393,0.030614325396825393,1.0,35.0,5,0.26881499999999997
2021-06-22,Consumer,-0.002868999999999999,-0.002868999999999999,1.0,13.0,5,0.030614325396825393
2021-06-23,Consumer,0.13532316666666666,0.13532316666666666,1.0,20.0,5,-0.002868999999999999
2021-06-24,Consumer,0.18389250000000001,0.18389250000000001,1.0,24.0,5,0.13532316666666666
2021-06-25,Consumer,0.09965716666666667,0.09965716666666667,1.0,33.0,5,0.18389250000000001
2021-06-28,Consumer,0.08975714285714284,0.08975714285714284,1.0,27.0,5,0.09965716666666667
2021-06-29,Consumer,-0.024838571428571425,-0.024838571428571425,1.0,13.0,5,0.08975714285714284
2021-06-30,Consumer,-0.027970238095238083,-0.027970238095238083,1.0,20.0,5,-0.024838571428571425
2021-07-01,Consumer,0.12282000000000001,0.12282000000000001,1.0,13.0,5,-0.027970238095238083
2021-07-02,Consumer,0.18076,0.22595,0.8,9.0,5,0.12282000000000001
2021-07-06,Consumer,0.12166666666666666,0.12166666666666666,1.0,19.0,5,0.18076
2021-07-07,Consumer,0.1907725,0.1907725,1.0,16.0,5,0.12166666666666666
2021-07-08,Consumer,0.0016099999999999893,0.0016099999999999893,1.0,7.0,5,0.1907725
2021-07-09,Consumer,0.09102000000000002,0.09102000000000002,1.0,14.0,5,0.0016099999999999893
2021-07-12,Consumer,0.10739333333333334,0.10739333333333334,1.0,19.0,5,0.09102000000000002
2021-07-13,Consumer,0.19811416666666665,0.19811416666666665,1.0,18.0,5,0.10739333333333334
2021-07-14,Consumer,0.132909,0.132909,1.0,14.0,5,0.19811416666666665
2021-07-15,Consumer,0.04116083333333333,0.04116083333333333,1.0,21.0,5,0.132909
2021-07-16,Consumer,0.09246333333333334,0.15410555555555558,0.6,15.0,5,0.04116083333333333
2021-07-19,Consumer,0.020652727272727267,0.020652727272727267,1.0,32.0,5,0.09246333333333334
2021-07-20,Consumer,0.11416400000000002,0.14270500000000003,0.8,12.0,5,0.020652727272727267
2021-07-21,Consumer,0.10402625000000001,0.10402625000000001,1.0,22.0,5,0.11416400000000002
2021-07-22,Consumer,0.06784400000000002,0.08480500000000002,0.8,18.0,5,0.10402625000000001
2021-07-23,Consumer,0.11201699999999999,0.14002124999999999,0.8,13.0,5,0.06784400000000002
2021-07-26,Consumer,0.06868300000000001,0.08585375,0.8,21.0,5,0.11201699999999999
2021-07-27,Consumer,0.11734333333333333,0.14667916666666667,0.8,21.0,5,0.06868300000000001
2021-07-28,Consumer,0.16672666666666666,0.20840833333333333,0.8,21.0,5,0.11734333333333333
2021-07-29,Consumer,0.2069392380952381,0.2069392380952381,1.0,25.0,5,0.16672666666666666
2021-07-30,Consumer,0.041459523809523814,0.041459523809523814,1.0,19.0,5,0.2069392380952381
2021-08-02,Consumer,0.21767757575757574,0.27209696969696967,0.8,17.0,5,0.041459523809523814
2021-08-03,Consumer,0.09610571428571428,0.12013214285714285,0.8,17.0,5,0.21767757575757574
2021-08-04,Consumer,0.03111,0.0388875,0.8,14.0,5,0.09610571428571428
2021-08-05,Consumer,0.27296,0.27296,1.0,13.0,5,0.03111
2021-08-06,Consumer,0.11432000000000002,0.14290000000000003,0.8,12.0,5,0.27296
2021-08-09,Consumer,0.12404181818181818,0.12404181818181818,1.0,23.0,5,0.11432000000000002
2021-08-10,Consumer,0.03614,0.045175,0.8,13.0,5,0.12404181818181818
2021-08-11,Consumer,0.04983,0.062287499999999996,0.8,10.0,5,0.03614
2021-08-12,Consumer,0.11357583333333332,0.11357583333333332,1.0,28.0,5,0.04983
2021-08-13,Consumer,0.3145711842105263,0.3145711842105263,1.0,35.0,5,0.11357583333333332
2021-08-16,Consumer,0.06668973684210526,0.06668973684210526,1.0,39.0,5,0.3145711842105263
2021-08-17,Consumer,0.06993644444444444,0.11656074074074074,0.6,32.0,5,0.06668973684210526
2021-08-18,Consumer,0.0843995,0.105499375,0.8,17.0,5,0.06993644444444444
2021-08-19,Consumer,0.10183666666666666,0.16972777777777778,0.6,11.0,5,0.0843995
2021-08-20,Consumer,0.140588,0.175735,0.8,13.0,5,0.10183666666666666
2021-08-23,Consumer,0.031409285714285716,0.031409285714285716,1.0,24.0,5,0.140588
2021-08-24,Consumer,0.019065714285714287,0.023832142857142857,0.8,13.0,5,0.031409285714285716
2021-08-25,Consumer,0.16428366666666666,0.2053545833333333,0.8,22.0,5,0.019065714285714287
2021-08-26,Consumer,0.12436050000000001,0.12436050000000001,1.0,19.0,5,0.16428366666666666
2021-08-27,Consumer,0.05819272727272727,0.09698787878787879,0.6,15.0,5,0.12436050000000001
2021-08-30,Consumer,0.15870595238095236,0.15870595238095236,1.0,21.0,5,0.05819272727272727
2021-08-31,Consumer,0.06124047619047619,0.06124047619047619,1.0,21.0,5,0.15870595238095236
2021-09-01,Consumer,0.24788095238095242,0.24788095238095242,1.0,16.0,5,0.06124047619047619
2021-09-02,Consumer,-0.011259333333333338,-0.014074166666666672,0.8,14.0,5,0.24788095238095242
2021-09-03,Consumer,0.22876666666666665,0.2859583333333333,0.8,15.0,5,-0.011259333333333338
2021-09-07,Consumer,0.18685000000000002,0.18685000000000002,1.0,26.0,5,0.22876666666666665
2021-09-08,Consumer,0.103635,0.103635,1.0,22.0,5,0.18685000000000002
2021-09-09,Consumer,0.06483666666666667,0.06483666666666667,1.0,17.0,5,0.103635
2021-09-10,Consumer,0.15092200000000003,0.18865250000000003,0.8,17.0,5,0.06483666666666667
2021-09-13,Consumer,0.1336848051948052,0.1336848051948052,1.0,27.0,5,0.15092200000000003
2021-09-14,Consumer,0.15592833333333334,0.15592833333333334,1.0,17.0,5,0.1336848051948052
2021-09-15,Consumer,0.02382,0.02382,1.0,25.0,5,0.15592833333333334
2021-09-16,Consumer,-0.022214,-0.022214,1.0,15.0,5,0.02382
2021-09-17,Consumer,0.20521333333333333,0.25651666666666667,0.8,14.0,5,-0.022214
2021-09-20,Consumer,0.1654626153846154,0.1654626153846154,1.0,33.0,5,0.20521333333333333
2021-09-21,Consumer,0.11219888888888889,0.11219888888888889,1.0,25.0,5,0.1654626153846154
2021-09-22,Consumer,0.24298333333333333,0.24298333333333333,1.0,15.0,5,0.11219888888888889
2021-09-23,Consumer,0.2265595238095238,0.2265595238095238,1.0,25.0,5,0.24298333333333333
2021-09-24,Consumer,0.026449249999999997,0.033061562499999995,0.8,30.0,5,0.2265595238095238
2021-09-27,Consumer,0.1272409523809524,0.1272409523809524,1.0,33.0,5,0.026449249999999997
2021-09-28,Consumer,0.10505333333333333,0.10505333333333333,1.0,16.0,5,0.1272409523809524
2021-09-29,Consumer,0.18826900000000002,0.23533625000000002,0.8,11.0,5,0.10505333333333333
2021-09-30,Consumer,0.08550666666666666,0.08550666666666666,1.0,18.0,5,0.18826900000000002
2021-10-01,Consumer,0.1485024761904762,0.18562809523809526,0.8,16.0,5,0.08550666666666666
2021-10-04,Consumer,0.1902194761904762,0.1902194761904762,1.0,28.0,5,0.1485024761904762
2021-10-05,Consumer,-0.021574666666666666,-0.021574666666666666,1.0,14.0,5,0.1902194761904762
2021-10-06,Consumer,0.166974,0.166974,1.0,27.0,5,-0.021574666666666666
2021-10-07,Consumer,0.021430000000000005,0.026787500000000006,0.8,8.0,5,0.166974
2021-10-08,Consumer,0.07654999999999998,0.09568749999999998,0.8,13.0,5,0.021430000000000005
2021-10-11,Consumer,0.10502971861471862,0.10502971861471862,1.0,27.0,5,0.07654999999999998
2021-10-12,Consumer,0.18222149999999998,0.227776875,0.8,15.0,5,0.10502971861471862
2021-10-13,Consumer,0.06412200000000001,0.08015250000000002,0.8,13.0,5,0.18222149999999998
2021-10-14,Consumer,0.20767023809523807,0.2595877976190476,0.8,16.0,5,0.06412200000000001
2021-10-15,Consumer,0.26034666666666667,0.43391111111111114,0.6,6.0,5,0.20767023809523807
2021-10-18,Consumer,0.06171984848484848,0.0771498106060606,0.8,30.0,5,0.26034666666666667
2021-10-19,Consumer,0.035437916666666666,0.044297395833333336,0.8,29.0,5,0.06171984848484848
2021-10-20,Consumer,0.18306,0.228825,0.8,8.0,5,0.035437916666666666
2021-10-21,Consumer,-0.004502999999999996,-0.004502999999999996,1.0,29.0,5,0.18306
2021-10-22,Consumer,0.12199333333333333,0.12199333333333333,1.0,15.0,5,-0.004502999999999996
2021-10-25,Consumer,0.11121433333333333,0.11121433333333333,1.0,23.0,5,0.12199333333333333
2021-10-26,Consumer,0.023364000000000003,0.023364000000000003,1.0,17.0,5,0.11121433333333333
2021-10-27,Consumer,0.21217083333333334,0.21217083333333334,1.0,16.0,5,0.023364000000000003
2021-10-28,Consumer,0.012248333333333328,0.01531041666666666,0.8,19.0,5,0.21217083333333334
2021-10-29,Consumer,0.0688025,0.086003125,0.8,28.0,5,0.012248333333333328
2021-11-01,Consumer,0.10802833333333332,0.10802833333333332,1.0,17.0,5,0.0688025
2021-11-02,Consumer,0.193616,0.193616,1.0,24.0,5,0.10802833333333332
2021-11-03,Consumer,0.17677380952380953,0.17677380952380953,1.0,20.0,5,0.193616
2021-11-04,Consumer,0.10844666666666666,0.10844666666666666,1.0,11.0,5,0.17677380952380953
2021-11-05,Consumer,0.27509,0.27509,1.0,13.0,5,0.10844666666666666
2021-11-08,Consumer,0.11407566666666666,0.11407566666666666,1.0,20.0,5,0.27509
2021-11-09,Consumer,0.10218,0.127725,0.8,9.0,5,0.11407566666666666
2021-11-10,Consumer,0.13106410256410256,0.13106410256410256,1.0,26.0,5,0.10218
2021-11-11,Consumer,0.030333600000000006,0.030333600000000006,1.0,35.0,5,0.13106410256410256
2021-11-12,Consumer,-0.015451428571428578,-0.015451428571428578,1.0,17.0,5,0.030333600000000006
2021-11-15,Consumer,-0.013732807017543851,-0.013732807017543851,1.0,32.0,5,-0.015451428571428578
2021-11-16,Consumer,0.11924076086956521,0.1490509510869565,0.8,34.0,5,-0.013732807017543851
2021-11-17,Consumer,0.2955470476190476,0.2955470476190476,1.0,30.0,5,0.11924076086956521
2021-11-18,Consumer,0.13912428571428567,0.13912428571428567,1.0,29.0,5,0.2955470476190476
2021-11-19,Consumer,0.09323133333333333,0.09323133333333333,1.0,21.0,5,0.13912428571428567
2021-11-22,Consumer,0.11859752380952379,0.11859752380952379,1.0,26.0,5,0.09323133333333333
2021-11-23,Consumer,0.12491166666666667,0.15613958333333333,0.8,13.0,5,0.11859752380952379
2021-11-24,Consumer,0.05358666666666666,0.06698333333333333,0.8,9.0,5,0.12491166666666667
2021-11-26,Consumer,0.27336733333333335,0.27336733333333335,1.0,18.0,5,0.05358666666666666
2021-11-29,Consumer,0.04122575757575757,0.04122575757575757,1.0,23.0,5,0.27336733333333335
2021-11-30,Consumer,0.19058066666666668,0.23822583333333336,0.8,17.0,5,0.04122575757575757
2021-12-01,Consumer,-0.080848,-0.080848,1.0,21.0,5,0.19058066666666668
2021-12-02,Consumer,0.20409928571428573,0.25512410714285716,0.8,17.0,5,-0.080848
2021-12-03,Consumer,0.24412514285714285,0.30515642857142855,0.8,16.0,5,0.20409928571428573
2021-12-06,Consumer,0.07901809523809525,0.07901809523809525,1.0,27.0,5,0.24412514285714285
2021-12-07,Consumer,-0.027633333333333343,-0.027633333333333343,1.0,14.0,5,0.07901809523809525
2021-12-08,Consumer,0.05685333333333333,0.07106666666666667,0.8,14.0,5,-0.027633333333333343
2021-12-09,Consumer,0.13745500000000002,0.13745500000000002,1.0,20.0,5,0.05685333333333333
2021-12-10,Consumer,0.09339,0.1167375,0.8,8.0,5,0.13745500000000002
2021-12-13,Consumer,0.05103,0.05103,1.0,21.0,5,0.09339
2021-12-14,Consumer,0.10391733333333333,0.10391733333333333,1.0,20.0,5,0.05103
2021-12-15,Consumer,0.30734500000000003,0.30734500000000003,1.0,18.0,5,0.10391733333333333
2021-12-16,Consumer,0.24237000000000003,0.3029625,0.8,10.0,5,0.30734500000000003
2021-12-17,Consumer,0.10430390476190476,0.10430390476190476,1.0,29.0,5,0.24237000000000003
2021-12-20,Consumer,0.14251429864253395,0.14251429864253395,1.0,38.0,5,0.10430390476190476
2021-12-21,Consumer,0.07932982456140351,0.0991622807017544,0.8,31.0,5,0.14251429864253395
2021-12-22,Consumer,0.016043333333333347,0.020054166666666682,0.8,14.0,5,0.07932982456140351
2021-12-23,Consumer,0.07442249999999999,0.07442249999999999,1.0,16.0,5,0.016043333333333347
2021-12-27,Consumer,0.060158333333333314,0.060158333333333314,1.0,24.0,5,0.07442249999999999
2021-12-28,Consumer,0.086561,0.10820125,0.8,18.0,5,0.060158333333333314
2021-12-29,Consumer,0.07671666666666668,0.09589583333333335,0.8,15.0,5,0.086561
2021-12-30,Consumer,0.08424999999999999,0.08424999999999999,1.0,19.0,5,0.07671666666666668
2021-12-31,Consumer,0.07964333333333333,0.07964333333333333,1.0,12.0,5,0.08424999999999999
2022-01-03,Consumer,0.0528665,0.0528665,1.0,22.0,5,0.07964333333333333
2022-01-04,Consumer,0.020095,0.03349166666666666,0.6,7.0,5,0.0528665
2022-01-05,Consumer,0.053690555555555575,0.053690555555555575,1.0,22.0,5,0.020095
2022-01-06,Consumer,0.15405466666666667,0.15405466666666667,1.0,17.0,5,0.053690555555555575
2022-01-07,Consumer,0.007654999999999995,0.007654999999999995,1.0,18.0,5,0.15405466666666667
2022-01-10,Consumer,0.08441433333333333,0.08441433333333333,1.0,25.0,5,0.007654999999999995
2022-01-11,Consumer,0.13477333333333336,0.13477333333333336,1.0,9.0,5,0.08441433333333333
2022-01-12,Consumer,0.11597333333333334,0.11597333333333334,1.0,20.0,5,0.13477333333333336
2022-01-13,Consumer,0.255645,0.255645,1.0,12.0,5,0.11597333333333334
2022-01-14,Consumer,0.006237499999999998,0.006237499999999998,1.0,24.0,5,0.255645
2022-01-18,Consumer,0.032895820512820514,0.032895820512820514,1.0,39.0,5,0.006237499999999998
2022-01-19,Consumer,0.064398,0.064398,1.0,24.0,5,0.032895820512820514
2022-01-20,Consumer,0.10373746031746031,0.10373746031746031,1.0,27.0,5,0.064398
2022-01-21,Consumer,0.17377156862745097,0.17377156862745097,1.0,32.0,5,0.10373746031746031
2022-01-24,Consumer,0.128442,0.128442,1.0,30.0,5,0.17377156862745097
2022-01-25,Consumer,0.08263966666666667,0.08263966666666667,1.0,20.0,5,0.128442
2022-01-26,Consumer,0.11051176470588235,0.11051176470588235,1.0,26.0,5,0.08263966666666667
2022-01-27,Consumer,0.01929738095238095,0.01929738095238095,1.0,18.0,5,0.11051176470588235
2022-01-28,Consumer,0.0004079999999999995,0.0005099999999999994,0.8,10.0,5,0.01929738095238095
2022-01-31,Consumer,0.13369066666666668,0.13369066666666668,1.0,31.0,5,0.0004079999999999995
2022-02-01,Consumer,-0.07589166666666666,-0.07589166666666666,1.0,31.0,5,0.13369066666666668
2022-02-02,Consumer,-0.054716666666666657,-0.054716666666666657,1.0,18.0,5,-0.07589166666666666
2022-02-03,Consumer,0.2271516666666667,0.2271516666666667,1.0,11.0,5,-0.054716666666666657
2022-02-04,Consumer,0.08700666666666666,0.08700666666666666,1.0,15.0,5,0.2271516666666667
2022-02-07,Consumer,0.10649736363636364,0.10649736363636364,1.0,43.0,5,0.08700666666666666
2022-02-08,Consumer,0.16807369696969698,0.16807369696969698,1.0,31.0,5,0.10649736363636364
2022-02-09,Consumer,0.07450680952380953,0.07450680952380953,1.0,34.0,5,0.16807369696969698
2022-02-10,Consumer,0.16207722360248447,0.16207722360248447,1.0,49.0,5,0.07450680952380953
2022-02-11,Consumer,-0.003964999999999998,-0.003964999999999998,1.0,28.0,5,0.16207722360248447
2022-02-14,Consumer,0.11725400793650795,0.11725400793650795,1.0,49.0,5,-0.003964999999999998
2022-02-15,Consumer,0.20528138888888892,0.20528138888888892,1.0,22.0,5,0.11725400793650795
2022-02-16,Consumer,0.16758466666666666,0.16758466666666666,1.0,24.0,5,0.20528138888888892
2022-02-17,Consumer,0.04812688405797101,0.04812688405797101,1.0,37.0,5,0.16758466666666666
2022-02-18,Consumer,0.02026083333333334,0.02026083333333334,1.0,21.0,5,0.04812688405797101
2022-02-22,Consumer,0.09689280952380953,0.09689280952380953,1.0,26.0,5,0.02026083333333334
2022-02-23,Consumer,-0.010833333333333316,-0.010833333333333316,1.0,11.0,5,0.09689280952380953
2022-02-24,Consumer,0.022710000000000008,0.022710000000000008,1.0,23.0,5,-0.010833333333333316
2022-02-25,Consumer,0.09116333333333333,0.09116333333333333,1.0,14.0,5,0.022710000000000008
2022-02-28,Consumer,0.18869734065934066,0.18869734065934066,1.0,34.0,5,0.09116333333333333
2022-03-01,Consumer,0.03670595238095238,0.03670595238095238,1.0,22.0,5,0.18869734065934066
2022-03-02,Consumer,0.1420520634920635,0.1420520634920635,1.0,22.0,5,0.03670595238095238
2022-03-03,Consumer,0.08503171428571428,0.08503171428571428,1.0,17.0,5,0.1420520634920635
2022-03-04,Consumer,0.07359085714285715,0.07359085714285715,1.0,26.0,5,0.08503171428571428
2022-03-07,Consumer,0.11972452380952381,0.11972452380952381,1.0,24.0,5,0.07359085714285715
2022-03-08,Consumer,0.17687952380952382,0.17687952380952382,1.0,20.0,5,0.11972452380952381
2022-03-09,Consumer,0.04164821428571429,0.04164821428571429,1.0,32.0,5,0.17687952380952382
2022-03-10,Consumer,0.07316199999999999,0.07316199999999999,1.0,21.0,5,0.04164821428571429
2022-03-11,Consumer,0.07675266666666666,0.07675266666666666,1.0,23.0,5,0.07316199999999999
2022-03-14,Consumer,0.060792857142857135,0.060792857142857135,1.0,28.0,5,0.07675266666666666
2022-03-15,Consumer,0.14180444444444446,0.14180444444444446,1.0,28.0,5,0.060792857142857135
2022-03-16,Consumer,0.08664166666666666,0.08664166666666666,1.0,25.0,5,0.14180444444444446
2022-03-17,Consumer,0.01987111111111112,0.01987111111111112,1.0,25.0,5,0.08664166666666666
2022-03-18,Consumer,0.11450876190476192,0.11450876190476192,1.0,19.0,5,0.01987111111111112
2022-03-21,Consumer,0.32043066666666664,0.32043066666666664,1.0,36.0,5,0.11450876190476192
2022-03-22,Consumer,0.12839666666666666,0.16049583333333334,0.8,25.0,5,0.32043066666666664
2022-03-23,Consumer,0.10520749999999998,0.13150937499999998,0.8,15.0,5,0.12839666666666666
2022-03-24,Consumer,-0.04295523809523809,-0.04295523809523809,1.0,21.0,5,0.10520749999999998
2022-03-25,Consumer,0.11713083333333332,0.11713083333333332,1.0,22.0,5,-0.04295523809523809
2022-03-28,Consumer,0.1520642261904762,0.1520642261904762,1.0,37.0,5,0.11713083333333332
2022-03-29,Consumer,0.12674083333333336,0.12674083333333336,1.0,24.0,5,0.1520642261904762
2022-03-30,Consumer,0.11848380952380952,0.1481047619047619,0.8,12.0,5,0.12674083333333336
2022-03-31,Consumer,0.051818333333333334,0.051818333333333334,1.0,26.0,5,0.11848380952380952
2022-04-01,Consumer,0.018912761904761904,0.02364095238095238,0.8,23.0,5,0.051818333333333334
2022-04-04,Consumer,0.09617939075630252,0.09617939075630252,1.0,39.0,5,0.018912761904761904
2022-04-05,Consumer,0.08657761904761904,0.08657761904761904,1.0,17.0,5,0.09617939075630252
2022-04-06,Consumer,0.08205333333333334,0.08205333333333334,1.0,15.0,5,0.08657761904761904
2022-04-07,Consumer,0.014387444444444444,0.014387444444444444,1.0,29.0,5,0.08205333333333334
2022-04-08,Consumer,0.14961166666666664,0.14961166666666664,1.0,17.0,5,0.014387444444444444
2022-04-11,Consumer,0.16113292857142858,0.16113292857142858,1.0,33.0,5,0.14961166666666664
2022-04-12,Consumer,0.054097142857142864,0.09016190476190478,0.6,13.0,5,0.16113292857142858
2022-04-13,Consumer,0.012541999999999998,0.012541999999999998,1.0,16.0,5,0.054097142857142864
2022-04-14,Consumer,0.10697214285714285,0.10697214285714285,1.0,21.0,5,0.012541999999999998
2022-04-18,Consumer,0.180084,0.180084,1.0,30.0,5,0.10697214285714285
2022-04-19,Consumer,0.11881254761904761,0.11881254761904761,1.0,25.0,5,0.180084
2022-04-20,Consumer,0.002655333333333345,0.002655333333333345,1.0,28.0,5,0.11881254761904761
2022-04-21,Consumer,0.14994066666666667,0.14994066666666667,1.0,25.0,5,0.002655333333333345
2022-04-22,Consumer,0.15205190476190475,0.15205190476190475,1.0,24.0,5,0.14994066666666667
2022-04-25,Consumer,0.07889566666666667,0.07889566666666667,1.0,58.0,5,0.15205190476190475
2022-04-26,Consumer,0.07064,0.07064,1.0,17.0,5,0.07889566666666667
2022-04-27,Consumer,0.05156588888888889,0.05156588888888889,1.0,28.0,5,0.07064
2022-04-28,Consumer,0.17852833333333334,0.17852833333333334,1.0,13.0,5,0.05156588888888889
2022-04-29,Consumer,0.08041375324675325,0.08041375324675325,1.0,32.0,5,0.17852833333333334
2022-05-02,Consumer,0.11714738095238095,0.11714738095238095,1.0,25.0,5,0.08041375324675325
2022-05-03,Consumer,0.138624,0.138624,1.0,25.0,5,0.11714738095238095
2022-05-04,Consumer,0.07529884057971015,0.07529884057971015,1.0,31.0,5,0.138624
2022-05-05,Consumer,-0.09383695238095235,-0.09383695238095235,1.0,21.0,5,0.07529884057971015
2022-05-06,Consumer,0.035270571428571436,0.035270571428571436,1.0,30.0,5,-0.09383695238095235
2022-05-09,Consumer,0.12882402597402598,0.12882402597402598,1.0,29.0,5,0.035270571428571436
2022-05-10,Consumer,0.10726722222222222,0.10726722222222222,1.0,24.0,5,0.12882402597402598
2022-05-11,Consumer,-0.006159999999999999,-0.006159999999999999,1.0,26.0,5,0.10726722222222222
2022-05-12,Consumer,0.055566568627451,0.055566568627451,1.0,33.0,5,-0.006159999999999999
2022-05-13,Consumer,0.05834904761904762,0.05834904761904762,1.0,22.0,5,0.055566568627451
2022-05-16,Consumer,0.014043583333333335,0.014043583333333335,1.0,60.0,5,0.05834904761904762
2022-05-17,Consumer,0.07641078431372549,0.09551348039215686,0.8,47.0,5,0.014043583333333335
2022-05-18,Consumer,0.011993709677419358,0.011993709677419358,1.0,41.0,5,0.07641078431372549
2022-05-19,Consumer,0.15146,0.15146,1.0,39.0,5,0.011993709677419358
2022-05-20,Consumer,0.13996524844720498,0.13996524844720498,1.0,43.0,5,0.15146
2022-05-23,Consumer,0.0665128354037267,0.0665128354037267,1.0,45.0,5,0.13996524844720498
2022-05-24,Consumer,0.19893866666666668,0.19893866666666668,1.0,28.0,5,0.0665128354037267
2022-05-25,Consumer,0.023675047619047616,0.023675047619047616,1.0,28.0,5,0.19893866666666668
2022-05-26,Consumer,0.09341200000000002,0.09341200000000002,1.0,28.0,5,0.023675047619047616
2022-05-27,Consumer,0.11223100000000001,0.11223100000000001,1.0,17.0,5,0.09341200000000002
2022-05-31,Consumer,0.11048777777777778,0.11048777777777778,1.0,26.0,5,0.11223100000000001
2022-06-01,Consumer,-0.05751166666666667,-0.05751166666666667,1.0,28.0,5,0.11048777777777778
2022-06-02,Consumer,0.18425566666666668,0.18425566666666668,1.0,16.0,5,-0.05751166666666667
2022-06-03,Consumer,0.02904166666666667,0.03630208333333334,0.8,14.0,5,0.18425566666666668
2022-06-06,Consumer,0.09200866666666667,0.11501083333333334,0.8,36.0,5,0.02904166666666667
2022-06-07,Consumer,0.17995916666666667,0.17995916666666667,1.0,30.0,5,0.09200866666666667
2022-06-08,Consumer,0.14513714285714285,0.18142142857142857,0.8,18.0,5,0.17995916666666667
2022-06-09,Consumer,0.004124714285714287,0.004124714285714287,1.0,23.0,5,0.14513714285714285
2022-06-10,Consumer,0.07040472727272727,0.07040472727272727,1.0,24.0,5,0.004124714285714287
2022-06-13,Consumer,0.11722030303030304,0.11722030303030304,1.0,42.0,5,0.07040472727272727
2022-06-14,Consumer,0.07506357142857142,0.09382946428571427,0.8,20.0,5,0.11722030303030304
2022-06-15,Consumer,-0.08924000000000001,-0.08924000000000001,1.0,22.0,5,0.07506357142857142
2022-06-16,Consumer,0.08728777777777778,0.08728777777777778,1.0,22.0,5,-0.08924000000000001
2022-06-17,Consumer,0.14481,0.14481,1.0,17.0,5,0.08728777777777778
2022-06-21,Consumer,0.03636007575757576,0.03636007575757576,1.0,48.0,5,0.14481
2022-06-22,Consumer,0.15841818181818182,0.15841818181818182,1.0,23.0,5,0.03636007575757576
2022-06-23,Consumer,0.14914092857142858,0.14914092857142858,1.0,29.0,5,0.15841818181818182
2022-06-24,Consumer,0.034155000000000005,0.034155000000000005,1.0,24.0,5,0.14914092857142858
2022-06-27,Consumer,0.12972247058823527,0.12972247058823527,1.0,51.0,5,0.034155000000000005
2022-06-28,Consumer,0.1342383157894737,0.1342383157894737,1.0,37.0,5,0.12972247058823527
2022-06-29,Consumer,0.02253938528138529,0.02253938528138529,1.0,31.0,5,0.1342383157894737
2022-06-30,Consumer,0.18940798534798536,0.18940798534798536,1.0,30.0,5,0.02253938528138529
2022-07-01,Consumer,0.062128928571428564,0.0776611607142857,0.8,18.0,5,0.18940798534798536
2022-07-05,Consumer,0.1129758547008547,0.1129758547008547,1.0,40.0,5,0.062128928571428564
2022-07-06,Consumer,0.12604466666666667,0.12604466666666667,1.0,23.0,5,0.1129758547008547
2022-07-07,Consumer,0.010063333333333337,0.010063333333333337,1.0,17.0,5,0.12604466666666667
2022-07-08,Consumer,-0.057898000000000005,-0.0723725,0.8,12.0,5,0.010063333333333337
2022-07-11,Consumer,0.074488,0.09311,0.8,27.0,5,-0.057898000000000005
2022-07-12,Consumer,0.1937422077922078,0.1937422077922078,1.0,31.0,5,0.074488
2022-07-13,Consumer,0.16275714285714288,0.16275714285714288,1.0,19.0,5,0.1937422077922078
2022-07-14,Consumer,0.176815,0.176815,1.0,23.0,5,0.16275714285714288
2022-07-15,Consumer,0.06927287878787879,0.06927287878787879,1.0,24.0,5,0.176815
2022-07-18,Consumer,0.15176957142857145,0.15176957142857145,1.0,31.0,5,0.06927287878787879
2022-07-19,Consumer,0.10547685714285712,0.10547685714285712,1.0,24.0,5,0.15176957142857145
2022-07-20,Consumer,0.02151642857142858,0.02151642857142858,1.0,22.0,5,0.10547685714285712
2022-07-21,Consumer,0.07194619047619048,0.07194619047619048,1.0,19.0,5,0.02151642857142858
2022-07-22,Consumer,0.16752261904761903,0.16752261904761903,1.0,22.0,5,0.07194619047619048
2022-07-25,Consumer,0.10576264102564104,0.10576264102564104,1.0,43.0,5,0.16752261904761903
2022-07-26,Consumer,0.04700148405797102,0.04700148405797102,1.0,83.0,5,0.10576264102564104
2022-07-27,Consumer,0.05663901960784314,0.07079877450980393,0.8,30.0,5,0.04700148405797102
2022-07-28,Consumer,0.0454368888888889,0.0454368888888889,1.0,24.0,5,0.05663901960784314
2022-07-29,Consumer,0.13374714285714287,0.13374714285714287,1.0,18.0,5,0.0454368888888889
2022-08-01,Consumer,0.12408014285714286,0.12408014285714286,1.0,36.0,5,0.13374714285714287
2022-08-02,Consumer,0.06362600000000002,0.06362600000000002,1.0,21.0,5,0.12408014285714286
2022-08-03,Consumer,0.07413309523809523,0.09266636904761905,0.8,28.0,5,0.06362600000000002
2022-08-04,Consumer,0.06134833333333334,0.07668541666666667,0.8,18.0,5,0.07413309523809523
2022-08-05,Consumer,0.0006400000000000184,0.0008000000000000229,0.8,10.0,5,0.06134833333333334
2022-08-08,Consumer,0.10694666666666668,0.10694666666666668,1.0,35.0,5,0.0006400000000000184
2022-08-09,Consumer,0.08117031746031744,0.08117031746031744,1.0,21.0,5,0.10694666666666668
2022-08-10,Consumer,0.0914031515151515,0.11425393939393938,0.8,22.0,5,0.08117031746031744
2022-08-11,Consumer,0.06980166666666668,0.06980166666666668,1.0,41.0,5,0.0914031515151515
2022-08-12,Consumer,0.22668885714285714,0.22668885714285714,1.0,20.0,5,0.06980166666666668
2022-08-15,Consumer,0.03857602597402597,0.03857602597402597,1.0,62.0,5,0.22668885714285714
2022-08-16,Consumer,0.11960583333333333,0.11960583333333333,1.0,55.0,5,0.03857602597402597
2022-08-17,Consumer,0.04285618357487922,0.04285618357487922,1.0,42.0,5,0.11960583333333333
2022-08-18,Consumer,0.03643533333333334,0.03643533333333334,1.0,24.0,5,0.04285618357487922
2022-08-19,Consumer,0.03893066666666667,0.03893066666666667,1.0,31.0,5,0.03643533333333334
2022-08-22,Consumer,0.14693133333333336,0.14693133333333336,1.0,29.0,5,0.03893066666666667
2022-08-23,Consumer,0.07946685714285714,0.07946685714285714,1.0,17.0,5,0.14693133333333336
2022-08-24,Consumer,-0.04626866666666666,-0.04626866666666666,1.0,19.0,5,0.07946685714285714
2022-08-25,Consumer,0.150502,0.150502,1.0,13.0,5,-0.04626866666666666
2022-08-26,Consumer,0.0048238095238095245,0.0048238095238095245,1.0,16.0,5,0.150502
2022-08-29,Consumer,0.09779961904761905,0.12224952380952382,0.8,27.0,5,0.0048238095238095245
2022-08-30,Consumer,0.14592999999999998,0.14592999999999998,1.0,20.0,5,0.09779961904761905
2022-08-31,Consumer,0.0524675,0.0524675,1.0,23.0,5,0.14592999999999998
2022-09-01,Consumer,0.168611,0.168611,1.0,18.0,5,0.0524675
2022-09-02,Consumer,0.03937200000000001,0.03937200000000001,1.0,20.0,5,0.168611
2022-09-06,Consumer,0.189934,0.189934,1.0,35.0,5,0.03937200000000001
2022-09-07,Consumer,0.13488232142857143,0.1686029017857143,0.8,31.0,5,0.189934
2022-09-08,Consumer,0.14250999999999997,0.14250999999999997,1.0,18.0,5,0.13488232142857143
2022-09-09,Consumer,0.22024916666666666,0.22024916666666666,1.0,18.0,5,0.14250999999999997
2022-09-12,Consumer,0.18196516666666668,0.18196516666666668,1.0,27.0,5,0.22024916666666666
2022-09-13,Consumer,0.17031666666666667,0.17031666666666667,1.0,19.0,5,0.18196516666666668
2022-09-14,Consumer,0.19535309523809524,0.19535309523809524,1.0,32.0,5,0.17031666666666667
2022-09-15,Consumer,0.05041142857142857,0.06301428571428572,0.8,15.0,5,0.19535309523809524
2022-09-16,Consumer,0.13598533333333335,0.13598533333333335,1.0,12.0,5,0.05041142857142857
2022-09-19,Consumer,0.31008199999999997,0.31008199999999997,1.0,33.0,5,0.13598533333333335
2022-09-20,Consumer,0.027582857142857138,0.027582857142857138,1.0,19.0,5,0.31008199999999997
2022-09-21,Consumer,0.11222222222222222,0.14027777777777778,0.8,16.0,5,0.027582857142857138
2022-09-22,Consumer,0.19959314285714286,0.19959314285714286,1.0,25.0,5,0.11222222222222222
2022-09-23,Consumer,-0.02308866666666667,-0.02308866666666667,1.0,19.0,5,0.19959314285714286
2022-09-26,Consumer,0.20577261904761907,0.20577261904761907,1.0,27.0,5,-0.02308866666666667
2022-09-27,Consumer,0.018224999999999998,0.018224999999999998,1.0,12.0,5,0.20577261904761907
2022-09-28,Consumer,0.060516190476190466,0.060516190476190466,1.0,21.0,5,0.018224999999999998
2022-09-29,Consumer,0.12367428571428571,0.12367428571428571,1.0,36.0,5,0.060516190476190466
2022-09-30,Consumer,0.2015137878787879,0.2015137878787879,1.0,37.0,5,0.12367428571428571
2022-10-03,Consumer,0.12900590476190477,0.12900590476190477,1.0,30.0,5,0.2015137878787879
2022-10-04,Consumer,-0.011166666666666658,-0.011166666666666658,1.0,15.0,5,0.12900590476190477
2022-10-05,Consumer,0.05573066666666667,0.05573066666666667,1.0,16.0,5,-0.011166666666666658
2022-10-06,Consumer,0.17788555555555557,0.17788555555555557,1.0,24.0,5,0.05573066666666667
2022-10-07,Consumer,0.01323333333333333,0.01323333333333333,1.0,21.0,5,0.17788555555555557
2022-10-10,Consumer,0.1416492857142857,0.1416492857142857,1.0,29.0,5,0.01323333333333333
2022-10-11,Consumer,0.15716000000000002,0.26193333333333335,0.6,9.0,5,0.1416492857142857
2022-10-12,Consumer,0.1837997619047619,0.1837997619047619,1.0,20.0,5,0.15716000000000002
2022-10-13,Consumer,0.022599999999999988,0.022599999999999988,1.0,18.0,5,0.1837997619047619
2022-10-14,Consumer,-0.03116666666666667,-0.03116666666666667,1.0,19.0,5,0.022599999999999988
2022-10-17,Consumer,0.09302980952380954,0.09302980952380954,1.0,24.0,5,-0.03116666666666667
2022-10-18,Consumer,0.09160666666666667,0.09160666666666667,1.0,19.0,5,0.09302980952380954
2022-10-19,Consumer,0.17325700000000002,0.17325700000000002,1.0,19.0,5,0.09160666666666667
2022-10-20,Consumer,0.19209266666666666,0.19209266666666666,1.0,20.0,5,0.17325700000000002
2022-10-21,Consumer,0.030379999999999997,0.05063333333333333,0.6,15.0,5,0.19209266666666666
2022-10-24,Consumer,0.14013,0.14013,1.0,28.0,5,0.030379999999999997
2022-10-25,Consumer,0.08354000000000002,0.08354000000000002,1.0,33.0,5,0.14013
2022-10-26,Consumer,0.06580916666666667,0.06580916666666667,1.0,18.0,5,0.08354000000000002
2022-10-27,Consumer,0.07375916666666667,0.07375916666666667,1.0,20.0,5,0.06580916666666667
2022-10-28,Consumer,0.044164,0.044164,1.0,18.0,5,0.07375916666666667
2022-10-31,Consumer,0.06973016666666666,0.06973016666666666,1.0,30.0,5,0.044164
2022-11-01,Consumer,0.05618500000000002,0.05618500000000002,1.0,17.0,5,0.06973016666666666
2022-11-02,Consumer,0.28089033333333335,0.28089033333333335,1.0,19.0,5,0.05618500000000002
2022-11-03,Consumer,0.03253166666666667,0.03253166666666667,1.0,19.0,5,0.28089033333333335
2022-11-04,Consumer,-0.003665882352941173,-0.003665882352941173,1.0,31.0,5,0.03253166666666667
2022-11-07,Consumer,0.0888515,0.0888515,1.0,35.0,5,-0.003665882352941173
2022-11-08,Consumer,0.03257133333333332,0.03257133333333332,1.0,31.0,5,0.0888515
2022-11-09,Consumer,0.04276166666666667,0.05345208333333334,0.8,33.0,5,0.03257133333333332
2022-11-10,Consumer,-0.013649523809523806,-0.013649523809523806,1.0,23.0,5,0.04276166666666667
2022-11-11,Consumer,0.1656473333333333,0.1656473333333333,1.0,19.0,5,-0.013649523809523806
2022-11-14,Consumer,0.15734370766488412,0.15734370766488412,1.0,37.0,5,0.1656473333333333
2022-11-15,Consumer,0.06761666666666667,0.06761666666666667,1.0,49.0,5,0.15734370766488412
2022-11-16,Consumer,0.06772833333333333,0.06772833333333333,1.0,36.0,5,0.06761666666666667
2022-11-17,Consumer,0.3145645,0.3145645,1.0,23.0,5,0.06772833333333333
2022-11-18,Consumer,-0.04709999999999999,-0.04709999999999999,1.0,17.0,5,0.3145645
2022-11-21,Consumer,0.29760007407407413,0.29760007407407413,1.0,48.0,5,-0.04709999999999999
2022-11-22,Consumer,0.013168666666666657,0.013168666666666657,1.0,24.0,5,0.29760007407407413
2022-11-23,Consumer,0.26413507936507935,0.3301688492063492,0.8,26.0,5,0.013168666666666657
2022-11-25,Consumer,0.18268244047619048,0.18268244047619048,1.0,37.0,5,0.26413507936507935
2022-11-28,Consumer,0.05331448351648351,0.06664310439560439,0.8,27.0,5,0.18268244047619048
2022-11-29,Consumer,0.12382,0.154775,0.8,23.0,5,0.05331448351648351
2022-11-30,Consumer,0.137704,0.17213,0.8,20.0,5,0.12382
2022-12-01,Consumer,0.20653666666666667,0.20653666666666667,1.0,18.0,5,0.137704
2022-12-02,Consumer,0.1251509090909091,0.15643863636363636,0.8,24.0,5,0.20653666666666667
2022-12-05,Consumer,0.05872901587301586,0.05872901587301586,1.0,39.0,5,0.1251509090909091
2022-12-06,Consumer,0.11515,0.11515,1.0,19.0,5,0.05872901587301586
2022-12-07,Consumer,0.15043833333333334,0.15043833333333334,1.0,14.0,5,0.11515
2022-12-08,Consumer,0.09732066666666667,0.09732066666666667,1.0,28.0,5,0.15043833333333334
2022-12-09,Consumer,0.2669816666666667,0.2669816666666667,1.0,24.0,5,0.09732066666666667
2022-12-12,Consumer,0.19749083333333334,0.19749083333333334,1.0,20.0,5,0.2669816666666667
2022-12-13,Consumer,0.0914170238095238,0.0914170238095238,1.0,24.0,5,0.19749083333333334
2022-12-14,Consumer,0.09585083333333333,0.11981354166666666,0.8,17.0,5,0.0914170238095238
2022-12-15,Consumer,0.13834000000000002,0.17292500000000002,0.8,19.0,5,0.09585083333333333
2022-12-16,Consumer,0.14439666666666667,0.14439666666666667,1.0,21.0,5,0.13834000000000002
2022-12-19,Consumer,0.1650264468864469,0.1650264468864469,1.0,29.0,5,0.14439666666666667
2022-12-20,Consumer,0.07579454545454546,0.09474318181818182,0.8,22.0,5,0.1650264468864469
2022-12-21,Consumer,-0.06033348484848485,-0.06033348484848485,1.0,46.0,5,0.07579454545454546
2022-12-22,Consumer,0.0556111111111111,0.06951388888888888,0.8,23.0,5,-0.06033348484848485
2022-12-23,Consumer,0.09803000000000002,0.12253750000000002,0.8,13.0,5,0.0556111111111111
2022-12-27,Consumer,0.2308324098124098,0.2308324098124098,1.0,35.0,5,0.09803000000000002
2022-12-28,Consumer,0.0663,0.082875,0.8,8.0,5,0.2308324098124098
2022-12-29,Consumer,0.15836888888888886,0.15836888888888886,1.0,22.0,5,0.0663
2022-12-30,Consumer,0.11475514285714286,0.11475514285714286,1.0,25.0,5,0.15836888888888886
2023-01-03,Consumer,0.11070190476190475,0.11070190476190475,1.0,34.0,5,0.11475514285714286
2023-01-04,Consumer,0.07606457142857144,0.07606457142857144,1.0,24.0,5,0.11070190476190475
2023-01-05,Consumer,0.2416979365079365,0.2416979365079365,1.0,21.0,5,0.07606457142857144
2023-01-06,Consumer,0.13477,0.16846250000000002,0.8,10.0,5,0.2416979365079365
2023-01-09,Consumer,0.1500709523809524,0.18758869047619048,0.8,25.0,5,0.13477
2023-01-10,Consumer,0.10989238095238094,0.10989238095238094,1.0,13.0,5,0.1500709523809524
2023-01-11,Consumer,0.03772633333333334,0.03772633333333334,1.0,21.0,5,0.10989238095238094
2023-01-12,Consumer,0.06534646153846155,0.06534646153846155,1.0,28.0,5,0.03772633333333334
2023-01-13,Consumer,0.19112266666666666,0.19112266666666666,1.0,17.0,5,0.06534646153846155
2023-01-17,Consumer,0.2386783428571429,0.2386783428571429,1.0,51.0,5,0.19112266666666666
2023-01-18,Consumer,0.17806522222222224,0.17806522222222224,1.0,27.0,5,0.2386783428571429
2023-01-19,Consumer,-0.0029958571428571417,-0.0029958571428571417,1.0,24.0,5,0.17806522222222224
2023-01-20,Consumer,0.00662666666666667,0.00662666666666667,1.0,18.0,5,-0.0029958571428571417
2023-01-23,Consumer,0.24100928571428568,0.24100928571428568,1.0,31.0,5,0.00662666666666667
2023-01-24,Consumer,0.15604383333333333,0.15604383333333333,1.0,33.0,5,0.24100928571428568
2023-01-25,Consumer,0.122619,0.122619,1.0,21.0,5,0.15604383333333333
2023-01-26,Consumer,0.11155333333333335,0.11155333333333335,1.0,19.0,5,0.122619
2023-01-27,Consumer,0.04691333333333334,0.04691333333333334,1.0,19.0,5,0.11155333333333335
2023-01-30,Consumer,0.011065000000000005,0.011065000000000005,1.0,30.0,5,0.04691333333333334
2023-01-31,Consumer,0.08224280952380952,0.08224280952380952,1.0,21.0,5,0.011065000000000005
2023-02-01,Consumer,0.1017551515151515,0.1017551515151515,1.0,22.0,5,0.08224280952380952
2023-02-02,Consumer,0.14784466666666668,0.14784466666666668,1.0,20.0,5,0.1017551515151515
2023-02-03,Consumer,0.155106,0.155106,1.0,19.0,5,0.14784466666666668
2023-02-06,Consumer,0.097636,0.097636,1.0,38.0,5,0.155106
2023-02-07,Consumer,0.15764166666666668,0.19705208333333335,0.8,14.0,5,0.097636
2023-02-08,Consumer,0.1118706666666667,0.1118706666666667,1.0,39.0,5,0.15764166666666668
2023-02-09,Consumer,0.1411766206896552,0.1411766206896552,1.0,43.0,5,0.1118706666666667
2023-02-10,Consumer,0.121366,0.121366,1.0,18.0,5,0.1411766206896552
2023-02-13,Consumer,0.15920880303030305,0.15920880303030305,1.0,41.0,5,0.121366
2023-02-14,Consumer,0.2690106666666667,0.2690106666666667,1.0,37.0,5,0.15920880303030305
2023-02-15,Consumer,0.011874666666666667,0.014843333333333333,0.8,16.0,5,0.2690106666666667
2023-02-16,Consumer,0.020818666666666662,0.020818666666666662,1.0,24.0,5,0.011874666666666667
2023-02-17,Consumer,0.11838857142857144,0.1479857142857143,0.8,14.0,5,0.020818666666666662
2023-02-21,Consumer,0.1283907142857143,0.1283907142857143,1.0,91.0,5,0.11838857142857144
2023-02-22,Consumer,0.09663990476190476,0.09663990476190476,1.0,29.0,5,0.1283907142857143
2023-02-23,Consumer,0.10625,0.10625,1.0,21.0,5,0.09663990476190476
2023-02-24,Consumer,0.006290000000000001,0.007862500000000001,0.8,14.0,5,0.10625
2023-02-27,Consumer,0.07535344444444445,0.07535344444444445,1.0,28.0,5,0.006290000000000001
2023-02-28,Consumer,0.13462866666666667,0.16828583333333333,0.8,13.0,5,0.07535344444444445
2023-03-01,Consumer,0.11008833333333334,0.11008833333333334,1.0,28.0,5,0.13462866666666667
2023-03-02,Consumer,0.2504558658008658,0.2504558658008658,1.0,26.0,5,0.11008833333333334
2023-03-03,Consumer,-0.014770000000000005,-0.024616666666666676,0.6,9.0,5,0.2504558658008658
2023-03-06,Consumer,-0.040311,-0.040311,1.0,28.0,5,-0.014770000000000005
2023-03-07,Consumer,0.16452333333333335,0.16452333333333335,1.0,21.0,5,-0.040311
2023-03-08,Consumer,0.25326166666666666,0.25326166666666666,1.0,11.0,5,0.16452333333333335
2023-03-09,Consumer,0.12906,0.12906,1.0,21.0,5,0.25326166666666666
2023-03-10,Consumer,0.12061199999999998,0.12061199999999998,1.0,21.0,5,0.12906
2023-03-13,Consumer,0.053982190476190475,0.053982190476190475,1.0,41.0,5,0.12061199999999998
2023-03-14,Consumer,-0.046496666666666665,-0.046496666666666665,1.0,19.0,5,0.053982190476190475
2023-03-15,Consumer,0.06556166666666666,0.06556166666666666,1.0,20.0,5,-0.046496666666666665
2023-03-16,Consumer,0.041076666666666664,0.041076666666666664,1.0,15.0,5,0.06556166666666666
2023-03-17,Consumer,-0.02581300000000001,-0.02581300000000001,1.0,17.0,5,0.041076666666666664
2023-03-20,Consumer,0.042434285714285716,0.042434285714285716,1.0,26.0,5,-0.02581300000000001
2023-03-21,Consumer,0.15884444444444445,0.19855555555555557,0.8,21.0,5,0.042434285714285716
2023-03-22,Consumer,-0.0445123076923077,-0.0445123076923077,1.0,30.0,5,0.15884444444444445
2023-03-23,Consumer,0.05046666666666668,0.05046666666666668,1.0,20.0,5,-0.0445123076923077
2023-03-24,Consumer,0.157884,0.157884,1.0,15.0,5,0.05046666666666668
2023-03-27,Consumer,0.1253775,0.1253775,1.0,29.0,5,0.157884
2023-03-28,Consumer,0.15341928571428573,0.15341928571428573,1.0,22.0,5,0.1253775
2023-03-29,Consumer,0.12297333333333334,0.12297333333333334,1.0,24.0,5,0.15341928571428573
2023-03-30,Consumer,0.11552115384615383,0.11552115384615383,1.0,26.0,5,0.12297333333333334
2023-03-31,Consumer,0.07604914285714286,0.09506142857142857,0.8,24.0,5,0.11552115384615383
2023-04-03,Consumer,0.11777142857142857,0.11777142857142857,1.0,47.0,5,0.07604914285714286
2023-04-04,Consumer,0.12417666666666669,0.12417666666666669,1.0,13.0,5,0.11777142857142857
2023-04-05,Consumer,0.10848285714285714,0.10848285714285714,1.0,20.0,5,0.12417666666666669
2023-04-06,Consumer,0.123036,0.123036,1.0,26.0,5,0.10848285714285714
2023-04-10,Consumer,0.14345934065934066,0.14345934065934066,1.0,35.0,5,0.123036
2023-04-11,Consumer,0.047954000000000004,0.0599425,0.8,18.0,5,0.14345934065934066
2023-04-12,Consumer,0.0575652380952381,0.0575652380952381,1.0,20.0,5,0.047954000000000004
2023-04-13,Consumer,-0.014880000000000008,-0.014880000000000008,1.0,23.0,5,0.0575652380952381
2023-04-14,Consumer,0.124798,0.124798,1.0,16.0,5,-0.014880000000000008
2023-04-17,Consumer,0.04868159663865547,0.04868159663865547,1.0,39.0,5,0.124798
2023-04-18,Consumer,-0.007994523809523807,-0.007994523809523807,1.0,21.0,5,0.04868159663865547
2023-04-19,Consumer,0.10394666666666667,0.10394666666666667,1.0,28.0,5,-0.007994523809523807
2023-04-20,Consumer,0.14552822222222223,0.14552822222222223,1.0,22.0,5,0.10394666666666667
2023-04-21,Consumer,0.1794061904761905,0.1794061904761905,1.0,22.0,5,0.14552822222222223
2023-04-24,Consumer,0.1695511666666667,0.1695511666666667,1.0,46.0,5,0.1794061904761905
2023-04-25,Consumer,0.06350200000000002,0.06350200000000002,1.0,30.0,5,0.1695511666666667
2023-04-26,Consumer,0.1187457792207792,0.1187457792207792,1.0,38.0,5,0.06350200000000002
2023-04-27,Consumer,0.024888333333333335,0.024888333333333335,1.0,25.0,5,0.1187457792207792
2023-04-28,Consumer,0.235488,0.235488,1.0,28.0,5,0.024888333333333335
2023-05-01,Consumer,0.07843252380952381,0.07843252380952381,1.0,34.0,5,0.235488
2023-05-02,Consumer,0.06642300000000001,0.06642300000000001,1.0,26.0,5,0.07843252380952381
2023-05-03,Consumer,0.11431125,0.1428890625,0.8,25.0,5,0.06642300000000001
2023-05-04,Consumer,-0.0017533333333333346,-0.0017533333333333346,1.0,24.0,5,0.11431125
2023-05-05,Consumer,0.07084933333333335,0.07084933333333335,1.0,14.0,5,-0.0017533333333333346
2023-05-08,Consumer,0.017195238095238104,0.017195238095238104,1.0,31.0,5,0.07084933333333335
2023-05-09,Consumer,0.14326366666666668,0.14326366666666668,1.0,26.0,5,0.017195238095238104
2023-05-10,Consumer,0.01594964102564103,0.01594964102564103,1.0,25.0,5,0.14326366666666668
2023-05-11,Consumer,0.13186199999999998,0.1648275,0.8,38.0,5,0.01594964102564103
2023-05-12,Consumer,0.09467595454545455,0.09467595454545455,1.0,30.0,5,0.13186199999999998
2023-05-15,Consumer,0.07629307692307694,0.07629307692307694,1.0,40.0,5,0.09467595454545455
2023-05-16,Consumer,0.07171818181818182,0.07171818181818182,1.0,26.0,5,0.07629307692307694
2023-05-17,Consumer,0.03192551515151515,0.039906893939393936,0.8,31.0,5,0.07171818181818182
2023-05-18,Consumer,0.2569634722222222,0.2569634722222222,1.0,45.0,5,0.03192551515151515
2023-05-19,Consumer,0.09245907491201609,0.09245907491201609,1.0,43.0,5,0.2569634722222222
2023-05-22,Consumer,0.05963446969696969,0.05963446969696969,1.0,46.0,5,0.09245907491201609
2023-05-23,Consumer,-0.020525238095238093,-0.020525238095238093,1.0,19.0,5,0.05963446969696969
2023-05-24,Consumer,0.017273333333333328,0.017273333333333328,1.0,22.0,5,-0.020525238095238093
2023-05-25,Consumer,0.061340000000000006,0.07667500000000001,0.8,14.0,5,0.017273333333333328
2023-05-26,Consumer,0.06419766666666667,0.08024708333333333,0.8,16.0,5,0.061340000000000006
2023-05-30,Consumer,0.10055259740259741,0.10055259740259741,1.0,41.0,5,0.06419766666666667
2023-05-31,Consumer,0.10197928571428572,0.10197928571428572,1.0,24.0,5,0.10055259740259741
2023-06-01,Consumer,0.15348166666666668,0.15348166666666668,1.0,25.0,5,0.10197928571428572
2023-06-02,Consumer,-0.017577999999999996,-0.021972499999999996,0.8,17.0,5,0.15348166666666668
2023-06-05,Consumer,0.021790641025641024,0.021790641025641024,1.0,37.0,5,-0.017577999999999996
2023-06-06,Consumer,0.1613516666666667,0.1613516666666667,1.0,17.0,5,0.021790641025641024
2023-06-07,Consumer,0.12445388888888889,0.12445388888888889,1.0,28.0,5,0.1613516666666667
2023-06-08,Consumer,0.10710144444444444,0.10710144444444444,1.0,23.0,5,0.12445388888888889
2023-06-09,Consumer,0.07775714285714286,0.07775714285714286,1.0,20.0,5,0.10710144444444444
2023-06-12,Consumer,0.09070455555555557,0.09070455555555557,1.0,32.0,5,0.07775714285714286
2023-06-13,Consumer,0.10658833333333333,0.10658833333333333,1.0,15.0,5,0.09070455555555557
2023-06-14,Consumer,0.03596722222222223,0.03596722222222223,1.0,30.0,5,0.10658833333333333
2023-06-15,Consumer,0.07783428571428572,0.07783428571428572,1.0,25.0,5,0.03596722222222223
2023-06-16,Consumer,-0.009490000000000004,-0.009490000000000004,1.0,14.0,5,0.07783428571428572
2023-06-20,Consumer,0.040247761904761904,0.040247761904761904,1.0,42.0,5,-0.009490000000000004
2023-06-21,Consumer,0.13355599999999998,0.13355599999999998,1.0,26.0,5,0.040247761904761904
2023-06-22,Consumer,0.04313142857142858,0.04313142857142858,1.0,33.0,5,0.13355599999999998
2023-06-23,Consumer,0.05584542857142858,0.05584542857142858,1.0,33.0,5,0.04313142857142858
2023-06-26,Consumer,0.15391238095238097,0.15391238095238097,1.0,35.0,5,0.05584542857142858
2023-06-27,Consumer,0.12112444444444444,0.12112444444444444,1.0,19.0,5,0.15391238095238097
2023-06-28,Consumer,0.10723866666666668,0.10723866666666668,1.0,18.0,5,0.12112444444444444
2023-06-29,Consumer,0.009208666666666674,0.009208666666666674,1.0,32.0,5,0.10723866666666668
2023-06-30,Consumer,0.11032184065934066,0.11032184065934066,1.0,49.0,5,0.009208666666666674
2023-07-03,Consumer,0.08844428571428573,0.08844428571428573,1.0,30.0,5,0.11032184065934066
2023-07-05,Consumer,0.09378199999999999,0.09378199999999999,1.0,29.0,5,0.08844428571428573
2023-07-06,Consumer,0.05473309523809524,0.05473309523809524,1.0,20.0,5,0.09378199999999999
2023-07-07,Consumer,0.09128266666666666,0.11410333333333333,0.8,17.0,5,0.05473309523809524
2023-07-10,Consumer,0.03842547619047619,0.03842547619047619,1.0,27.0,5,0.09128266666666666
2023-07-11,Consumer,0.1483045,0.1483045,1.0,29.0,5,0.03842547619047619
2023-07-12,Consumer,0.1423369090909091,0.17792113636363638,0.8,29.0,5,0.1483045
2023-07-13,Consumer,0.1950699010989011,0.1950699010989011,1.0,31.0,5,0.1423369090909091
2023-07-14,Consumer,0.16024290909090907,0.16024290909090907,1.0,23.0,5,0.1950699010989011
2023-07-17,Consumer,0.045599272727272724,0.045599272727272724,1.0,32.0,5,0.16024290909090907
2023-07-18,Consumer,0.049770952380952395,0.049770952380952395,1.0,30.0,5,0.045599272727272724
2023-07-19,Consumer,0.168018,0.168018,1.0,20.0,5,0.049770952380952395
2023-07-20,Consumer,0.0937922857142857,0.0937922857142857,1.0,22.0,5,0.168018
2023-07-21,Consumer,0.024183333333333334,0.024183333333333334,1.0,19.0,5,0.0937922857142857
2023-07-24,Consumer,0.08299192857142858,0.08299192857142858,1.0,34.0,5,0.024183333333333334
2023-07-25,Consumer,0.08446314285714285,0.08446314285714285,1.0,26.0,5,0.08299192857142858
2023-07-26,Consumer,0.18060414035087718,0.18060414035087718,1.0,36.0,5,0.08446314285714285
2023-07-27,Consumer,0.13712,0.1714,0.8,22.0,5,0.18060414035087718
2023-07-28,Consumer,0.07555714285714285,0.09444642857142857,0.8,17.0,5,0.13712
2023-07-31,Consumer,0.11187411111111109,0.11187411111111109,1.0,50.0,5,0.07555714285714285
2023-08-01,Consumer,0.1251813333333333,0.1251813333333333,1.0,27.0,5,0.11187411111111109
2023-08-02,Consumer,0.050423690476190476,0.050423690476190476,1.0,31.0,5,0.1251813333333333
2023-08-03,Consumer,0.02852433333333333,0.02852433333333333,1.0,21.0,5,0.050423690476190476
2023-08-04,Consumer,0.07977000000000001,0.07977000000000001,1.0,22.0,5,0.02852433333333333
2023-08-07,Consumer,0.05985366666666666,0.05985366666666666,1.0,30.0,5,0.07977000000000001
2023-08-08,Consumer,0.11609785714285714,0.11609785714285714,1.0,29.0,5,0.05985366666666666
2023-08-09,Consumer,0.06121863157894736,0.06121863157894736,1.0,54.0,5,0.11609785714285714
2023-08-10,Consumer,0.09958940476190475,0.09958940476190475,1.0,38.0,5,0.06121863157894736
2023-08-11,Consumer,0.0987600341880342,0.0987600341880342,1.0,34.0,5,0.09958940476190475
2023-08-14,Consumer,0.06449190476190476,0.06449190476190476,1.0,52.0,5,0.0987600341880342
2023-08-15,Consumer,0.06022467171717172,0.06022467171717172,1.0,32.0,5,0.06449190476190476
2023-08-16,Consumer,0.1291424537815126,0.1291424537815126,1.0,35.0,5,0.06022467171717172
2023-08-17,Consumer,0.03692818181818182,0.03692818181818182,1.0,51.0,5,0.1291424537815126
2023-08-18,Consumer,0.017689333333333328,0.017689333333333328,1.0,40.0,5,0.03692818181818182
2023-08-21,Consumer,0.069164,0.069164,1.0,40.0,5,0.017689333333333328
2023-08-22,Consumer,0.06451226190476189,0.06451226190476189,1.0,24.0,5,0.069164
2023-08-23,Consumer,0.1538420238095238,0.1538420238095238,1.0,35.0,5,0.06451226190476189
2023-08-24,Consumer,0.07521654545454545,0.07521654545454545,1.0,42.0,5,0.1538420238095238
2023-08-25,Consumer,0.11228216666666668,0.11228216666666668,1.0,29.0,5,0.07521654545454545
2023-08-28,Consumer,0.10673638095238096,0.10673638095238096,1.0,27.0,5,0.11228216666666668
2023-08-29,Consumer,0.14495030303030304,0.1811878787878788,0.8,26.0,5,0.10673638095238096
2023-08-30,Consumer,0.10278400000000001,0.10278400000000001,1.0,25.0,5,0.14495030303030304
2023-08-31,Consumer,0.2287150476190476,0.2287150476190476,1.0,24.0,5,0.10278400000000001
2023-09-01,Consumer,0.19910833333333333,0.19910833333333333,1.0,23.0,5,0.2287150476190476
2023-09-05,Consumer,0.09994464646464647,0.09994464646464647,1.0,38.0,5,0.19910833333333333
2023-09-06,Consumer,0.05336,0.05336,1.0,27.0,5,0.09994464646464647
2023-09-07,Consumer,0.08128777777777779,0.10160972222222224,0.8,26.0,5,0.05336
2023-09-08,Consumer,0.1902080555555556,0.1902080555555556,1.0,26.0,5,0.08128777777777779
2023-09-11,Consumer,0.09175111111111112,0.09175111111111112,1.0,38.0,5,0.1902080555555556
2023-09-12,Consumer,0.07508035714285714,0.09385044642857143,0.8,25.0,5,0.09175111111111112
2023-09-13,Consumer,0.10820777777777776,0.1352597222222222,0.8,22.0,5,0.07508035714285714
2023-09-14,Consumer,0.031052380952380953,0.031052380952380953,1.0,24.0,5,0.10820777777777776
2023-09-15,Consumer,0.2730741666666667,0.2730741666666667,1.0,30.0,5,0.031052380952380953
2023-09-18,Consumer,0.09504142857142858,0.09504142857142858,1.0,31.0,5,0.2730741666666667
2023-09-19,Consumer,0.11061783333333335,0.11061783333333335,1.0,36.0,5,0.09504142857142858
2023-09-20,Consumer,-0.082029,-0.082029,1.0,31.0,5,0.11061783333333335
2023-09-21,Consumer,0.03788380952380952,0.03788380952380952,1.0,31.0,5,-0.082029
2023-09-22,Consumer,0.15792211111111112,0.15792211111111112,1.0,23.0,5,0.03788380952380952
2023-09-25,Consumer,0.08086801190476192,0.08086801190476192,1.0,60.0,5,0.15792211111111112
2023-09-26,Consumer,0.14636600000000002,0.14636600000000002,1.0,34.0,5,0.08086801190476192
2023-09-27,Consumer,-0.03342333333333333,-0.03342333333333333,1.0,22.0,5,0.14636600000000002
2023-09-28,Consumer,0.0999748131868132,0.1249685164835165,0.8,31.0,5,-0.03342333333333333
2023-09-29,Consumer,0.1584945614035088,0.1584945614035088,1.0,57.0,5,0.0999748131868132
2023-10-02,Consumer,0.14972288311688312,0.14972288311688312,1.0,47.0,5,0.1584945614035088
2023-10-03,Consumer,0.43424466666666667,0.43424466666666667,1.0,16.0,5,0.14972288311688312
2023-10-04,Consumer,0.13002666666666668,0.13002666666666668,1.0,23.0,5,0.43424466666666667
2023-10-05,Consumer,0.19813583333333332,0.19813583333333332,1.0,22.0,5,0.13002666666666668
2023-10-06,Consumer,0.1697019696969697,0.1697019696969697,1.0,34.0,5,0.19813583333333332
2023-10-09,Consumer,0.06283521428571429,0.06283521428571429,1.0,49.0,5,0.1697019696969697
2023-10-10,Consumer,0.1836093650793651,0.1836093650793651,1.0,31.0,5,0.06283521428571429
2023-10-11,Consumer,0.058203500000000005,0.058203500000000005,1.0,29.0,5,0.1836093650793651
2023-10-12,Consumer,0.11205790476190476,0.11205790476190476,1.0,26.0,5,0.058203500000000005
2023-10-13,Consumer,0.05699309523809524,0.05699309523809524,1.0,17.0,5,0.11205790476190476
2023-10-16,Consumer,0.15604044444444448,0.15604044444444448,1.0,36.0,5,0.05699309523809524
2023-10-17,Consumer,0.06833111111111112,0.06833111111111112,1.0,24.0,5,0.15604044444444448
2023-10-18,Consumer,0.1092230303030303,0.1092230303030303,1.0,26.0,5,0.06833111111111112
2023-10-19,Consumer,0.05824065079365078,0.05824065079365078,1.0,27.0,5,0.1092230303030303
2023-10-20,Consumer,0.09656666666666666,0.12070833333333333,0.8,11.0,5,0.05824065079365078
2023-10-23,Consumer,0.15722647435897436,0.15722647435897436,1.0,43.0,5,0.09656666666666666
2023-10-24,Consumer,0.10549083333333334,0.10549083333333334,1.0,50.0,5,0.15722647435897436
2023-10-25,Consumer,-0.02365166666666665,-0.02365166666666665,1.0,35.0,5,0.10549083333333334
2023-10-26,Consumer,0.06884466666666667,0.06884466666666667,1.0,28.0,5,-0.02365166666666665
2023-10-27,Consumer,0.19083000000000003,0.19083000000000003,1.0,27.0,5,0.06884466666666667
2023-10-30,Consumer,0.1362969230769231,0.1362969230769231,1.0,47.0,5,0.19083000000000003
2023-10-31,Consumer,0.15017166666666665,0.15017166666666665,1.0,19.0,5,0.1362969230769231
2023-11-01,Consumer,0.17254231746031745,0.17254231746031745,1.0,33.0,5,0.15017166666666665
2023-11-02,Consumer,0.12682444444444446,0.12682444444444446,1.0,41.0,5,0.17254231746031745
2023-11-03,Consumer,0.08902219047619049,0.08902219047619049,1.0,24.0,5,0.12682444444444446
2023-11-06,Consumer,0.046527269841269855,0.046527269841269855,1.0,47.0,5,0.08902219047619049
2023-11-07,Consumer,0.20577244444444442,0.20577244444444442,1.0,36.0,5,0.046527269841269855
2023-11-08,Consumer,0.03750487179487179,0.03750487179487179,1.0,34.0,5,0.20577244444444442
2023-11-09,Consumer,0.13705390350877195,0.13705390350877195,1.0,38.0,5,0.03750487179487179
2023-11-10,Consumer,0.11047437878787877,0.11047437878787877,1.0,29.0,5,0.13705390350877195
2023-11-13,Consumer,0.16635519565217394,0.16635519565217394,1.0,54.0,5,0.11047437878787877
2023-11-14,Consumer,0.09570933333333334,0.09570933333333334,1.0,33.0,5,0.16635519565217394
2023-11-15,Consumer,0.16255948717948718,0.16255948717948718,1.0,44.0,5,0.09570933333333334
2023-11-16,Consumer,0.023482857142857135,0.023482857142857135,1.0,50.0,5,0.16255948717948718
2023-11-17,Consumer,0.09293,0.09293,1.0,21.0,5,0.023482857142857135
2023-11-20,Consumer,0.07102633766233767,0.07102633766233767,1.0,31.0,5,0.09293
2023-11-21,Consumer,0.03294341666666666,0.04117927083333333,0.8,25.0,5,0.07102633766233767
2023-11-22,Consumer,0.014070909090909092,0.014070909090909092,1.0,23.0,5,0.03294341666666666
2023-11-24,Consumer,-0.06559355555555554,-0.06559355555555554,1.0,34.0,5,0.014070909090909092
2023-11-27,Consumer,0.1436594047619048,0.1436594047619048,1.0,54.0,5,-0.06559355555555554
2023-11-28,Consumer,0.1160495,0.1160495,1.0,19.0,5,0.1436594047619048
2023-11-29,Consumer,0.07983321428571429,0.07983321428571429,1.0,28.0,5,0.1160495
2023-11-30,Consumer,0.03896611111111111,0.03896611111111111,1.0,27.0,5,0.07983321428571429
2023-12-01,Consumer,0.14960428571428572,0.18700535714285715,0.8,18.0,5,0.03896611111111111
2023-12-04,Consumer,0.08154409090909091,0.08154409090909091,1.0,34.0,5,0.14960428571428572
2023-12-05,Consumer,0.13501333333333335,0.13501333333333335,1.0,16.0,5,0.08154409090909091
2023-12-06,Consumer,0.06846177777777777,0.06846177777777777,1.0,26.0,5,0.13501333333333335
2023-12-07,Consumer,0.27937333333333336,0.27937333333333336,1.0,19.0,5,0.06846177777777777
2023-12-08,Consumer,-0.015177000000000001,-0.015177000000000001,1.0,23.0,5,0.27937333333333336
2023-12-11,Consumer,0.1371493145743146,0.1371493145743146,1.0,41.0,5,-0.015177000000000001
2023-12-12,Consumer,-0.04553333333333333,-0.04553333333333333,1.0,20.0,5,0.1371493145743146
2023-12-13,Consumer,0.06228600000000001,0.06228600000000001,1.0,24.0,5,-0.04553333333333333
2023-12-14,Consumer,0.07650533333333334,0.07650533333333334,1.0,22.0,5,0.06228600000000001
2023-12-15,Consumer,0.08664666666666666,0.10830833333333333,0.8,18.0,5,0.07650533333333334
2023-12-18,Consumer,0.06994533333333333,0.06994533333333333,1.0,22.0,5,0.08664666666666666
2023-12-19,Consumer,0.0,,0.0,0.0,5,0.06994533333333333
2023-12-20,Consumer,0.0,,0.0,0.0,5,0.0
2023-12-21,Consumer,0.0,,0.0,0.0,5,0.0
2023-12-22,Consumer,0.0,,0.0,0.0,5,0.0
2023-12-26,Consumer,0.0,,0.0,0.0,5,0.0
2023-12-27,Consumer,0.0,,0.0,0.0,5,0.0
2023-12-28,Consumer,0.0,,0.0,0.0,5,0.0
2023-12-29,Consumer,0.0,,0.0,0.0,5,0.0
2020-01-02,Energy,0.19246166666666667,0.19246166666666667,1.0,21.0,5,
2020-01-03,Energy,-0.04618972727272727,-0.04618972727272727,1.0,28.0,5,0.19246166666666667
2020-01-06,Energy,0.08543969696969696,0.08543969696969696,1.0,34.0,5,-0.04618972727272727
2020-01-07,Energy,0.04761,0.07934999999999999,0.6,12.0,5,0.08543969696969696
2020-01-08,Energy,-0.018874999999999986,-0.018874999999999986,1.0,17.0,5,0.04761
2020-01-09,Energy,0.08280800000000002,0.10351000000000002,0.8,10.0,5,-0.018874999999999986
2020-01-10,Energy,0.07396200000000001,0.07396200000000001,1.0,15.0,5,0.08280800000000002
2020-01-13,Energy,0.1345435,0.1345435,1.0,19.0,5,0.07396200000000001
2020-01-14,Energy,0.2010916666666666,0.2010916666666666,1.0,23.0,5,0.1345435
2020-01-15,Energy,0.1422466666666667,0.1422466666666667,1.0,13.0,5,0.2010916666666666
2020-01-16,Energy,0.10285428571428575,0.17142380952380956,0.6,13.0,5,0.1422466666666667
2020-01-17,Energy,0.12066911111111109,0.15083638888888887,0.8,31.0,5,0.10285428571428575
2020-01-21,Energy,0.13031157142857142,0.16288946428571427,0.8,28.0,5,0.12066911111111109
2020-01-22,Energy,0.11827333333333331,0.14784166666666665,0.8,11.0,5,0.13031157142857142
2020-01-23,Energy,0.04630133333333332,0.04630133333333332,1.0,17.0,5,0.11827333333333331
2020-01-24,Energy,0.18136166666666664,0.18136166666666664,1.0,14.0,5,0.04630133333333332
2020-01-27,Energy,0.04191166666666665,0.04191166666666665,1.0,22.0,5,0.18136166666666664
2020-01-28,Energy,0.09863333333333334,0.24658333333333335,0.4,6.0,5,0.04191166666666665
2020-01-29,Energy,0.010496666666666668,0.013120833333333335,0.8,13.0,5,0.09863333333333334
2020-01-30,Energy,0.10769714285714287,0.1346214285714286,0.8,15.0,5,0.010496666666666668
2020-01-31,Energy,0.07511952380952383,0.07511952380952383,1.0,31.0,5,0.10769714285714287
2020-02-03,Energy,0.04499782051282051,0.04499782051282051,1.0,25.0,5,0.07511952380952383
2020-02-04,Energy,0.09411888888888889,0.09411888888888889,1.0,20.0,5,0.04499782051282051
2020-02-05,Energy,0.504522857142857,0.504522857142857,1.0,18.0,5,0.09411888888888889
2020-02-06,Energy,0.20883533333333335,0.2610441666666667,0.8,11.0,5,0.504522857142857
2020-02-07,Energy,0.22275299999999998,0.22275299999999998,1.0,14.0,5,0.20883533333333335
2020-02-10,Energy,0.05099333333333335,0.05099333333333335,1.0,11.0,5,0.22275299999999998
2020-02-11,Energy,0.09527314285714285,0.09527314285714285,1.0,21.0,5,0.05099333333333335
2020-02-12,Energy,0.03376749999999999,0.03376749999999999,1.0,17.0,5,0.09527314285714285
2020-02-13,Energy,0.0972925,0.121615625,0.8,22.0,5,0.03376749999999999
2020-02-14,Energy,0.0905,0.113125,0.8,12.0,5,0.0972925
2020-02-18,Energy,0.14617833333333335,0.14617833333333335,1.0,22.0,5,0.0905
2020-02-19,Energy,0.19815666666666668,0.24769583333333334,0.8,9.0,5,0.14617833333333335
2020-02-20,Energy,0.171315,0.285525,0.6,8.0,5,0.19815666666666668
2020-02-21,Energy,0.07205833333333332,0.07205833333333332,1.0,15.0,5,0.171315
2020-02-24,Energy,-0.1466382142857143,-0.1466382142857143,1.0,24.0,5,0.07205833333333332
2020-02-25,Energy,-0.033855,-0.033855,1.0,17.0,5,-0.1466382142857143
2020-02-26,Energy,0.2228217142857143,0.2228217142857143,1.0,17.0,5,-0.033855
2020-02-27,Energy,0.08505700000000001,0.08505700000000001,1.0,32.0,5,0.2228217142857143
2020-02-28,Energy,0.09428916666666667,0.09428916666666667,1.0,26.0,5,0.08505700000000001
2020-03-02,Energy,0.041444999999999996,0.05180625,0.8,16.0,5,0.09428916666666667
2020-03-03,Energy,0.03762088888888889,0.03762088888888889,1.0,23.0,5,0.041444999999999996
2020-03-04,Energy,0.22001666666666667,0.22001666666666667,1.0,19.0,5,0.03762088888888889
2020-03-05,Energy,0.06623000000000001,0.06623000000000001,1.0,20.0,5,0.22001666666666667
2020-03-06,Energy,-0.007359523809523807,-0.007359523809523807,1.0,29.0,5,0.06623000000000001
2020-03-09,Energy,-0.09619673221515326,-0.09619673221515326,1.0,54.0,5,-0.007359523809523807
2020-03-10,Energy,0.00495421256038647,0.00495421256038647,1.0,48.0,5,-0.09619673221515326
2020-03-11,Energy,0.031651011904761904,0.031651011904761904,1.0,33.0,5,0.00495421256038647
2020-03-12,Energy,0.05383973684210526,0.05383973684210526,1.0,29.0,5,0.031651011904761904
2020-03-13,Energy,0.2084266106442577,0.2084266106442577,1.0,30.0,5,0.05383973684210526
2020-03-16,Energy,0.02421492156862746,0.02421492156862746,1.0,42.0,5,0.2084266106442577
2020-03-17,Energy,0.02599600000000001,0.02599600000000001,1.0,18.0,5,0.02421492156862746
2020-03-18,Energy,0.011279523809523809,0.011279523809523809,1.0,29.0,5,0.02599600000000001
2020-03-19,Energy,-0.046461999999999996,-0.0580775,0.8,15.0,5,0.011279523809523809
2020-03-20,Energy,-0.12515938461538462,-0.12515938461538462,1.0,29.0,5,-0.046461999999999996
2020-03-23,Energy,-0.13521555555555556,-0.13521555555555556,1.0,26.0,5,-0.12515938461538462
2020-03-24,Energy,0.11338933333333334,0.11338933333333334,1.0,31.0,5,-0.13521555555555556
2020-03-25,Energy,0.12720666666666666,0.21201111111111112,0.6,22.0,5,0.11338933333333334
2020-03-26,Energy,0.182598,0.182598,1.0,17.0,5,0.12720666666666666
2020-03-27,Energy,0.28984471428571423,0.28984471428571423,1.0,23.0,5,0.182598
2020-03-30,Energy,0.12272133333333335,0.12272133333333335,1.0,20.0,5,0.28984471428571423
2020-03-31,Energy,0.006620833333333331,0.006620833333333331,1.0,19.0,5,0.12272133333333335
2020-04-01,Energy,-0.05197047619047619,-0.05197047619047619,1.0,26.0,5,0.006620833333333331
2020-04-02,Energy,-0.049080846153846155,-0.049080846153846155,1.0,39.0,5,-0.05197047619047619
2020-04-03,Energy,-0.012789523809523801,-0.012789523809523801,1.0,42.0,5,-0.049080846153846155
2020-04-06,Energy,0.13684111111111114,0.13684111111111114,1.0,27.0,5,-0.012789523809523801
2020-04-07,Energy,0.31731000000000004,0.31731000000000004,1.0,43.0,5,0.13684111111111114
2020-04-08,Energy,0.301839619047619,0.301839619047619,1.0,35.0,5,0.31731000000000004
2020-04-09,Energy,0.12742304761904763,0.12742304761904763,1.0,54.0,5,0.301839619047619
2020-04-13,Energy,0.12250822710622711,0.12250822710622711,1.0,44.0,5,0.12742304761904763
2020-04-14,Energy,-0.013287499999999994,-0.016609374999999992,0.8,22.0,5,0.12250822710622711
2020-04-15,Energy,0.09343782051282051,0.09343782051282051,1.0,39.0,5,-0.013287499999999994
2020-04-16,Energy,-0.01728035064935064,-0.01728035064935064,1.0,35.0,5,0.09343782051282051
2020-04-17,Energy,-0.10642207407407407,-0.10642207407407407,1.0,51.0,5,-0.01728035064935064
2020-04-20,Energy,-0.1435638316080055,-0.1435638316080055,1.0,67.0,5,-0.10642207407407407
2020-04-21,Energy,-0.2257781904761905,-0.2257781904761905,1.0,43.0,5,-0.1435638316080055
2020-04-22,Energy,-0.03442100000000001,-0.03442100000000001,1.0,38.0,5,-0.2257781904761905
2020-04-23,Energy,0.17575277272727274,0.17575277272727274,1.0,35.0,5,-0.03442100000000001
2020-04-24,Energy,0.023216071428571426,0.029020089285714284,0.8,20.0,5,0.17575277272727274
2020-04-27,Energy,-0.020689166666666665,-0.020689166666666665,1.0,44.0,5,0.023216071428571426
2020-04-28,Energy,0.02433277777777778,0.030415972222222223,0.8,23.0,5,-0.020689166666666665
2020-04-29,Energy,0.1681654761904762,0.1681654761904762,1.0,38.0,5,0.02433277777777778
2020-04-30,Energy,0.04155021356421357,0.04155021356421357,1.0,53.0,5,0.1681654761904762
2020-05-01,Energy,-0.13022580952380952,-0.13022580952380952,1.0,75.0,5,0.04155021356421357
2020-05-04,Energy,-0.006829685314685316,-0.006829685314685316,1.0,40.0,5,-0.13022580952380952
2020-05-05,Energy,0.1206068181818182,0.1206068181818182,1.0,36.0,5,-0.006829685314685316
2020-05-06,Energy,0.1581322857142857,0.19766535714285713,0.8,36.0,5,0.1206068181818182
2020-05-07,Energy,0.19264142857142857,0.19264142857142857,1.0,25.0,5,0.1581322857142857
2020-05-08,Energy,0.19152833333333336,0.19152833333333336,1.0,22.0,5,0.19264142857142857
2020-05-11,Energy,-0.05607011111111111,-0.05607011111111111,1.0,25.0,5,0.19152833333333336
2020-05-12,Energy,0.15184466666666668,0.15184466666666668,1.0,26.0,5,-0.05607011111111111
2020-05-13,Energy,-0.06230467532467532,-0.06230467532467532,1.0,25.0,5,0.15184466666666668
2020-05-14,Energy,-0.07579,-0.07579,1.0,12.0,5,-0.06230467532467532
2020-05-15,Energy,0.17580166666666666,0.17580166666666666,1.0,17.0,5,-0.07579
2020-05-18,Energy,0.1431256984126984,0.1431256984126984,1.0,48.0,5,0.17580166666666666
2020-05-19,Energy,0.124416,0.15552,0.8,9.0,5,0.1431256984126984
2020-05-20,Energy,-0.022844285714285713,-0.022844285714285713,1.0,21.0,5,0.124416
2020-05-21,Energy,-0.04974,-0.04974,1.0,13.0,5,-0.022844285714285713
2020-05-22,Energy,-0.044225333333333346,-0.044225333333333346,1.0,19.0,5,-0.04974
2020-05-26,Energy,0.10177142857142858,0.10177142857142858,1.0,29.0,5,-0.044225333333333346
2020-05-27,Energy,-0.059336,-0.07417,0.8,14.0,5,0.10177142857142858
2020-05-28,Energy,0.14303,0.14303,1.0,10.0,5,-0.059336
2020-05-29,Energy,0.22098799999999996,0.22098799999999996,1.0,20.0,5,0.14303
2020-06-01,Energy,-0.08187257575757576,-0.1023407196969697,0.8,19.0,5,0.22098799999999996
2020-06-02,Energy,0.13449142857142857,0.16811428571428572,0.8,16.0,5,-0.08187257575757576
2020-06-03,Energy,0.42173,0.5271625,0.8,12.0,5,0.13449142857142857
2020-06-04,Energy,0.07703600000000001,0.07703600000000001,1.0,12.0,5,0.42173
2020-06-05,Energy,0.25553666666666663,0.25553666666666663,1.0,33.0,5,0.07703600000000001
2020-06-08,Energy,0.12971057142857145,0.12971057142857145,1.0,19.0,5,0.25553666666666663
2020-06-09,Energy,0.4114893333333334,0.4114893333333334,1.0,20.0,5,0.12971057142857145
2020-06-10,Energy,-0.15578888888888887,-0.15578888888888887,1.0,24.0,5,0.4114893333333334
2020-06-11,Energy,-0.098045,-0.098045,1.0,27.0,5,-0.15578888888888887
2020-06-12,Energy,0.027370000000000016,0.027370000000000016,1.0,10.0,5,-0.098045
2020-06-15,Energy,0.045429111111111115,0.07571518518518519,0.6,20.0,5,0.027370000000000016
2020-06-16,Energy,0.06932,0.08665,0.8,15.0,5,0.045429111111111115
2020-06-17,Energy,-0.0004159999999999997,-0.0005199999999999996,0.8,10.0,5,0.06932
2020-06-18,Energy,0.015882666666666666,0.019853333333333334,0.8,12.0,5,-0.0004159999999999997
2020-06-19,Energy,0.1895890476190476,0.315981746031746,0.6,17.0,5,0.015882666666666666
2020-06-22,Energy,0.17707333333333333,0.22134166666666666,0.8,7.0,5,0.1895890476190476
2020-06-23,Energy,0.14533000000000001,0.1816625,0.8,8.0,5,0.17707333333333333
2020-06-24,Energy,-0.24405071428571423,-0.24405071428571423,1.0,16.0,5,0.14533000000000001
2020-06-25,Energy,0.11410380952380954,0.11410380952380954,1.0,17.0,5,-0.24405071428571423
2020-06-26,Energy,0.04991333333333333,0.08318888888888888,0.6,9.0,5,0.11410380952380954
2020-06-29,Energy,0.051980000000000005,0.064975,0.8,8.0,5,0.04991333333333333
2020-06-30,Energy,0.10188466666666667,0.12735583333333333,0.8,15.0,5,0.051980000000000005
2020-07-01,Energy,0.04746333333333334,0.05932916666666667,0.8,7.0,5,0.10188466666666667
2020-07-02,Energy,0.17867757575757576,0.17867757575757576,1.0,22.0,5,0.04746333333333334
2020-07-06,Energy,0.12836380952380952,0.12836380952380952,1.0,16.0,5,0.17867757575757576
2020-07-07,Energy,0.004195000000000002,0.0069916666666666695,0.6,13.0,5,0.12836380952380952
2020-07-08,Energy,0.11717999999999999,0.5859,0.2,2.0,5,0.004195000000000002
2020-07-09,Energy,0.14581000000000002,0.18226250000000002,0.8,11.0,5,0.11717999999999999
2020-07-10,Energy,0.24538000000000001,0.24538000000000001,1.0,9.0,5,0.14581000000000002
2020-07-13,Energy,0.2691,0.44849999999999995,0.6,4.0,5,0.24538000000000001
2020-07-14,Energy,-0.00516,-0.0258,0.2,2.0,5,0.2691
2020-07-15,Energy,-0.083015,-0.13835833333333333,0.6,8.0,5,-0.00516
2020-07-16,Energy,0.07158500000000001,0.11930833333333335,0.6,10.0,5,-0.083015
2020-07-17,Energy,-0.07517666666666668,-0.09397083333333335,0.8,8.0,5,0.07158500000000001
2020-07-20,Energy,0.10967055555555558,0.10967055555555558,1.0,26.0,5,-0.07517666666666668
2020-07-21,Energy,0.26801692307692304,0.26801692307692304,1.0,32.0,5,0.10967055555555558
2020-07-22,Energy,0.19450666666666666,0.19450666666666666,1.0,13.0,5,0.26801692307692304
2020-07-23,Energy,0.02224,0.0278,0.8,7.0,5,0.19450666666666666
2020-07-24,Energy,0.15646923076923075,0.19558653846153845,0.8,18.0,5,0.02224
2020-07-27,Energy,0.030928,0.03866,0.8,14.0,5,0.15646923076923075
2020-07-28,Energy,0.08092,0.2023,0.4,2.0,5,0.030928
2020-07-29,Energy,0.24017,0.3002125,0.8,5.0,5,0.08092
2020-07-30,Energy,0.05796444444444444,0.05796444444444444,1.0,29.0,5,0.24017
2020-07-31,Energy,-0.0016531428571428565,-0.004132857142857141,0.4,36.0,5,0.05796444444444444
2020-08-03,Energy,0.10191750000000002,0.10191750000000002,1.0,16.0,5,-0.0016531428571428565
2020-08-04,Energy,-0.005684999999999998,-0.014212499999999996,0.4,10.0,5,0.10191750000000002
2020-08-05,Energy,0.09411499999999999,0.15685833333333332,0.6,15.0,5,-0.005684999999999998
2020-08-06,Energy,0.07737333333333332,0.19343333333333332,0.4,5.0,5,0.09411499999999999
2020-08-07,Energy,0.029141333333333335,0.04856888888888889,0.6,9.0,5,0.07737333333333332
2020-08-10,Energy,0.19224533333333338,0.19224533333333338,1.0,18.0,5,0.029141333333333335
2020-08-11,Energy,0.17973357142857144,0.2246669642857143,0.8,14.0,5,0.19224533333333338
2020-08-12,Energy,0.16271333333333332,0.16271333333333332,1.0,11.0,5,0.17973357142857144
2020-08-13,Energy,0.05464,0.1366,0.4,3.0,5,0.16271333333333332
2020-08-14,Energy,0.177065,0.29510833333333336,0.6,8.0,5,0.05464
2020-08-17,Energy,-0.05180666666666667,-0.06475833333333333,0.8,17.0,5,0.177065
2020-08-18,Energy,0.01127333333333333,0.014091666666666662,0.8,12.0,5,-0.05180666666666667
2020-08-19,Energy,0.053013333333333336,0.08835555555555556,0.6,8.0,5,0.01127333333333333
2020-08-20,Energy,0.047895999999999994,0.05986999999999999,0.8,14.0,5,0.053013333333333336
2020-08-21,Energy,0.045533333333333335,0.11383333333333334,0.4,7.0,5,0.047895999999999994
2020-08-24,Energy,0.07997555555555555,0.1332925925925926,0.6,22.0,5,0.045533333333333335
2020-08-25,Energy,0.007370666666666667,0.018426666666666668,0.4,16.0,5,0.07997555555555555
2020-08-26,Energy,0.11475142857142857,0.19125238095238095,0.6,12.0,5,0.007370666666666667
2020-08-27,Energy,0.02362514285714285,0.02362514285714285,1.0,16.0,5,0.11475142857142857
2020-08-28,Energy,0.002345,0.003908333333333333,0.6,7.0,5,0.02362514285714285
2020-08-31,Energy,-0.0067385714285714245,-0.0067385714285714245,1.0,23.0,5,0.002345
2020-09-01,Energy,0.13096666666666665,0.16370833333333332,0.8,13.0,5,-0.0067385714285714245
2020-09-02,Energy,-0.03684,-0.0921,0.4,7.0,5,0.13096666666666665
2020-09-03,Energy,0.10507599999999999,0.17512666666666665,0.6,7.0,5,-0.03684
2020-09-04,Energy,0.027115,0.03389375,0.8,7.0,5,0.10507599999999999
2020-09-08,Energy,-0.11501828571428574,-0.11501828571428574,1.0,21.0,5,0.027115
2020-09-09,Energy,0.04588,0.2294,0.2,2.0,5,-0.11501828571428574
2020-09-10,Energy,0.05464,0.1366,0.4,2.0,5,0.04588
2020-09-11,Energy,0.0708,0.118,0.6,7.0,5,0.05464
2020-09-14,Energy,-0.026293571428571427,-0.06573392857142857,0.4,11.0,5,0.0708
2020-09-15,Energy,-0.10440666666666668,-0.2610166666666667,0.4,4.0,5,-0.026293571428571427
2020-09-16,Energy,0.08221500000000001,0.2055375,0.4,7.0,5,-0.10440666666666668
2020-09-17,Energy,0.09484333333333334,0.23710833333333334,0.4,7.0,5,0.08221500000000001
2020-09-18,Energy,0.049510000000000005,0.12377500000000001,0.4,8.0,5,0.09484333333333334
2020-09-21,Energy,-0.04809333333333334,-0.08015555555555558,0.6,10.0,5,0.049510000000000005
2020-09-22,Energy,0.25954,0.4325666666666666,0.6,4.0,5,-0.04809333333333334
2020-09-23,Energy,0.05761500000000001,0.09602500000000003,0.6,9.0,5,0.25954
2020-09-24,Energy,0.15663666666666667,0.19579583333333334,0.8,7.0,5,0.05761500000000001
2020-09-25,Energy,0.09993333333333333,0.12491666666666666,0.8,7.0,5,0.15663666666666667
2020-09-28,Energy,0.120205,0.20034166666666667,0.6,13.0,5,0.09993333333333333
2020-09-29,Energy,0.25221,0.25221,1.0,8.0,5,0.120205
2020-09-30,Energy,0.008376666666666668,0.013961111111111113,0.6,12.0,5,0.25221
2020-10-01,Energy,0.06487111111111112,0.06487111111111112,1.0,21.0,5,0.008376666666666668
2020-10-02,Energy,0.2222254761904762,0.27778184523809524,0.8,16.0,5,0.06487111111111112
2020-10-05,Energy,0.12574483333333336,0.1571810416666667,0.8,31.0,5,0.2222254761904762
2020-10-06,Energy,-0.009150000000000002,-0.015250000000000001,0.6,6.0,5,0.12574483333333336
2020-10-07,Energy,0.023144000000000005,0.05786000000000001,0.4,6.0,5,-0.009150000000000002
2020-10-08,Energy,0.1764790476190476,0.294131746031746,0.6,16.0,5,0.023144000000000005
2020-10-09,Energy,0.0,,0.0,0.0,5,0.1764790476190476
2020-10-12,Energy,0.18378500000000003,0.22973125000000005,0.8,13.0,5,0.0
2020-10-13,Energy,-0.09545999999999999,-0.1591,0.6,5.0,5,0.18378500000000003
2020-10-14,Energy,0.02732,0.045533333333333335,0.6,9.0,5,-0.09545999999999999
2020-10-15,Energy,0.26669,0.3333625,0.8,8.0,5,0.02732
2020-10-16,Energy,-0.010148749999999995,-0.016914583333333327,0.6,19.0,5,0.26669
2020-10-19,Energy,0.0239189696969697,0.0239189696969697,1.0,22.0,5,-0.010148749999999995
2020-10-20,Energy,0.11259333333333332,0.18765555555555555,0.6,8.0,5,0.0239189696969697
2020-10-21,Energy,-0.030614999999999983,-0.030614999999999983,1.0,12.0,5,0.11259333333333332
2020-10-22,Energy,0.12003833333333333,0.2000638888888889,0.6,8.0,5,-0.030614999999999983
2020-10-23,Energy,0.15537499999999999,0.25895833333333335,0.6,6.0,5,0.12003833333333333
2020-10-26,Energy,0.06980433333333333,0.06980433333333333,1.0,17.0,5,0.15537499999999999
2020-10-27,Energy,-0.0005066666666666663,-0.000844444444444444,0.6,6.0,5,0.06980433333333333
2020-10-28,Energy,0.07116857142857143,0.07116857142857143,1.0,29.0,5,-0.0005066666666666663
2020-10-29,Energy,-0.1950985714285714,-0.24387321428571426,0.8,16.0,5,0.07116857142857143
2020-10-30,Energy,0.0415205,0.06920083333333334,0.6,23.0,5,-0.1950985714285714
2020-11-02,Energy,-0.08184083333333333,-0.08184083333333333,1.0,18.0,5,0.0415205
2020-11-03,Energy,0.129825,0.21637499999999998,0.6,6.0,5,-0.08184083333333333
2020-11-04,Energy,0.092334,0.1154175,0.8,17.0,5,0.129825
2020-11-05,Energy,0.04858666666666666,0.04858666666666666,1.0,9.0,5,0.092334
2020-11-06,Energy,0.026895000000000002,0.134475,0.2,4.0,5,0.04858666666666666
2020-11-09,Energy,0.17976478205128205,0.17976478205128205,1.0,31.0,5,0.026895000000000002
2020-11-10,Energy,0.07149700000000003,0.07149700000000003,1.0,15.0,5,0.17976478205128205
2020-11-11,Energy,0.17864,0.29773333333333335,0.6,7.0,5,0.07149700000000003
2020-11-12,Energy,0.3424666666666667,0.3424666666666667,1.0,11.0,5,0.17864
2020-11-13,Energy,0.11189333333333333,0.27973333333333333,0.4,6.0,5,0.3424666666666667
2020-11-16,Energy,0.2094725,0.261840625,0.8,18.0,5,0.11189333333333333
2020-11-17,Energy,0.0,0.0,0.4,3.0,5,0.2094725
2020-11-18,Energy,0.05945333333333334,0.09908888888888889,0.6,8.0,5,0.0
2020-11-19,Energy,0.08038,0.20095,0.4,4.0,5,0.05945333333333334
2020-11-20,Energy,0.0,0.0,0.4,2.0,5,0.08038
2020-11-23,Energy,-0.02423785714285715,-0.030297321428571437,0.8,17.0,5,0.0
2020-11-24,Energy,-0.14315,-0.14315,1.0,11.0,5,-0.02423785714285715
2020-11-25,Energy,0.12261249999999999,0.153265625,0.8,13.0,5,-0.14315
2020-11-27,Energy,0.05974250000000001,0.14935625000000002,0.4,10.0,5,0.12261249999999999
2020-11-30,Energy,0.21517904761904766,0.21517904761904766,1.0,27.0,5,0.05974250000000001
2020-12-01,Energy,0.10310666666666665,0.10310666666666665,1.0,12.0,5,0.21517904761904766
2020-12-02,Energy,0.15702333333333335,0.19627916666666667,0.8,13.0,5,0.10310666666666665
2020-12-03,Energy,0.012890000000000007,0.021483333333333344,0.6,8.0,5,0.15702333333333335
2020-12-04,Energy,0.019868499278499277,0.019868499278499277,1.0,30.0,5,0.012890000000000007
2020-12-07,Energy,0.11035233333333334,0.13794041666666668,0.8,33.0,5,0.019868499278499277
2020-12-08,Energy,0.07522999999999999,0.12538333333333332,0.6,7.0,5,0.11035233333333334
2020-12-09,Energy,0.039928000000000005,0.06654666666666667,0.6,12.0,5,0.07522999999999999
2020-12-10,Energy,0.277084,0.34635499999999997,0.8,14.0,5,0.039928000000000005
2020-12-11,Energy,-0.233304,-0.233304,1.0,14.0,5,0.277084
2020-12-14,Energy,0.12055000000000002,0.15068750000000003,0.8,13.0,5,-0.233304
2020-12-15,Energy,0.20113333333333333,0.33522222222222225,0.6,6.0,5,0.12055000000000002
2020-12-16,Energy,0.008926666666666671,0.02231666666666668,0.4,5.0,5,0.20113333333333333
2020-12-17,Energy,0.11717999999999999,0.11717999999999999,1.0,8.0,5,0.008926666666666671
2020-12-18,Energy,0.036699999999999997,0.06116666666666667,0.6,5.0,5,0.11717999999999999
2020-12-21,Energy,0.13405733333333333,0.13405733333333333,1.0,14.0,5,0.036699999999999997
2020-12-22,Energy,-0.018831999999999995,-0.018831999999999995,1.0,21.0,5,0.13405733333333333
2020-12-23,Energy,0.09534000000000001,0.1589,0.6,4.0,5,-0.018831999999999995
2020-12-24,Energy,0.045566666666666665,0.07594444444444444,0.6,9.0,5,0.09534000000000001
2020-12-28,Energy,0.10527533333333335,0.13159416666666668,0.8,13.0,5,0.045566666666666665
2020-12-29,Energy,0.05727,0.143175,0.4,6.0,5,0.10527533333333335
2020-12-30,Energy,0.025820000000000003,0.04303333333333334,0.6,6.0,5,0.05727
2020-12-31,Energy,0.04671333333333334,0.058391666666666675,0.8,12.0,5,0.025820000000000003
2021-01-04,Energy,0.06635833333333332,0.08294791666666666,0.8,14.0,5,0.04671333333333334
2021-01-05,Energy,0.12317666666666667,0.12317666666666667,1.0,15.0,5,0.06635833333333332
2021-01-06,Energy,-0.019253333333333334,-0.019253333333333334,1.0,16.0,5,0.12317666666666667
2021-01-07,Energy,0.05487333333333333,0.09145555555555555,0.6,6.0,5,-0.019253333333333334
2021-01-08,Energy,0.0934207142857143,0.11677589285714288,0.8,14.0,5,0.05487333333333333
2021-01-11,Energy,0.12099,0.12099,1.0,10.0,5,0.0934207142857143
2021-01-12,Energy,0.004900666666666664,0.00612583333333333,0.8,18.0,5,0.12099
2021-01-13,Energy,0.027894999999999996,0.0697375,0.4,9.0,5,0.004900666666666664
2021-01-14,Energy,0.038355,0.063925,0.6,8.0,5,0.027894999999999996
2021-01-15,Energy,0.16174307692307693,0.20217884615384615,0.8,18.0,5,0.038355
2021-01-19,Energy,0.17164666666666667,0.21455833333333332,0.8,12.0,5,0.16174307692307693
2021-01-20,Energy,-0.01909,-0.09545,0.2,4.0,5,0.17164666666666667
2021-01-21,Energy,-0.22618999999999997,-0.22618999999999997,1.0,8.0,5,-0.01909
2021-01-22,Energy,0.0489875,0.0489875,1.0,18.0,5,-0.22618999999999997
2021-01-25,Energy,0.11744000000000002,0.19573333333333334,0.6,5.0,5,0.0489875
2021-01-26,Energy,0.37006,0.37006,1.0,8.0,5,0.11744000000000002
2021-01-27,Energy,0.12439333333333333,0.2073222222222222,0.6,9.0,5,0.37006
2021-01-28,Energy,0.07949833333333332,0.09937291666666666,0.8,13.0,5,0.12439333333333333
2021-01-29,Energy,-0.20176999999999995,-0.33628333333333327,0.6,19.0,5,0.07949833333333332
2021-02-01,Energy,0.09592060606060607,0.09592060606060607,1.0,30.0,5,-0.20176999999999995
2021-02-02,Energy,0.00043824561403509044,0.0007304093567251507,0.6,23.0,5,0.09592060606060607
2021-02-03,Energy,0.040343,0.06723833333333333,0.6,11.0,5,0.00043824561403509044
2021-02-04,Energy,0.12944,0.1618,0.8,8.0,5,0.040343
2021-02-05,Energy,0.036961333333333325,0.046201666666666655,0.8,11.0,5,0.12944
2021-02-08,Energy,0.16804833333333336,0.16804833333333336,1.0,25.0,5,0.036961333333333325
2021-02-09,Energy,0.01591,0.07955,0.2,4.0,5,0.16804833333333336
2021-02-10,Energy,-0.11750000000000001,-0.19583333333333333,0.6,3.0,5,0.01591
2021-02-11,Energy,0.043355000000000005,0.054193750000000006,0.8,9.0,5,-0.11750000000000001
2021-02-12,Energy,0.01959466666666667,0.01959466666666667,1.0,14.0,5,0.043355000000000005
2021-02-16,Energy,0.1096075,0.137009375,0.8,18.0,5,0.01959466666666667
2021-02-17,Energy,-0.02203018181818182,-0.05507545454545455,0.4,16.0,5,0.1096075
2021-02-18,Energy,0.11680666666666666,0.19467777777777776,0.6,7.0,5,-0.02203018181818182
2021-02-19,Energy,0.26348,0.32935,0.8,9.0,5,0.11680666666666666
2021-02-22,Energy,0.1101088888888889,0.13763611111111113,0.8,18.0,5,0.26348
2021-02-23,Energy,0.2378033333333333,0.29725416666666665,0.8,12.0,5,0.1101088888888889
2021-02-24,Energy,-0.025846333333333332,-0.025846333333333332,1.0,17.0,5,0.2378033333333333
2021-02-25,Energy,0.10586999999999999,0.1323375,0.8,6.0,5,-0.025846333333333332
2021-02-26,Energy,0.01366,0.022766666666666668,0.6,8.0,5,0.10586999999999999
2021-03-01,Energy,0.2517376666666667,0.2517376666666667,1.0,28.0,5,0.01366
2021-03-02,Energy,-0.053190666666666664,-0.13297666666666666,0.4,8.0,5,0.2517376666666667
2021-03-03,Energy,0.004489090909090908,0.01122272727272727,0.4,15.0,5,-0.053190666666666664
2021-03-04,Energy,0.10244499999999998,0.10244499999999998,1.0,12.0,5,0.004489090909090908
2021-03-05,Energy,0.11253333333333333,0.11253333333333333,1.0,17.0,5,0.10244499999999998
2021-03-08,Energy,0.10406866666666667,0.13008583333333334,0.8,14.0,5,0.11253333333333333
2021-03-09,Energy,-0.10365238095238097,-0.17275396825396827,0.6,11.0,5,0.10406866666666667
2021-03-10,Energy,0.11134999999999999,0.1391875,0.8,10.0,5,-0.10365238095238097
2021-03-11,Energy,0.17562333333333333,0.29270555555555555,0.6,7.0,5,0.11134999999999999
2021-03-12,Energy,0.09534000000000001,0.4767,0.2,1.0,5,0.17562333333333333
2021-03-15,Energy,0.08874333333333333,0.11092916666666666,0.8,13.0,5,0.09534000000000001
2021-03-16,Energy,-0.05992333333333333,-0.14980833333333332,0.4,5.0,5,0.08874333333333333
2021-03-17,Energy,0.006846666666666666,0.017116666666666665,0.4,6.0,5,-0.05992333333333333
2021-03-18,Energy,-0.03853333333333335,-0.048166666666666684,0.8,9.0,5,0.006846666666666666
2021-03-19,Energy,0.16752000000000003,0.27920000000000006,0.6,6.0,5,-0.03853333333333335
2021-03-22,Energy,0.006773333333333337,0.008466666666666671,0.8,13.0,5,0.16752000000000003
2021-03-23,Energy,-0.12369277777777779,-0.12369277777777779,1.0,27.0,5,0.006773333333333337
2021-03-24,Energy,-0.013957333333333332,-0.017446666666666666,0.8,11.0,5,-0.12369277777777779
2021-03-25,Energy,0.14115333333333333,0.17644166666666666,0.8,9.0,5,-0.013957333333333332
2021-03-26,Energy,0.19800233333333334,0.3300038888888889,0.6,12.0,5,0.14115333333333333
2021-03-29,Energy,0.13676,0.17095,0.8,8.0,5,0.19800233333333334
2021-03-30,Energy,0.2677733333333333,0.33471666666666666,0.8,7.0,5,0.13676
2021-03-31,Energy,0.16337333333333334,0.20421666666666669,0.8,12.0,5,0.2677733333333333
2021-04-01,Energy,-0.2929,-0.2929,1.0,9.0,5,0.16337333333333334
2021-04-05,Energy,0.06448400000000001,0.08060500000000001,0.8,12.0,5,-0.2929
2021-04-06,Energy,0.045529999999999994,0.05691249999999999,0.8,13.0,5,0.06448400000000001
2021-04-07,Energy,-0.041080000000000005,-0.06846666666666668,0.6,5.0,5,0.045529999999999994
2021-04-08,Energy,0.07392,0.07392,1.0,6.0,5,-0.041080000000000005
2021-04-09,Energy,-0.15111,-0.18888749999999999,0.8,5.0,5,0.07392
2021-04-12,Energy,0.14817,0.370425,0.4,3.0,5,-0.15111
2021-04-13,Energy,0.14788666666666667,0.24647777777777777,0.6,8.0,5,0.14817
2021-04-14,Energy,0.06063333333333334,0.07579166666666667,0.8,10.0,5,0.14788666666666667
2021-04-15,Energy,0.0017399999999999972,0.0017399999999999972,1.0,6.0,5,0.06063333333333334
2021-04-16,Energy,0.12517333333333333,0.15646666666666667,0.8,10.0,5,0.0017399999999999972
2021-04-19,Energy,0.058951666666666666,0.09825277777777779,0.6,11.0,5,0.12517333333333333
2021-04-20,Energy,0.15418,0.2569666666666667,0.6,6.0,5,0.058951666666666666
2021-04-21,Energy,0.028655000000000003,0.03581875,0.8,11.0,5,0.15418
2021-04-22,Energy,0.02112,0.0352,0.6,10.0,5,0.028655000000000003
2021-04-23,Energy,-0.03827,-0.03827,1.0,16.0,5,0.02112
2021-04-26,Energy,-0.015539999999999993,-0.015539999999999993,1.0,13.0,5,-0.03827
2021-04-27,Energy,0.039466666666666664,0.06577777777777777,0.6,5.0,5,-0.015539999999999993
2021-04-28,Energy,0.188026,0.3133766666666667,0.6,8.0,5,0.039466666666666664
2021-04-29,Energy,0.12039333333333331,0.2006555555555555,0.6,8.0,5,0.188026
2021-04-30,Energy,0.21260785714285718,0.21260785714285718,1.0,33.0,5,0.12039333333333331
2021-05-03,Energy,0.09553500000000001,0.11941875,0.8,12.0,5,0.21260785714285718
2021-05-04,Energy,0.0629197142857143,0.1048661904761905,0.6,16.0,5,0.09553500000000001
2021-05-05,Energy,0.09552999999999998,0.11941249999999998,0.8,12.0,5,0.0629197142857143
2021-05-06,Energy,0.20033000000000004,0.25041250000000004,0.8,10.0,5,0.09552999999999998
2021-05-07,Energy,-0.037505,-0.0937625,0.4,6.0,5,0.20033000000000004
2021-05-10,Energy,0.1404102857142857,0.1404102857142857,1.0,28.0,5,-0.037505
2021-05-11,Energy,-0.042772000000000004,-0.053465000000000006,0.8,17.0,5,0.1404102857142857
2021-05-12,Energy,0.08828666666666667,0.11035833333333334,0.8,13.0,5,-0.042772000000000004
2021-05-13,Energy,0.0,0.0,0.6,6.0,5,0.08828666666666667
2021-05-14,Energy,-0.017033333333333334,-0.02838888888888889,0.6,6.0,5,0.0
2021-05-17,Energy,0.18345533333333333,0.22931916666666666,0.8,14.0,5,-0.017033333333333334
2021-05-18,Energy,-0.011774999999999999,-0.0294375,0.4,8.0,5,0.18345533333333333
2021-05-19,Energy,-0.047685,-0.1192125,0.4,6.0,5,-0.011774999999999999
2021-05-20,Energy,0.04046,0.10115,0.4,2.0,5,-0.047685
2021-05-21,Energy,0.029889999999999993,0.03736249999999999,0.8,10.0,5,0.04046
2021-05-24,Energy,0.11589333333333332,0.11589333333333332,1.0,13.0,5,0.029889999999999993
2021-05-25,Energy,0.13534277777777776,0.1691784722222222,0.8,15.0,5,0.11589333333333332
2021-05-26,Energy,0.309022,0.309022,1.0,19.0,5,0.13534277777777776
2021-05-27,Energy,0.06648133333333332,0.1108022222222222,0.6,14.0,5,0.309022
2021-05-28,Energy,-0.025832000000000004,-0.032290000000000006,0.8,12.0,5,0.06648133333333332
2021-06-01,Energy,0.0877517142857143,0.0877517142857143,1.0,35.0,5,-0.025832000000000004
2021-06-02,Energy,0.13728400000000002,0.171605,0.8,21.0,5,0.0877517142857143
2021-06-03,Energy,0.22660999999999998,0.22660999999999998,1.0,12.0,5,0.13728400000000002
2021-06-04,Energy,0.0,0.0,0.6,6.0,5,0.22660999999999998
2021-06-07,Energy,-0.22979999999999995,-0.22979999999999995,1.0,13.0,5,0.0
2021-06-08,Energy,0.14079999999999998,0.23466666666666666,0.6,4.0,5,-0.22979999999999995
2021-06-09,Energy,0.06250599999999999,0.156265,0.4,11.0,5,0.14079999999999998
2021-06-10,Energy,0.12267000000000002,0.12267000000000002,1.0,9.0,5,0.06250599999999999
2021-06-11,Energy,0.033855,0.056425,0.6,7.0,5,0.12267000000000002
2021-06-14,Energy,0.24615666666666663,0.24615666666666663,1.0,16.0,5,0.033855
2021-06-15,Energy,0.24227266666666666,0.30284083333333334,0.8,13.0,5,0.24615666666666663
2021-06-16,Energy,0.265556,0.265556,1.0,14.0,5,0.24227266666666666
2021-06-17,Energy,0.03200666666666667,0.04000833333333333,0.8,11.0,5,0.265556
2021-06-18,Energy,0.09314,0.116425,0.8,7.0,5,0.03200666666666667
2021-06-21,Energy,0.10162749999999998,0.10162749999999998,1.0,25.0,5,0.09314
2021-06-22,Energy,0.053485000000000005,0.1337125,0.4,5.0,5,0.10162749999999998
2021-06-23,Energy,0.21233400000000002,0.26541750000000003,0.8,12.0,5,0.053485000000000005
2021-06-24,Energy,0.14267166666666667,0.14267166666666667,1.0,11.0,5,0.21233400000000002
2021-06-25,Energy,0.09781333333333334,0.24453333333333332,0.4,7.0,5,0.14267166666666667
2021-06-28,Energy,-0.04689999999999998,-0.04689999999999998,1.0,11.0,5,0.09781333333333334
2021-06-29,Energy,0.521624,0.521624,1.0,9.0,5,-0.04689999999999998
2021-06-30,Energy,0.08578333333333334,0.10722916666666667,0.8,13.0,5,0.521624
2021-07-01,Energy,0.14565,0.14565,1.0,18.0,5,0.08578333333333334
2021-07-02,Energy,0.286435,0.286435,1.0,10.0,5,0.14565
2021-07-06,Energy,-0.05439333333333335,-0.09065555555555559,0.6,7.0,5,0.286435
2021-07-07,Energy,0.013188333333333333,0.013188333333333333,1.0,11.0,5,-0.05439333333333335
2021-07-08,Energy,0.15350533333333333,0.15350533333333333,1.0,14.0,5,0.013188333333333333
2021-07-09,Energy,0.15546,0.15546,1.0,13.0,5,0.15350533333333333
2021-07-12,Energy,0.24497166666666667,0.4082861111111111,0.6,8.0,5,0.15546
2021-07-13,Energy,-0.014179999999999998,-0.017724999999999998,0.8,4.0,5,0.24497166666666667
2021-07-14,Energy,0.08196,0.2049,0.4,3.0,5,-0.014179999999999998
2021-07-15,Energy,0.001401333333333335,0.0035033333333333375,0.4,8.0,5,0.08196
2021-07-16,Energy,0.09062533333333334,0.09062533333333334,1.0,16.0,5,0.001401333333333335
2021-07-19,Energy,0.04142333333333333,0.04142333333333333,1.0,21.0,5,0.09062533333333334
2021-07-20,Energy,0.3251,0.3251,1.0,12.0,5,0.04142333333333333
2021-07-21,Energy,0.29711333333333334,0.29711333333333334,1.0,16.0,5,0.3251
2021-07-22,Energy,0.09316333333333333,0.09316333333333333,1.0,19.0,5,0.29711333333333334
2021-07-23,Energy,0.2785806666666667,0.34822583333333335,0.8,18.0,5,0.09316333333333333
2021-07-26,Energy,0.024342666666666665,0.06085666666666666,0.4,11.0,5,0.2785806666666667
2021-07-27,Energy,0.0,0.0,0.2,1.0,5,0.024342666666666665
2021-07-28,Energy,0.113825,0.18970833333333334,0.6,9.0,5,0.0
2021-07-29,Energy,0.06970133333333334,0.08712666666666667,0.8,14.0,5,0.113825
2021-07-30,Energy,0.0964315909090909,0.24107897727272726,0.4,19.0,5,0.06970133333333334
2021-08-02,Energy,0.040445666666666664,0.040445666666666664,1.0,14.0,5,0.0964315909090909
2021-08-03,Energy,0.2109366666666667,0.26367083333333335,0.8,13.0,5,0.040445666666666664
2021-08-04,Energy,0.0,0.0,0.6,8.0,5,0.2109366666666667
2021-08-05,Energy,0.037768,0.09442,0.4,11.0,5,0.0
2021-08-06,Energy,0.024866666666666683,0.03108333333333335,0.8,8.0,5,0.037768
2021-08-09,Energy,-0.017699999999999987,-0.022124999999999985,0.8,15.0,5,0.024866666666666683
2021-08-10,Energy,-0.05312714285714286,-0.08854523809523811,0.6,11.0,5,-0.017699999999999987
2021-08-11,Energy,0.11612666666666667,0.14515833333333333,0.8,11.0,5,-0.05312714285714286
2021-08-12,Energy,0.022860000000000002,0.022860000000000002,1.0,8.0,5,0.11612666666666667
2021-08-13,Energy,0.014799999999999999,0.024666666666666667,0.6,7.0,5,0.022860000000000002
2021-08-16,Energy,0.05001428571428572,0.05001428571428572,1.0,18.0,5,0.014799999999999999
2021-08-17,Energy,-0.08935166666666666,-0.08935166666666666,1.0,14.0,5,0.05001428571428572
2021-08-18,Energy,0.017855,0.017855,1.0,16.0,5,-0.08935166666666666
2021-08-19,Energy,0.09139904761904762,0.11424880952380952,0.8,17.0,5,0.017855
2021-08-20,Energy,-0.18184,-0.30306666666666665,0.6,8.0,5,0.09139904761904762
2021-08-23,Energy,0.11135045454545453,0.11135045454545453,1.0,32.0,5,-0.18184
2021-08-24,Energy,0.004946666666666666,0.006183333333333332,0.8,12.0,5,0.11135045454545453
2021-08-25,Energy,0.02732,0.0683,0.4,3.0,5,0.004946666666666666
2021-08-26,Energy,0.055644000000000006,0.055644000000000006,1.0,14.0,5,0.02732
2021-08-27,Energy,0.002534999999999998,0.003168749999999998,0.8,16.0,5,0.055644000000000006
2021-08-30,Energy,-0.07495785714285715,-0.07495785714285715,1.0,14.0,5,0.002534999999999998
2021-08-31,Energy,0.08014733333333333,0.08014733333333333,1.0,18.0,5,-0.07495785714285715
2021-09-01,Energy,-0.03953904761904762,-0.04942380952380952,0.8,18.0,5,0.08014733333333333
2021-09-02,Energy,0.27498751282051287,0.27498751282051287,1.0,35.0,5,-0.03953904761904762
2021-09-03,Energy,0.10978678571428573,0.13723348214285716,0.8,17.0,5,0.27498751282051287
2021-09-07,Energy,0.20011433333333334,0.20011433333333334,1.0,19.0,5,0.10978678571428573
2021-09-08,Energy,0.09723142857142858,0.12153928571428572,0.8,19.0,5,0.20011433333333334
2021-09-09,Energy,0.30797942857142857,0.30797942857142857,1.0,20.0,5,0.09723142857142858
2021-09-10,Energy,-0.030254999999999997,-0.03781875,0.8,14.0,5,0.30797942857142857
2021-09-13,Energy,0.06427607142857143,0.0803450892857143,0.8,17.0,5,-0.030254999999999997
2021-09-14,Energy,-0.029349999999999998,-0.0366875,0.8,9.0,5,0.06427607142857143
2021-09-15,Energy,-0.03437066666666667,-0.04296333333333333,0.8,11.0,5,-0.029349999999999998
2021-09-16,Energy,-0.0058560000000000036,-0.009760000000000007,0.6,7.0,5,-0.03437066666666667
2021-09-17,Energy,0.030506666666666665,0.15253333333333333,0.2,3.0,5,-0.0058560000000000036
2021-09-20,Energy,0.053949000000000004,0.06743625,0.8,14.0,5,0.030506666666666665
2021-09-21,Energy,0.12421,0.12421,1.0,9.0,5,0.053949000000000004
2021-09-22,Energy,0.09969333333333334,0.09969333333333334,1.0,14.0,5,0.12421
2021-09-23,Energy,0.17425166666666664,0.17425166666666664,1.0,11.0,5,0.09969333333333334
2021-09-24,Energy,-0.04978,-0.08296666666666666,0.6,11.0,5,0.17425166666666664
2021-09-27,Energy,0.003622222222222221,0.003622222222222221,1.0,21.0,5,-0.04978
2021-09-28,Energy,0.0075466666666666685,0.0075466666666666685,1.0,13.0,5,0.003622222222222221
2021-09-29,Energy,0.017446428571428568,0.02907738095238095,0.6,12.0,5,0.0075466666666666685
2021-09-30,Energy,0.09925333333333333,0.09925333333333333,1.0,15.0,5,0.017446428571428568
2021-10-01,Energy,0.09469000000000001,0.23672500000000002,0.4,6.0,5,0.09925333333333333
2021-10-04,Energy,0.130295,0.21715833333333334,0.6,14.0,5,0.09469000000000001
2021-10-05,Energy,0.21605999999999997,0.21605999999999997,1.0,10.0,5,0.130295
2021-10-06,Energy,0.14254,0.23756666666666668,0.6,8.0,5,0.21605999999999997
2021-10-07,Energy,0.11381857142857141,0.11381857142857141,1.0,14.0,5,0.14254
2021-10-08,Energy,0.048263492063492064,0.06032936507936508,0.8,19.0,5,0.11381857142857141
2021-10-11,Energy,0.03470666666666668,0.04338333333333334,0.8,15.0,5,0.048263492063492064
2021-10-12,Energy,0.10075333333333333,0.16792222222222222,0.6,9.0,5,0.03470666666666668
2021-10-13,Energy,0.17314666666666664,0.2164333333333333,0.8,8.0,5,0.10075333333333333
2021-10-14,Energy,0.11113500000000001,0.185225,0.6,9.0,5,0.17314666666666664
2021-10-15,Energy,0.173063,0.173063,1.0,13.0,5,0.11113500000000001
2021-10-18,Energy,0.09307999999999997,0.09307999999999997,1.0,18.0,5,0.173063
2021-10-19,Energy,0.23352599999999998,0.23352599999999998,1.0,10.0,5,0.09307999999999997
2021-10-20,Energy,0.08418166666666667,0.14030277777777778,0.6,9.0,5,0.23352599999999998
2021-10-21,Energy,0.07890166666666668,0.09862708333333334,0.8,10.0,5,0.08418166666666667
2021-10-22,Energy,0.1351022857142857,0.1351022857142857,1.0,19.0,5,0.07890166666666668
2021-10-25,Energy,0.15431055555555556,0.19288819444444444,0.8,18.0,5,0.1351022857142857
2021-10-26,Energy,0.1535657142857143,0.2559428571428572,0.6,12.0,5,0.15431055555555556
2021-10-27,Energy,0.03201928571428571,0.03201928571428571,1.0,16.0,5,0.1535657142857143
2021-10-28,Energy,0.08302833333333333,0.10378541666666666,0.8,19.0,5,0.03201928571428571
2021-10-29,Energy,0.3622238888888889,0.3622238888888889,1.0,24.0,5,0.08302833333333333
2021-11-01,Energy,0.11249166666666666,0.14061458333333332,0.8,20.0,5,0.3622238888888889
2021-11-02,Energy,0.017442222222222224,0.02907037037037037,0.6,21.0,5,0.11249166666666666
2021-11-03,Energy,0.013253333333333334,0.033133333333333334,0.4,8.0,5,0.017442222222222224
2021-11-04,Energy,0.18046133333333333,0.22557666666666668,0.8,13.0,5,0.013253333333333334
2021-11-05,Energy,0.14115166666666665,0.23525277777777776,0.6,10.0,5,0.18046133333333333
2021-11-08,Energy,0.1436326666666667,0.1436326666666667,1.0,17.0,5,0.14115166666666665
2021-11-09,Energy,0.058188,0.072735,0.8,11.0,5,0.1436326666666667
2021-11-10,Energy,-0.026690000000000002,-0.04448333333333334,0.6,11.0,5,0.058188
2021-11-11,Energy,0.045579999999999996,0.045579999999999996,1.0,8.0,5,-0.026690000000000002
2021-11-12,Energy,0.0,,0.0,0.0,5,0.045579999999999996
2021-11-15,Energy,0.017591666666666665,0.021989583333333333,0.8,12.0,5,0.0
2021-11-16,Energy,-0.011376000000000006,-0.028440000000000014,0.4,9.0,5,0.017591666666666665
2021-11-17,Energy,0.010785714285714286,0.026964285714285715,0.4,13.0,5,-0.011376000000000006
2021-11-18,Energy,-0.02236666666666667,-0.02236666666666667,1.0,8.0,5,0.010785714285714286
2021-11-19,Energy,-0.0115104761904762,-0.019184126984126998,0.6,14.0,5,-0.02236666666666667
2021-11-22,Energy,0.0007566666666666666,0.0018916666666666665,0.4,7.0,5,-0.0115104761904762
2021-11-23,Energy,0.23304399999999997,0.291305,0.8,13.0,5,0.0007566666666666666
2021-11-24,Energy,0.018213333333333335,0.030355555555555556,0.6,5.0,5,0.23304399999999997
2021-11-26,Energy,-0.03554,-0.044425000000000006,0.8,14.0,5,0.018213333333333335
2021-11-29,Energy,-0.05344,-0.0668,0.8,10.0,5,-0.03554
2021-11-30,Energy,-0.023745000000000027,-0.029681250000000034,0.8,11.0,5,-0.05344
2021-12-01,Energy,0.21672333333333332,0.21672333333333332,1.0,11.0,5,-0.023745000000000027
2021-12-02,Energy,0.11395873015873015,0.11395873015873015,1.0,25.0,5,0.21672333333333332
2021-12-03,Energy,-0.003618333333333333,-0.009045833333333333,0.4,7.0,5,0.11395873015873015
2021-12-06,Energy,0.03752988095238095,0.03752988095238095,1.0,24.0,5,-0.003618333333333333
2021-12-07,Energy,0.09759233333333332,0.12199041666666666,0.8,14.0,5,0.03752988095238095
2021-12-08,Energy,0.13581666666666664,0.16977083333333332,0.8,16.0,5,0.09759233333333332
2021-12-09,Energy,0.004825000000000001,0.006031250000000002,0.8,11.0,5,0.13581666666666664
2021-12-10,Energy,0.15840400000000002,0.26400666666666667,0.6,8.0,5,0.004825000000000001
2021-12-13,Energy,0.05660380952380952,0.0707547619047619,0.8,12.0,5,0.15840400000000002
2021-12-14,Energy,0.19192,0.3198666666666667,0.6,4.0,5,0.05660380952380952
2021-12-15,Energy,0.10407999999999999,0.17346666666666666,0.6,5.0,5,0.19192
2021-12-16,Energy,0.09286999999999998,0.11608749999999998,0.8,5.0,5,0.10407999999999999
2021-12-17,Energy,0.090232,0.1503866666666667,0.6,11.0,5,0.09286999999999998
2021-12-20,Energy,0.000553333333333339,0.0009222222222222317,0.6,7.0,5,0.090232
2021-12-21,Energy,0.0,0.0,0.2,1.0,5,0.000553333333333339
2021-12-22,Energy,0.04019,0.06698333333333333,0.6,4.0,5,0.0
2021-12-23,Energy,-0.015326666666666669,-0.015326666666666669,1.0,11.0,5,0.04019
2021-12-27,Energy,0.18410833333333335,0.23013541666666668,0.8,11.0,5,-0.015326666666666669
2021-12-28,Energy,-0.03384666666666667,-0.05641111111111111,0.6,8.0,5,0.18410833333333335
2021-12-29,Energy,0.18331999999999998,0.22915,0.8,6.0,5,-0.03384666666666667
2021-12-30,Energy,0.025784999999999995,0.032231249999999996,0.8,7.0,5,0.18331999999999998
2021-12-31,Energy,0.210894,0.35149,0.6,8.0,5,0.025784999999999995
2022-01-03,Energy,0.08132857142857142,0.08132857142857142,1.0,20.0,5,0.210894
2022-01-04,Energy,0.036173333333333335,0.04521666666666667,0.8,6.0,5,0.08132857142857142
2022-01-05,Energy,0.09487333333333334,0.15812222222222222,0.6,14.0,5,0.036173333333333335
2022-01-06,Energy,-0.03813999999999999,-0.03813999999999999,1.0,14.0,5,0.09487333333333334
2022-01-07,Energy,0.19564,0.19564,1.0,12.0,5,-0.03813999999999999
2022-01-10,Energy,0.13752733333333333,0.22921222222222223,0.6,18.0,5,0.19564
2022-01-11,Energy,0.09243047619047619,0.15405079365079363,0.6,11.0,5,0.13752733333333333
2022-01-12,Energy,0.1994358333333333,0.24929479166666665,0.8,23.0,5,0.09243047619047619
2022-01-13,Energy,0.14125766666666667,0.14125766666666667,1.0,25.0,5,0.1994358333333333
2022-01-14,Energy,0.16037400000000002,0.20046750000000002,0.8,20.0,5,0.14125766666666667
2022-01-18,Energy,0.21999,0.21999,1.0,35.0,5,0.16037400000000002
2022-01-19,Energy,0.15642666666666666,0.15642666666666666,1.0,11.0,5,0.21999
2022-01-20,Energy,0.10958416666666668,0.13698020833333335,0.8,17.0,5,0.15642666666666666
2022-01-21,Energy,0.09560300000000001,0.11950375,0.8,25.0,5,0.10958416666666668
2022-01-24,Energy,0.05830833333333334,0.05830833333333334,1.0,22.0,5,0.09560300000000001
2022-01-25,Energy,0.14756,0.18445,0.8,16.0,5,0.05830833333333334
2022-01-26,Energy,0.17060611111111113,0.17060611111111113,1.0,27.0,5,0.14756
2022-01-27,Energy,0.09072705128205127,0.09072705128205127,1.0,35.0,5,0.17060611111111113
2022-01-28,Energy,0.14621416666666667,0.18276770833333333,0.8,42.0,5,0.09072705128205127
2022-01-31,Energy,0.15418500000000002,0.15418500000000002,1.0,19.0,5,0.14621416666666667
2022-02-01,Energy,0.0865055652173913,0.10813195652173913,0.8,30.0,5,0.15418500000000002
2022-02-02,Energy,0.17512066666666665,0.17512066666666665,1.0,29.0,5,0.0865055652173913
2022-02-03,Energy,0.1267994444444444,0.1267994444444444,1.0,28.0,5,0.17512066666666665
2022-02-04,Energy,0.138835,0.138835,1.0,11.0,5,0.1267994444444444
2022-02-07,Energy,0.1113692857142857,0.1113692857142857,1.0,24.0,5,0.138835
2022-02-08,Energy,0.21404,0.26755,0.8,30.0,5,0.1113692857142857
2022-02-09,Energy,0.19768333333333332,0.19768333333333332,1.0,17.0,5,0.21404
2022-02-10,Energy,0.004480714285714285,0.004480714285714285,1.0,15.0,5,0.19768333333333332
2022-02-11,Energy,0.117018,0.19503,0.6,17.0,5,0.004480714285714285
2022-02-14,Energy,0.15101031746031746,0.15101031746031746,1.0,38.0,5,0.117018
2022-02-15,Energy,0.088998,0.088998,1.0,20.0,5,0.15101031746031746
2022-02-16,Energy,0.15267,0.15267,1.0,22.0,5,0.088998
2022-02-17,Energy,0.06941,0.0867625,0.8,18.0,5,0.15267
2022-02-18,Energy,0.06166733333333334,0.07708416666666668,0.8,11.0,5,0.06941
2022-02-22,Energy,0.0418635,0.052329375,0.8,31.0,5,0.06166733333333334
2022-02-23,Energy,0.121843,0.121843,1.0,23.0,5,0.0418635
2022-02-24,Energy,-0.04439355555555555,-0.04439355555555555,1.0,27.0,5,0.121843
2022-02-25,Energy,0.11271820512820514,0.14089775641025643,0.8,35.0,5,-0.04439355555555555
2022-02-28,Energy,0.10862033333333335,0.10862033333333335,1.0,38.0,5,0.11271820512820514
2022-03-01,Energy,0.07887258145363409,0.07887258145363409,1.0,49.0,5,0.10862033333333335
2022-03-02,Energy,0.17482095238095238,0.17482095238095238,1.0,42.0,5,0.07887258145363409
2022-03-03,Energy,0.04997421245421246,0.04997421245421246,1.0,31.0,5,0.17482095238095238
2022-03-04,Energy,0.07573966666666668,0.09467458333333334,0.8,26.0,5,0.04997421245421246
2022-03-07,Energy,0.058194699633699644,0.058194699633699644,1.0,52.0,5,0.07573966666666668
2022-03-08,Energy,0.13059844444444443,0.13059844444444443,1.0,39.0,5,0.058194699633699644
2022-03-09,Energy,0.13214633333333334,0.13214633333333334,1.0,35.0,5,0.13059844444444443
2022-03-10,Energy,0.10853261904761906,0.10853261904761906,1.0,30.0,5,0.13214633333333334
2022-03-11,Energy,0.14367555555555556,0.14367555555555556,1.0,27.0,5,0.10853261904761906
2022-03-14,Energy,0.19276683333333333,0.19276683333333333,1.0,32.0,5,0.14367555555555556
2022-03-15,Energy,0.1893382619047619,0.1893382619047619,1.0,33.0,5,0.19276683333333333
2022-03-16,Energy,0.18090438311688312,0.18090438311688312,1.0,29.0,5,0.1893382619047619
2022-03-17,Energy,0.12230707070707073,0.1528838383838384,0.8,32.0,5,0.18090438311688312
2022-03-18,Energy,0.07074333333333334,0.07074333333333334,1.0,11.0,5,0.12230707070707073
2022-03-21,Energy,0.1059651948051948,0.1059651948051948,1.0,35.0,5,0.07074333333333334
2022-03-22,Energy,0.13208666666666669,0.13208666666666669,1.0,35.0,5,0.1059651948051948
2022-03-23,Energy,0.04383416666666667,0.04383416666666667,1.0,24.0,5,0.13208666666666669
2022-03-24,Energy,0.1122163846153846,0.1122163846153846,1.0,33.0,5,0.04383416666666667
2022-03-25,Energy,0.30355533333333334,0.30355533333333334,1.0,31.0,5,0.1122163846153846
2022-03-28,Energy,0.29385,0.29385,1.0,29.0,5,0.30355533333333334
2022-03-29,Energy,0.11205909090909091,0.11205909090909091,1.0,28.0,5,0.29385
2022-03-30,Energy,0.29473333333333335,0.36841666666666667,0.8,13.0,5,0.11205909090909091
2022-03-31,Energy,0.01515666666666667,0.01515666666666667,1.0,23.0,5,0.29473333333333335
2022-04-01,Energy,0.25609800000000005,0.25609800000000005,1.0,14.0,5,0.01515666666666667
2022-04-04,Energy,0.13181566666666666,0.13181566666666666,1.0,26.0,5,0.25609800000000005
2022-04-05,Energy,0.086984,0.086984,1.0,16.0,5,0.13181566666666666
2022-04-06,Energy,0.158825,0.19853125,0.8,11.0,5,0.086984
2022-04-07,Energy,0.15524999999999997,0.19406249999999997,0.8,17.0,5,0.158825
2022-04-08,Energy,0.1975842857142857,0.24698035714285713,0.8,20.0,5,0.15524999999999997
2022-04-11,Energy,0.27352583333333336,0.34190729166666667,0.8,20.0,5,0.1975842857142857
2022-04-12,Energy,0.18135844444444443,0.18135844444444443,1.0,21.0,5,0.27352583333333336
2022-04-13,Energy,0.18383994444444446,0.2297999305555556,0.8,28.0,5,0.18135844444444443
2022-04-14,Energy,0.22596000000000002,0.28245000000000003,0.8,8.0,5,0.18383994444444446
2022-04-18,Energy,0.20733444444444443,0.25916805555555555,0.8,15.0,5,0.22596000000000002
2022-04-19,Energy,0.23370400000000005,0.23370400000000005,1.0,13.0,5,0.20733444444444443
2022-04-20,Energy,0.27108,0.27108,1.0,10.0,5,0.23370400000000005
2022-04-21,Energy,0.16335266666666665,0.20419083333333332,0.8,23.0,5,0.27108
2022-04-22,Energy,0.1482736666666667,0.1482736666666667,1.0,28.0,5,0.16335266666666665
2022-04-25,Energy,0.12952595093795097,0.12952595093795097,1.0,48.0,5,0.1482736666666667
2022-04-26,Energy,0.11398702380952382,0.14248377976190477,0.8,25.0,5,0.12952595093795097
2022-04-27,Energy,0.28937688888888896,0.28937688888888896,1.0,28.0,5,0.11398702380952382
2022-04-28,Energy,0.2515092857142857,0.2515092857142857,1.0,33.0,5,0.28937688888888896
2022-04-29,Energy,-0.018015259259259266,-0.018015259259259266,1.0,58.0,5,0.2515092857142857
2022-05-02,Energy,0.146958,0.1836975,0.8,35.0,5,-0.018015259259259266
2022-05-03,Energy,0.205567,0.205567,1.0,31.0,5,0.146958
2022-05-04,Energy,0.07543466666666668,0.09429333333333334,0.8,20.0,5,0.205567
2022-05-05,Energy,0.3271557619047619,0.3271557619047619,1.0,40.0,5,0.07543466666666668
2022-05-06,Energy,0.16832407142857142,0.16832407142857142,1.0,27.0,5,0.3271557619047619
2022-05-09,Energy,0.1219822683982684,0.1524778354978355,0.8,34.0,5,0.16832407142857142
2022-05-10,Energy,0.15877142857142856,0.15877142857142856,1.0,19.0,5,0.1219822683982684
2022-05-11,Energy,0.258225,0.32278124999999996,0.8,23.0,5,0.15877142857142856
2022-05-12,Energy,0.0993554761904762,0.0993554761904762,1.0,31.0,5,0.258225
2022-05-13,Energy,0.0791951111111111,0.09899388888888888,0.8,34.0,5,0.0993554761904762
2022-05-16,Energy,0.09566242002442002,0.09566242002442002,1.0,48.0,5,0.0791951111111111
2022-05-17,Energy,0.07172527272727272,0.08965659090909091,0.8,24.0,5,0.09566242002442002
2022-05-18,Energy,0.10740920512820513,0.10740920512820513,1.0,29.0,5,0.07172527272727272
2022-05-19,Energy,0.1307127619047619,0.16339095238095236,0.8,21.0,5,0.10740920512820513
2022-05-20,Energy,0.21657,0.2707125,0.8,19.0,5,0.1307127619047619
2022-05-23,Energy,0.12849466666666667,0.12849466666666667,1.0,19.0,5,0.21657
2022-05-24,Energy,0.17849844444444446,0.17849844444444446,1.0,22.0,5,0.12849466666666667
2022-05-25,Energy,0.15403333333333333,0.19254166666666667,0.8,26.0,5,0.17849844444444446
2022-05-26,Energy,0.1851935,0.1851935,1.0,23.0,5,0.15403333333333333
2022-05-27,Energy,0.25107380952380953,0.25107380952380953,1.0,20.0,5,0.1851935
2022-05-31,Energy,0.22741289377289373,0.22741289377289373,1.0,31.0,5,0.25107380952380953
2022-06-01,Energy,0.2107964285714286,0.2107964285714286,1.0,21.0,5,0.22741289377289373
2022-06-02,Energy,0.3380446666666667,0.3380446666666667,1.0,21.0,5,0.2107964285714286
2022-06-03,Energy,0.1983666666666667,0.1983666666666667,1.0,18.0,5,0.3380446666666667
2022-06-06,Energy,0.14872483516483517,0.18590604395604396,0.8,24.0,5,0.1983666666666667
2022-06-07,Energy,0.12294450000000001,0.12294450000000001,1.0,23.0,5,0.14872483516483517
2022-06-08,Energy,0.18043984126984128,0.18043984126984128,1.0,27.0,5,0.12294450000000001
2022-06-09,Energy,0.13054000000000002,0.16317500000000001,0.8,10.0,5,0.18043984126984128
2022-06-10,Energy,0.11574533333333334,0.11574533333333334,1.0,19.0,5,0.13054000000000002
2022-06-13,Energy,0.1252779292929293,0.1565974116161616,0.8,28.0,5,0.11574533333333334
2022-06-14,Energy,0.1712075,0.214009375,0.8,19.0,5,0.1252779292929293
2022-06-15,Energy,0.2154575,0.2154575,1.0,16.0,5,0.1712075
2022-06-16,Energy,0.08423,0.08423,1.0,10.0,5,0.2154575
2022-06-17,Energy,0.21708633333333333,0.21708633333333333,1.0,24.0,5,0.08423
2022-06-21,Energy,0.05272926470588235,0.06591158088235294,0.8,39.0,5,0.21708633333333333
2022-06-22,Energy,0.05262444444444444,0.05262444444444444,1.0,38.0,5,0.05272926470588235
2022-06-23,Energy,0.1196363888888889,0.1196363888888889,1.0,40.0,5,0.05262444444444444
2022-06-24,Energy,-0.08981416666666667,-0.08981416666666667,1.0,18.0,5,0.1196363888888889
2022-06-27,Energy,0.10657933333333333,0.10657933333333333,1.0,26.0,5,-0.08981416666666667
2022-06-28,Energy,0.2728001400560225,0.2728001400560225,1.0,32.0,5,0.10657933333333333
2022-06-29,Energy,0.18623314285714287,0.2327914285714286,0.8,27.0,5,0.2728001400560225
2022-06-30,Energy,-0.04983449999999999,-0.04983449999999999,1.0,20.0,5,0.18623314285714287
2022-07-01,Energy,0.22599,0.22599,1.0,21.0,5,-0.04983449999999999
2022-07-05,Energy,0.08150358682983684,0.08150358682983684,1.0,55.0,5,0.22599
2022-07-06,Energy,0.32752042857142855,0.32752042857142855,1.0,28.0,5,0.08150358682983684
2022-07-07,Energy,0.2622766666666667,0.2622766666666667,1.0,21.0,5,0.32752042857142855
2022-07-08,Energy,0.12221000000000001,0.15276250000000002,0.8,17.0,5,0.2622766666666667
2022-07-11,Energy,0.04475533333333333,0.05594416666666666,0.8,30.0,5,0.12221000000000001
2022-07-12,Energy,0.23591047619047617,0.23591047619047617,1.0,20.0,5,0.04475533333333333
2022-07-13,Energy,0.17557333333333336,0.17557333333333336,1.0,23.0,5,0.23591047619047617
2022-07-14,Energy,0.18075333333333332,0.18075333333333332,1.0,31.0,5,0.17557333333333336
2022-07-15,Energy,0.27465833333333334,0.27465833333333334,1.0,19.0,5,0.18075333333333332
2022-07-18,Energy,0.2695073809523809,0.2695073809523809,1.0,25.0,5,0.27465833333333334
2022-07-19,Energy,0.34509999999999996,0.34509999999999996,1.0,17.0,5,0.2695073809523809
2022-07-20,Energy,0.18513214285714286,0.18513214285714286,1.0,23.0,5,0.34509999999999996
2022-07-21,Energy,0.14696900000000002,0.14696900000000002,1.0,21.0,5,0.18513214285714286
2022-07-22,Energy,0.2676290909090909,0.2676290909090909,1.0,22.0,5,0.14696900000000002
2022-07-25,Energy,0.3801078614718615,0.3801078614718615,1.0,35.0,5,0.2676290909090909
2022-07-26,Energy,0.08235833333333334,0.08235833333333334,1.0,16.0,5,0.3801078614718615
2022-07-27,Energy,0.14598238095238095,0.14598238095238095,1.0,27.0,5,0.08235833333333334
2022-07-28,Energy,0.17714372727272729,0.17714372727272729,1.0,34.0,5,0.14598238095238095
2022-07-29,Energy,0.33217717948717945,0.33217717948717945,1.0,61.0,5,0.17714372727272729
2022-08-01,Energy,0.14345000000000002,0.14345000000000002,1.0,35.0,5,0.33217717948717945
2022-08-02,Energy,0.13386892857142857,0.1673361607142857,0.8,31.0,5,0.14345000000000002
2022-08-03,Energy,0.28434175401069517,0.28434175401069517,1.0,39.0,5,0.13386892857142857
2022-08-04,Energy,0.20811309523809524,0.20811309523809524,1.0,27.0,5,0.28434175401069517
2022-08-05,Energy,0.23218200000000003,0.2902275,0.8,21.0,5,0.20811309523809524
2022-08-08,Energy,0.10714609523809523,0.1785768253968254,0.6,29.0,5,0.23218200000000003
2022-08-09,Energy,0.05468838095238095,0.09114730158730157,0.6,21.0,5,0.10714609523809523
2022-08-10,Energy,0.17458038095238093,0.17458038095238093,1.0,23.0,5,0.05468838095238095
2022-08-11,Energy,0.18854533333333334,0.18854533333333334,1.0,15.0,5,0.17458038095238093
2022-08-12,Energy,0.156642,0.1958025,0.8,15.0,5,0.18854533333333334
2022-08-15,Energy,0.14367450505050508,0.14367450505050508,1.0,44.0,5,0.156642
2022-08-16,Energy,0.16302333333333335,0.20377916666666668,0.8,18.0,5,0.14367450505050508
2022-08-17,Energy,0.28770166666666663,0.3596270833333333,0.8,15.0,5,0.16302333333333335
2022-08-18,Energy,-0.03269566666666665,-0.03269566666666665,1.0,22.0,5,0.28770166666666663
2022-08-19,Energy,0.11888866666666664,0.19814777777777773,0.6,16.0,5,-0.03269566666666665
2022-08-22,Energy,0.2149448888888889,0.2149448888888889,1.0,23.0,5,0.11888866666666664
2022-08-23,Energy,0.1240711111111111,0.1240711111111111,1.0,25.0,5,0.2149448888888889
2022-08-24,Energy,0.012638,0.012638,1.0,26.0,5,0.1240711111111111
2022-08-25,Energy,0.11007928571428571,0.11007928571428571,1.0,25.0,5,0.012638
2022-08-26,Energy,0.10663133333333334,0.1777188888888889,0.6,10.0,5,0.11007928571428571
2022-08-29,Energy,0.18382174603174603,0.22977718253968255,0.8,21.0,5,0.10663133333333334
2022-08-30,Energy,0.09114714285714286,0.09114714285714286,1.0,24.0,5,0.18382174603174603
2022-08-31,Energy,0.19469054545454548,0.24336318181818184,0.8,19.0,5,0.09114714285714286
2022-09-01,Energy,0.146601,0.146601,1.0,21.0,5,0.19469054545454548
2022-09-02,Energy,0.1971154761904762,0.1971154761904762,1.0,29.0,5,0.146601
2022-09-06,Energy,0.11130900000000002,0.13913625000000002,0.8,23.0,5,0.1971154761904762
2022-09-07,Energy,0.19180333333333335,0.19180333333333335,1.0,22.0,5,0.11130900000000002
2022-09-08,Energy,0.27589,0.27589,1.0,16.0,5,0.19180333333333335
2022-09-09,Energy,0.048162666666666666,0.048162666666666666,1.0,15.0,5,0.27589
2022-09-12,Energy,0.16031749999999997,0.20039687499999997,0.8,21.0,5,0.048162666666666666
2022-09-13,Energy,0.2743794761904762,0.2743794761904762,1.0,20.0,5,0.16031749999999997
2022-09-14,Energy,0.09391750000000001,0.11739687500000001,0.8,26.0,5,0.2743794761904762
2022-09-15,Energy,0.2232044444444444,0.2232044444444444,1.0,24.0,5,0.09391750000000001
2022-09-16,Energy,0.495585,0.495585,1.0,15.0,5,0.2232044444444444
2022-09-19,Energy,0.09387814285714287,0.09387814285714287,1.0,22.0,5,0.495585
2022-09-20,Energy,0.22261999999999998,0.22261999999999998,1.0,9.0,5,0.09387814285714287
2022-09-21,Energy,0.24372500000000002,0.30465625,0.8,14.0,5,0.22261999999999998
2022-09-22,Energy,0.11057333333333333,0.13821666666666665,0.8,10.0,5,0.24372500000000002
2022-09-23,Energy,-0.05615450000000001,-0.07019312500000001,0.8,18.0,5,0.11057333333333333
2022-09-26,Energy,0.07940833333333334,0.09926041666666668,0.8,17.0,5,-0.05615450000000001
2022-09-27,Energy,-0.03177428571428571,-0.05295714285714285,0.6,10.0,5,0.07940833333333334
2022-09-28,Energy,0.18127833333333335,0.22659791666666668,0.8,20.0,5,-0.03177428571428571
2022-09-29,Energy,0.14494200000000002,0.18117750000000002,0.8,16.0,5,0.18127833333333335
2022-09-30,Energy,0.17142523809523807,0.28570873015873016,0.6,12.0,5,0.14494200000000002
2022-10-03,Energy,0.10329282051282052,0.10329282051282052,1.0,33.0,5,0.17142523809523807
2022-10-04,Energy,0.11559666666666665,0.14449583333333332,0.8,14.0,5,0.10329282051282052
2022-10-05,Energy,0.2191266666666667,0.2191266666666667,1.0,29.0,5,0.11559666666666665
2022-10-06,Energy,0.163339,0.163339,1.0,28.0,5,0.2191266666666667
2022-10-07,Energy,0.26992971428571433,0.26992971428571433,1.0,20.0,5,0.163339
2022-10-10,Energy,0.13325833333333334,0.13325833333333334,1.0,26.0,5,0.26992971428571433
2022-10-11,Energy,0.11317300000000001,0.1886216666666667,0.6,11.0,5,0.13325833333333334
2022-10-12,Energy,0.16264646153846155,0.20330807692307692,0.8,20.0,5,0.11317300000000001
2022-10-13,Energy,0.10111555555555556,0.10111555555555556,1.0,19.0,5,0.16264646153846155
2022-10-14,Energy,0.11390866666666669,0.11390866666666669,1.0,28.0,5,0.10111555555555556
2022-10-17,Energy,0.07120083333333334,0.07120083333333334,1.0,20.0,5,0.11390866666666669
2022-10-18,Energy,0.022824999999999995,0.028531249999999994,0.8,17.0,5,0.07120083333333334
2022-10-19,Energy,0.19044733333333333,0.19044733333333333,1.0,16.0,5,0.022824999999999995
2022-10-20,Energy,0.130947,0.130947,1.0,19.0,5,0.19044733333333333
2022-10-21,Energy,0.11716777777777776,0.11716777777777776,1.0,33.0,5,0.130947
2022-10-24,Energy,0.08828255555555556,0.08828255555555556,1.0,32.0,5,0.11716777777777776
2022-10-25,Energy,0.11154400000000002,0.13943000000000003,0.8,9.0,5,0.08828255555555556
2022-10-26,Energy,0.05516,0.06895,0.8,16.0,5,0.11154400000000002
2022-10-27,Energy,0.10266903030303029,0.10266903030303029,1.0,26.0,5,0.05516
2022-10-28,Energy,0.18010500000000002,0.18010500000000002,1.0,47.0,5,0.10266903030303029
2022-10-31,Energy,0.14751600000000004,0.14751600000000004,1.0,40.0,5,0.18010500000000002
2022-11-01,Energy,0.07141558441558442,0.08926948051948053,0.8,21.0,5,0.14751600000000004
2022-11-02,Energy,0.2834785714285714,0.2834785714285714,1.0,24.0,5,0.07141558441558442
2022-11-03,Energy,0.3247566666666667,0.3247566666666667,1.0,20.0,5,0.2834785714285714
2022-11-04,Energy,0.057296666666666676,0.057296666666666676,1.0,14.0,5,0.3247566666666667
2022-11-07,Energy,0.07273981818181818,0.07273981818181818,1.0,34.0,5,0.057296666666666676
2022-11-08,Energy,0.13182583333333334,0.16478229166666666,0.8,21.0,5,0.07273981818181818
2022-11-09,Energy,-0.02760333333333333,-0.03450416666666666,0.8,14.0,5,0.13182583333333334
2022-11-10,Energy,0.09074266666666667,0.09074266666666667,1.0,15.0,5,-0.02760333333333333
2022-11-11,Energy,0.13297057142857144,0.13297057142857144,1.0,16.0,5,0.09074266666666667
2022-11-14,Energy,0.18588863636363634,0.18588863636363634,1.0,36.0,5,0.13297057142857144
2022-11-15,Energy,0.34757285714285713,0.34757285714285713,1.0,16.0,5,0.18588863636363634
2022-11-16,Energy,0.21491,0.21491,1.0,12.0,5,0.34757285714285713
2022-11-17,Energy,0.04165033333333333,0.05206291666666667,0.8,19.0,5,0.21491
2022-11-18,Energy,0.051636,0.08606000000000001,0.6,12.0,5,0.04165033333333333
2022-11-21,Energy,0.1497365,0.1497365,1.0,25.0,5,0.051636
2022-11-22,Energy,-0.07602533333333332,-0.09503166666666665,0.8,12.0,5,0.1497365
2022-11-23,Energy,0.24129490476190477,0.24129490476190477,1.0,23.0,5,-0.07602533333333332
2022-11-25,Energy,0.21078200000000002,0.21078200000000002,1.0,13.0,5,0.24129490476190477
2022-11-28,Energy,0.012539749999999999,0.012539749999999999,1.0,32.0,5,0.21078200000000002
2022-11-29,Energy,0.042768636363636356,0.042768636363636356,1.0,29.0,5,0.012539749999999999
2022-11-30,Energy,0.18793447619047618,0.23491809523809523,0.8,19.0,5,0.042768636363636356
2022-12-01,Energy,0.20941666666666667,0.20941666666666667,1.0,12.0,5,0.18793447619047618
2022-12-02,Energy,0.33565,0.4195625,0.8,8.0,5,0.20941666666666667
2022-12-05,Energy,0.1421411904761905,0.17767648809523812,0.8,21.0,5,0.33565
2022-12-06,Energy,0.28364766666666663,0.28364766666666663,1.0,14.0,5,0.1421411904761905
2022-12-07,Energy,0.08345619047619049,0.08345619047619049,1.0,19.0,5,0.28364766666666663
2022-12-08,Energy,0.22983543589743588,0.22983543589743588,1.0,28.0,5,0.08345619047619049
2022-12-09,Energy,0.08636095238095239,0.08636095238095239,1.0,24.0,5,0.22983543589743588
2022-12-12,Energy,0.2683230952380953,0.2683230952380953,1.0,19.0,5,0.08636095238095239
2022-12-13,Energy,0.149775,0.149775,1.0,12.0,5,0.2683230952380953
2022-12-14,Energy,-0.048950666666666656,-0.048950666666666656,1.0,17.0,5,0.149775
2022-12-15,Energy,0.03632,0.03632,1.0,20.0,5,-0.048950666666666656
2022-12-16,Energy,0.11407199999999999,0.14259,0.8,9.0,5,0.03632
2022-12-19,Energy,0.07206955555555555,0.07206955555555555,1.0,21.0,5,0.11407199999999999
2022-12-20,Energy,0.26068749999999996,0.26068749999999996,1.0,17.0,5,0.07206955555555555
2022-12-21,Energy,0.04105666666666667,0.051320833333333336,0.8,10.0,5,0.26068749999999996
2022-12-22,Energy,0.378585,0.378585,1.0,12.0,5,0.04105666666666667
2022-12-23,Energy,0.020424000000000005,0.025530000000000004,0.8,9.0,5,0.378585
2022-12-27,Energy,0.20737287912087915,0.20737287912087915,1.0,37.0,5,0.020424000000000005
2022-12-28,Energy,0.06325333333333334,0.10542222222222224,0.6,13.0,5,0.20737287912087915
2022-12-29,Energy,0.032537857142857146,0.04067232142857143,0.8,16.0,5,0.06325333333333334
2022-12-30,Energy,0.18168,0.18168,1.0,14.0,5,0.032537857142857146
2023-01-03,Energy,0.3334452222222222,0.3334452222222222,1.0,32.0,5,0.18168
2023-01-04,Energy,0.25435983333333334,0.25435983333333334,1.0,27.0,5,0.3334452222222222
2023-01-05,Energy,0.24221202380952384,0.24221202380952384,1.0,22.0,5,0.25435983333333334
2023-01-06,Energy,0.15449438095238094,0.15449438095238094,1.0,22.0,5,0.24221202380952384
2023-01-09,Energy,0.3103857142857143,0.3103857142857143,1.0,22.0,5,0.15449438095238094
2023-01-10,Energy,0.04492685714285714,0.04492685714285714,1.0,16.0,5,0.3103857142857143
2023-01-11,Energy,0.13579000000000002,0.2263166666666667,0.6,9.0,5,0.04492685714285714
2023-01-12,Energy,0.014919642857142859,0.018649553571428574,0.8,20.0,5,0.13579000000000002
2023-01-13,Energy,0.1559542857142857,0.19494285714285714,0.8,14.0,5,0.014919642857142859
2023-01-17,Energy,0.07298400000000001,0.07298400000000001,1.0,40.0,5,0.1559542857142857
2023-01-18,Energy,0.25912333333333337,0.25912333333333337,1.0,21.0,5,0.07298400000000001
2023-01-19,Energy,0.09292,0.11615,0.8,14.0,5,0.25912333333333337
2023-01-20,Energy,0.1739418846153846,0.21742735576923075,0.8,31.0,5,0.09292
2023-01-23,Energy,0.1488903409090909,0.1488903409090909,1.0,31.0,5,0.1739418846153846
2023-01-24,Energy,0.24141976190476194,0.24141976190476194,1.0,21.0,5,0.1488903409090909
2023-01-25,Energy,0.19853333333333334,0.19853333333333334,1.0,29.0,5,0.24141976190476194
2023-01-26,Energy,0.1394199358974359,0.23236655982905985,0.6,39.0,5,0.19853333333333334
2023-01-27,Energy,0.1339591428571429,0.1339591428571429,1.0,46.0,5,0.1394199358974359
2023-01-30,Energy,0.1498478787878788,0.1498478787878788,1.0,29.0,5,0.1339591428571429
2023-01-31,Energy,0.1607490769230769,0.1607490769230769,1.0,36.0,5,0.1498478787878788
2023-02-01,Energy,-0.1267617777777778,-0.1267617777777778,1.0,22.0,5,0.1607490769230769
2023-02-02,Energy,0.22668666666666665,0.22668666666666665,1.0,23.0,5,-0.1267617777777778
2023-02-03,Energy,-0.004061666666666658,-0.004061666666666658,1.0,13.0,5,0.22668666666666665
2023-02-06,Energy,0.06473444444444446,0.06473444444444446,1.0,22.0,5,-0.004061666666666658
2023-02-07,Energy,0.040722857142857144,0.040722857142857144,1.0,17.0,5,0.06473444444444446
2023-02-08,Energy,0.11147,0.11147,1.0,19.0,5,0.040722857142857144
2023-02-09,Energy,0.10242857142857142,0.10242857142857142,1.0,23.0,5,0.11147
2023-02-10,Energy,0.12258566666666668,0.15323208333333335,0.8,24.0,5,0.10242857142857142
2023-02-13,Energy,0.2797594444444444,0.2797594444444444,1.0,31.0,5,0.12258566666666668
2023-02-14,Energy,-0.06863,-0.06863,1.0,12.0,5,0.2797594444444444
2023-02-15,Energy,0.03642666666666666,0.060711111111111105,0.6,10.0,5,-0.06863
2023-02-16,Energy,0.15005377777777779,0.15005377777777779,1.0,21.0,5,0.03642666666666666
2023-02-17,Energy,0.10681928571428571,0.13352410714285715,0.8,14.0,5,0.15005377777777779
2023-02-21,Energy,0.14586141414141413,0.14586141414141413,1.0,34.0,5,0.10681928571428571
2023-02-22,Energy,0.11466400000000002,0.11466400000000002,1.0,17.0,5,0.14586141414141413
2023-02-23,Energy,0.13751142857142856,0.17188928571428572,0.8,19.0,5,0.11466400000000002
2023-02-24,Energy,0.056115000000000005,0.056115000000000005,1.0,10.0,5,0.13751142857142856
2023-02-27,Energy,-0.030063428571428574,-0.030063428571428574,1.0,28.0,5,0.056115000000000005
2023-02-28,Energy,0.11661111111111114,0.1943518518518519,0.6,18.0,5,-0.030063428571428574
2023-03-01,Energy,0.07586833333333334,0.09483541666666667,0.8,14.0,5,0.11661111111111114
2023-03-02,Energy,0.29483250000000005,0.29483250000000005,1.0,17.0,5,0.07586833333333334
2023-03-03,Energy,0.12561833333333333,0.15702291666666668,0.8,11.0,5,0.29483250000000005
2023-03-06,Energy,0.06313377777777777,0.06313377777777777,1.0,40.0,5,0.12561833333333333
2023-03-07,Energy,0.14045666666666667,0.14045666666666667,1.0,25.0,5,0.06313377777777777
2023-03-08,Energy,0.14941619047619045,0.14941619047619045,1.0,31.0,5,0.14045666666666667
2023-03-09,Energy,0.2568286666666667,0.2568286666666667,1.0,21.0,5,0.14941619047619045
2023-03-10,Energy,0.11544933333333336,0.1443116666666667,0.8,18.0,5,0.2568286666666667
2023-03-13,Energy,0.16406416666666668,0.16406416666666668,1.0,30.0,5,0.11544933333333336
2023-03-14,Energy,0.21197166666666667,0.21197166666666667,1.0,24.0,5,0.16406416666666668
2023-03-15,Energy,0.1294664285714286,0.1294664285714286,1.0,28.0,5,0.21197166666666667
2023-03-16,Energy,-0.04001199999999999,-0.04001199999999999,1.0,15.0,5,0.1294664285714286
2023-03-17,Energy,0.05039333333333333,0.06299166666666667,0.8,11.0,5,-0.04001199999999999
2023-03-20,Energy,0.26259466666666664,0.26259466666666664,1.0,29.0,5,0.05039333333333333
2023-03-21,Energy,-0.03183533333333334,-0.03979416666666667,0.8,16.0,5,0.26259466666666664
2023-03-22,Energy,0.14669833333333332,0.14669833333333332,1.0,22.0,5,-0.03183533333333334
2023-03-23,Energy,0.14501666666666665,0.14501666666666665,1.0,17.0,5,0.14669833333333332
2023-03-24,Energy,0.194102,0.194102,1.0,11.0,5,0.14501666666666665
2023-03-27,Energy,0.06127250000000001,0.06127250000000001,1.0,25.0,5,0.194102
2023-03-28,Energy,0.08887333333333333,0.08887333333333333,1.0,15.0,5,0.06127250000000001
2023-03-29,Energy,0.03612788888888889,0.03612788888888889,1.0,29.0,5,0.08887333333333333
2023-03-30,Energy,0.07989666666666666,0.07989666666666666,1.0,16.0,5,0.03612788888888889
2023-03-31,Energy,0.140608,0.140608,1.0,14.0,5,0.07989666666666666
2023-04-03,Energy,-0.04670276315789473,-0.04670276315789473,1.0,64.0,5,0.140608
2023-04-04,Energy,0.28292936507936506,0.28292936507936506,1.0,33.0,5,-0.04670276315789473
2023-04-05,Energy,0.044648961038961044,0.044648961038961044,1.0,28.0,5,0.28292936507936506
2023-04-06,Energy,0.12416584615384614,0.15520730769230767,0.8,20.0,5,0.044648961038961044
2023-04-10,Energy,0.10547577357425184,0.10547577357425184,1.0,49.0,5,0.12416584615384614
2023-04-11,Energy,0.10223555555555555,0.12779444444444443,0.8,18.0,5,0.10547577357425184
2023-04-12,Energy,0.04597833333333333,0.04597833333333333,1.0,19.0,5,0.10223555555555555
2023-04-13,Energy,0.087604,0.109505,0.8,20.0,5,0.04597833333333333
2023-04-14,Energy,0.19654000000000002,0.19654000000000002,1.0,24.0,5,0.087604
2023-04-17,Energy,0.12480233333333332,0.12480233333333332,1.0,28.0,5,0.19654000000000002
2023-04-18,Energy,0.017814393939393942,0.017814393939393942,1.0,28.0,5,0.12480233333333332
2023-04-19,Energy,0.2091908333333333,0.2091908333333333,1.0,25.0,5,0.017814393939393942
2023-04-20,Energy,0.10873916666666665,0.10873916666666665,1.0,20.0,5,0.2091908333333333
2023-04-21,Energy,0.18391802197802196,0.18391802197802196,1.0,30.0,5,0.10873916666666665
2023-04-24,Energy,0.11990196969696972,0.11990196969696972,1.0,31.0,5,0.18391802197802196
2023-04-25,Energy,0.13907142857142857,0.1738392857142857,0.8,16.0,5,0.11990196969696972
2023-04-26,Energy,0.13966599999999998,0.17458249999999997,0.8,16.0,5,0.13907142857142857
2023-04-27,Energy,0.11642766666666664,0.11642766666666664,1.0,27.0,5,0.13966599999999998
2023-04-28,Energy,0.25698734115347016,0.3212341764418377,0.8,57.0,5,0.11642766666666664
2023-05-01,Energy,0.08052915789473683,0.08052915789473683,1.0,44.0,5,0.25698734115347016
2023-05-02,Energy,0.04817860317460317,0.06022325396825397,0.8,25.0,5,0.08052915789473683
2023-05-03,Energy,0.06636971428571428,0.08296214285714286,0.8,18.0,5,0.04817860317460317
2023-05-04,Energy,0.13193447619047619,0.16491809523809522,0.8,21.0,5,0.06636971428571428
2023-05-05,Energy,0.070784,0.08848,0.8,19.0,5,0.13193447619047619
2023-05-08,Energy,0.13892006162464984,0.13892006162464984,1.0,41.0,5,0.070784
2023-05-09,Energy,0.3148138095238095,0.3148138095238095,1.0,20.0,5,0.13892006162464984
2023-05-10,Energy,0.04237366666666667,0.05296708333333334,0.8,26.0,5,0.3148138095238095
2023-05-11,Energy,0.2907571428571429,0.2907571428571429,1.0,19.0,5,0.04237366666666667
2023-05-12,Energy,0.04404866666666667,0.055060833333333344,0.8,19.0,5,0.2907571428571429
2023-05-15,Energy,0.09718464646464646,0.09718464646464646,1.0,35.0,5,0.04404866666666667
2023-05-16,Energy,0.05464,0.0683,0.8,12.0,5,0.09718464646464646
2023-05-17,Energy,-0.06966155555555555,-0.06966155555555555,1.0,19.0,5,0.05464
2023-05-18,Energy,0.052294999999999994,0.06536874999999999,0.8,17.0,5,-0.06966155555555555
2023-05-19,Energy,0.05865833333333335,0.05865833333333335,1.0,18.0,5,0.052294999999999994
2023-05-22,Energy,0.14290833333333336,0.17863541666666669,0.8,38.0,5,0.05865833333333335
2023-05-23,Energy,0.032651,0.04081375,0.8,17.0,5,0.14290833333333336
2023-05-24,Energy,-0.023201428571428574,-0.029001785714285716,0.8,16.0,5,0.032651
2023-05-25,Energy,0.021213222222222224,0.021213222222222224,1.0,30.0,5,-0.023201428571428574
2023-05-26,Energy,0.20208666666666666,0.20208666666666666,1.0,24.0,5,0.021213222222222224
2023-05-30,Energy,0.15184587301587302,0.15184587301587302,1.0,31.0,5,0.20208666666666666
2023-05-31,Energy,0.171704,0.21463,0.8,12.0,5,0.15184587301587302
2023-06-01,Energy,0.20107333333333335,0.20107333333333335,1.0,22.0,5,0.171704
2023-06-02,Energy,0.004056363636363636,0.005070454545454545,0.8,24.0,5,0.20107333333333335
2023-06-05,Energy,0.082553,0.082553,1.0,31.0,5,0.004056363636363636
2023-06-06,Energy,0.011694222222222217,0.011694222222222217,1.0,25.0,5,0.082553
2023-06-07,Energy,0.08770333333333333,0.10962916666666667,0.8,10.0,5,0.011694222222222217
2023-06-08,Energy,0.0346895238095238,0.0346895238095238,1.0,17.0,5,0.08770333333333333
2023-06-09,Energy,0.07795085714285714,0.09743857142857143,0.8,18.0,5,0.0346895238095238
2023-06-12,Energy,0.055564999999999996,0.055564999999999996,1.0,23.0,5,0.07795085714285714
2023-06-13,Energy,0.11525333333333335,0.11525333333333335,1.0,16.0,5,0.055564999999999996
2023-06-14,Energy,0.03523666666666667,0.03523666666666667,1.0,14.0,5,0.11525333333333335
2023-06-15,Energy,0.07012933333333334,0.07012933333333334,1.0,16.0,5,0.03523666666666667
2023-06-16,Energy,0.09272,0.09272,1.0,12.0,5,0.07012933333333334
2023-06-20,Energy,0.08553199999999998,0.08553199999999998,1.0,30.0,5,0.09272
2023-06-21,Energy,0.059454999999999994,0.059454999999999994,1.0,20.0,5,0.08553199999999998
2023-06-22,Energy,0.03054459595959596,0.03054459595959596,1.0,29.0,5,0.059454999999999994
2023-06-23,Energy,0.08761333333333333,0.08761333333333333,1.0,16.0,5,0.03054459595959596
2023-06-26,Energy,0.05300933333333333,0.05300933333333333,1.0,18.0,5,0.08761333333333333
2023-06-27,Energy,0.10251777777777778,0.10251777777777778,1.0,17.0,5,0.05300933333333333
2023-06-28,Energy,0.11212,0.14015,0.8,14.0,5,0.10251777777777778
2023-06-29,Energy,0.06587136363636363,0.08233920454545454,0.8,21.0,5,0.11212
2023-06-30,Energy,0.017703000000000003,0.017703000000000003,1.0,16.0,5,0.06587136363636363
2023-07-03,Energy,0.122974,0.122974,1.0,32.0,5,0.017703000000000003
2023-07-05,Energy,0.051036043956043955,0.06379505494505494,0.8,29.0,5,0.122974
2023-07-06,Energy,0.16027809523809525,0.16027809523809525,1.0,27.0,5,0.051036043956043955
2023-07-07,Energy,-0.005559047619047611,-0.005559047619047611,1.0,22.0,5,0.16027809523809525
2023-07-10,Energy,0.12954300000000002,0.12954300000000002,1.0,21.0,5,-0.005559047619047611
2023-07-11,Energy,-0.03328809523809523,-0.03328809523809523,1.0,20.0,5,0.12954300000000002
2023-07-12,Energy,0.06690533333333334,0.06690533333333334,1.0,27.0,5,-0.03328809523809523
2023-07-13,Energy,0.17087619047619046,0.17087619047619046,1.0,25.0,5,0.06690533333333334
2023-07-14,Energy,0.10779676923076922,0.10779676923076922,1.0,27.0,5,0.17087619047619046
2023-07-17,Energy,0.17288583333333332,0.17288583333333332,1.0,25.0,5,0.10779676923076922
2023-07-18,Energy,-0.02450933333333333,-0.02450933333333333,1.0,20.0,5,0.17288583333333332
2023-07-19,Energy,0.0264,0.0264,1.0,13.0,5,-0.02450933333333333
2023-07-20,Energy,0.10256666666666667,0.10256666666666667,1.0,20.0,5,0.0264
2023-07-21,Energy,0.04886323188405798,0.04886323188405798,1.0,38.0,5,0.10256666666666667
2023-07-24,Energy,0.187298,0.187298,1.0,50.0,5,0.04886323188405798
2023-07-25,Energy,0.05407333333333334,0.05407333333333334,1.0,26.0,5,0.187298
2023-07-26,Energy,0.125951,0.125951,1.0,13.0,5,0.05407333333333334
2023-07-27,Energy,0.047128,0.058910000000000004,0.8,22.0,5,0.125951
2023-07-28,Energy,0.2712793333333333,0.3390991666666667,0.8,63.0,5,0.047128
2023-07-31,Energy,0.29540176190476186,0.29540176190476186,1.0,45.0,5,0.2712793333333333
2023-08-01,Energy,0.18639599999999998,0.18639599999999998,1.0,20.0,5,0.29540176190476186
2023-08-02,Energy,0.10225500000000001,0.10225500000000001,1.0,15.0,5,0.18639599999999998
2023-08-03,Energy,0.05028600000000001,0.05028600000000001,1.0,33.0,5,0.10225500000000001
2023-08-04,Energy,-0.05031666666666666,-0.06289583333333333,0.8,13.0,5,0.05028600000000001
2023-08-07,Energy,0.11050333333333336,0.11050333333333336,1.0,26.0,5,-0.05031666666666666
2023-08-08,Energy,0.20991333333333334,0.2623916666666667,0.8,9.0,5,0.11050333333333336
2023-08-09,Energy,-0.019293333333333336,-0.019293333333333336,1.0,21.0,5,0.20991333333333334
2023-08-10,Energy,0.20419,0.2552375,0.8,18.0,5,-0.019293333333333336
2023-08-11,Energy,0.14817305494505492,0.14817305494505492,1.0,36.0,5,0.20419
2023-08-14,Energy,0.1977211111111111,0.1977211111111111,1.0,29.0,5,0.14817305494505492
2023-08-15,Energy,0.0621707142857143,0.0621707142857143,1.0,20.0,5,0.1977211111111111
2023-08-16,Energy,0.054703333333333326,0.06837916666666666,0.8,28.0,5,0.0621707142857143
2023-08-17,Energy,0.05376665934065934,0.05376665934065934,1.0,36.0,5,0.054703333333333326
2023-08-18,Energy,0.17154114285714286,0.17154114285714286,1.0,28.0,5,0.05376665934065934
2023-08-21,Energy,0.12852449999999999,0.16065562499999997,0.8,27.0,5,0.17154114285714286
2023-08-22,Energy,0.007368285714285716,0.009210357142857145,0.8,23.0,5,0.12852449999999999
2023-08-23,Energy,0.1958479365079365,0.24480992063492063,0.8,23.0,5,0.007368285714285716
2023-08-24,Energy,0.07053066666666666,0.07053066666666666,1.0,14.0,5,0.1958479365079365
2023-08-25,Energy,0.06441999999999999,0.08052499999999999,0.8,12.0,5,0.07053066666666666
2023-08-28,Energy,0.2174136363636364,0.2174136363636364,1.0,25.0,5,0.06441999999999999
2023-08-29,Energy,-0.030735909090909085,-0.030735909090909085,1.0,19.0,5,0.2174136363636364
2023-08-30,Energy,0.10436126984126984,0.17393544973544972,0.6,17.0,5,-0.030735909090909085
2023-08-31,Energy,0.07045,0.0880625,0.8,13.0,5,0.10436126984126984
2023-09-01,Energy,0.16293333333333335,0.2715555555555556,0.6,8.0,5,0.07045
2023-09-05,Energy,-0.018475297619047627,-0.018475297619047627,1.0,36.0,5,0.16293333333333335
2023-09-06,Energy,0.2502890476190476,0.2502890476190476,1.0,15.0,5,-0.018475297619047627
2023-09-07,Energy,0.1781435,0.222679375,0.8,16.0,5,0.2502890476190476
2023-09-08,Energy,0.1417114285714286,0.1417114285714286,1.0,27.0,5,0.1781435
2023-09-11,Energy,0.10889055555555556,0.10889055555555556,1.0,29.0,5,0.1417114285714286
2023-09-12,Energy,0.054077333333333324,0.054077333333333324,1.0,35.0,5,0.10889055555555556
2023-09-13,Energy,0.09829861111111111,0.09829861111111111,1.0,23.0,5,0.054077333333333324
2023-09-14,Energy,0.12299133333333334,0.12299133333333334,1.0,16.0,5,0.09829861111111111
2023-09-15,Energy,-0.014567999999999992,-0.01820999999999999,0.8,16.0,5,0.12299133333333334
2023-09-18,Energy,0.05833422222222222,0.05833422222222222,1.0,38.0,5,-0.014567999999999992
2023-09-19,Energy,0.07106546153846154,0.07106546153846154,1.0,29.0,5,0.05833422222222222
2023-09-20,Energy,9.350649350649276e-05,0.00011688311688311595,0.8,21.0,5,0.07106546153846154
2023-09-21,Energy,0.14600333333333332,0.18250416666666666,0.8,25.0,5,9.350649350649276e-05
2023-09-22,Energy,0.2148235,0.2148235,1.0,24.0,5,0.14600333333333332
2023-09-25,Energy,0.15620107142857145,0.1952513392857143,0.8,32.0,5,0.2148235
2023-09-26,Energy,0.1441804761904762,0.1441804761904762,1.0,19.0,5,0.15620107142857145
2023-09-27,Energy,0.12195466666666668,0.12195466666666668,1.0,19.0,5,0.1441804761904762
2023-09-28,Energy,0.1456033333333333,0.1456033333333333,1.0,21.0,5,0.12195466666666668
2023-09-29,Energy,0.21495066666666665,0.21495066666666665,1.0,23.0,5,0.1456033333333333
2023-10-02,Energy,0.23345511904761906,0.23345511904761906,1.0,27.0,5,0.21495066666666665
2023-10-03,Energy,0.235757,0.235757,1.0,13.0,5,0.23345511904761906
2023-10-04,Energy,0.19646945454545456,0.19646945454545456,1.0,33.0,5,0.235757
2023-10-05,Energy,0.2236148205128205,0.2236148205128205,1.0,39.0,5,0.19646945454545456
2023-10-06,Energy,0.07249799999999999,0.0906225,0.8,42.0,5,0.2236148205128205
2023-10-09,Energy,-0.1429298831168831,-0.1429298831168831,1.0,62.0,5,0.07249799999999999
2023-10-10,Energy,0.10431422222222222,0.10431422222222222,1.0,32.0,5,-0.1429298831168831
2023-10-11,Energy,0.09017753623188406,0.15029589371980676,0.6,31.0,5,0.10431422222222222
2023-10-12,Energy,0.271696,0.271696,1.0,21.0,5,0.09017753623188406
2023-10-13,Energy,-0.011062666666666676,-0.013828333333333345,0.8,26.0,5,0.271696
2023-10-16,Energy,0.16057222222222223,0.2676203703703704,0.6,12.0,5,-0.011062666666666676
2023-10-17,Energy,0.10868828571428571,0.18114714285714284,0.6,22.0,5,0.16057222222222223
2023-10-18,Energy,-0.05335913675213675,-0.05335913675213675,1.0,39.0,5,0.10868828571428571
2023-10-19,Energy,0.19751090909090907,0.19751090909090907,1.0,27.0,5,-0.05335913675213675
2023-10-20,Energy,0.07295924812030075,0.09119906015037593,0.8,36.0,5,0.19751090909090907
2023-10-23,Energy,0.019148484848484852,0.019148484848484852,1.0,67.0,5,0.07295924812030075
2023-10-24,Energy,0.16980699999999999,0.16980699999999999,1.0,37.0,5,0.019148484848484852
2023-10-25,Energy,0.12875318181818182,0.21458863636363637,0.6,25.0,5,0.16980699999999999
2023-10-26,Energy,0.08752021978021979,0.08752021978021979,1.0,41.0,5,0.12875318181818182
2023-10-27,Energy,0.1043383908045977,0.13042298850574713,0.8,62.0,5,0.08752021978021979
2023-10-30,Energy,0.06133020202020203,0.07666275252525254,0.8,33.0,5,0.1043383908045977
2023-10-31,Energy,0.2117492142857143,0.2117492142857143,1.0,22.0,5,0.06133020202020203
2023-11-01,Energy,0.18084055555555556,0.18084055555555556,1.0,27.0,5,0.2117492142857143
2023-11-02,Energy,0.07753258823529412,0.07753258823529412,1.0,40.0,5,0.18084055555555556
2023-11-03,Energy,0.137735,0.17216874999999998,0.8,10.0,5,0.07753258823529412
2023-11-06,Energy,0.1621117619047619,0.1621117619047619,1.0,27.0,5,0.137735
2023-11-07,Energy,0.2143825,0.2143825,1.0,29.0,5,0.1621117619047619
2023-11-08,Energy,0.0960935,0.120116875,0.8,22.0,5,0.2143825
2023-11-09,Energy,0.08410612121212122,0.08410612121212122,1.0,25.0,5,0.0960935
2023-11-10,Energy,0.09194380952380951,0.09194380952380951,1.0,19.0,5,0.08410612121212122
2023-11-13,Energy,0.18756133333333333,0.18756133333333333,1.0,30.0,5,0.09194380952380951
2023-11-14,Energy,0.23780400000000004,0.29725500000000005,0.8,27.0,5,0.18756133333333333
2023-11-15,Energy,0.08161,0.1020125,0.8,13.0,5,0.23780400000000004
2023-11-16,Energy,-0.0866275,-0.10828437499999999,0.8,15.0,5,0.08161
2023-11-17,Energy,0.14760190476190477,0.18450238095238095,0.8,14.0,5,-0.0866275
2023-11-20,Energy,0.037435,0.04679375,0.8,11.0,5,0.14760190476190477
2023-11-21,Energy,0.14326642857142854,0.14326642857142854,1.0,20.0,5,0.037435
2023-11-22,Energy,0.09723428571428572,0.12154285714285715,0.8,12.0,5,0.14326642857142854
2023-11-24,Energy,0.12079999999999999,0.151,0.8,18.0,5,0.09723428571428572
2023-11-27,Energy,0.12140533333333334,0.15175666666666668,0.8,15.0,5,0.12079999999999999
2023-11-28,Energy,-0.025393,-0.025393,1.0,18.0,5,0.12140533333333334
2023-11-29,Energy,0.05553583333333334,0.05553583333333334,1.0,24.0,5,-0.025393
2023-11-30,Energy,0.12630133333333332,0.15787666666666667,0.8,18.0,5,0.05553583333333334
2023-12-01,Energy,0.0,0.0,0.6,9.0,5,0.12630133333333332
2023-12-04,Energy,0.03258833333333333,0.03258833333333333,1.0,17.0,5,0.0
2023-12-05,Energy,-0.0012753333333333338,-0.0021255555555555563,0.6,17.0,5,0.03258833333333333
2023-12-06,Energy,0.23260824175824174,0.23260824175824174,1.0,30.0,5,-0.0012753333333333338
2023-12-07,Energy,-0.049162,-0.049162,1.0,21.0,5,0.23260824175824174
2023-12-08,Energy,0.12079714285714285,0.12079714285714285,1.0,32.0,5,-0.049162
2023-12-11,Energy,0.12187811794871797,0.12187811794871797,1.0,65.0,5,0.12079714285714285
2023-12-12,Energy,0.03885692307692308,0.048571153846153854,0.8,40.0,5,0.12187811794871797
2023-12-13,Energy,0.15052333333333331,0.15052333333333331,1.0,26.0,5,0.03885692307692308
2023-12-14,Energy,0.09545666666666666,0.11932083333333333,0.8,12.0,5,0.15052333333333331
2023-12-15,Energy,0.003450769230769235,0.003450769230769235,1.0,18.0,5,0.09545666666666666
2023-12-18,Energy,0.12910714285714286,0.16138392857142858,0.8,34.0,5,0.003450769230769235
2023-12-19,Energy,0.0,,0.0,0.0,5,0.12910714285714286
2023-12-20,Energy,0.0,,0.0,0.0,5,0.0
2023-12-21,Energy,0.0,,0.0,0.0,5,0.0
2023-12-22,Energy,0.0,,0.0,0.0,5,0.0
2023-12-26,Energy,0.0,,0.0,0.0,5,0.0
2023-12-27,Energy,0.0,,0.0,0.0,5,0.0
2023-12-28,Energy,0.0,,0.0,0.0,5,0.0
2023-12-29,Energy,0.0,,0.0,0.0,5,0.0
2020-01-02,Financials,0.09106133333333334,0.09106133333333334,1.0,12.0,5,
2020-01-03,Financials,0.05045500000000001,0.08409166666666668,0.6,8.0,5,0.09106133333333334
2020-01-06,Financials,0.284306,0.284306,1.0,12.0,5,0.05045500000000001
2020-01-07,Financials,0.11242,0.140525,0.8,11.0,5,0.284306
2020-01-08,Financials,0.28060999999999997,0.4676833333333333,0.6,4.0,5,0.11242
2020-01-09,Financials,0.2781133333333333,0.2781133333333333,1.0,11.0,5,0.28060999999999997
2020-01-10,Financials,0.13161499999999998,0.21935833333333332,0.6,7.0,5,0.2781133333333333
2020-01-13,Financials,0.19907999999999998,0.19907999999999998,1.0,33.0,5,0.13161499999999998
2020-01-14,Financials,0.04035690476190477,0.04035690476190477,1.0,38.0,5,0.19907999999999998
2020-01-15,Financials,0.07960930158730159,0.07960930158730159,1.0,36.0,5,0.04035690476190477
2020-01-16,Financials,0.15633203418803418,0.15633203418803418,1.0,46.0,5,0.07960930158730159
2020-01-17,Financials,0.162344,0.162344,1.0,17.0,5,0.15633203418803418
2020-01-21,Financials,0.1765655555555556,0.1765655555555556,1.0,29.0,5,0.162344
2020-01-22,Financials,0.01531,0.02551666666666667,0.6,4.0,5,0.1765655555555556
2020-01-23,Financials,0.033260000000000005,0.033260000000000005,1.0,14.0,5,0.01531
2020-01-24,Financials,-0.04733,-0.07888333333333332,0.6,6.0,5,0.033260000000000005
2020-01-27,Financials,0.06753333333333333,0.11255555555555556,0.6,5.0,5,-0.04733
2020-01-28,Financials,0.12932857142857143,0.1616607142857143,0.8,10.0,5,0.06753333333333333
2020-01-29,Financials,0.152345,0.19043125000000002,0.8,7.0,5,0.12932857142857143
2020-01-30,Financials,0.020736666666666667,0.03456111111111111,0.6,9.0,5,0.152345
2020-01-31,Financials,0.09355142857142858,0.11693928571428572,0.8,12.0,5,0.020736666666666667
2020-02-03,Financials,0.07699,0.0962375,0.8,6.0,5,0.09355142857142858
2020-02-04,Financials,0.27631,0.3453875,0.8,6.0,5,0.07699
2020-02-05,Financials,-0.1472,-0.24533333333333332,0.6,4.0,5,0.27631
2020-02-06,Financials,0.2713986666666667,0.2713986666666667,1.0,11.0,5,-0.1472
2020-02-07,Financials,0.04199,0.06998333333333333,0.6,9.0,5,0.2713986666666667
2020-02-10,Financials,0.14427666666666666,0.2404611111111111,0.6,6.0,5,0.04199
2020-02-11,Financials,0.26048714285714286,0.3256089285714286,0.8,11.0,5,0.14427666666666666
2020-02-12,Financials,0.12601333333333334,0.15751666666666667,0.8,6.0,5,0.26048714285714286
2020-02-13,Financials,0.08528,0.08528,1.0,12.0,5,0.12601333333333334
2020-02-14,Financials,0.12204,0.2034,0.6,7.0,5,0.08528
2020-02-18,Financials,-0.017362857142857138,-0.017362857142857138,1.0,20.0,5,0.12204
2020-02-19,Financials,0.03996,0.04995,0.8,8.0,5,-0.017362857142857138
2020-02-20,Financials,0.18863388888888888,0.2357923611111111,0.8,43.0,5,0.03996
2020-02-21,Financials,0.2636275,0.2636275,1.0,19.0,5,0.18863388888888888
2020-02-24,Financials,-0.0015813333333333304,-0.001976666666666663,0.8,15.0,5,0.2636275
2020-02-25,Financials,0.27502133333333334,0.27502133333333334,1.0,15.0,5,-0.0015813333333333304
2020-02-26,Financials,0.16362933333333335,0.16362933333333335,1.0,15.0,5,0.27502133333333334
2020-02-27,Financials,0.07106000000000001,0.07106000000000001,1.0,16.0,5,0.16362933333333335
2020-02-28,Financials,-0.00727250000000001,-0.009090625000000012,0.8,16.0,5,0.07106000000000001
2020-03-02,Financials,0.1673966666666667,0.20924583333333335,0.8,11.0,5,-0.00727250000000001
2020-03-03,Financials,-0.08367833333333333,-0.08367833333333333,1.0,16.0,5,0.1673966666666667
2020-03-04,Financials,0.10631766666666667,0.10631766666666667,1.0,14.0,5,-0.08367833333333333
2020-03-05,Financials,0.07868499999999999,0.07868499999999999,1.0,17.0,5,0.10631766666666667
2020-03-06,Financials,-0.00039099999999999693,-0.0004887499999999961,0.8,17.0,5,0.07868499999999999
2020-03-09,Financials,0.20983133333333334,0.20983133333333334,1.0,25.0,5,-0.00039099999999999693
2020-03-10,Financials,0.12282444444444443,0.12282444444444443,1.0,21.0,5,0.20983133333333334
2020-03-11,Financials,0.18408999999999998,0.18408999999999998,1.0,10.0,5,0.12282444444444443
2020-03-12,Financials,0.00711619047619047,0.00711619047619047,1.0,22.0,5,0.18408999999999998
2020-03-13,Financials,-0.18544,-0.18544,1.0,15.0,5,0.00711619047619047
2020-03-16,Financials,-0.05933083333333333,-0.05933083333333333,1.0,25.0,5,-0.18544
2020-03-17,Financials,-0.09799000000000001,-0.09799000000000001,1.0,15.0,5,-0.05933083333333333
2020-03-18,Financials,0.033416666666666664,0.033416666666666664,1.0,13.0,5,-0.09799000000000001
2020-03-19,Financials,-0.1829933333333333,-0.22874166666666665,0.8,10.0,5,0.033416666666666664
2020-03-20,Financials,-0.04858,-0.04858,1.0,12.0,5,-0.1829933333333333
2020-03-23,Financials,-0.021570000000000002,-0.021570000000000002,1.0,18.0,5,-0.04858
2020-03-24,Financials,0.39868000000000003,0.39868000000000003,1.0,7.0,5,-0.021570000000000002
2020-03-25,Financials,0.037,0.04625,0.8,13.0,5,0.39868000000000003
2020-03-26,Financials,0.201348,0.201348,1.0,17.0,5,0.037
2020-03-27,Financials,0.14054066666666667,0.14054066666666667,1.0,18.0,5,0.201348
2020-03-30,Financials,-0.1968653333333333,-0.1968653333333333,1.0,14.0,5,0.14054066666666667
2020-03-31,Financials,0.018036666666666666,0.030061111111111108,0.6,7.0,5,-0.1968653333333333
2020-04-01,Financials,0.08644609523809524,0.08644609523809524,1.0,20.0,5,0.018036666666666666
2020-04-02,Financials,0.05819133333333333,0.05819133333333333,1.0,16.0,5,0.08644609523809524
2020-04-03,Financials,0.09006214285714285,0.09006214285714285,1.0,17.0,5,0.05819133333333333
2020-04-06,Financials,0.17354671717171719,0.17354671717171719,1.0,62.0,5,0.09006214285714285
2020-04-07,Financials,0.14498366666666668,0.14498366666666668,1.0,27.0,5,0.17354671717171719
2020-04-08,Financials,0.09422012987012987,0.09422012987012987,1.0,24.0,5,0.14498366666666668
2020-04-09,Financials,0.16522466666666666,0.16522466666666666,1.0,26.0,5,0.09422012987012987
2020-04-13,Financials,0.07874942424242423,0.07874942424242423,1.0,40.0,5,0.16522466666666666
2020-04-14,Financials,0.0815780909090909,0.10197261363636363,0.8,63.0,5,0.07874942424242423
2020-04-15,Financials,0.1214411217948718,0.1214411217948718,1.0,62.0,5,0.0815780909090909
2020-04-16,Financials,0.054329277777777775,0.054329277777777775,1.0,67.0,5,0.1214411217948718
2020-04-17,Financials,0.07390186363636363,0.07390186363636363,1.0,35.0,5,0.054329277777777775
2020-04-20,Financials,0.16193761904761905,0.16193761904761905,1.0,19.0,5,0.07390186363636363
2020-04-21,Financials,-0.08165666666666667,-0.08165666666666667,1.0,18.0,5,0.16193761904761905
2020-04-22,Financials,0.103824,0.12978,0.8,15.0,5,-0.08165666666666667
2020-04-23,Financials,0.13952,0.13952,1.0,10.0,5,0.103824
2020-04-24,Financials,-0.13640833333333333,-0.17051041666666666,0.8,9.0,5,0.13952
2020-04-27,Financials,0.09725249999999999,0.09725249999999999,1.0,25.0,5,-0.13640833333333333
2020-04-28,Financials,0.24410499999999996,0.24410499999999996,1.0,12.0,5,0.09725249999999999
2020-04-29,Financials,0.11755166666666668,0.11755166666666668,1.0,22.0,5,0.24410499999999996
2020-04-30,Financials,0.07254076190476191,0.07254076190476191,1.0,23.0,5,0.11755166666666668
2020-05-01,Financials,-0.06349833333333332,-0.06349833333333332,1.0,18.0,5,0.07254076190476191
2020-05-04,Financials,0.127824,0.127824,1.0,23.0,5,-0.06349833333333332
2020-05-05,Financials,0.018671333333333335,0.018671333333333335,1.0,22.0,5,0.127824
2020-05-06,Financials,0.047625,0.047625,1.0,19.0,5,0.018671333333333335
2020-05-07,Financials,-0.09306333333333336,-0.09306333333333336,1.0,14.0,5,0.047625
2020-05-08,Financials,0.05417266666666665,0.05417266666666665,1.0,15.0,5,-0.09306333333333336
2020-05-11,Financials,0.161149,0.161149,1.0,18.0,5,0.05417266666666665
2020-05-12,Financials,-0.16475314285714285,-0.16475314285714285,1.0,20.0,5,0.161149
2020-05-13,Financials,0.15864920779220779,0.15864920779220779,1.0,34.0,5,-0.16475314285714285
2020-05-14,Financials,0.09045,0.09045,1.0,30.0,5,0.15864920779220779
2020-05-15,Financials,0.19764214285714282,0.19764214285714282,1.0,35.0,5,0.09045
2020-05-18,Financials,0.07014379365079365,0.07014379365079365,1.0,35.0,5,0.19764214285714282
2020-05-19,Financials,0.06114928571428572,0.06114928571428572,1.0,20.0,5,0.07014379365079365
2020-05-20,Financials,0.38334444444444443,0.38334444444444443,1.0,18.0,5,0.06114928571428572
2020-05-21,Financials,0.081625,0.081625,1.0,22.0,5,0.38334444444444443
2020-05-22,Financials,0.15937333333333334,0.19921666666666668,0.8,8.0,5,0.081625
2020-05-26,Financials,0.1617402380952381,0.1617402380952381,1.0,28.0,5,0.15937333333333334
2020-05-27,Financials,0.27748271428571425,0.27748271428571425,1.0,25.0,5,0.1617402380952381
2020-05-28,Financials,0.0135845,0.0135845,1.0,24.0,5,0.27748271428571425
2020-05-29,Financials,0.041302,0.041302,1.0,25.0,5,0.0135845
2020-06-01,Financials,0.063421,0.063421,1.0,23.0,5,0.041302
2020-06-02,Financials,0.0899891111111111,0.0899891111111111,1.0,26.0,5,0.063421
2020-06-03,Financials,0.21618428571428566,0.21618428571428566,1.0,26.0,5,0.0899891111111111
2020-06-04,Financials,0.19577499999999998,0.19577499999999998,1.0,20.0,5,0.21618428571428566
2020-06-05,Financials,0.37302366666666664,0.37302366666666664,1.0,20.0,5,0.19577499999999998
2020-06-08,Financials,0.2058357142857143,0.2058357142857143,1.0,13.0,5,0.37302366666666664
2020-06-09,Financials,0.14150190476190477,0.14150190476190477,1.0,21.0,5,0.2058357142857143
2020-06-10,Financials,0.1567590476190476,0.1959488095238095,0.8,19.0,5,0.14150190476190477
2020-06-11,Financials,0.0799708888888889,0.0799708888888889,1.0,28.0,5,0.1567590476190476
2020-06-12,Financials,0.03857000000000001,0.06428333333333335,0.6,6.0,5,0.0799708888888889
2020-06-15,Financials,0.072435,0.09054374999999999,0.8,14.0,5,0.03857000000000001
2020-06-16,Financials,0.08123333333333334,0.10154166666666667,0.8,10.0,5,0.072435
2020-06-17,Financials,-0.025888,-0.03236,0.8,10.0,5,0.08123333333333334
2020-06-18,Financials,-0.09982,-0.09982,1.0,9.0,5,-0.025888
2020-06-19,Financials,-0.08318,-0.103975,0.8,8.0,5,-0.09982
2020-06-22,Financials,-0.05169999999999999,-0.06462499999999999,0.8,9.0,5,-0.08318
2020-06-23,Financials,0.09407,0.1175875,0.8,12.0,5,-0.05169999999999999
2020-06-24,Financials,0.05100200000000001,0.08500333333333336,0.6,10.0,5,0.09407
2020-06-25,Financials,-0.01028685714285715,-0.01028685714285715,1.0,22.0,5,0.05100200000000001
2020-06-26,Financials,0.010400476190476205,0.013000595238095256,0.8,15.0,5,-0.01028685714285715
2020-06-29,Financials,0.13596133333333332,0.16995166666666667,0.8,18.0,5,0.010400476190476205
2020-06-30,Financials,0.03491928571428572,0.03491928571428572,1.0,22.0,5,0.13596133333333332
2020-07-01,Financials,-0.19028499999999998,-0.31714166666666666,0.6,7.0,5,0.03491928571428572
2020-07-02,Financials,0.07885,0.07885,1.0,24.0,5,-0.19028499999999998
2020-07-06,Financials,0.037554,0.0469425,0.8,15.0,5,0.07885
2020-07-07,Financials,-0.008710000000000018,-0.021775000000000044,0.4,3.0,5,0.037554
2020-07-08,Financials,0.20556000000000002,0.25695,0.8,8.0,5,-0.008710000000000018
2020-07-09,Financials,0.07719166666666666,0.09648958333333332,0.8,18.0,5,0.20556000000000002
2020-07-10,Financials,0.07243222222222222,0.07243222222222222,1.0,19.0,5,0.07719166666666666
2020-07-13,Financials,0.03127666666666666,0.03127666666666666,1.0,18.0,5,0.07243222222222222
2020-07-14,Financials,0.012019222222222218,0.015024027777777772,0.8,47.0,5,0.03127666666666666
2020-07-15,Financials,0.32084252173913047,0.32084252173913047,1.0,44.0,5,0.012019222222222218
2020-07-16,Financials,-0.023705151515151512,-0.039508585858585854,0.6,19.0,5,0.32084252173913047
2020-07-17,Financials,-0.020540380952380952,-0.02567547619047619,0.8,18.0,5,-0.023705151515151512
2020-07-20,Financials,0.05806285714285714,0.09677142857142856,0.6,13.0,5,-0.020540380952380952
2020-07-21,Financials,0.13388952380952382,0.16736190476190477,0.8,12.0,5,0.05806285714285714
2020-07-22,Financials,0.03539833333333332,0.04424791666666666,0.8,15.0,5,0.13388952380952382
2020-07-23,Financials,0.010518333333333334,0.010518333333333334,1.0,10.0,5,0.03539833333333332
2020-07-24,Financials,0.05045000000000001,0.06306250000000001,0.8,16.0,5,0.010518333333333334
2020-07-27,Financials,0.13596166666666668,0.16995208333333334,0.8,14.0,5,0.05045000000000001
2020-07-28,Financials,0.06054571428571429,0.07568214285714286,0.8,17.0,5,0.13596166666666668
2020-07-29,Financials,0.06744380952380953,0.08430476190476191,0.8,13.0,5,0.06054571428571429
2020-07-30,Financials,0.178576,0.2976266666666667,0.6,9.0,5,0.06744380952380953
2020-07-31,Financials,-0.007800000000000007,-0.013000000000000012,0.6,6.0,5,0.178576
2020-08-03,Financials,0.05421,0.05421,1.0,13.0,5,-0.007800000000000007
2020-08-04,Financials,0.028711666666666656,0.028711666666666656,1.0,11.0,5,0.05421
2020-08-05,Financials,0.07938300000000001,0.132305,0.6,13.0,5,0.028711666666666656
2020-08-06,Financials,0.002500000000000005,0.0031250000000000062,0.8,8.0,5,0.07938300000000001
2020-08-07,Financials,0.034015000000000004,0.05669166666666667,0.6,7.0,5,0.002500000000000005
2020-08-10,Financials,0.26968333333333333,0.26968333333333333,1.0,10.0,5,0.034015000000000004
2020-08-11,Financials,0.10836000000000001,0.13545000000000001,0.8,21.0,5,0.26968333333333333
2020-08-12,Financials,0.02815111111111111,0.03518888888888889,0.8,22.0,5,0.10836000000000001
2020-08-13,Financials,-0.09380333333333335,-0.09380333333333335,1.0,12.0,5,0.02815111111111111
2020-08-14,Financials,0.08016666666666666,0.10020833333333333,0.8,12.0,5,-0.09380333333333335
2020-08-17,Financials,0.09345600000000001,0.11682000000000001,0.8,12.0,5,0.08016666666666666
2020-08-18,Financials,0.06856166666666667,0.08570208333333335,0.8,12.0,5,0.09345600000000001
2020-08-19,Financials,0.055782,0.09297,0.6,8.0,5,0.06856166666666667
2020-08-20,Financials,0.1723692857142857,0.1723692857142857,1.0,16.0,5,0.055782
2020-08-21,Financials,0.14203833333333335,0.1775479166666667,0.8,15.0,5,0.1723692857142857
2020-08-24,Financials,0.36158666666666667,0.36158666666666667,1.0,9.0,5,0.14203833333333335
2020-08-25,Financials,0.14367999999999997,0.23946666666666663,0.6,6.0,5,0.36158666666666667
2020-08-26,Financials,0.08895,0.1111875,0.8,11.0,5,0.14367999999999997
2020-08-27,Financials,-0.03879999999999999,-0.06466666666666665,0.6,4.0,5,0.08895
2020-08-28,Financials,-0.15274166666666666,-0.15274166666666666,1.0,12.0,5,-0.03879999999999999
2020-08-31,Financials,0.08676999999999999,0.08676999999999999,1.0,8.0,5,-0.15274166666666666
2020-09-01,Financials,0.13754666666666665,0.13754666666666665,1.0,9.0,5,0.08676999999999999
2020-09-02,Financials,0.07525466666666666,0.12542444444444442,0.6,10.0,5,0.13754666666666665
2020-09-03,Financials,0.13491666666666666,0.13491666666666666,1.0,12.0,5,0.07525466666666666
2020-09-04,Financials,-0.06926,-0.06926,1.0,16.0,5,0.13491666666666666
2020-09-08,Financials,0.09639499999999998,0.09639499999999998,1.0,16.0,5,-0.06926
2020-09-09,Financials,-0.11298,-0.141225,0.8,6.0,5,0.09639499999999998
2020-09-10,Financials,-0.0031266666666666665,-0.003908333333333333,0.8,8.0,5,-0.11298
2020-09-11,Financials,-0.05994000000000001,-0.0999,0.6,6.0,5,-0.0031266666666666665
2020-09-14,Financials,-0.02236999999999999,-0.027962499999999987,0.8,10.0,5,-0.05994000000000001
2020-09-15,Financials,0.12745,0.31862500000000005,0.4,5.0,5,-0.02236999999999999
2020-09-16,Financials,-0.019539999999999995,-0.019539999999999995,1.0,10.0,5,0.12745
2020-09-17,Financials,0.07329,0.07329,1.0,10.0,5,-0.019539999999999995
2020-09-18,Financials,0.08238000000000001,0.10297500000000001,0.8,8.0,5,0.07329
2020-09-21,Financials,-0.041182,-0.0514775,0.8,15.0,5,0.08238000000000001
2020-09-22,Financials,0.17932,0.22415000000000002,0.8,6.0,5,-0.041182
2020-09-23,Financials,0.134876,0.168595,0.8,9.0,5,0.17932
2020-09-24,Financials,0.14262249999999999,0.17827812499999998,0.8,14.0,5,0.134876
2020-09-25,Financials,0.08038,0.13396666666666665,0.6,5.0,5,0.14262249999999999
2020-09-28,Financials,0.22749333333333333,0.22749333333333333,1.0,17.0,5,0.08038
2020-09-29,Financials,-0.05424,-0.0678,0.8,12.0,5,0.22749333333333333
2020-09-30,Financials,-2.342857142856869e-05,-3.904761904761448e-05,0.6,21.0,5,-0.05424
2020-10-01,Financials,0.10646399999999998,0.13307999999999998,0.8,17.0,5,-2.342857142856869e-05
2020-10-02,Financials,0.1350022222222222,0.22500370370370368,0.6,18.0,5,0.10646399999999998
2020-10-05,Financials,0.20179466666666665,0.20179466666666665,1.0,14.0,5,0.1350022222222222
2020-10-06,Financials,0.20621666666666666,0.25777083333333334,0.8,8.0,5,0.20179466666666665
2020-10-07,Financials,0.096244,0.16040666666666667,0.6,12.0,5,0.20621666666666666
2020-10-08,Financials,0.13609041666666669,0.17011302083333335,0.8,22.0,5,0.096244
2020-10-09,Financials,0.26195,0.26195,1.0,13.0,5,0.13609041666666669
2020-10-12,Financials,0.17315721611721613,0.21644652014652016,0.8,32.0,5,0.26195
2020-10-13,Financials,0.07528666666666667,0.07528666666666667,1.0,32.0,5,0.17315721611721613
2020-10-14,Financials,0.1945041304347826,0.24313016304347823,0.8,52.0,5,0.07528666666666667
2020-10-15,Financials,0.18047433333333335,0.18047433333333335,1.0,25.0,5,0.1945041304347826
2020-10-16,Financials,0.56552,0.56552,1.0,7.0,5,0.18047433333333335
2020-10-19,Financials,0.25194666666666665,0.25194666666666665,1.0,13.0,5,0.56552
2020-10-20,Financials,0.13975166666666666,0.17468958333333334,0.8,14.0,5,0.25194666666666665
2020-10-21,Financials,0.018098000000000003,0.022622500000000004,0.8,14.0,5,0.13975166666666666
2020-10-22,Financials,0.10409333333333334,0.13011666666666669,0.8,14.0,5,0.018098000000000003
2020-10-23,Financials,0.18292000000000003,0.45730000000000004,0.4,3.0,5,0.10409333333333334
2020-10-26,Financials,0.0040360000000000005,0.005045000000000001,0.8,17.0,5,0.18292000000000003
2020-10-27,Financials,0.04614,0.057675000000000004,0.8,7.0,5,0.0040360000000000005
2020-10-28,Financials,0.02887761904761905,0.02887761904761905,1.0,29.0,5,0.04614
2020-10-29,Financials,0.10489000000000001,0.13111250000000002,0.8,9.0,5,0.02887761904761905
2020-10-30,Financials,0.08553200000000001,0.08553200000000001,1.0,16.0,5,0.10489000000000001
2020-11-02,Financials,0.09402999999999999,0.11753749999999999,0.8,13.0,5,0.08553200000000001
2020-11-03,Financials,0.0670097619047619,0.08376220238095239,0.8,19.0,5,0.09402999999999999
2020-11-04,Financials,0.19153,0.19153,1.0,24.0,5,0.0670097619047619
2020-11-05,Financials,0.12442,0.12442,1.0,10.0,5,0.19153
2020-11-06,Financials,0.1398,0.17475000000000002,0.8,9.0,5,0.12442
2020-11-09,Financials,0.07824428571428571,0.09780535714285714,0.8,24.0,5,0.1398
2020-11-10,Financials,0.1362,0.17024999999999998,0.8,9.0,5,0.07824428571428571
2020-11-11,Financials,0.1624535238095238,0.20306690476190475,0.8,16.0,5,0.1362
2020-11-12,Financials,0.1692842564102564,0.21160532051282052,0.8,26.0,5,0.1624535238095238
2020-11-13,Financials,0.11451333333333333,0.14314166666666667,0.8,11.0,5,0.1692842564102564
2020-11-16,Financials,0.12498400000000001,0.15623,0.8,19.0,5,0.11451333333333333
2020-11-17,Financials,-0.0314,-0.03925,0.8,11.0,5,0.12498400000000001
2020-11-18,Financials,0.11738833333333332,0.14673541666666665,0.8,11.0,5,-0.0314
2020-11-19,Financials,0.227596,0.227596,1.0,13.0,5,0.11738833333333332
2020-11-20,Financials,0.12471333333333331,0.12471333333333331,1.0,15.0,5,0.227596
2020-11-23,Financials,0.030762,0.0384525,0.8,23.0,5,0.12471333333333331
2020-11-24,Financials,0.15632,0.15632,1.0,16.0,5,0.030762
2020-11-25,Financials,0.026557333333333332,0.033196666666666666,0.8,13.0,5,0.15632
2020-11-27,Financials,0.20613333333333334,0.34355555555555556,0.6,7.0,5,0.026557333333333332
2020-11-30,Financials,0.022825,0.02853125,0.8,12.0,5,0.20613333333333334
2020-12-01,Financials,0.31537,0.5256166666666666,0.6,4.0,5,0.022825
2020-12-02,Financials,0.11765,0.1470625,0.8,9.0,5,0.31537
2020-12-03,Financials,0.09838,0.122975,0.8,11.0,5,0.11765
2020-12-04,Financials,-0.02116,-0.02645,0.8,10.0,5,0.09838
2020-12-07,Financials,0.06863566666666666,0.08579458333333333,0.8,24.0,5,-0.02116
2020-12-08,Financials,0.047122,0.047122,1.0,17.0,5,0.06863566666666666
2020-12-09,Financials,0.12100333333333332,0.12100333333333332,1.0,11.0,5,0.047122
2020-12-10,Financials,0.140775,0.140775,1.0,15.0,5,0.12100333333333332
2020-12-11,Financials,0.09013499999999999,0.09013499999999999,1.0,16.0,5,0.140775
2020-12-14,Financials,0.12006666666666668,0.15008333333333335,0.8,7.0,5,0.09013499999999999
2020-12-15,Financials,0.211165,0.26395625,0.8,12.0,5,0.12006666666666668
2020-12-16,Financials,0.30798666666666663,0.30798666666666663,1.0,9.0,5,0.211165
2020-12-17,Financials,0.26285933333333333,0.32857416666666667,0.8,20.0,5,0.30798666666666663
2020-12-18,Financials,0.0,0.0,0.6,3.0,5,0.26285933333333333
2020-12-21,Financials,-0.029942657894736845,-0.029942657894736845,1.0,50.0,5,0.0
2020-12-22,Financials,0.14948,0.24913333333333335,0.6,5.0,5,-0.029942657894736845
2020-12-23,Financials,0.16838,0.210475,0.8,10.0,5,0.14948
2020-12-24,Financials,0.19669999999999999,0.24587499999999998,0.8,6.0,5,0.16838
2020-12-28,Financials,0.14575666666666667,0.14575666666666667,1.0,21.0,5,0.19669999999999999
2020-12-29,Financials,-0.33083999999999997,-0.41355,0.8,5.0,5,0.14575666666666667
2020-12-30,Financials,0.03512,0.043899999999999995,0.8,4.0,5,-0.33083999999999997
2020-12-31,Financials,0.30639066666666664,0.3829883333333333,0.8,12.0,5,0.03512
2021-01-04,Financials,0.21359666666666666,0.2669958333333333,0.8,13.0,5,0.30639066666666664
2021-01-05,Financials,0.14169,0.23615,0.6,13.0,5,0.21359666666666666
2021-01-06,Financials,0.17318916666666667,0.21648645833333333,0.8,18.0,5,0.14169
2021-01-07,Financials,0.03955714285714286,0.04944642857142857,0.8,17.0,5,0.17318916666666667
2021-01-08,Financials,0.095655,0.159425,0.6,10.0,5,0.03955714285714286
2021-01-11,Financials,0.01041811594202899,0.017363526570048315,0.6,30.0,5,0.095655
2021-01-12,Financials,0.038448833333333335,0.048061041666666665,0.8,25.0,5,0.01041811594202899
2021-01-13,Financials,0.08364833333333334,0.10456041666666667,0.8,15.0,5,0.038448833333333335
2021-01-14,Financials,-0.006549999999999989,-0.008187499999999986,0.8,20.0,5,0.08364833333333334
2021-01-15,Financials,0.22995610389610385,0.2874451298701298,0.8,35.0,5,-0.006549999999999989
2021-01-19,Financials,0.1229108888888889,0.15363861111111113,0.8,31.0,5,0.22995610389610385
2021-01-20,Financials,0.09744449579831933,0.09744449579831933,1.0,35.0,5,0.1229108888888889
2021-01-21,Financials,0.090305,0.090305,1.0,14.0,5,0.09744449579831933
2021-01-22,Financials,0.045916,0.057395,0.8,10.0,5,0.090305
2021-01-25,Financials,0.1942583333333333,0.24282291666666664,0.8,17.0,5,0.045916
2021-01-26,Financials,0.19424666666666668,0.24280833333333335,0.8,16.0,5,0.1942583333333333
2021-01-27,Financials,0.0007266666666666643,0.0007266666666666643,1.0,9.0,5,0.19424666666666668
2021-01-28,Financials,0.048358333333333337,0.06044791666666667,0.8,16.0,5,0.0007266666666666643
2021-01-29,Financials,0.098247,0.12280875,0.8,16.0,5,0.048358333333333337
2021-02-01,Financials,0.049519,0.06189875,0.8,18.0,5,0.098247
2021-02-02,Financials,0.24018333333333333,0.30022916666666666,0.8,16.0,5,0.049519
2021-02-03,Financials,0.230044,0.287555,0.8,13.0,5,0.24018333333333333
2021-02-04,Financials,-0.020971999999999998,-0.026214999999999995,0.8,11.0,5,0.230044
2021-02-05,Financials,0.08035666666666666,0.10044583333333333,0.8,9.0,5,-0.020971999999999998
2021-02-08,Financials,-0.007614095238095234,-0.009517619047619042,0.8,16.0,5,0.08035666666666666
2021-02-09,Financials,0.010079999999999995,0.012599999999999993,0.8,7.0,5,-0.007614095238095234
2021-02-10,Financials,0.020893333333333333,0.026116666666666667,0.8,11.0,5,0.010079999999999995
2021-02-11,Financials,0.17638,0.29396666666666665,0.6,6.0,5,0.020893333333333333
2021-02-12,Financials,0.0,0.0,0.6,5.0,5,0.17638
2021-02-16,Financials,0.11357600000000001,0.11357600000000001,1.0,24.0,5,0.0
2021-02-17,Financials,0.17546599999999998,0.21933249999999999,0.8,17.0,5,0.11357600000000001
2021-02-18,Financials,0.061040000000000004,0.0763,0.8,11.0,5,0.17546599999999998
2021-02-19,Financials,0.12478,0.155975,0.8,7.0,5,0.061040000000000004
2021-02-22,Financials,-0.02732,-0.03415,0.8,12.0,5,0.12478
2021-02-23,Financials,-0.04478333333333334,-0.05597916666666668,0.8,16.0,5,-0.02732
2021-02-24,Financials,0.038974999999999996,0.04871875,0.8,14.0,5,-0.04478333333333334
2021-02-25,Financials,0.14685133333333333,0.18356416666666667,0.8,16.0,5,0.038974999999999996
2021-02-26,Financials,0.056620000000000004,0.070775,0.8,8.0,5,0.14685133333333333
2021-03-01,Financials,0.001716000000000001,0.001716000000000001,1.0,17.0,5,0.056620000000000004
2021-03-02,Financials,0.25916,0.32395,0.8,12.0,5,0.001716000000000001
2021-03-03,Financials,0.011080476190476191,0.011080476190476191,1.0,19.0,5,0.25916
2021-03-04,Financials,0.14601999999999998,0.182525,0.8,13.0,5,0.011080476190476191
2021-03-05,Financials,0.128544,0.16068,0.8,12.0,5,0.14601999999999998
2021-03-08,Financials,0.133695,0.16711875,0.8,10.0,5,0.128544
2021-03-09,Financials,-0.016952000000000002,-0.02119,0.8,11.0,5,0.133695
2021-03-10,Financials,0.2573566666666667,0.4289277777777778,0.6,6.0,5,-0.016952000000000002
2021-03-11,Financials,0.07332,0.09165,0.8,11.0,5,0.2573566666666667
2021-03-12,Financials,0.07102333333333333,0.07102333333333333,1.0,9.0,5,0.07332
2021-03-15,Financials,0.208765,0.26095625,0.8,12.0,5,0.07102333333333333
2021-03-16,Financials,0.07153499999999999,0.07153499999999999,1.0,12.0,5,0.208765
2021-03-17,Financials,0.15256999999999998,0.15256999999999998,1.0,10.0,5,0.07153499999999999
2021-03-18,Financials,0.035875000000000004,0.05979166666666667,0.6,13.0,5,0.15256999999999998
2021-03-19,Financials,-0.015564000000000005,-0.019455000000000007,0.8,18.0,5,0.035875000000000004
2021-03-22,Financials,0.26280499999999996,0.26280499999999996,1.0,12.0,5,-0.015564000000000005
2021-03-23,Financials,0.22886166666666666,0.2860770833333333,0.8,14.0,5,0.26280499999999996
2021-03-24,Financials,0.08981333333333333,0.14968888888888887,0.6,11.0,5,0.22886166666666666
2021-03-25,Financials,0.015588000000000001,0.019485000000000002,0.8,19.0,5,0.08981333333333333
2021-03-26,Financials,0.210324,0.210324,1.0,14.0,5,0.015588000000000001
2021-03-29,Financials,0.018072444444444443,0.018072444444444443,1.0,30.0,5,0.210324
2021-03-30,Financials,0.022658076923076927,0.022658076923076927,1.0,30.0,5,0.018072444444444443
2021-03-31,Financials,0.069205,0.069205,1.0,14.0,5,0.022658076923076927
2021-04-01,Financials,0.16159400000000002,0.16159400000000002,1.0,12.0,5,0.069205
2021-04-05,Financials,0.1638126406926407,0.20476580086580087,0.8,23.0,5,0.16159400000000002
2021-04-06,Financials,-0.02278800000000001,-0.02848500000000001,0.8,21.0,5,0.1638126406926407
2021-04-07,Financials,0.118085,0.14760625,0.8,9.0,5,-0.02278800000000001
2021-04-08,Financials,0.013633333333333334,0.017041666666666667,0.8,15.0,5,0.118085
2021-04-09,Financials,0.04900857142857143,0.061260714285714286,0.8,21.0,5,0.013633333333333334
2021-04-12,Financials,0.23869130158730162,0.23869130158730162,1.0,40.0,5,0.04900857142857143
2021-04-13,Financials,0.25330884615384613,0.25330884615384613,1.0,31.0,5,0.23869130158730162
2021-04-14,Financials,0.1518068973607038,0.1518068973607038,1.0,60.0,5,0.25330884615384613
2021-04-15,Financials,0.115976,0.14497,0.8,29.0,5,0.1518068973607038
2021-04-16,Financials,0.25647285714285717,0.25647285714285717,1.0,36.0,5,0.115976
2021-04-19,Financials,0.18706678571428573,0.18706678571428573,1.0,22.0,5,0.25647285714285717
2021-04-20,Financials,0.26226000000000005,0.26226000000000005,1.0,16.0,5,0.18706678571428573
2021-04-21,Financials,0.09889333333333332,0.12361666666666665,0.8,13.0,5,0.26226000000000005
2021-04-22,Financials,0.11310666666666666,0.14138333333333333,0.8,17.0,5,0.09889333333333332
2021-04-23,Financials,0.19527333333333335,0.24409166666666668,0.8,10.0,5,0.11310666666666666
2021-04-26,Financials,0.22928833333333332,0.22928833333333332,1.0,21.0,5,0.19527333333333335
2021-04-27,Financials,0.17128085714285718,0.21410107142857146,0.8,16.0,5,0.22928833333333332
2021-04-28,Financials,0.041933333333333336,0.05241666666666667,0.8,15.0,5,0.17128085714285718
2021-04-29,Financials,0.16196000000000002,0.26993333333333336,0.6,11.0,5,0.041933333333333336
2021-04-30,Financials,0.067287,0.112145,0.6,12.0,5,0.16196000000000002
2021-05-03,Financials,0.22597499999999995,0.22597499999999995,1.0,14.0,5,0.067287
2021-05-04,Financials,0.14647642857142856,0.14647642857142856,1.0,20.0,5,0.22597499999999995
2021-05-05,Financials,0.06356999999999999,0.07946249999999999,0.8,10.0,5,0.14647642857142856
2021-05-06,Financials,0.083508,0.104385,0.8,11.0,5,0.06356999999999999
2021-05-07,Financials,0.03286333333333333,0.04107916666666666,0.8,10.0,5,0.083508
2021-05-10,Financials,0.043842000000000006,0.07307000000000001,0.6,9.0,5,0.03286333333333333
2021-05-11,Financials,0.0022799999999999986,0.003799999999999998,0.6,5.0,5,0.043842000000000006
2021-05-12,Financials,0.03330333333333334,0.04162916666666667,0.8,15.0,5,0.0022799999999999986
2021-05-13,Financials,0.10682,0.133525,0.8,9.0,5,0.03330333333333334
2021-05-14,Financials,0.06492833333333334,0.08116041666666668,0.8,15.0,5,0.10682
2021-05-17,Financials,0.3160185714285714,0.3160185714285714,1.0,18.0,5,0.06492833333333334
2021-05-18,Financials,0.17056666666666667,0.2842777777777778,0.6,8.0,5,0.3160185714285714
2021-05-19,Financials,0.17470333333333335,0.2911722222222222,0.6,10.0,5,0.17056666666666667
2021-05-20,Financials,0.06271666666666667,0.10452777777777778,0.6,11.0,5,0.17470333333333335
2021-05-21,Financials,-0.0015766666666666694,-0.0019708333333333366,0.8,11.0,5,0.06271666666666667
2021-05-24,Financials,0.031190000000000002,0.0389875,0.8,16.0,5,-0.0015766666666666694
2021-05-25,Financials,0.12618666666666667,0.21031111111111112,0.6,14.0,5,0.031190000000000002
2021-05-26,Financials,-0.016735000000000014,-0.020918750000000017,0.8,10.0,5,0.12618666666666667
2021-05-27,Financials,0.009452499999999997,0.011815624999999996,0.8,14.0,5,-0.016735000000000014
2021-05-28,Financials,0.20167666666666667,0.20167666666666667,1.0,11.0,5,0.009452499999999997
2021-06-01,Financials,0.07843955555555555,0.09804944444444444,0.8,18.0,5,0.20167666666666667
2021-06-02,Financials,0.165604,0.165604,1.0,17.0,5,0.07843955555555555
2021-06-03,Financials,-0.005325000000000002,-0.005325000000000002,1.0,12.0,5,0.165604
2021-06-04,Financials,0.27615,0.3451875,0.8,8.0,5,-0.005325000000000002
2021-06-07,Financials,0.21601809523809523,0.21601809523809523,1.0,16.0,5,0.27615
2021-06-08,Financials,0.14422666666666667,0.18028333333333332,0.8,8.0,5,0.21601809523809523
2021-06-09,Financials,0.155369,0.25894833333333334,0.6,11.0,5,0.14422666666666667
2021-06-10,Financials,0.10994666666666668,0.13743333333333335,0.8,13.0,5,0.155369
2021-06-11,Financials,0.13820666666666664,0.34551666666666664,0.4,5.0,5,0.10994666666666668
2021-06-14,Financials,0.022173333333333333,0.027716666666666667,0.8,11.0,5,0.13820666666666664
2021-06-15,Financials,0.18226,0.18226,1.0,10.0,5,0.022173333333333333
2021-06-16,Financials,0.038053333333333335,0.038053333333333335,1.0,12.0,5,0.18226
2021-06-17,Financials,0.06707433333333333,0.06707433333333333,1.0,19.0,5,0.038053333333333335
2021-06-18,Financials,0.10693583333333334,0.13366979166666668,0.8,14.0,5,0.06707433333333333
2021-06-21,Financials,0.03667666666666667,0.03667666666666667,1.0,12.0,5,0.10693583333333334
2021-06-22,Financials,-0.103095,-0.12886875,0.8,12.0,5,0.03667666666666667
2021-06-23,Financials,0.18624333333333332,0.23280416666666665,0.8,13.0,5,-0.103095
2021-06-24,Financials,0.17781166666666667,0.17781166666666667,1.0,30.0,5,0.18624333333333332
2021-06-25,Financials,-0.02393904761904762,-0.029923809523809526,0.8,17.0,5,0.17781166666666667
2021-06-28,Financials,0.039690666666666666,0.039690666666666666,1.0,17.0,5,-0.02393904761904762
2021-06-29,Financials,0.10855066666666668,0.13568833333333336,0.8,28.0,5,0.039690666666666666
2021-06-30,Financials,0.069504,0.069504,1.0,23.0,5,0.10855066666666668
2021-07-01,Financials,0.11153181818181819,0.18588636363636366,0.6,22.0,5,0.069504
2021-07-02,Financials,0.15865,0.1983125,0.8,14.0,5,0.11153181818181819
2021-07-06,Financials,-0.06368650000000001,-0.079608125,0.8,19.0,5,0.15865
2021-07-07,Financials,-0.00838380952380951,-0.010479761904761888,0.8,13.0,5,-0.06368650000000001
2021-07-08,Financials,0.03761111111111111,0.04701388888888889,0.8,27.0,5,-0.00838380952380951
2021-07-09,Financials,0.19307238095238097,0.19307238095238097,1.0,24.0,5,0.03761111111111111
2021-07-12,Financials,0.15944380952380954,0.15944380952380954,1.0,24.0,5,0.19307238095238097
2021-07-13,Financials,0.1591540170940171,0.19894252136752139,0.8,43.0,5,0.15944380952380954
2021-07-14,Financials,0.1484353846153846,0.18554423076923077,0.8,34.0,5,0.1591540170940171
2021-07-15,Financials,0.05605294444444444,0.05605294444444444,1.0,35.0,5,0.1484353846153846
2021-07-16,Financials,0.1668,0.20850000000000002,0.8,16.0,5,0.05605294444444444
2021-07-19,Financials,0.07542924675324676,0.09428655844155845,0.8,26.0,5,0.1668
2021-07-20,Financials,0.20127484848484847,0.20127484848484847,1.0,24.0,5,0.07542924675324676
2021-07-21,Financials,0.2770380952380952,0.346297619047619,0.8,17.0,5,0.20127484848484847
2021-07-22,Financials,0.24904,0.24904,1.0,9.0,5,0.2770380952380952
2021-07-23,Financials,0.10754999999999999,0.10754999999999999,1.0,14.0,5,0.24904
2021-07-26,Financials,0.023042857142857136,0.02880357142857142,0.8,16.0,5,0.10754999999999999
2021-07-27,Financials,0.17602619047619047,0.2200327380952381,0.8,17.0,5,0.023042857142857136
2021-07-28,Financials,0.07306316666666667,0.07306316666666667,1.0,21.0,5,0.17602619047619047
2021-07-29,Financials,0.25199,0.3149875,0.8,6.0,5,0.07306316666666667
2021-07-30,Financials,-0.023160000000000004,-0.05790000000000001,0.4,3.0,5,0.25199
2021-08-02,Financials,0.32739666666666667,0.32739666666666667,1.0,18.0,5,-0.023160000000000004
2021-08-03,Financials,0.08771599999999999,0.14619333333333331,0.6,10.0,5,0.32739666666666667
2021-08-04,Financials,0.086972,0.086972,1.0,13.0,5,0.08771599999999999
2021-08-05,Financials,-0.033431999999999996,-0.033431999999999996,1.0,20.0,5,0.086972
2021-08-06,Financials,0.019713333333333333,0.032855555555555555,0.6,6.0,5,-0.033431999999999996
2021-08-09,Financials,0.18961416666666664,0.2370177083333333,0.8,15.0,5,0.019713333333333333
2021-08-10,Financials,0.16275499999999998,0.16275499999999998,1.0,13.0,5,0.18961416666666664
2021-08-11,Financials,0.09320166666666667,0.11650208333333334,0.8,12.0,5,0.16275499999999998
2021-08-12,Financials,0.19382785714285716,0.19382785714285716,1.0,18.0,5,0.09320166666666667
2021-08-13,Financials,0.06266833333333333,0.07833541666666666,0.8,12.0,5,0.19382785714285716
2021-08-16,Financials,0.06406333333333333,0.08007916666666667,0.8,16.0,5,0.06266833333333333
2021-08-17,Financials,0.05790214285714286,0.07237767857142857,0.8,18.0,5,0.06406333333333333
2021-08-18,Financials,0.088235,0.11029375,0.8,13.0,5,0.05790214285714286
2021-08-19,Financials,0.15599000000000002,0.1949875,0.8,13.0,5,0.088235
2021-08-20,Financials,-0.04166,-0.06943333333333333,0.6,6.0,5,0.15599000000000002
2021-08-23,Financials,0.17447999999999997,0.17447999999999997,1.0,14.0,5,-0.04166
2021-08-24,Financials,0.10008999999999998,0.1251125,0.8,13.0,5,0.17447999999999997
2021-08-25,Financials,0.16136,0.2689333333333333,0.6,6.0,5,0.10008999999999998
2021-08-26,Financials,-0.042408,-0.042408,1.0,10.0,5,0.16136
2021-08-27,Financials,0.07887999999999999,0.0986,0.8,13.0,5,-0.042408
2021-08-30,Financials,0.04046,0.10115,0.4,2.0,5,0.07887999999999999
2021-08-31,Financials,0.15947285714285714,0.1993410714285714,0.8,11.0,5,0.04046
2021-09-01,Financials,0.10848,0.1356,0.8,11.0,5,0.15947285714285714
2021-09-02,Financials,0.1861051111111111,0.1861051111111111,1.0,20.0,5,0.10848
2021-09-03,Financials,0.096935,0.12116874999999999,0.8,10.0,5,0.1861051111111111
2021-09-07,Financials,-0.05972250000000001,-0.05972250000000001,1.0,19.0,5,0.096935
2021-09-08,Financials,0.16177000000000002,0.16177000000000002,1.0,13.0,5,-0.05972250000000001
2021-09-09,Financials,-0.038935000000000004,-0.038935000000000004,1.0,22.0,5,0.16177000000000002
2021-09-10,Financials,-0.10399666666666665,-0.1299958333333333,0.8,11.0,5,-0.038935000000000004
2021-09-13,Financials,0.047966666666666664,0.05995833333333333,0.8,18.0,5,-0.10399666666666665
2021-09-14,Financials,0.13352499999999998,0.13352499999999998,1.0,11.0,5,0.047966666666666664
2021-09-15,Financials,0.2277283333333333,0.2277283333333333,1.0,19.0,5,0.13352499999999998
2021-09-16,Financials,0.09759999999999999,0.122,0.8,8.0,5,0.2277283333333333
2021-09-17,Financials,0.13742666666666667,0.13742666666666667,1.0,12.0,5,0.09759999999999999
2021-09-20,Financials,-0.07768190476190477,-0.07768190476190477,1.0,20.0,5,0.13742666666666667
2021-09-21,Financials,-0.012738999999999995,-0.012738999999999995,1.0,18.0,5,-0.07768190476190477
2021-09-22,Financials,0.10247904761904762,0.12809880952380953,0.8,12.0,5,-0.012738999999999995
2021-09-23,Financials,0.006608000000000003,0.008260000000000003,0.8,9.0,5,0.10247904761904762
2021-09-24,Financials,0.1464,0.1464,1.0,6.0,5,0.006608000000000003
2021-09-27,Financials,0.150233,0.150233,1.0,26.0,5,0.1464
2021-09-28,Financials,0.2564447619047619,0.2564447619047619,1.0,17.0,5,0.150233
2021-09-29,Financials,0.00801,0.020024999999999998,0.4,6.0,5,0.2564447619047619
2021-09-30,Financials,0.08292466666666667,0.08292466666666667,1.0,20.0,5,0.00801
2021-10-01,Financials,0.12399800000000001,0.20666333333333334,0.6,10.0,5,0.08292466666666667
2021-10-04,Financials,0.036401,0.04550125,0.8,12.0,5,0.12399800000000001
2021-10-05,Financials,0.047200000000000006,0.047200000000000006,1.0,18.0,5,0.036401
2021-10-06,Financials,0.11777333333333333,0.14721666666666666,0.8,16.0,5,0.047200000000000006
2021-10-07,Financials,0.062368,0.062368,1.0,16.0,5,0.11777333333333333
2021-10-08,Financials,0.14272,0.14272,1.0,7.0,5,0.062368
2021-10-11,Financials,0.16343003663003663,0.16343003663003663,1.0,33.0,5,0.14272
2021-10-12,Financials,0.011511666666666667,0.014389583333333334,0.8,11.0,5,0.16343003663003663
2021-10-13,Financials,0.1448443888888889,0.1448443888888889,1.0,29.0,5,0.011511666666666667
2021-10-14,Financials,0.3241818095238095,0.3241818095238095,1.0,55.0,5,0.1448443888888889
2021-10-15,Financials,0.31654158730158727,0.31654158730158727,1.0,36.0,5,0.3241818095238095
2021-10-18,Financials,0.03196966666666666,0.03196966666666666,1.0,29.0,5,0.31654158730158727
2021-10-19,Financials,-0.08729,-0.14548333333333335,0.6,4.0,5,0.03196966666666666
2021-10-20,Financials,-0.030470000000000004,-0.0380875,0.8,9.0,5,-0.08729
2021-10-21,Financials,0.024579285714285713,0.024579285714285713,1.0,16.0,5,-0.030470000000000004
2021-10-22,Financials,-0.09915333333333334,-0.12394166666666667,0.8,10.0,5,0.024579285714285713
2021-10-25,Financials,0.01773083333333334,0.01773083333333334,1.0,18.0,5,-0.09915333333333334
2021-10-26,Financials,0.1373066666666667,0.17163333333333336,0.8,15.0,5,0.01773083333333334
2021-10-27,Financials,0.039957619047619054,0.049947023809523816,0.8,23.0,5,0.1373066666666667
2021-10-28,Financials,0.098585,0.2464625,0.4,6.0,5,0.039957619047619054
2021-10-29,Financials,0.18893533333333332,0.23616916666666665,0.8,14.0,5,0.098585
2021-11-01,Financials,0.21572266666666665,0.2696533333333333,0.8,14.0,5,0.18893533333333332
2021-11-02,Financials,0.06608714285714287,0.08260892857142858,0.8,15.0,5,0.21572266666666665
2021-11-03,Financials,0.09964500000000001,0.166075,0.6,9.0,5,0.06608714285714287
2021-11-04,Financials,0.22955499999999995,0.22955499999999995,1.0,13.0,5,0.09964500000000001
2021-11-05,Financials,0.07658000000000001,0.12763333333333335,0.6,7.0,5,0.22955499999999995
2021-11-08,Financials,-0.006646000000000002,-0.008307500000000002,0.8,23.0,5,0.07658000000000001
2021-11-09,Financials,0.013873333333333331,0.017341666666666665,0.8,13.0,5,-0.006646000000000002
2021-11-10,Financials,-0.0024495000000000016,-0.004082500000000003,0.6,17.0,5,0.013873333333333331
2021-11-11,Financials,0.036383000000000006,0.036383000000000006,1.0,14.0,5,-0.0024495000000000016
2021-11-12,Financials,0.0,0.0,0.2,3.0,5,0.036383000000000006
2021-11-15,Financials,0.21728,0.2716,0.8,15.0,5,0.0
2021-11-16,Financials,0.144544,0.144544,1.0,13.0,5,0.21728
2021-11-17,Financials,0.005269323308270675,0.005269323308270675,1.0,30.0,5,0.144544
2021-11-18,Financials,0.3057314285714286,0.3057314285714286,1.0,14.0,5,0.005269323308270675
2021-11-19,Financials,0.2053566666666667,0.2053566666666667,1.0,21.0,5,0.3057314285714286
2021-11-22,Financials,0.2665628571428571,0.3332035714285714,0.8,18.0,5,0.2053566666666667
2021-11-23,Financials,0.035905,0.04488125,0.8,17.0,5,0.2665628571428571
2021-11-24,Financials,0.06996,0.08745,0.8,13.0,5,0.035905
2021-11-26,Financials,-0.07245966666666667,-0.07245966666666667,1.0,15.0,5,0.06996
2021-11-29,Financials,0.014704333333333333,0.018380416666666666,0.8,16.0,5,-0.07245966666666667
2021-11-30,Financials,0.14717466666666668,0.18396833333333334,0.8,13.0,5,0.014704333333333333
2021-12-01,Financials,-0.023854999999999998,-0.029818749999999998,0.8,8.0,5,0.14717466666666668
2021-12-02,Financials,0.029893333333333338,0.029893333333333338,1.0,17.0,5,-0.023854999999999998
2021-12-03,Financials,0.007252000000000003,0.009065000000000004,0.8,10.0,5,0.029893333333333338
2021-12-06,Financials,0.030609333333333343,0.03826166666666668,0.8,21.0,5,0.007252000000000003
2021-12-07,Financials,0.06895055555555556,0.06895055555555556,1.0,21.0,5,0.030609333333333343
2021-12-08,Financials,-0.02781200000000001,-0.02781200000000001,1.0,13.0,5,0.06895055555555556
2021-12-09,Financials,0.19018666666666667,0.19018666666666667,1.0,19.0,5,-0.02781200000000001
2021-12-10,Financials,0.055742,0.0696775,0.8,10.0,5,0.19018666666666667
2021-12-13,Financials,0.292502,0.292502,1.0,19.0,5,0.055742
2021-12-14,Financials,0.04806666666666667,0.060083333333333336,0.8,11.0,5,0.292502
2021-12-15,Financials,0.048496,0.06062,0.8,14.0,5,0.04806666666666667
2021-12-16,Financials,-0.052898999999999995,-0.06612375,0.8,24.0,5,0.048496
2021-12-17,Financials,0.11059133333333335,0.11059133333333335,1.0,13.0,5,-0.052898999999999995
2021-12-20,Financials,-0.045152727272727275,-0.07525454545454545,0.6,19.0,5,0.11059133333333335
2021-12-21,Financials,0.211,0.211,1.0,12.0,5,-0.045152727272727275
2021-12-22,Financials,0.1324,0.16549999999999998,0.8,7.0,5,0.211
2021-12-23,Financials,0.09492999999999999,0.09492999999999999,1.0,16.0,5,0.1324
2021-12-27,Financials,0.19610999999999998,0.19610999999999998,1.0,15.0,5,0.09492999999999999
2021-12-28,Financials,0.07224,0.12040000000000001,0.6,3.0,5,0.19610999999999998
2021-12-29,Financials,-0.05865666666666667,-0.05865666666666667,1.0,9.0,5,0.07224
2021-12-30,Financials,0.2779,0.347375,0.8,11.0,5,-0.05865666666666667
2021-12-31,Financials,0.080673,0.080673,1.0,15.0,5,0.2779
2022-01-03,Financials,0.07274171428571428,0.09092714285714286,0.8,16.0,5,0.080673
2022-01-04,Financials,0.10501077777777779,0.10501077777777779,1.0,22.0,5,0.07274171428571428
2022-01-05,Financials,0.12962600000000002,0.16203250000000002,0.8,12.0,5,0.10501077777777779
2022-01-06,Financials,0.07243,0.07243,1.0,15.0,5,0.12962600000000002
2022-01-07,Financials,0.06366666666666668,0.07958333333333334,0.8,15.0,5,0.07243
2022-01-10,Financials,0.19364585714285715,0.19364585714285715,1.0,37.0,5,0.06366666666666668
2022-01-11,Financials,0.13209833333333335,0.13209833333333335,1.0,12.0,5,0.19364585714285715
2022-01-12,Financials,0.21114606060606061,0.21114606060606061,1.0,33.0,5,0.13209833333333335
2022-01-13,Financials,0.1404555238095238,0.1404555238095238,1.0,44.0,5,0.21114606060606061
2022-01-14,Financials,0.1452163553113553,0.1452163553113553,1.0,52.0,5,0.1404555238095238
2022-01-18,Financials,0.14929755125725336,0.14929755125725336,1.0,94.0,5,0.1452163553113553
2022-01-19,Financials,0.16058963456151693,0.16058963456151693,1.0,62.0,5,0.14929755125725336
2022-01-20,Financials,0.12042380952380953,0.12042380952380953,1.0,22.0,5,0.16058963456151693
2022-01-21,Financials,0.28318952380952384,0.28318952380952384,1.0,27.0,5,0.12042380952380953
2022-01-24,Financials,0.20035133333333333,0.25043916666666666,0.8,19.0,5,0.28318952380952384
2022-01-25,Financials,0.21913428571428573,0.21913428571428573,1.0,25.0,5,0.20035133333333333
2022-01-26,Financials,0.08993333333333334,0.08993333333333334,1.0,16.0,5,0.21913428571428573
2022-01-27,Financials,0.1995845,0.1995845,1.0,26.0,5,0.08993333333333334
2022-01-28,Financials,0.11315959706959706,0.11315959706959706,1.0,43.0,5,0.1995845
2022-01-31,Financials,0.05790333333333333,0.05790333333333333,1.0,15.0,5,0.11315959706959706
2022-02-01,Financials,0.06371904761904762,0.06371904761904762,1.0,21.0,5,0.05790333333333333
2022-02-02,Financials,0.25254600000000005,0.25254600000000005,1.0,13.0,5,0.06371904761904762
2022-02-03,Financials,0.21097333333333332,0.21097333333333332,1.0,12.0,5,0.25254600000000005
2022-02-04,Financials,0.08152285714285715,0.10190357142857143,0.8,17.0,5,0.21097333333333332
2022-02-07,Financials,-0.00022866666666666592,-0.0002858333333333324,0.8,16.0,5,0.08152285714285715
2022-02-08,Financials,0.15966466666666665,0.15966466666666665,1.0,17.0,5,-0.00022866666666666592
2022-02-09,Financials,0.1608166666666667,0.20102083333333337,0.8,14.0,5,0.15966466666666665
2022-02-10,Financials,0.0016266666666666673,0.002033333333333334,0.8,16.0,5,0.1608166666666667
2022-02-11,Financials,0.05312133333333333,0.05312133333333333,1.0,12.0,5,0.0016266666666666673
2022-02-14,Financials,-0.03953460317460318,-0.03953460317460318,1.0,25.0,5,0.05312133333333333
2022-02-15,Financials,0.17301266666666665,0.17301266666666665,1.0,15.0,5,-0.03953460317460318
2022-02-16,Financials,0.026990000000000004,0.04498333333333334,0.6,21.0,5,0.17301266666666665
2022-02-17,Financials,-0.048275090909090906,-0.048275090909090906,1.0,28.0,5,0.026990000000000004
2022-02-18,Financials,0.05961333333333334,0.05961333333333334,1.0,18.0,5,-0.048275090909090906
2022-02-22,Financials,0.07185000000000001,0.08981250000000002,0.8,18.0,5,0.05961333333333334
2022-02-23,Financials,-0.048138333333333325,-0.06017291666666666,0.8,17.0,5,0.07185000000000001
2022-02-24,Financials,0.025797142857142852,0.025797142857142852,1.0,19.0,5,-0.048138333333333325
2022-02-25,Financials,0.009335999999999994,0.011669999999999993,0.8,16.0,5,0.025797142857142852
2022-02-28,Financials,-0.020566607142857143,-0.02570825892857143,0.8,35.0,5,0.009335999999999994
2022-03-01,Financials,-0.0969582380952381,-0.12119779761904763,0.8,29.0,5,-0.020566607142857143
2022-03-02,Financials,0.08833047619047618,0.11041309523809523,0.8,13.0,5,-0.0969582380952381
2022-03-03,Financials,0.21699000000000002,0.2712375,0.8,11.0,5,0.08833047619047618
2022-03-04,Financials,0.09630666666666668,0.12038333333333334,0.8,14.0,5,0.21699000000000002
2022-03-07,Financials,0.0002578461538461474,0.00032230769230768425,0.8,30.0,5,0.09630666666666668
2022-03-08,Financials,0.06810000000000001,0.085125,0.8,13.0,5,0.0002578461538461474
2022-03-09,Financials,0.13179133333333332,0.13179133333333332,1.0,16.0,5,0.06810000000000001
2022-03-10,Financials,-0.016357142857142855,-0.016357142857142855,1.0,21.0,5,0.13179133333333332
2022-03-11,Financials,0.08497428571428571,0.10621785714285714,0.8,11.0,5,-0.016357142857142855
2022-03-14,Financials,0.25740285714285716,0.25740285714285716,1.0,23.0,5,0.08497428571428571
2022-03-15,Financials,0.004542666666666672,0.004542666666666672,1.0,20.0,5,0.25740285714285716
2022-03-16,Financials,0.12361085714285713,0.20601809523809522,0.6,14.0,5,0.004542666666666672
2022-03-17,Financials,0.15306642857142858,0.19133303571428573,0.8,16.0,5,0.12361085714285713
2022-03-18,Financials,0.13341333333333333,0.13341333333333333,1.0,8.0,5,0.15306642857142858
2022-03-21,Financials,0.059014666666666674,0.059014666666666674,1.0,17.0,5,0.13341333333333333
2022-03-22,Financials,0.05983999999999999,0.14959999999999998,0.4,8.0,5,0.059014666666666674
2022-03-23,Financials,0.29982333333333333,0.37477916666666666,0.8,9.0,5,0.05983999999999999
2022-03-24,Financials,0.010228714285714285,0.012785892857142857,0.8,19.0,5,0.29982333333333333
2022-03-25,Financials,0.20247199999999999,0.20247199999999999,1.0,16.0,5,0.010228714285714285
2022-03-28,Financials,0.021341428571428567,0.021341428571428567,1.0,25.0,5,0.20247199999999999
2022-03-29,Financials,-0.049535,-0.049535,1.0,15.0,5,0.021341428571428567
2022-03-30,Financials,0.04887999999999999,0.08146666666666666,0.6,12.0,5,-0.049535
2022-03-31,Financials,0.011833333333333328,0.01479166666666666,0.8,15.0,5,0.04887999999999999
2022-04-01,Financials,0.12974644444444444,0.16218305555555557,0.8,29.0,5,0.011833333333333328
2022-04-04,Financials,-0.005731384615384613,-0.0071642307692307665,0.8,24.0,5,0.12974644444444444
2022-04-05,Financials,0.189116,0.189116,1.0,18.0,5,-0.005731384615384613
2022-04-06,Financials,0.085905,0.10738125,0.8,13.0,5,0.189116
2022-04-07,Financials,0.06855766666666667,0.06855766666666667,1.0,22.0,5,0.085905
2022-04-08,Financials,0.03279450980392156,0.03279450980392156,1.0,31.0,5,0.06855766666666667
2022-04-11,Financials,0.004413142857142854,0.004413142857142854,1.0,40.0,5,0.03279450980392156
2022-04-12,Financials,0.05892481818181818,0.07365602272727273,0.8,26.0,5,0.004413142857142854
2022-04-13,Financials,0.14170688888888888,0.14170688888888888,1.0,36.0,5,0.05892481818181818
2022-04-14,Financials,0.20158744285714283,0.20158744285714283,1.0,83.0,5,0.14170688888888888
2022-04-18,Financials,0.2605848051948052,0.2605848051948052,1.0,27.0,5,0.20158744285714283
2022-04-19,Financials,0.23681085714285716,0.23681085714285716,1.0,23.0,5,0.2605848051948052
2022-04-20,Financials,0.06109,0.06109,1.0,11.0,5,0.23681085714285716
2022-04-21,Financials,-0.09929333333333333,-0.09929333333333333,1.0,14.0,5,0.06109
2022-04-22,Financials,0.18917166666666668,0.18917166666666668,1.0,19.0,5,-0.09929333333333333
2022-04-25,Financials,0.14966233333333334,0.14966233333333334,1.0,30.0,5,0.18917166666666668
2022-04-26,Financials,0.14148644444444444,0.14148644444444444,1.0,28.0,5,0.14966233333333334
2022-04-27,Financials,0.017861333333333347,0.022326666666666682,0.8,26.0,5,0.14148644444444444
2022-04-28,Financials,0.026392380952380966,0.026392380952380966,1.0,18.0,5,0.017861333333333347
2022-04-29,Financials,0.15678,0.26130000000000003,0.6,5.0,5,0.026392380952380966
2022-05-02,Financials,0.13496999999999998,0.1687125,0.8,14.0,5,0.15678
2022-05-03,Financials,0.21465666666666663,0.21465666666666663,1.0,13.0,5,0.13496999999999998
2022-05-04,Financials,0.0,0.0,0.6,7.0,5,0.21465666666666663
2022-05-05,Financials,0.12716199999999997,0.12716199999999997,1.0,13.0,5,0.0
2022-05-06,Financials,-0.11654333333333336,-0.11654333333333336,1.0,20.0,5,0.12716199999999997
2022-05-09,Financials,0.025053333333333334,0.031316666666666666,0.8,13.0,5,-0.11654333333333336
2022-05-10,Financials,0.18528,0.2316,0.8,13.0,5,0.025053333333333334
2022-05-11,Financials,0.08363833333333333,0.08363833333333333,1.0,14.0,5,0.18528
2022-05-12,Financials,0.09586833333333333,0.11983541666666667,0.8,11.0,5,0.08363833333333333
2022-05-13,Financials,0.11499200000000001,0.11499200000000001,1.0,21.0,5,0.09586833333333333
2022-05-16,Financials,0.03664714285714285,0.03664714285714285,1.0,22.0,5,0.11499200000000001
2022-05-17,Financials,0.032874333333333346,0.032874333333333346,1.0,19.0,5,0.03664714285714285
2022-05-18,Financials,0.10264333333333335,0.10264333333333335,1.0,12.0,5,0.032874333333333346
2022-05-19,Financials,0.14355400000000001,0.14355400000000001,1.0,18.0,5,0.10264333333333335
2022-05-20,Financials,0.22629666666666667,0.28287083333333335,0.8,10.0,5,0.14355400000000001
2022-05-23,Financials,-0.11006766666666667,-0.11006766666666667,1.0,21.0,5,0.22629666666666667
2022-05-24,Financials,0.32992,0.32992,1.0,13.0,5,-0.11006766666666667
2022-05-25,Financials,0.016666666666666666,0.027777777777777776,0.6,5.0,5,0.32992
2022-05-26,Financials,0.17710499999999998,0.17710499999999998,1.0,17.0,5,0.016666666666666666
2022-05-27,Financials,0.11309,0.11309,1.0,7.0,5,0.17710499999999998
2022-05-31,Financials,0.06108333333333334,0.06108333333333334,1.0,17.0,5,0.11309
2022-06-01,Financials,0.10417999999999998,0.13022499999999998,0.8,15.0,5,0.06108333333333334
2022-06-02,Financials,0.06271999999999998,0.07839999999999998,0.8,11.0,5,0.10417999999999998
2022-06-03,Financials,-0.03326,-0.041575,0.8,9.0,5,0.06271999999999998
2022-06-06,Financials,0.23270833333333335,0.23270833333333335,1.0,14.0,5,-0.03326
2022-06-07,Financials,0.13640666666666668,0.13640666666666668,1.0,13.0,5,0.23270833333333335
2022-06-08,Financials,0.033697142857142856,0.05616190476190477,0.6,10.0,5,0.13640666666666668
2022-06-09,Financials,-0.00770666666666667,-0.01284444444444445,0.6,11.0,5,0.033697142857142856
2022-06-10,Financials,0.07261866666666666,0.09077333333333333,0.8,14.0,5,-0.00770666666666667
2022-06-13,Financials,0.1415303333333333,0.1415303333333333,1.0,14.0,5,0.07261866666666666
2022-06-14,Financials,-0.09208476190476192,-0.09208476190476192,1.0,23.0,5,0.1415303333333333
2022-06-15,Financials,0.058606666666666675,0.058606666666666675,1.0,15.0,5,-0.09208476190476192
2022-06-16,Financials,-0.008701666666666672,-0.008701666666666672,1.0,18.0,5,0.058606666666666675
2022-06-17,Financials,0.08931000000000003,0.08931000000000003,1.0,13.0,5,-0.008701666666666672
2022-06-21,Financials,-0.02925466666666667,-0.02925466666666667,1.0,26.0,5,0.08931000000000003
2022-06-22,Financials,0.10756000000000002,0.17926666666666669,0.6,8.0,5,-0.02925466666666667
2022-06-23,Financials,0.023257166666666676,0.023257166666666676,1.0,25.0,5,0.10756000000000002
2022-06-24,Financials,0.28787533333333337,0.28787533333333337,1.0,22.0,5,0.023257166666666676
2022-06-27,Financials,0.03875483333333334,0.03875483333333334,1.0,27.0,5,0.28787533333333337
2022-06-28,Financials,0.12424333333333334,0.1553041666666667,0.8,26.0,5,0.03875483333333334
2022-06-29,Financials,0.05522833333333334,0.06903541666666667,0.8,15.0,5,0.12424333333333334
2022-06-30,Financials,0.1354057142857143,0.1354057142857143,1.0,18.0,5,0.05522833333333334
2022-07-01,Financials,0.06918333333333333,0.06918333333333333,1.0,10.0,5,0.1354057142857143
2022-07-05,Financials,0.10152209523809526,0.12690261904761907,0.8,16.0,5,0.06918333333333333
2022-07-06,Financials,0.03442199999999999,0.03442199999999999,1.0,11.0,5,0.10152209523809526
2022-07-07,Financials,0.18813266666666667,0.18813266666666667,1.0,17.0,5,0.03442199999999999
2022-07-08,Financials,0.02326333333333333,0.02326333333333333,1.0,13.0,5,0.18813266666666667
2022-07-11,Financials,0.19836470695970695,0.19836470695970695,1.0,36.0,5,0.02326333333333333
2022-07-12,Financials,0.01541409523809525,0.01926761904761906,0.8,22.0,5,0.19836470695970695
2022-07-13,Financials,-0.020761923076923077,-0.020761923076923077,1.0,23.0,5,0.01541409523809525
2022-07-14,Financials,-0.05965050000000001,-0.07456312500000001,0.8,50.0,5,-0.020761923076923077
2022-07-15,Financials,0.04885433333333334,0.04885433333333334,1.0,55.0,5,-0.05965050000000001
2022-07-18,Financials,0.14636701680672268,0.14636701680672268,1.0,55.0,5,0.04885433333333334
2022-07-19,Financials,0.15702533333333335,0.15702533333333335,1.0,16.0,5,0.14636701680672268
2022-07-20,Financials,0.07743,0.07743,1.0,10.0,5,0.15702533333333335
2022-07-21,Financials,0.164165,0.20520625,0.8,8.0,5,0.07743
2022-07-22,Financials,0.020861666666666667,0.020861666666666667,1.0,16.0,5,0.164165
2022-07-25,Financials,0.128082,0.128082,1.0,18.0,5,0.020861666666666667
2022-07-26,Financials,0.00928,0.015466666666666665,0.6,10.0,5,0.128082
2022-07-27,Financials,0.22041,0.22041,1.0,10.0,5,0.00928
2022-07-28,Financials,-0.010976,-0.010976,1.0,22.0,5,0.22041
2022-07-29,Financials,0.05444,0.05444,1.0,11.0,5,-0.010976
2022-08-01,Financials,0.18658000000000002,0.18658000000000002,1.0,9.0,5,0.05444
2022-08-02,Financials,0.09679600000000002,0.12099500000000002,0.8,12.0,5,0.18658000000000002
2022-08-03,Financials,0.084515,0.10564375000000001,0.8,8.0,5,0.09679600000000002
2022-08-04,Financials,0.040337,0.1008425,0.4,9.0,5,0.084515
2022-08-05,Financials,0.13387666666666664,0.22312777777777773,0.6,6.0,5,0.040337
2022-08-08,Financials,0.12589142857142857,0.12589142857142857,1.0,16.0,5,0.13387666666666664
2022-08-09,Financials,0.12018000000000002,0.20030000000000003,0.6,6.0,5,0.12589142857142857
2022-08-10,Financials,0.22384250000000003,0.27980312500000004,0.8,16.0,5,0.12018000000000002
2022-08-11,Financials,-0.04968499999999999,-0.06210624999999999,0.8,8.0,5,0.22384250000000003
2022-08-12,Financials,0.198578,0.2482225,0.8,10.0,5,-0.04968499999999999
2022-08-15,Financials,0.10658833333333333,0.10658833333333333,1.0,11.0,5,0.198578
2022-08-16,Financials,0.02023,0.033716666666666666,0.6,6.0,5,0.10658833333333333
2022-08-17,Financials,0.06278000000000002,0.07847500000000002,0.8,9.0,5,0.02023
2022-08-18,Financials,0.20482266666666665,0.20482266666666665,1.0,14.0,5,0.06278000000000002
2022-08-19,Financials,0.03278666666666667,0.040983333333333344,0.8,10.0,5,0.20482266666666665
2022-08-22,Financials,0.044505,0.044505,1.0,16.0,5,0.03278666666666667
2022-08-23,Financials,0.21303200000000003,0.3550533333333334,0.6,7.0,5,0.044505
2022-08-24,Financials,0.054753333333333334,0.054753333333333334,1.0,10.0,5,0.21303200000000003
2022-08-25,Financials,0.017446,0.017446,1.0,14.0,5,0.054753333333333334
2022-08-26,Financials,0.09204166666666666,0.11505208333333332,0.8,9.0,5,0.017446
2022-08-29,Financials,0.082995,0.10374375,0.8,13.0,5,0.09204166666666666
2022-08-30,Financials,-0.016370000000000003,-0.0204625,0.8,10.0,5,0.082995
2022-08-31,Financials,0.061616666666666674,0.061616666666666674,1.0,13.0,5,-0.016370000000000003
2022-09-01,Financials,0.277945,0.277945,1.0,13.0,5,0.061616666666666674
2022-09-02,Financials,0.11016466666666666,0.11016466666666666,1.0,15.0,5,0.277945
2022-09-06,Financials,0.05244833333333334,0.05244833333333334,1.0,19.0,5,0.11016466666666666
2022-09-07,Financials,0.00998,0.00998,1.0,9.0,5,0.05244833333333334
2022-09-08,Financials,0.154652,0.19331500000000001,0.8,8.0,5,0.00998
2022-09-09,Financials,0.16511800000000001,0.2751966666666667,0.6,10.0,5,0.154652
2022-09-12,Financials,0.014844000000000001,0.018555000000000002,0.8,16.0,5,0.16511800000000001
2022-09-13,Financials,0.10638999999999998,0.13298749999999998,0.8,11.0,5,0.014844000000000001
2022-09-14,Financials,-0.008446666666666654,-0.008446666666666654,1.0,21.0,5,0.10638999999999998
2022-09-15,Financials,0.22598142857142856,0.2824767857142857,0.8,14.0,5,-0.008446666666666654
2022-09-16,Financials,0.100016,0.100016,1.0,13.0,5,0.22598142857142856
2022-09-19,Financials,0.06296333333333333,0.06296333333333333,1.0,14.0,5,0.100016
2022-09-20,Financials,0.008696333333333328,0.01087041666666666,0.8,14.0,5,0.06296333333333333
2022-09-21,Financials,0.028435,0.028435,1.0,10.0,5,0.008696333333333328
2022-09-22,Financials,-0.043146666666666667,-0.043146666666666667,1.0,15.0,5,0.028435
2022-09-23,Financials,0.09322666666666665,0.09322666666666665,1.0,12.0,5,-0.043146666666666667
2022-09-26,Financials,0.18393866666666664,0.18393866666666664,1.0,16.0,5,0.09322666666666665
2022-09-27,Financials,0.03595411111111112,0.0449426388888889,0.8,20.0,5,0.18393866666666664
2022-09-28,Financials,0.1540955555555555,0.1540955555555555,1.0,17.0,5,0.03595411111111112
2022-09-29,Financials,0.10194055555555555,0.10194055555555555,1.0,23.0,5,0.1540955555555555
2022-09-30,Financials,0.20306000000000002,0.33843333333333336,0.6,7.0,5,0.10194055555555555
2022-10-03,Financials,0.225378,0.2817225,0.8,12.0,5,0.20306000000000002
2022-10-04,Financials,0.26837119047619046,0.3354639880952381,0.8,21.0,5,0.225378
2022-10-05,Financials,0.12466333333333332,0.15582916666666666,0.8,11.0,5,0.26837119047619046
2022-10-06,Financials,0.13596190476190478,0.13596190476190478,1.0,19.0,5,0.12466333333333332
2022-10-07,Financials,0.13414500000000001,0.13414500000000001,1.0,15.0,5,0.13596190476190478
2022-10-10,Financials,0.122444,0.122444,1.0,26.0,5,0.13414500000000001
2022-10-11,Financials,-0.283775,-0.283775,1.0,21.0,5,0.122444
2022-10-12,Financials,0.01884533333333334,0.023556666666666674,0.8,12.0,5,-0.283775
2022-10-13,Financials,0.048717333333333335,0.048717333333333335,1.0,17.0,5,0.01884533333333334
2022-10-14,Financials,0.18014164617691156,0.18014164617691156,1.0,66.0,5,0.048717333333333335
2022-10-17,Financials,0.16966683333333332,0.16966683333333332,1.0,33.0,5,0.18014164617691156
2022-10-18,Financials,0.06511103448275862,0.06511103448275862,1.0,40.0,5,0.16966683333333332
2022-10-19,Financials,0.09603083333333333,0.09603083333333333,1.0,27.0,5,0.06511103448275862
2022-10-20,Financials,0.03804333333333333,0.04755416666666667,0.8,11.0,5,0.09603083333333333
2022-10-21,Financials,0.018085333333333335,0.022606666666666667,0.8,14.0,5,0.03804333333333333
2022-10-24,Financials,-0.07891111111111111,-0.09863888888888889,0.8,14.0,5,0.018085333333333335
2022-10-25,Financials,0.1589523333333333,0.19869041666666665,0.8,18.0,5,-0.07891111111111111
2022-10-26,Financials,0.08629090909090908,0.14381818181818182,0.6,17.0,5,0.1589523333333333
2022-10-27,Financials,0.19666066666666668,0.19666066666666668,1.0,17.0,5,0.08629090909090908
2022-10-28,Financials,0.029960000000000004,0.029960000000000004,1.0,9.0,5,0.19666066666666668
2022-10-31,Financials,0.224005,0.224005,1.0,15.0,5,0.029960000000000004
2022-11-01,Financials,0.03802333333333333,0.047529166666666664,0.8,9.0,5,0.224005
2022-11-02,Financials,0.13516666666666668,0.16895833333333335,0.8,11.0,5,0.03802333333333333
2022-11-03,Financials,-0.09862000000000001,-0.12327500000000001,0.8,9.0,5,0.13516666666666668
2022-11-04,Financials,0.10698666666666665,0.13373333333333332,0.8,7.0,5,-0.09862000000000001
2022-11-07,Financials,0.048946666666666666,0.048946666666666666,1.0,10.0,5,0.10698666666666665
2022-11-08,Financials,0.037186666666666666,0.06197777777777778,0.6,7.0,5,0.048946666666666666
2022-11-09,Financials,0.09736,0.1217,0.8,6.0,5,0.037186666666666666
2022-11-10,Financials,0.0256,0.0256,1.0,9.0,5,0.09736
2022-11-11,Financials,0.10765333333333334,0.10765333333333334,1.0,8.0,5,0.0256
2022-11-14,Financials,0.21517666666666665,0.21517666666666665,1.0,16.0,5,0.10765333333333334
2022-11-15,Financials,0.048650000000000006,0.08108333333333334,0.6,7.0,5,0.21517666666666665
2022-11-16,Financials,0.03416,0.03416,1.0,15.0,5,0.048650000000000006
2022-11-17,Financials,0.213385,0.213385,1.0,13.0,5,0.03416
2022-11-18,Financials,0.10417000000000001,0.17361666666666667,0.6,8.0,5,0.213385
2022-11-21,Financials,0.09819285714285714,0.12274107142857142,0.8,19.0,5,0.10417000000000001
2022-11-22,Financials,0.18914599999999998,0.2364325,0.8,10.0,5,0.09819285714285714
2022-11-23,Financials,0.0398,0.06633333333333334,0.6,7.0,5,0.18914599999999998
2022-11-25,Financials,0.14007733333333333,0.14007733333333333,1.0,13.0,5,0.0398
2022-11-28,Financials,0.06188666666666666,0.07735833333333332,0.8,12.0,5,0.14007733333333333
2022-11-29,Financials,0.2698966666666667,0.44982777777777777,0.6,8.0,5,0.06188666666666666
2022-11-30,Financials,-0.021520000000000004,-0.03586666666666667,0.6,10.0,5,0.2698966666666667
2022-12-01,Financials,-0.049199,-0.049199,1.0,16.0,5,-0.021520000000000004
2022-12-02,Financials,0.1409753333333333,0.17621916666666665,0.8,16.0,5,-0.049199
2022-12-05,Financials,0.16302,0.20377499999999998,0.8,11.0,5,0.1409753333333333
2022-12-06,Financials,-0.05625345454545454,-0.09375575757575756,0.6,18.0,5,0.16302
2022-12-07,Financials,-0.018337777777777765,-0.018337777777777765,1.0,28.0,5,-0.05625345454545454
2022-12-08,Financials,0.12212,0.12212,1.0,13.0,5,-0.018337777777777765
2022-12-09,Financials,0.0,0.0,1.0,11.0,5,0.12212
2022-12-12,Financials,0.09152611111111111,0.09152611111111111,1.0,23.0,5,0.0
2022-12-13,Financials,0.13046666666666668,0.16308333333333336,0.8,8.0,5,0.09152611111111111
2022-12-14,Financials,-0.03611066666666668,-0.04513833333333335,0.8,11.0,5,0.13046666666666668
2022-12-15,Financials,0.24985333333333334,0.3123166666666667,0.8,14.0,5,-0.03611066666666668
2022-12-16,Financials,-0.12965,-0.1620625,0.8,8.0,5,0.24985333333333334
2022-12-19,Financials,0.010348380952380947,0.010348380952380947,1.0,20.0,5,-0.12965
2022-12-20,Financials,0.25217757575757577,0.25217757575757577,1.0,17.0,5,0.010348380952380947
2022-12-21,Financials,0.021416428571428576,0.02677053571428572,0.8,14.0,5,0.25217757575757577
2022-12-22,Financials,0.3240613333333333,0.3240613333333333,1.0,12.0,5,0.021416428571428576
2022-12-23,Financials,0.180484,0.225605,0.8,10.0,5,0.3240613333333333
2022-12-27,Financials,0.15861999999999998,0.15861999999999998,1.0,12.0,5,0.180484
2022-12-28,Financials,0.05403,0.09005,0.6,11.0,5,0.15861999999999998
2022-12-29,Financials,0.05306999999999999,0.05306999999999999,1.0,12.0,5,0.05403
2022-12-30,Financials,0.05106000000000001,0.12765,0.4,3.0,5,0.05306999999999999
2023-01-03,Financials,0.11648499999999999,0.11648499999999999,1.0,18.0,5,0.05106000000000001
2023-01-04,Financials,0.1653693333333333,0.20671166666666665,0.8,14.0,5,0.11648499999999999
2023-01-05,Financials,0.05521666666666666,0.05521666666666666,1.0,15.0,5,0.1653693333333333
2023-01-06,Financials,0.07393333333333335,0.09241666666666669,0.8,13.0,5,0.05521666666666666
2023-01-09,Financials,0.06769607142857142,0.06769607142857142,1.0,25.0,5,0.07393333333333335
2023-01-10,Financials,0.09431809523809524,0.11789761904761906,0.8,25.0,5,0.06769607142857142
2023-01-11,Financials,0.0848620634920635,0.10607757936507937,0.8,24.0,5,0.09431809523809524
2023-01-12,Financials,0.10682057142857145,0.10682057142857145,1.0,23.0,5,0.0848620634920635
2023-01-13,Financials,0.07398692640692642,0.07398692640692642,1.0,48.0,5,0.10682057142857145
2023-01-17,Financials,0.1606449993944043,0.1606449993944043,1.0,100.0,5,0.07398692640692642
2023-01-18,Financials,0.19905063492063493,0.19905063492063493,1.0,26.0,5,0.1606449993944043
2023-01-19,Financials,0.0798095,0.0798095,1.0,22.0,5,0.19905063492063493
2023-01-20,Financials,0.08780533333333333,0.08780533333333333,1.0,24.0,5,0.0798095
2023-01-23,Financials,-0.029687999999999992,-0.029687999999999992,1.0,21.0,5,0.08780533333333333
2023-01-24,Financials,0.10409500000000001,0.10409500000000001,1.0,10.0,5,-0.029687999999999992
2023-01-25,Financials,0.05929133333333334,0.07411416666666668,0.8,22.0,5,0.10409500000000001
2023-01-26,Financials,0.16993711111111112,0.16993711111111112,1.0,35.0,5,0.05929133333333334
2023-01-27,Financials,0.16079075,0.2009884375,0.8,29.0,5,0.16993711111111112
2023-01-30,Financials,0.15553333333333336,0.15553333333333336,1.0,20.0,5,0.16079075
2023-01-31,Financials,0.08080333333333334,0.10100416666666667,0.8,12.0,5,0.15553333333333336
2023-02-01,Financials,0.0,0.0,0.6,6.0,5,0.08080333333333334
2023-02-02,Financials,0.12705088888888888,0.12705088888888888,1.0,21.0,5,0.0
2023-02-03,Financials,0.03333499999999999,0.04166874999999999,0.8,15.0,5,0.12705088888888888
2023-02-06,Financials,0.019373333333333336,0.02421666666666667,0.8,19.0,5,0.03333499999999999
2023-02-07,Financials,0.24303333333333335,0.24303333333333335,1.0,19.0,5,0.019373333333333336
2023-02-08,Financials,-0.014820000000000003,-0.014820000000000003,1.0,16.0,5,0.24303333333333335
2023-02-09,Financials,-0.03315,-0.03315,1.0,15.0,5,-0.014820000000000003
2023-02-10,Financials,0.05586,0.13965,0.4,6.0,5,-0.03315
2023-02-13,Financials,0.11999666666666667,0.14999583333333333,0.8,9.0,5,0.05586
2023-02-14,Financials,-0.02954066666666667,-0.02954066666666667,1.0,20.0,5,0.11999666666666667
2023-02-15,Financials,-0.0621475,-0.077684375,0.8,15.0,5,-0.02954066666666667
2023-02-16,Financials,0.03925,0.03925,1.0,15.0,5,-0.0621475
2023-02-17,Financials,0.22298999999999997,0.22298999999999997,1.0,14.0,5,0.03925
2023-02-21,Financials,0.0012510000000000021,0.0012510000000000021,1.0,18.0,5,0.22298999999999997
2023-02-22,Financials,0.058219,0.07277375,0.8,16.0,5,0.0012510000000000021
2023-02-23,Financials,0.13172166666666668,0.13172166666666668,1.0,14.0,5,0.058219
2023-02-24,Financials,0.10556066666666666,0.10556066666666666,1.0,15.0,5,0.13172166666666668
2023-02-27,Financials,-0.011213928571428573,-0.011213928571428573,1.0,21.0,5,0.10556066666666666
2023-02-28,Financials,0.12748212121212119,0.21247020202020198,0.6,16.0,5,-0.011213928571428573
2023-03-01,Financials,0.09284666666666666,0.09284666666666666,1.0,19.0,5,0.12748212121212119
2023-03-02,Financials,0.13739400000000002,0.13739400000000002,1.0,14.0,5,0.09284666666666666
2023-03-03,Financials,0.00871666666666666,0.00871666666666666,1.0,15.0,5,0.13739400000000002
2023-03-06,Financials,0.06087392857142857,0.10145654761904761,0.6,17.0,5,0.00871666666666666
2023-03-07,Financials,0.24231166666666665,0.24231166666666665,1.0,15.0,5,0.06087392857142857
2023-03-08,Financials,0.07915015873015874,0.07915015873015874,1.0,23.0,5,0.24231166666666665
2023-03-09,Financials,0.08719533333333332,0.08719533333333332,1.0,15.0,5,0.07915015873015874
2023-03-10,Financials,0.007582333333333332,0.007582333333333332,1.0,23.0,5,0.08719533333333332
2023-03-13,Financials,-0.08631603030303031,-0.08631603030303031,1.0,45.0,5,0.007582333333333332
2023-03-14,Financials,0.1714838095238095,0.1714838095238095,1.0,27.0,5,-0.08631603030303031
2023-03-15,Financials,0.011017111111111116,0.011017111111111116,1.0,26.0,5,0.1714838095238095
2023-03-16,Financials,-0.1286202777777778,-0.1286202777777778,1.0,26.0,5,0.011017111111111116
2023-03-17,Financials,-0.038764476190476196,-0.038764476190476196,1.0,28.0,5,-0.1286202777777778
2023-03-20,Financials,0.13583814285714285,0.13583814285714285,1.0,40.0,5,-0.038764476190476196
2023-03-21,Financials,0.14450619047619045,0.14450619047619045,1.0,19.0,5,0.13583814285714285
2023-03-22,Financials,0.057744285714285706,0.057744285714285706,1.0,21.0,5,0.14450619047619045
2023-03-23,Financials,-0.025778333333333337,-0.025778333333333337,1.0,21.0,5,0.057744285714285706
2023-03-24,Financials,-0.10548969696969698,-0.10548969696969698,1.0,24.0,5,-0.025778333333333337
2023-03-27,Financials,0.07297849206349205,0.07297849206349205,1.0,29.0,5,-0.10548969696969698
2023-03-28,Financials,0.22000999999999998,0.22000999999999998,1.0,16.0,5,0.07297849206349205
2023-03-29,Financials,0.03661283333333334,0.03661283333333334,1.0,20.0,5,0.22000999999999998
2023-03-30,Financials,0.1968504761904762,0.24606309523809525,0.8,17.0,5,0.03661283333333334
2023-03-31,Financials,0.14908133333333332,0.14908133333333332,1.0,13.0,5,0.1968504761904762
2023-04-03,Financials,0.1105602380952381,0.1105602380952381,1.0,28.0,5,0.14908133333333332
2023-04-04,Financials,-0.06442299999999998,-0.06442299999999998,1.0,29.0,5,0.1105602380952381
2023-04-05,Financials,0.008372142857142858,0.008372142857142858,1.0,19.0,5,-0.06442299999999998
2023-04-06,Financials,0.18461666666666665,0.18461666666666665,1.0,15.0,5,0.008372142857142858
2023-04-10,Financials,0.06139372727272728,0.0767421590909091,0.8,43.0,5,0.18461666666666665
2023-04-11,Financials,0.04227439560439561,0.04227439560439561,1.0,28.0,5,0.06139372727272728
2023-04-12,Financials,0.11431438095238096,0.11431438095238096,1.0,29.0,5,0.04227439560439561
2023-04-13,Financials,0.05909175939849624,0.05909175939849624,1.0,36.0,5,0.11431438095238096
2023-04-14,Financials,0.08540547474747476,0.08540547474747476,1.0,55.0,5,0.05909175939849624
2023-04-17,Financials,0.11778537076023392,0.11778537076023392,1.0,71.0,5,0.08540547474747476
2023-04-18,Financials,0.1562127619047619,0.1562127619047619,1.0,46.0,5,0.11778537076023392
2023-04-19,Financials,0.22339408683473388,0.22339408683473388,1.0,62.0,5,0.1562127619047619
2023-04-20,Financials,0.058436190476190475,0.058436190476190475,1.0,43.0,5,0.22339408683473388
2023-04-21,Financials,0.06888000000000002,0.08610000000000002,0.8,8.0,5,0.058436190476190475
2023-04-24,Financials,0.09626102597402597,0.09626102597402597,1.0,34.0,5,0.06888000000000002
2023-04-25,Financials,-0.07634121212121212,-0.07634121212121212,1.0,27.0,5,0.09626102597402597
2023-04-26,Financials,0.24718544444444443,0.24718544444444443,1.0,33.0,5,-0.07634121212121212
2023-04-27,Financials,0.231718,0.2896475,0.8,18.0,5,0.24718544444444443
2023-04-28,Financials,0.0037038095238095202,0.0037038095238095202,1.0,17.0,5,0.231718
2023-05-01,Financials,-0.10192933333333334,-0.10192933333333334,1.0,25.0,5,0.0037038095238095202
2023-05-02,Financials,0.08249961904761904,0.08249961904761904,1.0,22.0,5,-0.10192933333333334
2023-05-03,Financials,0.08898285714285716,0.08898285714285716,1.0,14.0,5,0.08249961904761904
2023-05-04,Financials,0.057943333333333326,0.057943333333333326,1.0,22.0,5,0.08898285714285716
2023-05-05,Financials,0.3020533333333334,0.3775666666666667,0.8,11.0,5,0.057943333333333326
2023-05-08,Financials,0.04836666666666667,0.04836666666666667,1.0,18.0,5,0.3020533333333334
2023-05-09,Financials,-0.14740777777777775,-0.14740777777777775,1.0,18.0,5,0.04836666666666667
2023-05-10,Financials,0.02547619047619048,0.02547619047619048,1.0,15.0,5,-0.14740777777777775
2023-05-11,Financials,-0.04686666666666666,-0.04686666666666666,1.0,11.0,5,0.02547619047619048
2023-05-12,Financials,0.006929999999999997,0.006929999999999997,1.0,15.0,5,-0.04686666666666666
2023-05-15,Financials,-0.08124590476190477,-0.08124590476190477,1.0,28.0,5,0.006929999999999997
2023-05-16,Financials,0.03108590476190476,0.03108590476190476,1.0,24.0,5,-0.08124590476190477
2023-05-17,Financials,0.077335,0.077335,1.0,21.0,5,0.03108590476190476
2023-05-18,Financials,0.077354,0.077354,1.0,12.0,5,0.077335
2023-05-19,Financials,0.04697371794871795,0.04697371794871795,1.0,24.0,5,0.077354
2023-05-22,Financials,0.05849142857142857,0.05849142857142857,1.0,23.0,5,0.04697371794871795
2023-05-23,Financials,0.16742333333333334,0.16742333333333334,1.0,14.0,5,0.05849142857142857
2023-05-24,Financials,0.05431066666666666,0.05431066666666666,1.0,16.0,5,0.16742333333333334
2023-05-25,Financials,0.07018500000000001,0.07018500000000001,1.0,15.0,5,0.05431066666666666
2023-05-26,Financials,0.06476166666666668,0.06476166666666668,1.0,13.0,5,0.07018500000000001
2023-05-30,Financials,0.0046940952380952385,0.0046940952380952385,1.0,32.0,5,0.06476166666666668
2023-05-31,Financials,0.11234638095238096,0.11234638095238096,1.0,24.0,5,0.0046940952380952385
2023-06-01,Financials,0.045123636363636366,0.045123636363636366,1.0,22.0,5,0.11234638095238096
2023-06-02,Financials,-0.004618214285714288,-0.004618214285714288,1.0,22.0,5,0.045123636363636366
2023-06-05,Financials,0.06754666666666667,0.06754666666666667,1.0,29.0,5,-0.004618214285714288
2023-06-06,Financials,0.15901933333333335,0.15901933333333335,1.0,18.0,5,0.06754666666666667
2023-06-07,Financials,0.176465,0.176465,1.0,20.0,5,0.15901933333333335
2023-06-08,Financials,0.08072166666666666,0.08072166666666666,1.0,21.0,5,0.176465
2023-06-09,Financials,-0.012859090909090907,-0.016073863636363633,0.8,21.0,5,0.08072166666666666
2023-06-12,Financials,0.05951555555555556,0.05951555555555556,1.0,36.0,5,-0.012859090909090907
2023-06-13,Financials,0.19952090909090908,0.19952090909090908,1.0,27.0,5,0.05951555555555556
2023-06-14,Financials,0.08405666666666667,0.08405666666666667,1.0,25.0,5,0.19952090909090908
2023-06-15,Financials,0.24604333333333334,0.24604333333333334,1.0,15.0,5,0.08405666666666667
2023-06-16,Financials,0.12568380952380953,0.12568380952380953,1.0,20.0,5,0.24604333333333334
2023-06-20,Financials,0.10127937878787878,0.10127937878787878,1.0,34.0,5,0.12568380952380953
2023-06-21,Financials,0.089782,0.11222750000000001,0.8,25.0,5,0.10127937878787878
2023-06-22,Financials,0.16204190476190475,0.20255238095238093,0.8,15.0,5,0.089782
2023-06-23,Financials,-0.008323333333333332,-0.008323333333333332,1.0,13.0,5,0.16204190476190475
2023-06-26,Financials,0.11246169696969696,0.11246169696969696,1.0,37.0,5,-0.008323333333333332
2023-06-27,Financials,0.19868066666666667,0.24835083333333335,0.8,18.0,5,0.11246169696969696
2023-06-28,Financials,-0.10631239393939393,-0.10631239393939393,1.0,25.0,5,0.19868066666666667
2023-06-29,Financials,0.05940139083139083,0.05940139083139083,1.0,46.0,5,-0.10631239393939393
2023-06-30,Financials,-0.005677500000000002,-0.005677500000000002,1.0,21.0,5,0.05940139083139083
2023-07-03,Financials,0.07023662914862915,0.07023662914862915,1.0,34.0,5,-0.005677500000000002
2023-07-05,Financials,0.14997055555555558,0.14997055555555558,1.0,36.0,5,0.07023662914862915
2023-07-06,Financials,0.10621666666666667,0.10621666666666667,1.0,26.0,5,0.14997055555555558
2023-07-07,Financials,0.04714533333333334,0.04714533333333334,1.0,29.0,5,0.10621666666666667
2023-07-10,Financials,0.010548666666666668,0.010548666666666668,1.0,43.0,5,0.04714533333333334
2023-07-11,Financials,0.10797566666666666,0.10797566666666666,1.0,31.0,5,0.010548666666666668
2023-07-12,Financials,0.08136466666666667,0.08136466666666667,1.0,29.0,5,0.10797566666666666
2023-07-13,Financials,0.009696944444444444,0.009696944444444444,1.0,33.0,5,0.08136466666666667
2023-07-14,Financials,0.03349022222222223,0.03349022222222223,1.0,60.0,5,0.009696944444444444
2023-07-17,Financials,0.0597922932330827,0.0597922932330827,1.0,66.0,5,0.03349022222222223
2023-07-18,Financials,0.16248228354978356,0.16248228354978356,1.0,72.0,5,0.0597922932330827
2023-07-19,Financials,0.1344654603174603,0.1344654603174603,1.0,71.0,5,0.16248228354978356
2023-07-20,Financials,0.1890097272727273,0.1890097272727273,1.0,37.0,5,0.1344654603174603
2023-07-21,Financials,0.10890333333333332,0.10890333333333332,1.0,24.0,5,0.1890097272727273
2023-07-24,Financials,0.10675599999999999,0.10675599999999999,1.0,30.0,5,0.10890333333333332
2023-07-25,Financials,0.11595644444444445,0.11595644444444445,1.0,31.0,5,0.10675599999999999
2023-07-26,Financials,0.11551066666666668,0.11551066666666668,1.0,40.0,5,0.11595644444444445
2023-07-27,Financials,0.1327895238095238,0.1327895238095238,1.0,26.0,5,0.11551066666666668
2023-07-28,Financials,0.04928380952380952,0.0616047619047619,0.8,18.0,5,0.1327895238095238
2023-07-31,Financials,0.035821341991342,0.035821341991342,1.0,30.0,5,0.04928380952380952
2023-08-01,Financials,0.03873333333333333,0.03873333333333333,1.0,22.0,5,0.035821341991342
2023-08-02,Financials,0.08076857142857144,0.08076857142857144,1.0,16.0,5,0.03873333333333333
2023-08-03,Financials,0.08894333333333333,0.08894333333333333,1.0,13.0,5,0.08076857142857144
2023-08-04,Financials,0.05584666666666667,0.05584666666666667,1.0,12.0,5,0.08894333333333333
2023-08-07,Financials,-0.05269933333333332,-0.05269933333333332,1.0,25.0,5,0.05584666666666667
2023-08-08,Financials,-0.08153533333333333,-0.08153533333333333,1.0,38.0,5,-0.05269933333333332
2023-08-09,Financials,0.08428552380952381,0.08428552380952381,1.0,19.0,5,-0.08153533333333333
2023-08-10,Financials,0.130885,0.130885,1.0,14.0,5,0.08428552380952381
2023-08-11,Financials,0.16654,0.208175,0.8,10.0,5,0.130885
2023-08-14,Financials,0.07542053846153847,0.07542053846153847,1.0,27.0,5,0.16654
2023-08-15,Financials,-0.08809756410256411,-0.08809756410256411,1.0,27.0,5,0.07542053846153847
2023-08-16,Financials,-0.010093333333333338,-0.010093333333333338,1.0,16.0,5,-0.08809756410256411
2023-08-17,Financials,0.0812525,0.0812525,1.0,18.0,5,-0.010093333333333338
2023-08-18,Financials,0.14365466666666665,0.14365466666666665,1.0,20.0,5,0.0812525
2023-08-21,Financials,0.14010809523809523,0.14010809523809523,1.0,32.0,5,0.14365466666666665
2023-08-22,Financials,0.0003300000000000025,0.0003300000000000025,1.0,18.0,5,0.14010809523809523
2023-08-23,Financials,0.1782483333333333,0.1782483333333333,1.0,31.0,5,0.0003300000000000025
2023-08-24,Financials,-0.014456666666666663,-0.014456666666666663,1.0,15.0,5,0.1782483333333333
2023-08-25,Financials,0.023236,0.023236,1.0,18.0,5,-0.014456666666666663
2023-08-28,Financials,0.1389032424242424,0.1389032424242424,1.0,34.0,5,0.023236
2023-08-29,Financials,-0.059906666666666664,-0.059906666666666664,1.0,13.0,5,0.1389032424242424
2023-08-30,Financials,0.07611700000000002,0.07611700000000002,1.0,17.0,5,-0.059906666666666664
2023-08-31,Financials,0.10733809523809526,0.10733809523809526,1.0,20.0,5,0.07611700000000002
2023-09-01,Financials,0.013506666666666667,0.016883333333333334,0.8,13.0,5,0.10733809523809526
2023-09-05,Financials,0.10005848717948718,0.12507310897435897,0.8,37.0,5,0.013506666666666667
2023-09-06,Financials,0.2942828571428572,0.36785357142857145,0.8,16.0,5,0.10005848717948718
2023-09-07,Financials,0.2701097777777778,0.2701097777777778,1.0,25.0,5,0.2942828571428572
2023-09-08,Financials,0.09885690476190476,0.09885690476190476,1.0,22.0,5,0.2701097777777778
2023-09-11,Financials,0.12610336996336996,0.12610336996336996,1.0,32.0,5,0.09885690476190476
2023-09-12,Financials,0.18360847619047618,0.18360847619047618,1.0,20.0,5,0.12610336996336996
2023-09-13,Financials,0.08673433333333333,0.08673433333333333,1.0,21.0,5,0.18360847619047618
2023-09-14,Financials,0.171224,0.21403,0.8,41.0,5,0.08673433333333333
2023-09-15,Financials,0.027317619047619052,0.027317619047619052,1.0,21.0,5,0.171224
2023-09-18,Financials,0.2803737777777778,0.2803737777777778,1.0,21.0,5,0.027317619047619052
2023-09-19,Financials,0.06496142857142857,0.08120178571428571,0.8,16.0,5,0.2803737777777778
2023-09-20,Financials,0.08564666666666668,0.08564666666666668,1.0,18.0,5,0.06496142857142857
2023-09-21,Financials,0.07937,0.07937,1.0,21.0,5,0.08564666666666668
2023-09-22,Financials,-0.002622000000000002,-0.002622000000000002,1.0,14.0,5,0.07937
2023-09-25,Financials,0.05968266666666668,0.05968266666666668,1.0,21.0,5,-0.002622000000000002
2023-09-26,Financials,0.1563042857142857,0.1563042857142857,1.0,27.0,5,0.05968266666666668
2023-09-27,Financials,0.10260857142857142,0.10260857142857142,1.0,19.0,5,0.1563042857142857
2023-09-28,Financials,0.1556071428571429,0.1556071428571429,1.0,21.0,5,0.10260857142857142
2023-09-29,Financials,0.20885166666666666,0.20885166666666666,1.0,12.0,5,0.1556071428571429
2023-10-02,Financials,0.237126,0.237126,1.0,31.0,5,0.20885166666666666
2023-10-03,Financials,0.17928005555555554,0.22410006944444444,0.8,25.0,5,0.237126
2023-10-04,Financials,0.08303666666666668,0.13839444444444446,0.6,10.0,5,0.17928005555555554
2023-10-05,Financials,0.08971971428571428,0.08971971428571428,1.0,20.0,5,0.08303666666666668
2023-10-06,Financials,0.18266166666666664,0.18266166666666664,1.0,20.0,5,0.08971971428571428
2023-10-09,Financials,0.1611875824175824,0.1611875824175824,1.0,28.0,5,0.18266166666666664
2023-10-10,Financials,-0.021943333333333325,-0.027429166666666657,0.8,21.0,5,0.1611875824175824
2023-10-11,Financials,0.020823714285714282,0.020823714285714282,1.0,21.0,5,-0.021943333333333325
2023-10-12,Financials,0.09442921212121212,0.09442921212121212,1.0,38.0,5,0.020823714285714282
2023-10-13,Financials,-0.012379078431372547,-0.012379078431372547,1.0,51.0,5,0.09442921212121212
2023-10-16,Financials,0.11417160000000001,0.11417160000000001,1.0,54.0,5,-0.012379078431372547
2023-10-17,Financials,0.16049111111111108,0.16049111111111108,1.0,45.0,5,0.11417160000000001
2023-10-18,Financials,0.06587652492668622,0.06587652492668622,1.0,64.0,5,0.16049111111111108
2023-10-19,Financials,0.20451933333333336,0.20451933333333336,1.0,33.0,5,0.06587652492668622
2023-10-20,Financials,0.11769533333333333,0.11769533333333333,1.0,20.0,5,0.20451933333333336
2023-10-23,Financials,0.030587857142857146,0.03823482142857143,0.8,21.0,5,0.11769533333333333
2023-10-24,Financials,0.11791,0.19651666666666667,0.6,16.0,5,0.030587857142857146
2023-10-25,Financials,0.1395969696969697,0.1744962121212121,0.8,20.0,5,0.11791
2023-10-26,Financials,0.19424400000000003,0.19424400000000003,1.0,16.0,5,0.1395969696969697
2023-10-27,Financials,0.063675,0.07959374999999999,0.8,13.0,5,0.19424400000000003
2023-10-30,Financials,0.08224333333333333,0.10280416666666667,0.8,15.0,5,0.063675
2023-10-31,Financials,0.10199833333333333,0.12749791666666666,0.8,15.0,5,0.08224333333333333
2023-11-01,Financials,0.06181500000000001,0.10302500000000002,0.6,11.0,5,0.10199833333333333
2023-11-02,Financials,0.182036,0.182036,1.0,17.0,5,0.06181500000000001
2023-11-03,Financials,0.20951,0.20951,1.0,9.0,5,0.182036
2023-11-06,Financials,0.033971111111111105,0.033971111111111105,1.0,23.0,5,0.20951
2023-11-07,Financials,0.09520333333333333,0.15867222222222221,0.6,8.0,5,0.033971111111111105
2023-11-08,Financials,0.016126428571428573,0.04031607142857143,0.4,11.0,5,0.09520333333333333
2023-11-09,Financials,0.017222222222222222,0.017222222222222222,1.0,24.0,5,0.016126428571428573
2023-11-10,Financials,0.12510833333333332,0.12510833333333332,1.0,11.0,5,0.017222222222222222
2023-11-13,Financials,-0.13721968831168832,-0.13721968831168832,1.0,27.0,5,0.12510833333333332
2023-11-14,Financials,0.09372428571428572,0.09372428571428572,1.0,24.0,5,-0.13721968831168832
2023-11-15,Financials,0.09911666666666667,0.16519444444444445,0.6,9.0,5,0.09372428571428572
2023-11-16,Financials,0.04119166666666666,0.04119166666666666,1.0,14.0,5,0.09911666666666667
2023-11-17,Financials,0.12515400000000002,0.12515400000000002,1.0,13.0,5,0.04119166666666666
2023-11-20,Financials,0.01615,0.01615,1.0,21.0,5,0.12515400000000002
2023-11-21,Financials,0.075168,0.09396,0.8,12.0,5,0.01615
2023-11-22,Financials,-0.09207377777777778,-0.09207377777777778,1.0,19.0,5,0.075168
2023-11-24,Financials,0.054324277777777784,0.06790534722222223,0.8,25.0,5,-0.09207377777777778
2023-11-27,Financials,0.0899925,0.0899925,1.0,24.0,5,0.054324277777777784
2023-11-28,Financials,0.08604266666666667,0.14340444444444445,0.6,11.0,5,0.0899925
2023-11-29,Financials,0.07807800000000001,0.0975975,0.8,18.0,5,0.08604266666666667
2023-11-30,Financials,0.13476333333333332,0.13476333333333332,1.0,16.0,5,0.07807800000000001
2023-12-01,Financials,-0.021476000000000002,-0.026845,0.8,18.0,5,0.13476333333333332
2023-12-04,Financials,0.07669261111111111,0.09586576388888889,0.8,28.0,5,-0.021476000000000002
2023-12-05,Financials,0.11419083333333332,0.14273854166666666,0.8,20.0,5,0.07669261111111111
2023-12-06,Financials,-0.015111666666666662,-0.018889583333333328,0.8,16.0,5,0.11419083333333332
2023-12-07,Financials,0.07356666666666667,0.12261111111111112,0.6,10.0,5,-0.015111666666666662
2023-12-08,Financials,0.082405,0.082405,1.0,12.0,5,0.07356666666666667
2023-12-11,Financials,0.09806392857142857,0.09806392857142857,1.0,42.0,5,0.082405
2023-12-12,Financials,0.17986654545454545,0.17986654545454545,1.0,28.0,5,0.09806392857142857
2023-12-13,Financials,0.11768944444444444,0.11768944444444444,1.0,22.0,5,0.17986654545454545
2023-12-14,Financials,0.007178666666666668,0.011964444444444446,0.6,9.0,5,0.11768944444444444
2023-12-15,Financials,0.13483085714285714,0.22471809523809524,0.6,17.0,5,0.007178666666666668
2023-12-18,Financials,0.10026000000000002,0.12532500000000002,0.8,25.0,5,0.13483085714285714
2023-12-19,Financials,0.0,,0.0,0.0,5,0.10026000000000002
2023-12-20,Financials,0.0,,0.0,0.0,5,0.0
2023-12-21,Financials,0.0,,0.0,0.0,5,0.0
2023-12-22,Financials,0.0,,0.0,0.0,5,0.0
2023-12-26,Financials,0.0,,0.0,0.0,5,0.0
2023-12-27,Financials,0.0,,0.0,0.0,5,0.0
2023-12-28,Financials,0.0,,0.0,0.0,5,0.0
2023-12-29,Financials,0.0,,0.0,0.0,5,0.0
2020-01-02,Healthcare,0.21549047619047618,0.21549047619047618,1.0,23.0,5,
2020-01-03,Healthcare,0.083755,0.2093875,0.4,6.0,5,0.21549047619047618
2020-01-06,Healthcare,0.32717999999999997,0.32717999999999997,1.0,12.0,5,0.083755
2020-01-07,Healthcare,0.10638133333333336,0.10638133333333336,1.0,15.0,5,0.32717999999999997
2020-01-08,Healthcare,0.1542911111111111,0.25715185185185185,0.6,13.0,5,0.10638133333333336
2020-01-09,Healthcare,0.17178666666666667,0.2863111111111111,0.6,8.0,5,0.1542911111111111
2020-01-10,Healthcare,0.24778000000000003,0.24778000000000003,1.0,12.0,5,0.17178666666666667
2020-01-13,Healthcare,0.13385750000000002,0.13385750000000002,1.0,24.0,5,0.24778000000000003
2020-01-14,Healthcare,0.25889999999999996,0.32362499999999994,0.8,9.0,5,0.13385750000000002
2020-01-15,Healthcare,0.13796,0.22993333333333332,0.6,12.0,5,0.25889999999999996
2020-01-16,Healthcare,0.10014500000000001,0.12518125000000002,0.8,8.0,5,0.13796
2020-01-17,Healthcare,0.12024333333333333,0.20040555555555553,0.6,11.0,5,0.10014500000000001
2020-01-21,Healthcare,0.1287540476190476,0.1287540476190476,1.0,21.0,5,0.12024333333333333
2020-01-22,Healthcare,0.06252166666666667,0.07815208333333334,0.8,13.0,5,0.1287540476190476
2020-01-23,Healthcare,0.020309999999999998,0.020309999999999998,1.0,20.0,5,0.06252166666666667
2020-01-24,Healthcare,0.2246453333333333,0.2246453333333333,1.0,14.0,5,0.020309999999999998
2020-01-27,Healthcare,0.27093777777777783,0.27093777777777783,1.0,23.0,5,0.2246453333333333
2020-01-28,Healthcare,0.18641166666666664,0.18641166666666664,1.0,12.0,5,0.27093777777777783
2020-01-29,Healthcare,0.157518,0.157518,1.0,12.0,5,0.18641166666666664
2020-01-30,Healthcare,0.11994454545454544,0.19990757575757576,0.6,16.0,5,0.157518
2020-01-31,Healthcare,0.20967133333333338,0.2620891666666667,0.8,25.0,5,0.11994454545454544
2020-02-03,Healthcare,0.12058225038402456,0.12058225038402456,1.0,51.0,5,0.20967133333333338
2020-02-04,Healthcare,0.1831052380952381,0.2288815476190476,0.8,26.0,5,0.12058225038402456
2020-02-05,Healthcare,0.17039561904761905,0.17039561904761905,1.0,50.0,5,0.1831052380952381
2020-02-06,Healthcare,0.26951007692307694,0.26951007692307694,1.0,25.0,5,0.17039561904761905
2020-02-07,Healthcare,0.28980484848484844,0.28980484848484844,1.0,25.0,5,0.26951007692307694
2020-02-10,Healthcare,0.03195,0.0399375,0.8,25.0,5,0.28980484848484844
2020-02-11,Healthcare,-0.007266666666666655,-0.012111111111111092,0.6,17.0,5,0.03195
2020-02-12,Healthcare,0.1889808333333333,0.2362260416666666,0.8,15.0,5,-0.007266666666666655
2020-02-13,Healthcare,0.20341,0.20341,1.0,14.0,5,0.1889808333333333
2020-02-14,Healthcare,0.25894999999999996,0.32368749999999996,0.8,7.0,5,0.20341
2020-02-18,Healthcare,0.0996968137254902,0.12462101715686276,0.8,30.0,5,0.25894999999999996
2020-02-19,Healthcare,0.24066722222222223,0.24066722222222223,1.0,19.0,5,0.0996968137254902
2020-02-20,Healthcare,0.066954,0.11159000000000001,0.6,11.0,5,0.24066722222222223
2020-02-21,Healthcare,0.06396500000000001,0.07995625,0.8,14.0,5,0.066954
2020-02-24,Healthcare,0.11363848739495797,0.11363848739495797,1.0,28.0,5,0.06396500000000001
2020-02-25,Healthcare,0.22763000000000005,0.22763000000000005,1.0,24.0,5,0.11363848739495797
2020-02-26,Healthcare,0.03794049019607844,0.03794049019607844,1.0,32.0,5,0.22763000000000005
2020-02-27,Healthcare,0.081012,0.081012,1.0,37.0,5,0.03794049019607844
2020-02-28,Healthcare,0.060867000000000004,0.060867000000000004,1.0,27.0,5,0.081012
2020-03-02,Healthcare,0.19461776785714285,0.19461776785714285,1.0,46.0,5,0.060867000000000004
2020-03-03,Healthcare,0.37418615384615384,0.37418615384615384,1.0,19.0,5,0.19461776785714285
2020-03-04,Healthcare,0.42545099999999997,0.42545099999999997,1.0,23.0,5,0.37418615384615384
2020-03-05,Healthcare,0.10146128205128205,0.12682660256410255,0.8,22.0,5,0.42545099999999997
2020-03-06,Healthcare,0.06611454545454545,0.11019090909090908,0.6,19.0,5,0.10146128205128205
2020-03-09,Healthcare,0.12704115789473686,0.12704115789473686,1.0,34.0,5,0.06611454545454545
2020-03-10,Healthcare,0.14131875,0.23553124999999997,0.6,19.0,5,0.12704115789473686
2020-03-11,Healthcare,0.24613083333333333,0.24613083333333333,1.0,22.0,5,0.14131875
2020-03-12,Healthcare,-0.11924066666666666,-0.11924066666666666,1.0,21.0,5,0.24613083333333333
2020-03-13,Healthcare,0.007959999999999995,0.009949999999999994,0.8,15.0,5,-0.11924066666666666
2020-03-16,Healthcare,0.0042973333333333336,0.005371666666666667,0.8,21.0,5,0.007959999999999995
2020-03-17,Healthcare,0.3171,0.3171,1.0,20.0,5,0.0042973333333333336
2020-03-18,Healthcare,0.05681125,0.09468541666666667,0.6,25.0,5,0.3171
2020-03-19,Healthcare,0.062375,0.1559375,0.4,24.0,5,0.05681125
2020-03-20,Healthcare,0.05900333333333332,0.07375416666666665,0.8,19.0,5,0.062375
2020-03-23,Healthcare,0.044644329004329006,0.055805411255411254,0.8,30.0,5,0.05900333333333332
2020-03-24,Healthcare,0.27379619047619047,0.27379619047619047,1.0,15.0,5,0.044644329004329006
2020-03-25,Healthcare,0.18096380952380953,0.18096380952380953,1.0,24.0,5,0.27379619047619047
2020-03-26,Healthcare,0.2941557575757576,0.2941557575757576,1.0,19.0,5,0.18096380952380953
2020-03-27,Healthcare,0.173266,0.2887766666666667,0.6,11.0,5,0.2941557575757576
2020-03-30,Healthcare,0.17264057142857142,0.17264057142857142,1.0,34.0,5,0.173266
2020-03-31,Healthcare,0.01738333333333334,0.021729166666666678,0.8,18.0,5,0.17264057142857142
2020-04-01,Healthcare,0.046206666666666674,0.05775833333333334,0.8,13.0,5,0.01738333333333334
2020-04-02,Healthcare,0.11523071428571427,0.11523071428571427,1.0,27.0,5,0.046206666666666674
2020-04-03,Healthcare,0.14477833333333331,0.2412972222222222,0.6,14.0,5,0.11523071428571427
2020-04-06,Healthcare,0.3437497701149425,0.3437497701149425,1.0,46.0,5,0.14477833333333331
2020-04-07,Healthcare,0.04370877192982456,0.04370877192982456,1.0,32.0,5,0.3437497701149425
2020-04-08,Healthcare,0.14548222222222223,0.18185277777777778,0.8,19.0,5,0.04370877192982456
2020-04-09,Healthcare,-0.0016383333333333306,-0.002047916666666663,0.8,16.0,5,0.14548222222222223
2020-04-13,Healthcare,-0.004051999999999989,-0.004051999999999989,1.0,50.0,5,-0.0016383333333333306
2020-04-14,Healthcare,0.1912047619047619,0.23900595238095237,0.8,14.0,5,-0.004051999999999989
2020-04-15,Healthcare,-0.062183095238095246,-0.062183095238095246,1.0,26.0,5,0.1912047619047619
2020-04-16,Healthcare,0.3105473558897244,0.3105473558897244,1.0,58.0,5,-0.062183095238095246
2020-04-17,Healthcare,0.29842117992766726,0.29842117992766726,1.0,97.0,5,0.3105473558897244
2020-04-20,Healthcare,-0.037736510638297874,-0.037736510638297874,1.0,67.0,5,0.29842117992766726
2020-04-21,Healthcare,-0.017922476190476176,-0.017922476190476176,1.0,21.0,5,-0.037736510638297874
2020-04-22,Healthcare,0.2437991025641026,0.2437991025641026,1.0,30.0,5,-0.017922476190476176
2020-04-23,Healthcare,0.15020208333333335,0.15020208333333335,1.0,59.0,5,0.2437991025641026
2020-04-24,Healthcare,0.021421857142857142,0.026777321428571428,0.8,50.0,5,0.15020208333333335
2020-04-27,Healthcare,0.005752476190476197,0.005752476190476197,1.0,58.0,5,0.021421857142857142
2020-04-28,Healthcare,0.16370235384615384,0.16370235384615384,1.0,44.0,5,0.005752476190476197
2020-04-29,Healthcare,0.04443728735632184,0.0555466091954023,0.8,104.0,5,0.16370235384615384
2020-04-30,Healthcare,0.17714433333333335,0.17714433333333335,1.0,83.0,5,0.04443728735632184
2020-05-01,Healthcare,0.07595764647467726,0.07595764647467726,1.0,84.0,5,0.17714433333333335
2020-05-04,Healthcare,0.0564451282051282,0.0564451282051282,1.0,51.0,5,0.07595764647467726
2020-05-05,Healthcare,0.195338431372549,0.195338431372549,1.0,35.0,5,0.0564451282051282
2020-05-06,Healthcare,0.16397444444444445,0.16397444444444445,1.0,32.0,5,0.195338431372549
2020-05-07,Healthcare,0.08167833333333333,0.13613055555555556,0.6,24.0,5,0.16397444444444445
2020-05-08,Healthcare,-0.02470847222222223,-0.02470847222222223,1.0,32.0,5,0.08167833333333333
2020-05-11,Healthcare,0.033489710144927534,0.033489710144927534,1.0,56.0,5,-0.02470847222222223
2020-05-12,Healthcare,-0.037550666666666656,-0.06258444444444443,0.6,23.0,5,0.033489710144927534
2020-05-13,Healthcare,0.11089318259518259,0.11089318259518259,1.0,52.0,5,-0.037550666666666656
2020-05-14,Healthcare,0.12298833333333334,0.12298833333333334,1.0,29.0,5,0.11089318259518259
2020-05-15,Healthcare,-0.007057727272727276,-0.007057727272727276,1.0,39.0,5,0.12298833333333334
2020-05-18,Healthcare,0.13266533333333333,0.13266533333333333,1.0,32.0,5,-0.007057727272727276
2020-05-19,Healthcare,0.2208736666666667,0.2208736666666667,1.0,16.0,5,0.13266533333333333
2020-05-20,Healthcare,0.014665311355311355,0.024442185592185594,0.6,30.0,5,0.2208736666666667
2020-05-21,Healthcare,0.10755200000000001,0.10755200000000001,1.0,21.0,5,0.014665311355311355
2020-05-22,Healthcare,0.151845,0.151845,1.0,22.0,5,0.10755200000000001
2020-05-26,Healthcare,0.03939952380952381,0.03939952380952381,1.0,61.0,5,0.151845
2020-05-27,Healthcare,-0.007068444444444435,-0.008835555555555544,0.8,24.0,5,0.03939952380952381
2020-05-28,Healthcare,-0.06967833333333334,-0.06967833333333334,1.0,20.0,5,-0.007068444444444435
2020-05-29,Healthcare,0.1583238888888889,0.19790486111111114,0.8,25.0,5,-0.06967833333333334
2020-06-01,Healthcare,0.12184555555555557,0.15230694444444445,0.8,60.0,5,0.1583238888888889
2020-06-02,Healthcare,0.021175151515151515,0.021175151515151515,1.0,25.0,5,0.12184555555555557
2020-06-03,Healthcare,0.25402650793650794,0.25402650793650794,1.0,20.0,5,0.021175151515151515
2020-06-04,Healthcare,0.10282650793650794,0.10282650793650794,1.0,21.0,5,0.25402650793650794
2020-06-05,Healthcare,0.096875,0.16145833333333334,0.6,8.0,5,0.10282650793650794
2020-06-08,Healthcare,0.055461315789473685,0.055461315789473685,1.0,33.0,5,0.096875
2020-06-09,Healthcare,0.0009408333333333297,0.0015680555555555493,0.6,12.0,5,0.055461315789473685
2020-06-10,Healthcare,0.07865777777777778,0.09832222222222223,0.8,24.0,5,0.0009408333333333297
2020-06-11,Healthcare,0.21064000000000002,0.21064000000000002,1.0,8.0,5,0.07865777777777778
2020-06-12,Healthcare,0.019198,0.0239975,0.8,10.0,5,0.21064000000000002
2020-06-15,Healthcare,0.17032571428571427,0.17032571428571427,1.0,19.0,5,0.019198
2020-06-16,Healthcare,0.07618166666666666,0.09522708333333332,0.8,11.0,5,0.17032571428571427
2020-06-17,Healthcare,-0.10197,-0.1274625,0.8,9.0,5,0.07618166666666666
2020-06-18,Healthcare,0.25315333333333334,0.3164416666666667,0.8,8.0,5,-0.10197
2020-06-19,Healthcare,0.13482333333333335,0.16852916666666667,0.8,9.0,5,0.25315333333333334
2020-06-22,Healthcare,0.2720066666666667,0.34000833333333336,0.8,12.0,5,0.13482333333333335
2020-06-23,Healthcare,0.003192500000000001,0.003990625000000001,0.8,14.0,5,0.2720066666666667
2020-06-24,Healthcare,0.015766666666666665,0.01970833333333333,0.8,8.0,5,0.003192500000000001
2020-06-25,Healthcare,0.0934025,0.15567083333333334,0.6,12.0,5,0.015766666666666665
2020-06-26,Healthcare,-0.036850999999999995,-0.061418333333333325,0.6,10.0,5,0.0934025
2020-06-29,Healthcare,0.167875,0.167875,1.0,26.0,5,-0.036850999999999995
2020-06-30,Healthcare,0.12410000000000002,0.20683333333333334,0.6,8.0,5,0.167875
2020-07-01,Healthcare,0.1979388888888889,0.2474236111111111,0.8,16.0,5,0.12410000000000002
2020-07-02,Healthcare,0.098195,0.16365833333333332,0.6,8.0,5,0.1979388888888889
2020-07-06,Healthcare,0.09275857142857143,0.09275857142857143,1.0,28.0,5,0.098195
2020-07-07,Healthcare,0.09613333333333332,0.12016666666666666,0.8,11.0,5,0.09275857142857143
2020-07-08,Healthcare,0.1493719047619048,0.18671488095238098,0.8,17.0,5,0.09613333333333332
2020-07-09,Healthcare,0.026783333333333336,0.044638888888888895,0.6,7.0,5,0.1493719047619048
2020-07-10,Healthcare,0.23280090909090906,0.23280090909090906,1.0,28.0,5,0.026783333333333336
2020-07-13,Healthcare,0.05238,0.05238,1.0,14.0,5,0.23280090909090906
2020-07-14,Healthcare,0.22699000000000003,0.22699000000000003,1.0,8.0,5,0.05238
2020-07-15,Healthcare,0.15994999999999998,0.399875,0.4,5.0,5,0.22699000000000003
2020-07-16,Healthcare,0.202562,0.2532025,0.8,13.0,5,0.15994999999999998
2020-07-17,Healthcare,-0.06471333333333333,-0.08089166666666667,0.8,11.0,5,0.202562
2020-07-20,Healthcare,0.155855,0.2597583333333333,0.6,7.0,5,-0.06471333333333333
2020-07-21,Healthcare,0.17713,0.2214125,0.8,15.0,5,0.155855
2020-07-22,Healthcare,0.35485,0.5914166666666666,0.6,5.0,5,0.17713
2020-07-23,Healthcare,-0.06659999999999999,-0.06659999999999999,1.0,7.0,5,0.35485
2020-07-24,Healthcare,0.164015,0.164015,1.0,10.0,5,-0.06659999999999999
2020-07-27,Healthcare,-0.0036657142857142847,-0.004582142857142856,0.8,14.0,5,0.164015
2020-07-28,Healthcare,0.050140000000000004,0.06267500000000001,0.8,14.0,5,-0.0036657142857142847
2020-07-29,Healthcare,0.138288,0.138288,1.0,11.0,5,0.050140000000000004
2020-07-30,Healthcare,-0.0113525,-0.014190625,0.8,11.0,5,0.138288
2020-07-31,Healthcare,0.08143247863247864,0.13572079772079773,0.6,35.0,5,-0.0113525
2020-08-03,Healthcare,0.05058619047619047,0.05058619047619047,1.0,24.0,5,0.08143247863247864
2020-08-04,Healthcare,0.0013533333333333344,0.0016916666666666681,0.8,11.0,5,0.05058619047619047
2020-08-05,Healthcare,-0.013979999999999992,-0.023299999999999987,0.6,3.0,5,0.0013533333333333344
2020-08-06,Healthcare,0.182065,0.30344166666666667,0.6,11.0,5,-0.013979999999999992
2020-08-07,Healthcare,0.2503357142857143,0.2503357142857143,1.0,13.0,5,0.182065
2020-08-10,Healthcare,0.10184333333333333,0.16973888888888888,0.6,8.0,5,0.2503357142857143
2020-08-11,Healthcare,0.068,0.11333333333333334,0.6,6.0,5,0.10184333333333333
2020-08-12,Healthcare,0.04046,0.06743333333333333,0.6,4.0,5,0.068
2020-08-13,Healthcare,-0.13394,-0.13394,1.0,5.0,5,0.04046
2020-08-14,Healthcare,0.0,0.0,0.4,3.0,5,-0.13394
2020-08-17,Healthcare,0.28032999999999997,0.28032999999999997,1.0,8.0,5,0.0
2020-08-18,Healthcare,-0.08692000000000001,-0.14486666666666667,0.6,6.0,5,0.28032999999999997
2020-08-19,Healthcare,0.140435,0.17554375,0.8,17.0,5,-0.08692000000000001
2020-08-20,Healthcare,0.044259999999999994,0.044259999999999994,1.0,7.0,5,0.140435
2020-08-21,Healthcare,0.07681,0.192025,0.4,5.0,5,0.044259999999999994
2020-08-24,Healthcare,0.18137,0.2267125,0.8,6.0,5,0.07681
2020-08-25,Healthcare,0.02129555555555556,0.035492592592592596,0.6,20.0,5,0.18137
2020-08-26,Healthcare,0.117564,0.117564,1.0,10.0,5,0.02129555555555556
2020-08-27,Healthcare,0.1948293333333333,0.1948293333333333,1.0,36.0,5,0.117564
2020-08-28,Healthcare,-0.014042666666666665,-0.014042666666666665,1.0,14.0,5,0.1948293333333333
2020-08-31,Healthcare,0.18946222222222223,0.23682777777777778,0.8,16.0,5,-0.014042666666666665
2020-09-01,Healthcare,0.08424523809523811,0.10530654761904763,0.8,21.0,5,0.18946222222222223
2020-09-02,Healthcare,-0.160415,-0.20051875,0.8,8.0,5,0.08424523809523811
2020-09-03,Healthcare,0.02544,0.0424,0.6,10.0,5,-0.160415
2020-09-04,Healthcare,0.002841428571428578,0.007103571428571445,0.4,11.0,5,0.02544
2020-09-08,Healthcare,0.047805,0.047805,1.0,15.0,5,0.002841428571428578
2020-09-09,Healthcare,0.133745,0.22290833333333335,0.6,9.0,5,0.047805
2020-09-10,Healthcare,0.12738,0.6369,0.2,1.0,5,0.133745
2020-09-11,Healthcare,-0.05620666666666667,-0.05620666666666667,1.0,14.0,5,0.12738
2020-09-14,Healthcare,0.12028834782608695,0.12028834782608695,1.0,39.0,5,-0.05620666666666667
2020-09-15,Healthcare,0.16348666666666667,0.16348666666666667,1.0,14.0,5,0.12028834782608695
2020-09-16,Healthcare,0.0,0.0,0.6,3.0,5,0.16348666666666667
2020-09-17,Healthcare,0.08466500000000002,0.08466500000000002,1.0,13.0,5,0.0
2020-09-18,Healthcare,-0.03865399999999999,-0.048317499999999985,0.8,13.0,5,0.08466500000000002
2020-09-21,Healthcare,-0.23964600000000003,-0.29955750000000003,0.8,9.0,5,-0.03865399999999999
2020-09-22,Healthcare,0.40259,0.5032375,0.8,5.0,5,-0.23964600000000003
2020-09-23,Healthcare,0.06859333333333331,0.1714833333333333,0.4,5.0,5,0.40259
2020-09-24,Healthcare,-0.10301,-0.17168333333333333,0.6,4.0,5,0.06859333333333331
2020-09-25,Healthcare,0.10967333333333333,0.27418333333333333,0.4,5.0,5,-0.10301
2020-09-28,Healthcare,0.020468666666666673,0.025585833333333342,0.8,14.0,5,0.10967333333333333
2020-09-29,Healthcare,0.21182000000000004,0.26477500000000004,0.8,11.0,5,0.020468666666666673
2020-09-30,Healthcare,0.232045,0.29005625,0.8,8.0,5,0.21182000000000004
2020-10-01,Healthcare,0.022111666666666675,0.027639583333333342,0.8,13.0,5,0.232045
2020-10-02,Healthcare,-0.08116,-0.10145,0.8,6.0,5,0.022111666666666675
2020-10-05,Healthcare,0.09545555555555559,0.09545555555555559,1.0,20.0,5,-0.08116
2020-10-06,Healthcare,0.07409333333333333,0.09261666666666667,0.8,8.0,5,0.09545555555555559
2020-10-07,Healthcare,0.1875997619047619,0.23449970238095239,0.8,15.0,5,0.07409333333333333
2020-10-08,Healthcare,0.014838333333333334,0.018547916666666667,0.8,18.0,5,0.1875997619047619
2020-10-09,Healthcare,-0.093736,-0.15622666666666665,0.6,7.0,5,0.014838333333333334
2020-10-12,Healthcare,0.0482925,0.060365625000000006,0.8,17.0,5,-0.093736
2020-10-13,Healthcare,-0.069025,-0.08628125,0.8,8.0,5,0.0482925
2020-10-14,Healthcare,0.11088400000000001,0.138605,0.8,11.0,5,-0.069025
2020-10-15,Healthcare,0.22442333333333336,0.22442333333333336,1.0,10.0,5,0.11088400000000001
2020-10-16,Healthcare,0.002544615384615384,0.00424102564102564,0.6,16.0,5,0.22442333333333336
2020-10-19,Healthcare,0.15708833333333333,0.15708833333333333,1.0,20.0,5,0.002544615384615384
2020-10-20,Healthcare,0.22174999999999997,0.2771875,0.8,9.0,5,0.15708833333333333
2020-10-21,Healthcare,0.174544,0.2909066666666667,0.6,9.0,5,0.22174999999999997
2020-10-22,Healthcare,-0.022653999999999997,-0.05663499999999999,0.4,7.0,5,0.174544
2020-10-23,Healthcare,0.030576000000000002,0.050960000000000005,0.6,23.0,5,-0.022653999999999997
2020-10-26,Healthcare,0.016857777777777777,0.02107222222222222,0.8,16.0,5,0.030576000000000002
2020-10-27,Healthcare,0.07481714285714285,0.07481714285714285,1.0,12.0,5,0.016857777777777777
2020-10-28,Healthcare,0.024588666666666672,0.024588666666666672,1.0,23.0,5,0.07481714285714285
2020-10-29,Healthcare,0.21509266666666668,0.21509266666666668,1.0,19.0,5,0.024588666666666672
2020-10-30,Healthcare,0.04951,0.0618875,0.8,15.0,5,0.21509266666666668
2020-11-02,Healthcare,0.06512555555555556,0.08140694444444445,0.8,22.0,5,0.04951
2020-11-03,Healthcare,0.10387733333333334,0.12984666666666667,0.8,10.0,5,0.06512555555555556
2020-11-04,Healthcare,0.18835777777777776,0.3139296296296296,0.6,13.0,5,0.10387733333333334
2020-11-05,Healthcare,0.05827,0.0728375,0.8,11.0,5,0.18835777777777776
2020-11-06,Healthcare,0.04019,0.100475,0.4,3.0,5,0.05827
2020-11-09,Healthcare,0.20935333333333334,0.20935333333333334,1.0,11.0,5,0.04019
2020-11-10,Healthcare,0.212596,0.212596,1.0,10.0,5,0.20935333333333334
2020-11-11,Healthcare,0.0,0.0,0.6,4.0,5,0.212596
2020-11-12,Healthcare,-0.01531,-0.038275,0.4,3.0,5,0.0
2020-11-13,Healthcare,0.17160000000000003,0.28600000000000003,0.6,4.0,5,-0.01531
2020-11-16,Healthcare,0.029619000000000006,0.029619000000000006,1.0,21.0,5,0.17160000000000003
2020-11-17,Healthcare,0.045565,0.05695625,0.8,10.0,5,0.029619000000000006
2020-11-18,Healthcare,0.15037333333333333,0.18796666666666667,0.8,9.0,5,0.045565
2020-11-19,Healthcare,0.05620333333333334,0.07025416666666667,0.8,8.0,5,0.15037333333333333
2020-11-20,Healthcare,0.0351975,0.043996875,0.8,13.0,5,0.05620333333333334
2020-11-23,Healthcare,0.1924425238095238,0.1924425238095238,1.0,20.0,5,0.0351975
2020-11-24,Healthcare,0.11991,0.299775,0.4,3.0,5,0.1924425238095238
2020-11-25,Healthcare,0.04019,0.0502375,0.8,6.0,5,0.11991
2020-11-27,Healthcare,-0.03129333333333334,-0.052155555555555566,0.6,7.0,5,0.04019
2020-11-30,Healthcare,0.16828333333333334,0.16828333333333334,1.0,11.0,5,-0.03129333333333334
2020-12-01,Healthcare,0.04019,0.06698333333333333,0.6,5.0,5,0.16828333333333334
2020-12-02,Healthcare,0.207675,0.25959375,0.8,12.0,5,0.04019
2020-12-03,Healthcare,0.12248999999999999,0.30622499999999997,0.4,3.0,5,0.207675
2020-12-04,Healthcare,0.06748833333333334,0.11248055555555557,0.6,8.0,5,0.12248999999999999
2020-12-07,Healthcare,-0.06024,-0.1004,0.6,7.0,5,0.06748833333333334
2020-12-08,Healthcare,0.07071333333333334,0.11785555555555556,0.6,6.0,5,-0.06024
2020-12-09,Healthcare,-0.04939,-0.123475,0.4,3.0,5,0.07071333333333334
2020-12-10,Healthcare,0.06313500000000001,0.07891875000000001,0.8,12.0,5,-0.04939
2020-12-11,Healthcare,0.30145299999999997,0.30145299999999997,1.0,13.0,5,0.06313500000000001
2020-12-14,Healthcare,0.14211500000000002,0.14211500000000002,1.0,12.0,5,0.30145299999999997
2020-12-15,Healthcare,0.22720666666666664,0.3786777777777777,0.6,7.0,5,0.14211500000000002
2020-12-16,Healthcare,0.11327499999999999,0.2831875,0.4,9.0,5,0.22720666666666664
2020-12-17,Healthcare,0.05570533333333333,0.05570533333333333,1.0,13.0,5,0.11327499999999999
2020-12-18,Healthcare,0.17505,0.29175,0.6,4.0,5,0.05570533333333333
2020-12-21,Healthcare,0.27162,0.27162,1.0,6.0,5,0.17505
2020-12-22,Healthcare,0.040535999999999996,0.05066999999999999,0.8,18.0,5,0.27162
2020-12-23,Healthcare,0.053412222222222215,0.08902037037037036,0.6,15.0,5,0.040535999999999996
2020-12-24,Healthcare,0.21546000000000004,0.35910000000000003,0.6,3.0,5,0.053412222222222215
2020-12-28,Healthcare,0.14919,0.1864875,0.8,10.0,5,0.21546000000000004
2020-12-29,Healthcare,0.013486666666666666,0.022477777777777777,0.6,7.0,5,0.14919
2020-12-30,Healthcare,0.12083999999999999,0.3021,0.4,2.0,5,0.013486666666666666
2020-12-31,Healthcare,0.13089666666666666,0.2181611111111111,0.6,8.0,5,0.12083999999999999
2021-01-04,Healthcare,0.14343,0.1792875,0.8,12.0,5,0.13089666666666666
2021-01-05,Healthcare,0.18424999999999997,0.3070833333333333,0.6,6.0,5,0.14343
2021-01-06,Healthcare,0.04191,0.052387500000000004,0.8,6.0,5,0.18424999999999997
2021-01-07,Healthcare,-0.047700000000000006,-0.047700000000000006,1.0,12.0,5,0.04191
2021-01-08,Healthcare,0.0,0.0,0.4,2.0,5,-0.047700000000000006
2021-01-11,Healthcare,-0.10957285714285714,-0.10957285714285714,1.0,15.0,5,0.0
2021-01-12,Healthcare,0.159785,0.19973125,0.8,12.0,5,-0.10957285714285714
2021-01-13,Healthcare,0.15412,0.19265000000000002,0.8,10.0,5,0.159785
2021-01-14,Healthcare,0.120255,0.15031875,0.8,7.0,5,0.15412
2021-01-15,Healthcare,0.1204,0.20066666666666666,0.6,5.0,5,0.120255
2021-01-19,Healthcare,0.10955,0.10955,1.0,12.0,5,0.1204
2021-01-20,Healthcare,0.34577,0.5762833333333334,0.6,4.0,5,0.10955
2021-01-21,Healthcare,0.02023,0.033716666666666666,0.6,4.0,5,0.34577
2021-01-22,Healthcare,0.0,0.0,0.4,2.0,5,0.02023
2021-01-25,Healthcare,0.17154225,0.17154225,1.0,25.0,5,0.0
2021-01-26,Healthcare,-0.003666666666666668,-0.004583333333333335,0.8,16.0,5,0.17154225
2021-01-27,Healthcare,0.09905714285714286,0.12382142857142857,0.8,12.0,5,-0.003666666666666668
2021-01-28,Healthcare,0.18121199999999998,0.22651499999999997,0.8,8.0,5,0.09905714285714286
2021-01-29,Healthcare,-0.06377999999999999,-0.07972499999999999,0.8,6.0,5,0.18121199999999998
2021-02-01,Healthcare,0.23296999999999998,0.23296999999999998,1.0,11.0,5,-0.06377999999999999
2021-02-02,Healthcare,0.052355,0.08725833333333333,0.6,16.0,5,0.23296999999999998
2021-02-03,Healthcare,0.13337833333333335,0.1667229166666667,0.8,24.0,5,0.052355
2021-02-04,Healthcare,0.10124318181818182,0.10124318181818182,1.0,19.0,5,0.13337833333333335
2021-02-05,Healthcare,0.26497466666666664,0.3312183333333333,0.8,10.0,5,0.10124318181818182
2021-02-08,Healthcare,-0.03992,-0.04989999999999999,0.8,4.0,5,0.26497466666666664
2021-02-09,Healthcare,0.18605,0.23256249999999998,0.8,7.0,5,-0.03992
2021-02-10,Healthcare,0.19983599999999999,0.19983599999999999,1.0,14.0,5,0.18605
2021-02-11,Healthcare,0.09359000000000002,0.11698750000000002,0.8,8.0,5,0.19983599999999999
2021-02-12,Healthcare,0.07707,0.0963375,0.8,7.0,5,0.09359000000000002
2021-02-16,Healthcare,-0.03931,-0.06551666666666665,0.6,5.0,5,0.07707
2021-02-17,Healthcare,0.11289333333333333,0.18815555555555555,0.6,14.0,5,-0.03931
2021-02-18,Healthcare,0.11442000000000001,0.11442000000000001,1.0,9.0,5,0.11289333333333333
2021-02-19,Healthcare,0.10251333333333335,0.25628333333333336,0.4,4.0,5,0.11442000000000001
2021-02-22,Healthcare,0.191966,0.191966,1.0,10.0,5,0.10251333333333335
2021-02-23,Healthcare,0.05736,0.0717,0.8,9.0,5,0.191966
2021-02-24,Healthcare,0.11243,0.18738333333333335,0.6,5.0,5,0.05736
2021-02-25,Healthcare,0.17182250000000002,0.42955625000000003,0.4,9.0,5,0.11243
2021-02-26,Healthcare,-0.11586,-0.19310000000000002,0.6,6.0,5,0.17182250000000002
2021-03-01,Healthcare,0.12715,0.1589375,0.8,7.0,5,-0.11586
2021-03-02,Healthcare,0.06078,0.1013,0.6,8.0,5,0.12715
2021-03-03,Healthcare,0.19836,0.3306,0.6,6.0,5,0.06078
2021-03-04,Healthcare,-0.019427499999999997,-0.024284374999999997,0.8,12.0,5,0.19836
2021-03-05,Healthcare,-0.01999,-0.024987500000000003,0.8,6.0,5,-0.019427499999999997
2021-03-08,Healthcare,0.039439999999999996,0.0493,0.8,9.0,5,-0.01999
2021-03-09,Healthcare,0.0,0.0,0.6,6.0,5,0.039439999999999996
2021-03-10,Healthcare,0.08512,0.14186666666666667,0.6,5.0,5,0.0
2021-03-11,Healthcare,0.038636000000000004,0.038636000000000004,1.0,18.0,5,0.08512
2021-03-12,Healthcare,-0.02408,-0.12040000000000001,0.2,3.0,5,0.038636000000000004
2021-03-15,Healthcare,0.20649314285714288,0.20649314285714288,1.0,19.0,5,-0.02408
2021-03-16,Healthcare,0.11543999999999999,0.14429999999999998,0.8,6.0,5,0.20649314285714288
2021-03-17,Healthcare,0.07621,0.12701666666666667,0.6,9.0,5,0.11543999999999999
2021-03-18,Healthcare,0.11881333333333333,0.14851666666666666,0.8,7.0,5,0.07621
2021-03-19,Healthcare,0.17922000000000002,0.2987,0.6,6.0,5,0.11881333333333333
2021-03-22,Healthcare,0.004674000000000006,0.00779000000000001,0.6,9.0,5,0.17922000000000002
2021-03-23,Healthcare,0.07651,0.12751666666666664,0.6,4.0,5,0.004674000000000006
2021-03-24,Healthcare,0.17994000000000002,0.224925,0.8,6.0,5,0.07651
2021-03-25,Healthcare,0.14908000000000002,0.18635000000000002,0.8,4.0,5,0.17994000000000002
2021-03-26,Healthcare,0.012458333333333332,0.020763888888888887,0.6,8.0,5,0.14908000000000002
2021-03-29,Healthcare,0.28385666666666665,0.28385666666666665,1.0,12.0,5,0.012458333333333332
2021-03-30,Healthcare,-0.04795,-0.0599375,0.8,7.0,5,0.28385666666666665
2021-03-31,Healthcare,0.050409999999999996,0.050409999999999996,1.0,9.0,5,-0.04795
2021-04-01,Healthcare,0.02037000000000001,0.02037000000000001,1.0,7.0,5,0.050409999999999996
2021-04-05,Healthcare,0.10567533333333334,0.13209416666666668,0.8,13.0,5,0.02037000000000001
2021-04-06,Healthcare,0.07364,0.12273333333333332,0.6,6.0,5,0.10567533333333334
2021-04-07,Healthcare,0.19962,0.3327,0.6,4.0,5,0.07364
2021-04-08,Healthcare,0.185678,0.2320975,0.8,10.0,5,0.19962
2021-04-09,Healthcare,0.13896999999999998,0.23161666666666667,0.6,4.0,5,0.185678
2021-04-12,Healthcare,0.10716166666666667,0.10716166666666667,1.0,12.0,5,0.13896999999999998
2021-04-13,Healthcare,-0.0027966666666666695,-0.003495833333333337,0.8,12.0,5,0.10716166666666667
2021-04-14,Healthcare,-0.01144666666666666,-0.01144666666666666,1.0,12.0,5,-0.0027966666666666695
2021-04-15,Healthcare,0.10661000000000001,0.10661000000000001,1.0,9.0,5,-0.01144666666666666
2021-04-16,Healthcare,-0.05,-0.125,0.4,2.0,5,0.10661000000000001
2021-04-19,Healthcare,0.044012857142857145,0.044012857142857145,1.0,15.0,5,-0.05
2021-04-20,Healthcare,0.09392444444444445,0.11740555555555555,0.8,13.0,5,0.044012857142857145
2021-04-21,Healthcare,0.33127,0.33127,1.0,8.0,5,0.09392444444444445
2021-04-22,Healthcare,0.05952,0.05952,1.0,9.0,5,0.33127
2021-04-23,Healthcare,0.11148,0.2787,0.4,2.0,5,0.05952
2021-04-26,Healthcare,0.24135500000000004,0.24135500000000004,1.0,15.0,5,0.11148
2021-04-27,Healthcare,0.22128166666666668,0.22128166666666668,1.0,14.0,5,0.24135500000000004
2021-04-28,Healthcare,0.1625841904761905,0.1625841904761905,1.0,32.0,5,0.22128166666666668
2021-04-29,Healthcare,0.21769409523809524,0.21769409523809524,1.0,35.0,5,0.1625841904761905
2021-04-30,Healthcare,0.1696606153846154,0.1696606153846154,1.0,23.0,5,0.21769409523809524
2021-05-03,Healthcare,0.22499433333333338,0.22499433333333338,1.0,17.0,5,0.1696606153846154
2021-05-04,Healthcare,0.17654999999999998,0.17654999999999998,1.0,11.0,5,0.22499433333333338
2021-05-05,Healthcare,0.22193000000000002,0.22193000000000002,1.0,8.0,5,0.17654999999999998
2021-05-06,Healthcare,0.0,0.0,0.4,5.0,5,0.22193000000000002
2021-05-07,Healthcare,0.068,0.17,0.4,2.0,5,0.0
2021-05-10,Healthcare,0.08046266666666667,0.08046266666666667,1.0,13.0,5,0.068
2021-05-11,Healthcare,0.08038,0.13396666666666665,0.6,3.0,5,0.08046266666666667
2021-05-12,Healthcare,0.4131600000000001,0.5164500000000001,0.8,5.0,5,0.08038
2021-05-13,Healthcare,-0.017186666666666663,-0.02864444444444444,0.6,9.0,5,0.4131600000000001
2021-05-14,Healthcare,0.13678,0.17097500000000002,0.8,6.0,5,-0.017186666666666663
2021-05-17,Healthcare,0.12319399999999998,0.12319399999999998,1.0,13.0,5,0.13678
2021-05-18,Healthcare,0.06571999999999999,0.10953333333333332,0.6,6.0,5,0.12319399999999998
2021-05-19,Healthcare,-0.068,-0.17,0.4,2.0,5,0.06571999999999999
2021-05-20,Healthcare,0.07164666666666666,0.17911666666666667,0.4,6.0,5,-0.068
2021-05-21,Healthcare,0.24295999999999998,0.24295999999999998,1.0,7.0,5,0.07164666666666666
2021-05-24,Healthcare,0.25008866666666674,0.3126108333333334,0.8,13.0,5,0.24295999999999998
2021-05-25,Healthcare,0.17548,0.21935,0.8,6.0,5,0.25008866666666674
2021-05-26,Healthcare,0.0,0.0,0.6,6.0,5,0.17548
2021-05-27,Healthcare,0.15024333333333334,0.18780416666666666,0.8,10.0,5,0.0
2021-05-28,Healthcare,0.06472666666666667,0.16181666666666666,0.4,4.0,5,0.15024333333333334
2021-06-01,Healthcare,0.16207066666666664,0.16207066666666664,1.0,28.0,5,0.06472666666666667
2021-06-02,Healthcare,0.15079000000000004,0.18848750000000003,0.8,6.0,5,0.16207066666666664
2021-06-03,Healthcare,0.17524,0.17524,1.0,14.0,5,0.15079000000000004
2021-06-04,Healthcare,-0.01202,-0.03005,0.4,2.0,5,0.17524
2021-06-07,Healthcare,0.0886,0.0886,1.0,7.0,5,-0.01202
2021-06-08,Healthcare,0.09878,0.123475,0.8,4.0,5,0.0886
2021-06-09,Healthcare,-0.014036363636363635,-0.017545454545454545,0.8,16.0,5,0.09878
2021-06-10,Healthcare,0.12728,0.1591,0.8,10.0,5,-0.014036363636363635
2021-06-11,Healthcare,0.02825833333333333,0.03532291666666666,0.8,9.0,5,0.12728
2021-06-14,Healthcare,0.14745833333333333,0.14745833333333333,1.0,14.0,5,0.02825833333333333
2021-06-15,Healthcare,0.15709,0.26181666666666664,0.6,5.0,5,0.14745833333333333
2021-06-16,Healthcare,0.0,0.0,0.4,3.0,5,0.15709
2021-06-17,Healthcare,0.07205333333333333,0.09006666666666667,0.8,6.0,5,0.0
2021-06-18,Healthcare,0.18343000000000004,0.3057166666666667,0.6,6.0,5,0.07205333333333333
2021-06-21,Healthcare,0.2815226666666667,0.35190333333333335,0.8,12.0,5,0.18343000000000004
2021-06-22,Healthcare,0.059199999999999996,0.148,0.4,2.0,5,0.2815226666666667
2021-06-23,Healthcare,0.14282,0.23803333333333335,0.6,3.0,5,0.059199999999999996
2021-06-24,Healthcare,0.08786000000000001,0.14643333333333333,0.6,6.0,5,0.14282
2021-06-25,Healthcare,0.09732600000000001,0.09732600000000001,1.0,10.0,5,0.08786000000000001
2021-06-28,Healthcare,0.13154000000000002,0.21923333333333336,0.6,5.0,5,0.09732600000000001
2021-06-29,Healthcare,0.03919999999999999,0.04899999999999999,0.8,8.0,5,0.13154000000000002
2021-06-30,Healthcare,0.064515,0.107525,0.6,7.0,5,0.03919999999999999
2021-07-01,Healthcare,0.029599999999999998,0.148,0.2,2.0,5,0.064515
2021-07-02,Healthcare,0.45386999999999994,0.5673374999999999,0.8,5.0,5,0.029599999999999998
2021-07-06,Healthcare,0.012908000000000003,0.03227000000000001,0.4,6.0,5,0.45386999999999994
2021-07-07,Healthcare,0.24808,0.3101,0.8,6.0,5,0.012908000000000003
2021-07-08,Healthcare,0.062165000000000005,0.07770625,0.8,14.0,5,0.24808
2021-07-09,Healthcare,0.0,0.0,0.8,7.0,5,0.062165000000000005
2021-07-12,Healthcare,0.09693333333333333,0.12116666666666666,0.8,9.0,5,0.0
2021-07-13,Healthcare,0.029599999999999998,0.04933333333333333,0.6,5.0,5,0.09693333333333333
2021-07-14,Healthcare,0.28308999999999995,0.35386249999999997,0.8,7.0,5,0.029599999999999998
2021-07-15,Healthcare,-0.01531,-0.07655,0.2,2.0,5,0.28308999999999995
2021-07-16,Healthcare,0.13194,0.6597,0.2,1.0,5,-0.01531
2021-07-19,Healthcare,-0.010580000000000003,-0.013225000000000004,0.8,10.0,5,0.13194
2021-07-20,Healthcare,-0.01027,-0.0128375,0.8,7.0,5,-0.010580000000000003
2021-07-21,Healthcare,0.0,0.0,0.8,4.0,5,-0.01027
2021-07-22,Healthcare,-0.027091428571428572,-0.033864285714285715,0.8,11.0,5,0.0
2021-07-23,Healthcare,0.05217999999999999,0.08696666666666665,0.6,6.0,5,-0.027091428571428572
2021-07-26,Healthcare,0.15766,0.26276666666666665,0.6,6.0,5,0.05217999999999999
2021-07-27,Healthcare,-0.03525999999999998,-0.044074999999999975,0.8,8.0,5,0.15766
2021-07-28,Healthcare,0.12277666666666669,0.15347083333333336,0.8,7.0,5,-0.03525999999999998
2021-07-29,Healthcare,0.12016383333333333,0.12016383333333333,1.0,30.0,5,0.12277666666666669
2021-07-30,Healthcare,0.09352,0.15586666666666668,0.6,10.0,5,0.12016383333333333
2021-08-02,Healthcare,0.251825,0.251825,1.0,14.0,5,0.09352
2021-08-03,Healthcare,0.12793666666666664,0.21322777777777777,0.6,10.0,5,0.251825
2021-08-04,Healthcare,0.14198499999999997,0.14198499999999997,1.0,10.0,5,0.12793666666666664
2021-08-05,Healthcare,0.1089,0.1815,0.6,8.0,5,0.14198499999999997
2021-08-06,Healthcare,0.07636,0.09545,0.8,6.0,5,0.1089
2021-08-09,Healthcare,0.146725,0.18340625,0.8,8.0,5,0.07636
2021-08-10,Healthcare,0.046906666666666666,0.05863333333333333,0.8,7.0,5,0.146725
2021-08-11,Healthcare,0.12076,0.20126666666666668,0.6,4.0,5,0.046906666666666666
2021-08-12,Healthcare,0.19107000000000002,0.2388375,0.8,5.0,5,0.12076
2021-08-13,Healthcare,0.13171,0.21951666666666667,0.6,4.0,5,0.19107000000000002
2021-08-16,Healthcare,0.09712799999999999,0.09712799999999999,1.0,13.0,5,0.13171
2021-08-17,Healthcare,0.25926,0.25926,1.0,6.0,5,0.09712799999999999
2021-08-18,Healthcare,0.25174,0.31467500000000004,0.8,7.0,5,0.25926
2021-08-19,Healthcare,0.028579999999999994,0.07144999999999999,0.4,2.0,5,0.25174
2021-08-20,Healthcare,0.068,0.17,0.4,2.0,5,0.028579999999999994
2021-08-23,Healthcare,-0.02345,-0.0293125,0.8,5.0,5,0.068
2021-08-24,Healthcare,0.09377333333333335,0.23443333333333335,0.4,5.0,5,-0.02345
2021-08-25,Healthcare,0.05234,0.05234,1.0,8.0,5,0.09377333333333335
2021-08-26,Healthcare,0.03450000000000002,0.043125000000000024,0.8,5.0,5,0.05234
2021-08-27,Healthcare,0.1952433333333333,0.24405416666666663,0.8,9.0,5,0.03450000000000002
2021-08-30,Healthcare,0.19630666666666668,0.24538333333333334,0.8,9.0,5,0.1952433333333333
2021-08-31,Healthcare,-0.01909,-0.01909,1.0,9.0,5,0.19630666666666668
2021-09-01,Healthcare,0.07129666666666667,0.08912083333333334,0.8,16.0,5,-0.01909
2021-09-02,Healthcare,0.11178666666666666,0.13973333333333332,0.8,11.0,5,0.07129666666666667
2021-09-03,Healthcare,0.0,,0.0,0.0,5,0.11178666666666666
2021-09-07,Healthcare,0.2630383333333334,0.2630383333333334,1.0,14.0,5,0.0
2021-09-08,Healthcare,0.006669999999999998,0.006669999999999998,1.0,12.0,5,0.2630383333333334
2021-09-09,Healthcare,0.02032738095238096,0.02032738095238096,1.0,17.0,5,0.006669999999999998
2021-09-10,Healthcare,-0.02121333333333333,-0.05303333333333333,0.4,4.0,5,0.02032738095238096
2021-09-13,Healthcare,0.26873111111111114,0.26873111111111114,1.0,23.0,5,-0.02121333333333333
2021-09-14,Healthcare,0.12614,0.31535,0.4,3.0,5,0.26873111111111114
2021-09-15,Healthcare,0.13782166666666668,0.17227708333333336,0.8,12.0,5,0.12614
2021-09-16,Healthcare,0.18983999999999998,0.23729999999999998,0.8,10.0,5,0.13782166666666668
2021-09-17,Healthcare,0.034284999999999996,0.034284999999999996,1.0,9.0,5,0.18983999999999998
2021-09-20,Healthcare,0.06995133333333337,0.06995133333333337,1.0,21.0,5,0.034284999999999996
2021-09-21,Healthcare,0.09152,0.15253333333333333,0.6,3.0,5,0.06995133333333337
2021-09-22,Healthcare,-0.06726,-0.06726,1.0,6.0,5,0.09152
2021-09-23,Healthcare,0.219124,0.273905,0.8,8.0,5,-0.06726
2021-09-24,Healthcare,-0.02948666666666667,-0.03685833333333334,0.8,6.0,5,0.219124
2021-09-27,Healthcare,0.263595,0.263595,1.0,11.0,5,-0.02948666666666667
2021-09-28,Healthcare,0.16226933333333332,0.16226933333333332,1.0,17.0,5,0.263595
2021-09-29,Healthcare,0.27834166666666665,0.27834166666666665,1.0,11.0,5,0.16226933333333332
2021-09-30,Healthcare,0.0035899999999999986,0.0044874999999999984,0.8,12.0,5,0.27834166666666665
2021-10-01,Healthcare,0.05945555555555555,0.09909259259259258,0.6,29.0,5,0.0035899999999999986
2021-10-04,Healthcare,0.1383248,0.172906,0.8,32.0,5,0.05945555555555555
2021-10-05,Healthcare,0.0013139999999999985,0.0016424999999999981,0.8,16.0,5,0.1383248
2021-10-06,Healthcare,0.0778911111111111,0.12981851851851853,0.6,13.0,5,0.0013139999999999985
2021-10-07,Healthcare,0.08334266666666668,0.13890444444444447,0.6,13.0,5,0.0778911111111111
2021-10-08,Healthcare,0.042576666666666665,0.07096111111111111,0.6,10.0,5,0.08334266666666668
2021-10-11,Healthcare,0.03921923076923077,0.049024038461538466,0.8,18.0,5,0.042576666666666665
2021-10-12,Healthcare,0.22478571428571428,0.22478571428571428,1.0,15.0,5,0.03921923076923077
2021-10-13,Healthcare,-0.055432,-0.06929,0.8,9.0,5,0.22478571428571428
2021-10-14,Healthcare,0.0,0.0,0.8,6.0,5,-0.055432
2021-10-15,Healthcare,0.1066,0.13325,0.8,9.0,5,0.0
2021-10-18,Healthcare,0.23418085714285714,0.23418085714285714,1.0,22.0,5,0.1066
2021-10-19,Healthcare,-0.029842857142857143,-0.03730357142857143,0.8,14.0,5,0.23418085714285714
2021-10-20,Healthcare,0.08017733333333332,0.08017733333333332,1.0,21.0,5,-0.029842857142857143
2021-10-21,Healthcare,0.24110499999999999,0.24110499999999999,1.0,11.0,5,0.08017733333333332
2021-10-22,Healthcare,0.035275999999999995,0.044094999999999995,0.8,8.0,5,0.24110499999999999
2021-10-25,Healthcare,0.03323,0.041537500000000005,0.8,16.0,5,0.035275999999999995
2021-10-26,Healthcare,-0.044615,-0.07435833333333335,0.6,6.0,5,0.03323
2021-10-27,Healthcare,0.12554142857142855,0.1569267857142857,0.8,12.0,5,-0.044615
2021-10-28,Healthcare,0.13486599999999999,0.13486599999999999,1.0,26.0,5,0.12554142857142855
2021-10-29,Healthcare,0.019842983193277312,0.024803728991596642,0.8,30.0,5,0.13486599999999999
2021-11-01,Healthcare,0.2846013333333334,0.2846013333333334,1.0,11.0,5,0.019842983193277312
2021-11-02,Healthcare,0.19209583333333335,0.2401197916666667,0.8,14.0,5,0.2846013333333334
2021-11-03,Healthcare,0.10472666666666666,0.13090833333333332,0.8,10.0,5,0.19209583333333335
2021-11-04,Healthcare,0.11378060606060605,0.14222575757575756,0.8,16.0,5,0.10472666666666666
2021-11-05,Healthcare,0.2133644444444444,0.35560740740740737,0.6,21.0,5,0.11378060606060605
2021-11-08,Healthcare,0.15080323076923077,0.15080323076923077,1.0,23.0,5,0.2133644444444444
2021-11-09,Healthcare,0.08189500000000001,0.13649166666666668,0.6,11.0,5,0.15080323076923077
2021-11-10,Healthcare,-0.06520000000000001,-0.0815,0.8,8.0,5,0.08189500000000001
2021-11-11,Healthcare,0.19598666666666664,0.19598666666666664,1.0,10.0,5,-0.06520000000000001
2021-11-12,Healthcare,0.117395,0.14674375,0.8,8.0,5,0.19598666666666664
2021-11-15,Healthcare,0.10009666666666665,0.12512083333333332,0.8,14.0,5,0.117395
2021-11-16,Healthcare,0.08849599999999999,0.14749333333333334,0.6,8.0,5,0.10009666666666665
2021-11-17,Healthcare,0.18066500000000002,0.30110833333333337,0.6,10.0,5,0.08849599999999999
2021-11-18,Healthcare,-0.044680000000000004,-0.055850000000000004,0.8,10.0,5,0.18066500000000002
2021-11-19,Healthcare,0.13001000000000001,0.1625125,0.8,7.0,5,-0.044680000000000004
2021-11-22,Healthcare,-0.09375214285714287,-0.11719017857142858,0.8,14.0,5,0.13001000000000001
2021-11-23,Healthcare,0.14964,0.18705,0.8,10.0,5,-0.09375214285714287
2021-11-24,Healthcare,-0.11587999999999998,-0.1931333333333333,0.6,4.0,5,0.14964
2021-11-26,Healthcare,-0.07059333333333334,-0.11765555555555557,0.6,5.0,5,-0.11587999999999998
2021-11-29,Healthcare,0.10093717948717948,0.12617147435897436,0.8,19.0,5,-0.07059333333333334
2021-11-30,Healthcare,0.05767428571428572,0.09612380952380954,0.6,10.0,5,0.10093717948717948
2021-12-01,Healthcare,-0.08930666666666667,-0.11163333333333335,0.8,17.0,5,0.05767428571428572
2021-12-02,Healthcare,-0.12022666666666666,-0.15028333333333332,0.8,12.0,5,-0.08930666666666667
2021-12-03,Healthcare,0.186535,0.23316875,0.8,8.0,5,-0.12022666666666666
2021-12-06,Healthcare,0.17400722222222223,0.17400722222222223,1.0,19.0,5,0.186535
2021-12-07,Healthcare,0.009253333333333334,0.015422222222222224,0.6,13.0,5,0.17400722222222223
2021-12-08,Healthcare,0.06422666666666668,0.10704444444444446,0.6,5.0,5,0.009253333333333334
2021-12-09,Healthcare,0.010859999999999998,0.013574999999999997,0.8,6.0,5,0.06422666666666668
2021-12-10,Healthcare,0.051321666666666654,0.051321666666666654,1.0,13.0,5,0.010859999999999998
2021-12-13,Healthcare,0.2150066666666667,0.2150066666666667,1.0,18.0,5,0.051321666666666654
2021-12-14,Healthcare,0.049760000000000006,0.049760000000000006,1.0,12.0,5,0.2150066666666667
2021-12-15,Healthcare,-0.014914999999999994,-0.018643749999999994,0.8,9.0,5,0.049760000000000006
2021-12-16,Healthcare,0.011853999999999998,0.011853999999999998,1.0,14.0,5,-0.014914999999999994
2021-12-17,Healthcare,0.20345399999999997,0.33908999999999995,0.6,8.0,5,0.011853999999999998
2021-12-20,Healthcare,0.11151933333333333,0.11151933333333333,1.0,14.0,5,0.20345399999999997
2021-12-21,Healthcare,0.16676285714285716,0.16676285714285716,1.0,16.0,5,0.11151933333333333
2021-12-22,Healthcare,0.0706525,0.088315625,0.8,14.0,5,0.16676285714285716
2021-12-23,Healthcare,0.21750313725490197,0.21750313725490197,1.0,23.0,5,0.0706525
2021-12-27,Healthcare,0.20840766666666669,0.26050958333333335,0.8,18.0,5,0.21750313725490197
2021-12-28,Healthcare,0.07422,0.12369999999999999,0.6,8.0,5,0.20840766666666669
2021-12-29,Healthcare,0.07364,0.36819999999999997,0.2,2.0,5,0.07422
2021-12-30,Healthcare,0.1374338095238095,0.17179226190476188,0.8,15.0,5,0.07364
2021-12-31,Healthcare,0.12043999999999999,0.15055,0.8,5.0,5,0.1374338095238095
2022-01-03,Healthcare,0.17695504761904762,0.17695504761904762,1.0,20.0,5,0.12043999999999999
2022-01-04,Healthcare,0.033301333333333336,0.04162666666666667,0.8,10.0,5,0.17695504761904762
2022-01-05,Healthcare,-0.020349999999999993,-0.02543749999999999,0.8,6.0,5,0.033301333333333336
2022-01-06,Healthcare,0.31234,0.31234,1.0,8.0,5,-0.020349999999999993
2022-01-07,Healthcare,0.08882333333333334,0.1480388888888889,0.6,9.0,5,0.31234
2022-01-10,Healthcare,0.22336666666666666,0.22336666666666666,1.0,16.0,5,0.08882333333333334
2022-01-11,Healthcare,0.060673333333333336,0.10112222222222222,0.6,7.0,5,0.22336666666666666
2022-01-12,Healthcare,0.10244666666666666,0.10244666666666666,1.0,16.0,5,0.060673333333333336
2022-01-13,Healthcare,0.11591100000000001,0.11591100000000001,1.0,14.0,5,0.10244666666666666
2022-01-14,Healthcare,0.20000999999999997,0.20000999999999997,1.0,13.0,5,0.11591100000000001
2022-01-18,Healthcare,0.18651900000000002,0.18651900000000002,1.0,29.0,5,0.20000999999999997
2022-01-19,Healthcare,0.06388200000000001,0.06388200000000001,1.0,16.0,5,0.18651900000000002
2022-01-20,Healthcare,0.03701533333333333,0.03701533333333333,1.0,15.0,5,0.06388200000000001
2022-01-21,Healthcare,-0.07991866666666667,-0.07991866666666667,1.0,13.0,5,0.03701533333333333
2022-01-24,Healthcare,0.006001944444444447,0.006001944444444447,1.0,28.0,5,-0.07991866666666667
2022-01-25,Healthcare,-0.03575,-0.0446875,0.8,18.0,5,0.006001944444444447
2022-01-26,Healthcare,0.08496857142857142,0.10621071428571428,0.8,20.0,5,-0.03575
2022-01-27,Healthcare,0.18564833333333336,0.18564833333333336,1.0,19.0,5,0.08496857142857142
2022-01-28,Healthcare,0.20390000000000003,0.20390000000000003,1.0,17.0,5,0.18564833333333336
2022-01-31,Healthcare,0.16462185714285718,0.16462185714285718,1.0,26.0,5,0.20390000000000003
2022-02-01,Healthcare,0.08201504273504272,0.08201504273504272,1.0,26.0,5,0.16462185714285718
2022-02-02,Healthcare,0.042024857142857135,0.042024857142857135,1.0,31.0,5,0.08201504273504272
2022-02-03,Healthcare,0.12503999999999998,0.12503999999999998,1.0,17.0,5,0.042024857142857135
2022-02-04,Healthcare,-0.15523333333333333,-0.15523333333333333,1.0,10.0,5,0.12503999999999998
2022-02-07,Healthcare,0.2636457142857143,0.3295571428571429,0.8,21.0,5,-0.15523333333333333
2022-02-08,Healthcare,0.13141285714285714,0.16426607142857141,0.8,22.0,5,0.2636457142857143
2022-02-09,Healthcare,0.2739333333333333,0.2739333333333333,1.0,18.0,5,0.13141285714285714
2022-02-10,Healthcare,0.04294666666666667,0.04294666666666667,1.0,16.0,5,0.2739333333333333
2022-02-11,Healthcare,0.24928333333333336,0.24928333333333336,1.0,10.0,5,0.04294666666666667
2022-02-14,Healthcare,-0.011488095238095238,-0.011488095238095238,1.0,16.0,5,0.24928333333333336
2022-02-15,Healthcare,0.023863333333333337,0.02982916666666667,0.8,10.0,5,-0.011488095238095238
2022-02-16,Healthcare,0.16039466666666666,0.20049333333333333,0.8,14.0,5,0.023863333333333337
2022-02-17,Healthcare,0.08432571428571428,0.10540714285714285,0.8,14.0,5,0.16039466666666666
2022-02-18,Healthcare,0.22468166666666667,0.22468166666666667,1.0,16.0,5,0.08432571428571428
2022-02-22,Healthcare,0.13446047619047619,0.13446047619047619,1.0,21.0,5,0.22468166666666667
2022-02-23,Healthcare,0.09483,0.11853749999999999,0.8,6.0,5,0.13446047619047619
2022-02-24,Healthcare,0.153125,0.2552083333333333,0.6,6.0,5,0.09483
2022-02-25,Healthcare,0.0043000000000000035,0.0043000000000000035,1.0,10.0,5,0.153125
2022-02-28,Healthcare,0.09366166666666667,0.15610277777777778,0.6,14.0,5,0.0043000000000000035
2022-03-01,Healthcare,0.10758666666666668,0.10758666666666668,1.0,11.0,5,0.09366166666666667
2022-03-02,Healthcare,0.06908,0.08635000000000001,0.8,10.0,5,0.10758666666666668
2022-03-03,Healthcare,0.004979999999999996,0.006224999999999994,0.8,10.0,5,0.06908
2022-03-04,Healthcare,0.12006999999999998,0.12006999999999998,1.0,8.0,5,0.004979999999999996
2022-03-07,Healthcare,0.20492166666666672,0.20492166666666672,1.0,14.0,5,0.12006999999999998
2022-03-08,Healthcare,-0.085295,-0.085295,1.0,11.0,5,0.20492166666666672
2022-03-09,Healthcare,0.13927,0.13927,1.0,13.0,5,-0.085295
2022-03-10,Healthcare,-0.008906666666666665,-0.014844444444444443,0.6,15.0,5,0.13927
2022-03-11,Healthcare,0.1535975,0.1535975,1.0,16.0,5,-0.008906666666666665
2022-03-14,Healthcare,0.1770766666666667,0.22134583333333335,0.8,8.0,5,0.1535975
2022-03-15,Healthcare,-0.079566,-0.079566,1.0,10.0,5,0.1770766666666667
2022-03-16,Healthcare,0.09095785714285716,0.09095785714285716,1.0,16.0,5,-0.079566
2022-03-17,Healthcare,0.025551333333333343,0.04258555555555557,0.6,13.0,5,0.09095785714285716
2022-03-18,Healthcare,0.11555333333333336,0.19258888888888892,0.6,6.0,5,0.025551333333333343
2022-03-21,Healthcare,0.21294333333333335,0.21294333333333335,1.0,16.0,5,0.11555333333333336
2022-03-22,Healthcare,-0.03758499999999999,-0.03758499999999999,1.0,11.0,5,0.21294333333333335
2022-03-23,Healthcare,0.027420000000000007,0.04570000000000001,0.6,7.0,5,-0.03758499999999999
2022-03-24,Healthcare,0.161075,0.20134375,0.8,10.0,5,0.027420000000000007
2022-03-25,Healthcare,0.056335,0.09389166666666666,0.6,7.0,5,0.161075
2022-03-28,Healthcare,-0.06269499999999999,-0.07836874999999999,0.8,12.0,5,0.056335
2022-03-29,Healthcare,0.040900000000000006,0.040900000000000006,1.0,10.0,5,-0.06269499999999999
2022-03-30,Healthcare,0.040953333333333335,0.05119166666666667,0.8,8.0,5,0.040900000000000006
2022-03-31,Healthcare,0.11594000000000002,0.14492500000000003,0.8,9.0,5,0.040953333333333335
2022-04-01,Healthcare,0.25156999999999996,0.3144625,0.8,6.0,5,0.11594000000000002
2022-04-04,Healthcare,0.07585700000000002,0.07585700000000002,1.0,20.0,5,0.25156999999999996
2022-04-05,Healthcare,0.161048,0.161048,1.0,13.0,5,0.07585700000000002
2022-04-06,Healthcare,0.030345,0.050575,0.6,7.0,5,0.161048
2022-04-07,Healthcare,0.07783,0.0972875,0.8,5.0,5,0.030345
2022-04-08,Healthcare,0.358438,0.358438,1.0,14.0,5,0.07783
2022-04-11,Healthcare,0.09281966666666666,0.09281966666666666,1.0,14.0,5,0.358438
2022-04-12,Healthcare,0.09319999999999999,0.09319999999999999,1.0,16.0,5,0.09281966666666666
2022-04-13,Healthcare,0.06078666666666667,0.06078666666666667,1.0,12.0,5,0.09319999999999999
2022-04-14,Healthcare,0.10788342857142856,0.1348542857142857,0.8,15.0,5,0.06078666666666667
2022-04-18,Healthcare,0.033716666666666666,0.05619444444444444,0.6,9.0,5,0.10788342857142856
2022-04-19,Healthcare,0.02665647619047622,0.02665647619047622,1.0,19.0,5,0.033716666666666666
2022-04-20,Healthcare,0.24467,0.3058375,0.8,16.0,5,0.02665647619047622
2022-04-21,Healthcare,0.1394766666666667,0.1394766666666667,1.0,17.0,5,0.24467
2022-04-22,Healthcare,0.15636,0.19544999999999998,0.8,9.0,5,0.1394766666666667
2022-04-25,Healthcare,0.276212,0.276212,1.0,26.0,5,0.15636
2022-04-26,Healthcare,-0.03087321428571429,-0.03087321428571429,1.0,25.0,5,0.276212
2022-04-27,Healthcare,0.10235333333333334,0.10235333333333334,1.0,20.0,5,-0.03087321428571429
2022-04-28,Healthcare,0.14715809523809523,0.14715809523809523,1.0,31.0,5,0.10235333333333334
2022-04-29,Healthcare,0.1391396666666667,0.1391396666666667,1.0,23.0,5,0.14715809523809523
2022-05-02,Healthcare,0.24081099999999997,0.24081099999999997,1.0,13.0,5,0.1391396666666667
2022-05-03,Healthcare,0.048179999999999994,0.12044999999999999,0.4,3.0,5,0.24081099999999997
2022-05-04,Healthcare,0.1127,0.140875,0.8,6.0,5,0.048179999999999994
2022-05-05,Healthcare,0.19369333333333333,0.19369333333333333,1.0,14.0,5,0.1127
2022-05-06,Healthcare,0.01626,0.020325,0.8,8.0,5,0.19369333333333333
2022-05-09,Healthcare,0.059193333333333334,0.14798333333333333,0.4,4.0,5,0.01626
2022-05-10,Healthcare,0.14197200000000001,0.14197200000000001,1.0,13.0,5,0.059193333333333334
2022-05-11,Healthcare,0.026530000000000026,0.026530000000000026,1.0,15.0,5,0.14197200000000001
2022-05-12,Healthcare,-0.005173333333333319,-0.005173333333333319,1.0,14.0,5,0.026530000000000026
2022-05-13,Healthcare,-0.01507,-0.0188375,0.8,12.0,5,-0.005173333333333319
2022-05-16,Healthcare,0.048321666666666666,0.048321666666666666,1.0,20.0,5,-0.01507
2022-05-17,Healthcare,-0.017347500000000002,-0.021684375000000002,0.8,14.0,5,0.048321666666666666
2022-05-18,Healthcare,0.17671,0.17671,1.0,11.0,5,-0.017347500000000002
2022-05-19,Healthcare,0.094805,0.11850625,0.8,11.0,5,0.17671
2022-05-20,Healthcare,-0.03602333333333334,-0.03602333333333334,1.0,13.0,5,0.094805
2022-05-23,Healthcare,0.18671,0.18671,1.0,17.0,5,-0.03602333333333334
2022-05-24,Healthcare,0.013724,0.017155,0.8,12.0,5,0.18671
2022-05-25,Healthcare,-0.10386500000000001,-0.12983125,0.8,16.0,5,0.013724
2022-05-26,Healthcare,0.20277809523809526,0.20277809523809526,1.0,24.0,5,-0.10386500000000001
2022-05-27,Healthcare,-0.02572499999999999,-0.03215624999999999,0.8,14.0,5,0.20277809523809526
2022-05-31,Healthcare,0.35474666666666665,0.35474666666666665,1.0,18.0,5,-0.02572499999999999
2022-06-01,Healthcare,0.05744166666666667,0.07180208333333334,0.8,9.0,5,0.35474666666666665
2022-06-02,Healthcare,-0.07786000000000001,-0.07786000000000001,1.0,11.0,5,0.05744166666666667
2022-06-03,Healthcare,0.052653333333333344,0.06581666666666668,0.8,10.0,5,-0.07786000000000001
2022-06-06,Healthcare,0.09547209523809526,0.09547209523809526,1.0,22.0,5,0.052653333333333344
2022-06-07,Healthcare,0.13734333333333332,0.3433583333333333,0.4,5.0,5,0.09547209523809526
2022-06-08,Healthcare,0.2734,0.34175,0.8,6.0,5,0.13734333333333332
2022-06-09,Healthcare,0.013486666666666666,0.016858333333333333,0.8,7.0,5,0.2734
2022-06-10,Healthcare,-0.009484666666666672,-0.01185583333333334,0.8,12.0,5,0.013486666666666666
2022-06-13,Healthcare,0.21730357142857146,0.27162946428571433,0.8,15.0,5,-0.009484666666666672
2022-06-14,Healthcare,-0.030830000000000003,-0.030830000000000003,1.0,11.0,5,0.21730357142857146
2022-06-15,Healthcare,0.10106900000000003,0.10106900000000003,1.0,15.0,5,-0.030830000000000003
2022-06-16,Healthcare,0.24372000000000002,0.30465000000000003,0.8,4.0,5,0.10106900000000003
2022-06-17,Healthcare,0.20803333333333335,0.26004166666666667,0.8,11.0,5,0.24372000000000002
2022-06-21,Healthcare,0.2519159523809524,0.3148949404761905,0.8,18.0,5,0.20803333333333335
2022-06-22,Healthcare,0.018083333333333333,0.018083333333333333,1.0,20.0,5,0.2519159523809524
2022-06-23,Healthcare,-0.09467933333333334,-0.09467933333333334,1.0,15.0,5,0.018083333333333333
2022-06-24,Healthcare,0.28993714285714284,0.36242142857142856,0.8,11.0,5,-0.09467933333333334
2022-06-27,Healthcare,0.19292942857142853,0.24116178571428568,0.8,22.0,5,0.28993714285714284
2022-06-28,Healthcare,-0.029466666666666662,-0.049111111111111105,0.6,7.0,5,0.19292942857142853
2022-06-29,Healthcare,0.26369714285714285,0.32962142857142857,0.8,16.0,5,-0.029466666666666662
2022-06-30,Healthcare,0.04474,0.07456666666666667,0.6,8.0,5,0.26369714285714285
2022-07-01,Healthcare,0.041837,0.05229625,0.8,12.0,5,0.04474
2022-07-05,Healthcare,0.13635250000000002,0.13635250000000002,1.0,24.0,5,0.041837
2022-07-06,Healthcare,0.08109000000000001,0.08109000000000001,1.0,13.0,5,0.13635250000000002
2022-07-07,Healthcare,-0.012712857142857137,-0.01589107142857142,0.8,13.0,5,0.08109000000000001
2022-07-08,Healthcare,0.33807,0.33807,1.0,9.0,5,-0.012712857142857137
2022-07-11,Healthcare,0.038387142857142856,0.038387142857142856,1.0,25.0,5,0.33807
2022-07-12,Healthcare,0.013692619047619047,0.013692619047619047,1.0,17.0,5,0.038387142857142856
2022-07-13,Healthcare,0.20554857142857147,0.20554857142857147,1.0,25.0,5,0.013692619047619047
2022-07-14,Healthcare,-0.137458,-0.1718225,0.8,13.0,5,0.20554857142857147
2022-07-15,Healthcare,0.061807499999999994,0.061807499999999994,1.0,17.0,5,-0.137458
2022-07-18,Healthcare,0.10054400000000001,0.10054400000000001,1.0,21.0,5,0.061807499999999994
2022-07-19,Healthcare,0.0658592857142857,0.0658592857142857,1.0,20.0,5,0.10054400000000001
2022-07-20,Healthcare,0.2818309090909091,0.2818309090909091,1.0,32.0,5,0.0658592857142857
2022-07-21,Healthcare,-0.036352499999999996,-0.06058749999999999,0.6,14.0,5,0.2818309090909091
2022-07-22,Healthcare,0.278042,0.278042,1.0,13.0,5,-0.036352499999999996
2022-07-25,Healthcare,0.060343999999999995,0.060343999999999995,1.0,15.0,5,0.278042
2022-07-26,Healthcare,0.15696333333333334,0.15696333333333334,1.0,10.0,5,0.060343999999999995
2022-07-27,Healthcare,0.08869,0.08869,1.0,22.0,5,0.15696333333333334
2022-07-28,Healthcare,0.169448,0.169448,1.0,23.0,5,0.08869
2022-07-29,Healthcare,0.11140399999999999,0.139255,0.8,15.0,5,0.169448
2022-08-01,Healthcare,0.14618133333333333,0.14618133333333333,1.0,18.0,5,0.11140399999999999
2022-08-02,Healthcare,0.1788475,0.1788475,1.0,16.0,5,0.14618133333333333
2022-08-03,Healthcare,0.2749183333333334,0.2749183333333334,1.0,18.0,5,0.1788475
2022-08-04,Healthcare,-0.009715555555555555,-0.012144444444444444,0.8,17.0,5,0.2749183333333334
2022-08-05,Healthcare,0.179195,0.22399375,0.8,10.0,5,-0.009715555555555555
2022-08-08,Healthcare,-0.048900000000000006,-0.0815,0.6,9.0,5,0.179195
2022-08-09,Healthcare,0.02639999999999999,0.043999999999999984,0.6,10.0,5,-0.048900000000000006
2022-08-10,Healthcare,0.09863000000000002,0.16438333333333335,0.6,6.0,5,0.02639999999999999
2022-08-11,Healthcare,0.042352,0.042352,1.0,14.0,5,0.09863000000000002
2022-08-12,Healthcare,-0.009,-0.015,0.6,10.0,5,0.042352
2022-08-15,Healthcare,0.0012259999999999966,0.0020433333333333276,0.6,12.0,5,-0.009
2022-08-16,Healthcare,0.06571666666666667,0.08214583333333333,0.8,10.0,5,0.0012259999999999966
2022-08-17,Healthcare,0.01909,0.03181666666666667,0.6,6.0,5,0.06571666666666667
2022-08-18,Healthcare,0.05664400000000001,0.05664400000000001,1.0,12.0,5,0.01909
2022-08-19,Healthcare,-0.028240000000000008,-0.028240000000000008,1.0,9.0,5,0.05664400000000001
2022-08-22,Healthcare,0.21191333333333331,0.21191333333333331,1.0,12.0,5,-0.028240000000000008
2022-08-23,Healthcare,0.16386666666666666,0.16386666666666666,1.0,12.0,5,0.21191333333333331
2022-08-24,Healthcare,0.104735,0.13091875,0.8,8.0,5,0.16386666666666666
2022-08-25,Healthcare,0.09860095238095239,0.12325119047619049,0.8,15.0,5,0.104735
2022-08-26,Healthcare,0.15202666666666667,0.19003333333333333,0.8,10.0,5,0.09860095238095239
2022-08-29,Healthcare,0.26405333333333336,0.26405333333333336,1.0,11.0,5,0.15202666666666667
2022-08-30,Healthcare,0.03273,0.040912500000000004,0.8,6.0,5,0.26405333333333336
2022-08-31,Healthcare,-0.20458500000000002,-0.20458500000000002,1.0,11.0,5,0.03273
2022-09-01,Healthcare,0.11460166666666664,0.11460166666666664,1.0,14.0,5,-0.20458500000000002
2022-09-02,Healthcare,0.07638666666666667,0.19096666666666667,0.4,5.0,5,0.11460166666666664
2022-09-06,Healthcare,0.22993000000000002,0.2874125,0.8,13.0,5,0.07638666666666667
2022-09-07,Healthcare,0.05217866666666667,0.06522333333333334,0.8,13.0,5,0.22993000000000002
2022-09-08,Healthcare,0.17820533333333335,0.17820533333333335,1.0,22.0,5,0.05217866666666667
2022-09-09,Healthcare,-0.008273333333333332,-0.008273333333333332,1.0,11.0,5,0.17820533333333335
2022-09-12,Healthcare,0.2901396666666667,0.2901396666666667,1.0,33.0,5,-0.008273333333333332
2022-09-13,Healthcare,0.05998666666666667,0.05998666666666667,1.0,13.0,5,0.2901396666666667
2022-09-14,Healthcare,-0.02307,-0.028837500000000002,0.8,8.0,5,0.05998666666666667
2022-09-15,Healthcare,-0.008235000000000003,-0.008235000000000003,1.0,15.0,5,-0.02307
2022-09-16,Healthcare,0.11046733333333333,0.13808416666666667,0.8,13.0,5,-0.008235000000000003
2022-09-19,Healthcare,0.015823809523809525,0.015823809523809525,1.0,21.0,5,0.11046733333333333
2022-09-20,Healthcare,0.025174285714285725,0.03146785714285716,0.8,12.0,5,0.015823809523809525
2022-09-21,Healthcare,-0.08621999999999999,-0.08621999999999999,1.0,7.0,5,0.025174285714285725
2022-09-22,Healthcare,0.16976666666666665,0.16976666666666665,1.0,15.0,5,-0.08621999999999999
2022-09-23,Healthcare,0.08872,0.1109,0.8,11.0,5,0.16976666666666665
2022-09-26,Healthcare,0.015480000000000013,0.015480000000000013,1.0,13.0,5,0.08872
2022-09-27,Healthcare,0.16542166666666666,0.16542166666666666,1.0,11.0,5,0.015480000000000013
2022-09-28,Healthcare,0.147205,0.147205,1.0,11.0,5,0.16542166666666666
2022-09-29,Healthcare,0.16065999999999997,0.20082499999999998,0.8,5.0,5,0.147205
2022-09-30,Healthcare,0.07636,0.12726666666666667,0.6,6.0,5,0.16065999999999997
2022-10-03,Healthcare,0.04760000000000001,0.04760000000000001,1.0,16.0,5,0.07636
2022-10-04,Healthcare,-0.00029000000000000136,-0.00029000000000000136,1.0,6.0,5,0.04760000000000001
2022-10-05,Healthcare,0.05945333333333334,0.09908888888888889,0.6,7.0,5,-0.00029000000000000136
2022-10-06,Healthcare,-0.15184000000000003,-0.37960000000000005,0.4,4.0,5,0.05945333333333334
2022-10-07,Healthcare,0.07916,0.09895,0.8,6.0,5,-0.15184000000000003
2022-10-10,Healthcare,0.326336,0.326336,1.0,18.0,5,0.07916
2022-10-11,Healthcare,0.22581185714285718,0.22581185714285718,1.0,26.0,5,0.326336
2022-10-12,Healthcare,0.08204916666666666,0.10256145833333333,0.8,21.0,5,0.22581185714285718
2022-10-13,Healthcare,-0.18963999999999998,-0.23704999999999998,0.8,9.0,5,0.08204916666666666
2022-10-14,Healthcare,0.17491333333333334,0.17491333333333334,1.0,11.0,5,-0.18963999999999998
2022-10-17,Healthcare,0.12034500000000001,0.12034500000000001,1.0,13.0,5,0.17491333333333334
2022-10-18,Healthcare,0.01213000000000002,0.01213000000000002,1.0,13.0,5,0.12034500000000001
2022-10-19,Healthcare,0.06288428571428571,0.06288428571428571,1.0,22.0,5,0.01213000000000002
2022-10-20,Healthcare,0.05519533333333333,0.05519533333333333,1.0,16.0,5,0.06288428571428571
2022-10-21,Healthcare,0.129324,0.129324,1.0,11.0,5,0.05519533333333333
2022-10-24,Healthcare,0.05149,0.05149,1.0,11.0,5,0.129324
2022-10-25,Healthcare,0.049883333333333335,0.049883333333333335,1.0,14.0,5,0.05149
2022-10-26,Healthcare,0.06711166666666667,0.11185277777777779,0.6,12.0,5,0.049883333333333335
2022-10-27,Healthcare,0.1780822077922078,0.22260275974025973,0.8,23.0,5,0.06711166666666667
2022-10-28,Healthcare,0.05949888888888888,0.05949888888888888,1.0,24.0,5,0.1780822077922078
2022-10-31,Healthcare,0.07826999999999999,0.13044999999999998,0.6,5.0,5,0.05949888888888888
2022-11-01,Healthcare,0.31881666666666664,0.31881666666666664,1.0,13.0,5,0.07826999999999999
2022-11-02,Healthcare,-0.05974999999999999,-0.05974999999999999,1.0,13.0,5,0.31881666666666664
2022-11-03,Healthcare,-0.126033,-0.15754125,0.8,11.0,5,-0.05974999999999999
2022-11-04,Healthcare,0.21658,0.21658,1.0,15.0,5,-0.126033
2022-11-07,Healthcare,0.022809999999999997,0.022809999999999997,1.0,16.0,5,0.21658
2022-11-08,Healthcare,-0.03021422222222222,-0.03021422222222222,1.0,20.0,5,0.022809999999999997
2022-11-09,Healthcare,0.09680533333333333,0.12100666666666667,0.8,17.0,5,-0.03021422222222222
2022-11-10,Healthcare,0.24521,0.24521,1.0,8.0,5,0.09680533333333333
2022-11-11,Healthcare,0.22604666666666665,0.3767444444444444,0.6,5.0,5,0.24521
2022-11-14,Healthcare,0.17236500000000002,0.17236500000000002,1.0,18.0,5,0.22604666666666665
2022-11-15,Healthcare,0.20067000000000004,0.20067000000000004,1.0,15.0,5,0.17236500000000002
2022-11-16,Healthcare,0.1297066666666667,0.16213333333333335,0.8,8.0,5,0.20067000000000004
2022-11-17,Healthcare,0.013486666666666666,0.013486666666666666,1.0,10.0,5,0.1297066666666667
2022-11-18,Healthcare,0.16416333333333336,0.16416333333333336,1.0,13.0,5,0.013486666666666666
2022-11-21,Healthcare,0.19411777777777778,0.2426472222222222,0.8,17.0,5,0.16416333333333336
2022-11-22,Healthcare,0.1361894761904762,0.1361894761904762,1.0,26.0,5,0.19411777777777778
2022-11-23,Healthcare,0.09760071428571429,0.12200089285714287,0.8,16.0,5,0.1361894761904762
2022-11-25,Healthcare,0.11225742857142858,0.14032178571428572,0.8,15.0,5,0.09760071428571429
2022-11-28,Healthcare,0.22576119047619048,0.22576119047619048,1.0,24.0,5,0.11225742857142858
2022-11-29,Healthcare,0.19279,0.19279,1.0,13.0,5,0.22576119047619048
2022-11-30,Healthcare,0.190953,0.190953,1.0,17.0,5,0.19279
2022-12-01,Healthcare,0.13513666666666665,0.13513666666666665,1.0,15.0,5,0.190953
2022-12-02,Healthcare,-0.09792999999999999,-0.09792999999999999,1.0,10.0,5,0.13513666666666665
2022-12-05,Healthcare,0.086604,0.108255,0.8,16.0,5,-0.09792999999999999
2022-12-06,Healthcare,0.019797000000000002,0.019797000000000002,1.0,15.0,5,0.086604
2022-12-07,Healthcare,-0.07867476190476189,-0.09834345238095235,0.8,16.0,5,0.019797000000000002
2022-12-08,Healthcare,0.035644999999999996,0.035644999999999996,1.0,12.0,5,-0.07867476190476189
2022-12-09,Healthcare,0.11738333333333335,0.1467291666666667,0.8,17.0,5,0.035644999999999996
2022-12-12,Healthcare,0.02685834586466166,0.02685834586466166,1.0,33.0,5,0.11738333333333335
2022-12-13,Healthcare,0.11637752380952379,0.11637752380952379,1.0,28.0,5,0.02685834586466166
2022-12-14,Healthcare,0.24520333333333338,0.30650416666666674,0.8,10.0,5,0.11637752380952379
2022-12-15,Healthcare,0.16280466666666665,0.16280466666666665,1.0,19.0,5,0.24520333333333338
2022-12-16,Healthcare,0.16921666666666668,0.16921666666666668,1.0,15.0,5,0.16280466666666665
2022-12-19,Healthcare,0.054402666666666676,0.054402666666666676,1.0,20.0,5,0.16921666666666668
2022-12-20,Healthcare,0.18531388888888892,0.18531388888888892,1.0,18.0,5,0.054402666666666676
2022-12-21,Healthcare,0.16837833333333335,0.16837833333333335,1.0,16.0,5,0.18531388888888892
2022-12-22,Healthcare,0.052503333333333325,0.06562916666666666,0.8,13.0,5,0.16837833333333335
2022-12-23,Healthcare,-0.08187499999999999,-0.13645833333333332,0.6,7.0,5,0.052503333333333325
2022-12-27,Healthcare,0.10937800000000002,0.10937800000000002,1.0,20.0,5,-0.08187499999999999
2022-12-28,Healthcare,0.19716299999999998,0.19716299999999998,1.0,12.0,5,0.10937800000000002
2022-12-29,Healthcare,0.12534,0.156675,0.8,12.0,5,0.19716299999999998
2022-12-30,Healthcare,0.048068000000000013,0.08011333333333336,0.6,7.0,5,0.12534
2023-01-03,Healthcare,0.27507000000000004,0.27507000000000004,1.0,14.0,5,0.048068000000000013
2023-01-04,Healthcare,0.137071,0.17133875,0.8,13.0,5,0.27507000000000004
2023-01-05,Healthcare,0.157785,0.157785,1.0,12.0,5,0.137071
2023-01-06,Healthcare,0.06390333333333334,0.06390333333333334,1.0,9.0,5,0.157785
2023-01-09,Healthcare,0.15689333333333333,0.19611666666666666,0.8,14.0,5,0.06390333333333334
2023-01-10,Healthcare,0.03104642857142857,0.03880803571428571,0.8,13.0,5,0.15689333333333333
2023-01-11,Healthcare,0.06969666666666666,0.06969666666666666,1.0,13.0,5,0.03104642857142857
2023-01-12,Healthcare,0.11465,0.1433125,0.8,7.0,5,0.06969666666666666
2023-01-13,Healthcare,0.1876533333333333,0.23456666666666665,0.8,8.0,5,0.11465
2023-01-17,Healthcare,0.2621094444444444,0.2621094444444444,1.0,33.0,5,0.1876533333333333
2023-01-18,Healthcare,0.08363000000000001,0.1045375,0.8,10.0,5,0.2621094444444444
2023-01-19,Healthcare,-0.04486333333333333,-0.056079166666666666,0.8,10.0,5,0.08363000000000001
2023-01-20,Healthcare,0.08931333333333333,0.08931333333333333,1.0,14.0,5,-0.04486333333333333
2023-01-23,Healthcare,0.26248,0.26248,1.0,18.0,5,0.08931333333333333
2023-01-24,Healthcare,0.08237,0.1029625,0.8,8.0,5,0.26248
2023-01-25,Healthcare,-0.022618431372549024,-0.02827303921568628,0.8,29.0,5,0.08237
2023-01-26,Healthcare,0.18909,0.18909,1.0,18.0,5,-0.022618431372549024
2023-01-27,Healthcare,0.13510666666666665,0.16888333333333333,0.8,8.0,5,0.18909
2023-01-30,Healthcare,0.16511383333333332,0.16511383333333332,1.0,19.0,5,0.13510666666666665
2023-01-31,Healthcare,0.05639883333333333,0.05639883333333333,1.0,23.0,5,0.16511383333333332
2023-02-01,Healthcare,0.18992269841269843,0.18992269841269843,1.0,26.0,5,0.05639883333333333
2023-02-02,Healthcare,0.21599833333333335,0.26999791666666667,0.8,29.0,5,0.18992269841269843
2023-02-03,Healthcare,-0.0404755,-0.06745916666666667,0.6,17.0,5,0.21599833333333335
2023-02-06,Healthcare,0.04299400000000002,0.04299400000000002,1.0,22.0,5,-0.0404755
2023-02-07,Healthcare,0.12206666666666668,0.12206666666666668,1.0,13.0,5,0.04299400000000002
2023-02-08,Healthcare,0.144686,0.144686,1.0,15.0,5,0.12206666666666668
2023-02-09,Healthcare,0.08725147619047618,0.08725147619047618,1.0,29.0,5,0.144686
2023-02-10,Healthcare,0.11148,0.1858,0.6,5.0,5,0.08725147619047618
2023-02-13,Healthcare,0.13108999999999998,0.13108999999999998,1.0,12.0,5,0.11148
2023-02-14,Healthcare,0.212427,0.26553375,0.8,12.0,5,0.13108999999999998
2023-02-15,Healthcare,0.03648333333333333,0.06080555555555556,0.6,7.0,5,0.212427
2023-02-16,Healthcare,0.1575413333333333,0.1575413333333333,1.0,22.0,5,0.03648333333333333
2023-02-17,Healthcare,0.13290266666666667,0.13290266666666667,1.0,14.0,5,0.1575413333333333
2023-02-21,Healthcare,0.023423,0.023423,1.0,26.0,5,0.13290266666666667
2023-02-22,Healthcare,0.09284200000000002,0.09284200000000002,1.0,20.0,5,0.023423
2023-02-23,Healthcare,0.023399999999999997,0.039,0.6,5.0,5,0.09284200000000002
2023-02-24,Healthcare,0.08566,0.14276666666666668,0.6,9.0,5,0.023399999999999997
2023-02-27,Healthcare,0.08093285714285714,0.08093285714285714,1.0,23.0,5,0.08566
2023-02-28,Healthcare,0.026127999999999995,0.04354666666666666,0.6,11.0,5,0.08093285714285714
2023-03-01,Healthcare,0.019917999999999998,0.019917999999999998,1.0,15.0,5,0.026127999999999995
2023-03-02,Healthcare,0.039298333333333345,0.039298333333333345,1.0,13.0,5,0.019917999999999998
2023-03-03,Healthcare,0.15926,0.26543333333333335,0.6,6.0,5,0.039298333333333345
2023-03-06,Healthcare,0.06327033333333335,0.06327033333333335,1.0,23.0,5,0.15926
2023-03-07,Healthcare,0.14615,0.1826875,0.8,8.0,5,0.06327033333333335
2023-03-08,Healthcare,0.056163,0.056163,1.0,17.0,5,0.14615
2023-03-09,Healthcare,0.12732333333333334,0.12732333333333334,1.0,17.0,5,0.056163
2023-03-10,Healthcare,0.17232333333333333,0.21540416666666665,0.8,9.0,5,0.12732333333333334
2023-03-13,Healthcare,0.1411257142857143,0.1411257142857143,1.0,18.0,5,0.17232333333333333
2023-03-14,Healthcare,0.008350666666666668,0.008350666666666668,1.0,15.0,5,0.1411257142857143
2023-03-15,Healthcare,0.08162666666666667,0.08162666666666667,1.0,14.0,5,0.008350666666666668
2023-03-16,Healthcare,0.018969999999999997,0.018969999999999997,1.0,9.0,5,0.08162666666666667
2023-03-17,Healthcare,0.06898,0.11496666666666666,0.6,8.0,5,0.018969999999999997
2023-03-20,Healthcare,0.08144933333333333,0.08144933333333333,1.0,20.0,5,0.06898
2023-03-21,Healthcare,0.157915,0.157915,1.0,13.0,5,0.08144933333333333
2023-03-22,Healthcare,0.011967999999999998,0.011967999999999998,1.0,20.0,5,0.157915
2023-03-23,Healthcare,0.13782,0.22970000000000002,0.6,11.0,5,0.011967999999999998
2023-03-24,Healthcare,0.031921333333333336,0.03990166666666667,0.8,11.0,5,0.13782
2023-03-27,Healthcare,0.13018666666666667,0.13018666666666667,1.0,22.0,5,0.031921333333333336
2023-03-28,Healthcare,0.19232833333333335,0.19232833333333335,1.0,13.0,5,0.13018666666666667
2023-03-29,Healthcare,0.049203333333333335,0.049203333333333335,1.0,12.0,5,0.19232833333333335
2023-03-30,Healthcare,0.008505000000000007,0.010631250000000009,0.8,13.0,5,0.049203333333333335
2023-03-31,Healthcare,0.10063666666666668,0.12579583333333336,0.8,11.0,5,0.008505000000000007
2023-04-03,Healthcare,-0.04046466666666667,-0.04046466666666667,1.0,16.0,5,0.10063666666666668
2023-04-04,Healthcare,0.19970333333333332,0.24962916666666665,0.8,15.0,5,-0.04046466666666667
2023-04-05,Healthcare,0.052146666666666674,0.052146666666666674,1.0,15.0,5,0.19970333333333332
2023-04-06,Healthcare,0.05140199999999999,0.05140199999999999,1.0,18.0,5,0.052146666666666674
2023-04-10,Healthcare,0.1212428787878788,0.1212428787878788,1.0,28.0,5,0.05140199999999999
2023-04-11,Healthcare,0.01121333333333333,0.01121333333333333,1.0,13.0,5,0.1212428787878788
2023-04-12,Healthcare,0.06622833333333333,0.06622833333333333,1.0,20.0,5,0.01121333333333333
2023-04-13,Healthcare,-0.10012571428571429,-0.12515714285714286,0.8,11.0,5,0.06622833333333333
2023-04-14,Healthcare,0.08538733333333333,0.08538733333333333,1.0,17.0,5,-0.10012571428571429
2023-04-17,Healthcare,0.1528230357142857,0.1528230357142857,1.0,30.0,5,0.08538733333333333
2023-04-18,Healthcare,0.10433666666666667,0.10433666666666667,1.0,13.0,5,0.1528230357142857
2023-04-19,Healthcare,0.13890513725490197,0.13890513725490197,1.0,33.0,5,0.10433666666666667
2023-04-20,Healthcare,0.17899400000000001,0.2237425,0.8,14.0,5,0.13890513725490197
2023-04-21,Healthcare,0.17730600000000002,0.17730600000000002,1.0,12.0,5,0.17899400000000001
2023-04-24,Healthcare,0.1791088888888889,0.1791088888888889,1.0,25.0,5,0.17730600000000002
2023-04-25,Healthcare,0.22593321428571428,0.22593321428571428,1.0,24.0,5,0.1791088888888889
2023-04-26,Healthcare,0.10326000000000002,0.10326000000000002,1.0,17.0,5,0.22593321428571428
2023-04-27,Healthcare,0.10068375,0.10068375,1.0,46.0,5,0.10326000000000002
2023-04-28,Healthcare,-0.006168571428571429,-0.006168571428571429,1.0,21.0,5,0.10068375
2023-05-01,Healthcare,0.07224395238095237,0.07224395238095237,1.0,21.0,5,-0.006168571428571429
2023-05-02,Healthcare,0.018330666666666683,0.018330666666666683,1.0,14.0,5,0.07224395238095237
2023-05-03,Healthcare,-0.01893,-0.0236625,0.8,9.0,5,0.018330666666666683
2023-05-04,Healthcare,0.08952666666666667,0.08952666666666667,1.0,13.0,5,-0.01893
2023-05-05,Healthcare,0.13888,0.13888,1.0,7.0,5,0.08952666666666667
2023-05-08,Healthcare,0.09667266666666667,0.12084083333333334,0.8,14.0,5,0.13888
2023-05-09,Healthcare,0.12511333333333333,0.15639166666666665,0.8,7.0,5,0.09667266666666667
2023-05-10,Healthcare,0.07330833333333334,0.07330833333333334,1.0,18.0,5,0.12511333333333333
2023-05-11,Healthcare,0.2313766666666667,0.38562777777777785,0.6,6.0,5,0.07330833333333334
2023-05-12,Healthcare,0.067136,0.11189333333333334,0.6,9.0,5,0.2313766666666667
2023-05-15,Healthcare,0.11460095238095239,0.11460095238095239,1.0,17.0,5,0.067136
2023-05-16,Healthcare,0.008872500000000005,0.008872500000000005,1.0,25.0,5,0.11460095238095239
2023-05-17,Healthcare,-0.13154833333333332,-0.13154833333333332,1.0,18.0,5,0.008872500000000005
2023-05-18,Healthcare,0.082725,0.082725,1.0,19.0,5,-0.13154833333333332
2023-05-19,Healthcare,0.04277500000000001,0.04277500000000001,1.0,15.0,5,0.082725
2023-05-22,Healthcare,0.06588928571428572,0.06588928571428572,1.0,19.0,5,0.04277500000000001
2023-05-23,Healthcare,0.13796333333333335,0.1724541666666667,0.8,11.0,5,0.06588928571428572
2023-05-24,Healthcare,-0.03794666666666667,-0.03794666666666667,1.0,14.0,5,0.13796333333333335
2023-05-25,Healthcare,0.110065,0.110065,1.0,10.0,5,-0.03794666666666667
2023-05-26,Healthcare,0.121165,0.121165,1.0,14.0,5,0.110065
2023-05-30,Healthcare,0.29069500000000004,0.29069500000000004,1.0,18.0,5,0.121165
2023-05-31,Healthcare,0.14073333333333332,0.14073333333333332,1.0,16.0,5,0.29069500000000004
2023-06-01,Healthcare,-0.06024047619047619,-0.06024047619047619,1.0,18.0,5,0.14073333333333332
2023-06-02,Healthcare,0.09574857142857143,0.11968571428571428,0.8,10.0,5,-0.06024047619047619
2023-06-05,Healthcare,0.0538,0.0538,1.0,16.0,5,0.09574857142857143
2023-06-06,Healthcare,0.22018095238095242,0.22018095238095242,1.0,14.0,5,0.0538
2023-06-07,Healthcare,0.2577716666666666,0.2577716666666666,1.0,14.0,5,0.22018095238095242
2023-06-08,Healthcare,0.277517,0.277517,1.0,15.0,5,0.2577716666666666
2023-06-09,Healthcare,0.035365,0.035365,1.0,13.0,5,0.277517
2023-06-12,Healthcare,0.19989666666666667,0.19989666666666667,1.0,20.0,5,0.035365
2023-06-13,Healthcare,0.03497333333333334,0.04371666666666668,0.8,8.0,5,0.19989666666666667
2023-06-14,Healthcare,0.18026,0.30043333333333333,0.6,5.0,5,0.03497333333333334
2023-06-15,Healthcare,-0.040966666666666665,-0.06827777777777777,0.6,7.0,5,0.18026
2023-06-16,Healthcare,0.032821,0.05470166666666667,0.6,13.0,5,-0.040966666666666665
2023-06-20,Healthcare,0.09210357142857144,0.09210357142857144,1.0,21.0,5,0.032821
2023-06-21,Healthcare,0.16984933333333335,0.16984933333333335,1.0,17.0,5,0.09210357142857144
2023-06-22,Healthcare,0.07414000000000001,0.07414000000000001,1.0,13.0,5,0.16984933333333335
2023-06-23,Healthcare,0.17212333333333332,0.17212333333333332,1.0,11.0,5,0.07414000000000001
2023-06-26,Healthcare,0.11287116666666666,0.11287116666666666,1.0,26.0,5,0.17212333333333332
2023-06-27,Healthcare,0.13747833333333334,0.17184791666666668,0.8,14.0,5,0.11287116666666666
2023-06-28,Healthcare,0.12248,0.12248,1.0,8.0,5,0.13747833333333334
2023-06-29,Healthcare,0.182366,0.2279575,0.8,17.0,5,0.12248
2023-06-30,Healthcare,-0.0071024999999999925,-0.0071024999999999925,1.0,18.0,5,0.182366
2023-07-03,Healthcare,0.16950533333333334,0.16950533333333334,1.0,25.0,5,-0.0071024999999999925
2023-07-05,Healthcare,0.24311333333333335,0.24311333333333335,1.0,16.0,5,0.16950533333333334
2023-07-06,Healthcare,0.20319250000000003,0.3386541666666667,0.6,13.0,5,0.24311333333333335
2023-07-07,Healthcare,0.10098,0.10098,1.0,12.0,5,0.20319250000000003
2023-07-10,Healthcare,0.0940857142857143,0.0940857142857143,1.0,20.0,5,0.10098
2023-07-11,Healthcare,-0.019299999999999998,-0.019299999999999998,1.0,15.0,5,0.0940857142857143
2023-07-12,Healthcare,0.3050233333333333,0.3050233333333333,1.0,14.0,5,-0.019299999999999998
2023-07-13,Healthcare,0.13072166666666668,0.13072166666666668,1.0,14.0,5,0.3050233333333333
2023-07-14,Healthcare,0.09642000000000002,0.09642000000000002,1.0,14.0,5,0.13072166666666668
2023-07-17,Healthcare,0.08543200000000001,0.08543200000000001,1.0,15.0,5,0.09642000000000002
2023-07-18,Healthcare,0.12676,0.12676,1.0,13.0,5,0.08543200000000001
2023-07-19,Healthcare,-0.011843333333333322,-0.011843333333333322,1.0,12.0,5,0.12676
2023-07-20,Healthcare,0.01649722222222223,0.01649722222222223,1.0,29.0,5,-0.011843333333333322
2023-07-21,Healthcare,-0.043438787878787875,-0.043438787878787875,1.0,20.0,5,0.01649722222222223
2023-07-24,Healthcare,0.08833566666666667,0.08833566666666667,1.0,28.0,5,-0.043438787878787875
2023-07-25,Healthcare,0.08053366666666668,0.08053366666666668,1.0,21.0,5,0.08833566666666667
2023-07-26,Healthcare,-0.02772400000000001,-0.02772400000000001,1.0,24.0,5,0.08053366666666668
2023-07-27,Healthcare,0.22824689285714284,0.28530861607142854,0.8,30.0,5,-0.02772400000000001
2023-07-28,Healthcare,0.05023666666666667,0.05023666666666667,1.0,20.0,5,0.22824689285714284
2023-07-31,Healthcare,0.16863377777777777,0.16863377777777777,1.0,26.0,5,0.05023666666666667
2023-08-01,Healthcare,0.29771638888888885,0.3721454861111111,0.8,30.0,5,0.16863377777777777
2023-08-02,Healthcare,0.16761071428571428,0.20951339285714285,0.8,16.0,5,0.29771638888888885
2023-08-03,Healthcare,0.16857777777777777,0.16857777777777777,1.0,37.0,5,0.16761071428571428
2023-08-04,Healthcare,0.010009,0.010009,1.0,31.0,5,0.16857777777777777
2023-08-07,Healthcare,0.14736733333333335,0.14736733333333335,1.0,13.0,5,0.010009
2023-08-08,Healthcare,0.18417599999999998,0.23021999999999998,0.8,13.0,5,0.14736733333333335
2023-08-09,Healthcare,0.289682,0.289682,1.0,18.0,5,0.18417599999999998
2023-08-10,Healthcare,0.18324266666666666,0.22905333333333333,0.8,10.0,5,0.289682
2023-08-11,Healthcare,0.068855,0.068855,1.0,13.0,5,0.18324266666666666
2023-08-14,Healthcare,0.165164,0.206455,0.8,20.0,5,0.068855
2023-08-15,Healthcare,0.033176666666666674,0.033176666666666674,1.0,15.0,5,0.165164
2023-08-16,Healthcare,-0.024089999999999993,-0.030112499999999993,0.8,7.0,5,0.033176666666666674
2023-08-17,Healthcare,-0.01036999999999999,-0.01036999999999999,1.0,9.0,5,-0.024089999999999993
2023-08-18,Healthcare,0.072175,0.1804375,0.4,7.0,5,-0.01036999999999999
2023-08-21,Healthcare,0.07330042857142857,0.07330042857142857,1.0,25.0,5,0.072175
2023-08-22,Healthcare,-0.020183333333333338,-0.02522916666666667,0.8,8.0,5,0.07330042857142857
2023-08-23,Healthcare,0.131292380952381,0.131292380952381,1.0,24.0,5,-0.020183333333333338
2023-08-24,Healthcare,0.16987333333333332,0.16987333333333332,1.0,9.0,5,0.131292380952381
2023-08-25,Healthcare,0.073462,0.073462,1.0,15.0,5,0.16987333333333332
2023-08-28,Healthcare,0.06876935897435896,0.0859616987179487,0.8,23.0,5,0.073462
2023-08-29,Healthcare,0.11434833333333332,0.11434833333333332,1.0,25.0,5,0.06876935897435896
2023-08-30,Healthcare,0.06111500000000001,0.07639375000000001,0.8,10.0,5,0.11434833333333332
2023-08-31,Healthcare,0.12603833333333334,0.15754791666666668,0.8,13.0,5,0.06111500000000001
2023-09-01,Healthcare,0.10361400000000001,0.10361400000000001,1.0,19.0,5,0.12603833333333334
2023-09-05,Healthcare,-0.029181928571428574,-0.029181928571428574,1.0,26.0,5,0.10361400000000001
2023-09-06,Healthcare,0.1929733333333333,0.1929733333333333,1.0,10.0,5,-0.029181928571428574
2023-09-07,Healthcare,-0.18949333333333335,-0.18949333333333335,1.0,7.0,5,0.1929733333333333
2023-09-08,Healthcare,0.261324,0.261324,1.0,18.0,5,-0.18949333333333335
2023-09-11,Healthcare,0.14316299999999998,0.14316299999999998,1.0,19.0,5,0.261324
2023-09-12,Healthcare,-0.027570000000000004,-0.027570000000000004,1.0,13.0,5,0.14316299999999998
2023-09-13,Healthcare,0.08420000000000001,0.14033333333333334,0.6,8.0,5,-0.027570000000000004
2023-09-14,Healthcare,0.08180833333333333,0.08180833333333333,1.0,12.0,5,0.08420000000000001
2023-09-15,Healthcare,-0.00017933333333333413,-0.00022416666666666765,0.8,16.0,5,0.08180833333333333
2023-09-18,Healthcare,0.10468133333333333,0.10468133333333333,1.0,14.0,5,-0.00017933333333333413
2023-09-19,Healthcare,0.04774,0.04774,1.0,8.0,5,0.10468133333333333
2023-09-20,Healthcare,-0.11846999999999999,-0.11846999999999999,1.0,14.0,5,0.04774
2023-09-21,Healthcare,0.1323266666666667,0.1323266666666667,1.0,10.0,5,-0.11846999999999999
2023-09-22,Healthcare,-0.0707025,-0.088378125,0.8,12.0,5,0.1323266666666667
2023-09-25,Healthcare,0.09228,0.11535000000000001,0.8,15.0,5,-0.0707025
2023-09-26,Healthcare,0.12989333333333333,0.16236666666666666,0.8,14.0,5,0.09228
2023-09-27,Healthcare,0.14411666666666667,0.24019444444444446,0.6,7.0,5,0.12989333333333333
2023-09-28,Healthcare,0.1254,0.1254,1.0,11.0,5,0.14411666666666667
2023-09-29,Healthcare,0.12640500000000002,0.12640500000000002,1.0,16.0,5,0.1254
2023-10-02,Healthcare,0.08284333333333335,0.08284333333333335,1.0,28.0,5,0.12640500000000002
2023-10-03,Healthcare,0.19297,0.2412125,0.8,7.0,5,0.08284333333333335
2023-10-04,Healthcare,0.12247999999999999,0.15309999999999999,0.8,9.0,5,0.19297
2023-10-05,Healthcare,-0.02732,-0.02732,1.0,8.0,5,0.12247999999999999
2023-10-06,Healthcare,0.13041066666666665,0.16301333333333332,0.8,12.0,5,-0.02732
2023-10-09,Healthcare,0.37349,0.37349,1.0,13.0,5,0.13041066666666665
2023-10-10,Healthcare,0.016020000000000003,0.016020000000000003,1.0,15.0,5,0.37349
2023-10-11,Healthcare,0.03917785714285714,0.03917785714285714,1.0,19.0,5,0.016020000000000003
2023-10-12,Healthcare,0.07899142857142857,0.09873928571428572,0.8,13.0,5,0.03917785714285714
2023-10-13,Healthcare,0.06301000000000001,0.07876250000000001,0.8,14.0,5,0.07899142857142857
2023-10-16,Healthcare,0.12241200000000003,0.12241200000000003,1.0,16.0,5,0.06301000000000001
2023-10-17,Healthcare,0.138425,0.138425,1.0,19.0,5,0.12241200000000003
2023-10-18,Healthcare,0.10376227272727272,0.10376227272727272,1.0,33.0,5,0.138425
2023-10-19,Healthcare,0.22950571428571429,0.22950571428571429,1.0,25.0,5,0.10376227272727272
2023-10-20,Healthcare,0.12506214285714284,0.12506214285714284,1.0,18.0,5,0.22950571428571429
2023-10-23,Healthcare,0.111115,0.111115,1.0,24.0,5,0.12506214285714284
2023-10-24,Healthcare,0.12221800000000001,0.12221800000000001,1.0,17.0,5,0.111115
2023-10-25,Healthcare,0.08864333333333334,0.08864333333333334,1.0,22.0,5,0.12221800000000001
2023-10-26,Healthcare,0.21386266666666667,0.21386266666666667,1.0,25.0,5,0.08864333333333334
2023-10-27,Healthcare,0.18427027272727273,0.18427027272727273,1.0,23.0,5,0.21386266666666667
2023-10-30,Healthcare,0.05084533333333333,0.05084533333333333,1.0,21.0,5,0.18427027272727273
2023-10-31,Healthcare,0.12615463157894738,0.12615463157894738,1.0,38.0,5,0.05084533333333333
2023-11-01,Healthcare,0.04090866666666667,0.06818111111111112,0.6,10.0,5,0.12615463157894738
2023-11-02,Healthcare,0.16057871794871797,0.20072339743589745,0.8,25.0,5,0.04090866666666667
2023-11-03,Healthcare,0.08212857142857143,0.13688095238095238,0.6,10.0,5,0.16057871794871797
2023-11-06,Healthcare,0.13129233333333332,0.13129233333333332,1.0,21.0,5,0.08212857142857143
2023-11-07,Healthcare,0.09682500000000001,0.09682500000000001,1.0,20.0,5,0.13129233333333332
2023-11-08,Healthcare,0.0616055,0.0616055,1.0,17.0,5,0.09682500000000001
2023-11-09,Healthcare,0.16401539393939393,0.16401539393939393,1.0,23.0,5,0.0616055
2023-11-10,Healthcare,0.057433666666666675,0.07179208333333334,0.8,13.0,5,0.16401539393939393
2023-11-13,Healthcare,0.12200555555555556,0.12200555555555556,1.0,19.0,5,0.057433666666666675
2023-11-14,Healthcare,0.080059,0.10007375,0.8,15.0,5,0.12200555555555556
2023-11-15,Healthcare,0.14184,0.14184,1.0,10.0,5,0.080059
2023-11-16,Healthcare,0.02616,0.02616,1.0,9.0,5,0.14184
2023-11-17,Healthcare,0.06626333333333334,0.08282916666666668,0.8,13.0,5,0.02616
2023-11-20,Healthcare,0.171025,0.171025,1.0,13.0,5,0.06626333333333334
2023-11-21,Healthcare,0.07788600000000001,0.09735750000000001,0.8,12.0,5,0.171025
2023-11-22,Healthcare,0.12618000000000001,0.12618000000000001,1.0,8.0,5,0.07788600000000001
2023-11-24,Healthcare,0.038858,0.038858,1.0,13.0,5,0.12618000000000001
2023-11-27,Healthcare,0.2111333333333333,0.2111333333333333,1.0,11.0,5,0.038858
2023-11-28,Healthcare,0.08916666666666666,0.11145833333333333,0.8,9.0,5,0.2111333333333333
2023-11-29,Healthcare,0.09941833333333334,0.09941833333333334,1.0,15.0,5,0.08916666666666666
2023-11-30,Healthcare,0.08356166666666667,0.08356166666666667,1.0,22.0,5,0.09941833333333334
2023-12-01,Healthcare,0.0,0.0,1.0,8.0,5,0.08356166666666667
2023-12-04,Healthcare,0.063808,0.063808,1.0,15.0,5,0.0
2023-12-05,Healthcare,0.1391,0.23183333333333334,0.6,7.0,5,0.063808
2023-12-06,Healthcare,0.18019249999999998,0.22524062499999997,0.8,15.0,5,0.1391
2023-12-07,Healthcare,0.1509229090909091,0.18865363636363638,0.8,27.0,5,0.18019249999999998
2023-12-08,Healthcare,0.04376733333333333,0.04376733333333333,1.0,16.0,5,0.1509229090909091
2023-12-11,Healthcare,0.17471797979797982,0.17471797979797982,1.0,35.0,5,0.04376733333333333
2023-12-12,Healthcare,0.062725,0.062725,1.0,22.0,5,0.17471797979797982
2023-12-13,Healthcare,0.03340166666666668,0.03340166666666668,1.0,17.0,5,0.062725
2023-12-14,Healthcare,0.09551,0.15918333333333332,0.6,4.0,5,0.03340166666666668
2023-12-15,Healthcare,0.0,0.0,0.2,1.0,5,0.09551
2023-12-18,Healthcare,0.16035694871794873,0.16035694871794873,1.0,34.0,5,0.0
2023-12-19,Healthcare,0.0,,0.0,0.0,5,0.16035694871794873
2023-12-20,Healthcare,0.0,,0.0,0.0,5,0.0
2023-12-21,Healthcare,0.0,,0.0,0.0,5,0.0
2023-12-22,Healthcare,0.0,,0.0,0.0,5,0.0
2023-12-26,Healthcare,0.0,,0.0,0.0,5,0.0
2023-12-27,Healthcare,0.0,,0.0,0.0,5,0.0
2023-12-28,Healthcare,0.0,,0.0,0.0,5,0.0
2023-12-29,Healthcare,0.0,,0.0,0.0,5,0.0
2020-01-02,Industrials,0.08408,0.08408,1.0,13.0,5,
2020-01-03,Industrials,-0.12488000000000002,-0.15610000000000002,0.8,7.0,5,0.08408
2020-01-06,Industrials,0.04411722222222222,0.0735287037037037,0.6,14.0,5,-0.12488000000000002
2020-01-07,Industrials,0.024045714285714285,0.030057142857142855,0.8,13.0,5,0.04411722222222222
2020-01-08,Industrials,0.009388571428571427,0.015647619047619046,0.6,12.0,5,0.024045714285714285
2020-01-09,Industrials,0.033716666666666666,0.033716666666666666,1.0,9.0,5,0.009388571428571427
2020-01-10,Industrials,0.05552999999999999,0.09254999999999998,0.6,8.0,5,0.033716666666666666
2020-01-13,Industrials,0.059236666666666674,0.07404583333333334,0.8,10.0,5,0.05552999999999999
2020-01-14,Industrials,0.08966299999999999,0.1494383333333333,0.6,10.0,5,0.059236666666666674
2020-01-15,Industrials,-0.07338499999999998,-0.09173124999999997,0.8,10.0,5,0.08966299999999999
2020-01-16,Industrials,0.11426666666666667,0.2856666666666667,0.4,4.0,5,-0.07338499999999998
2020-01-17,Industrials,0.21417333333333338,0.2677166666666667,0.8,12.0,5,0.11426666666666667
2020-01-21,Industrials,0.11995828571428571,0.11995828571428571,1.0,16.0,5,0.21417333333333338
2020-01-22,Industrials,-0.01411142857142857,-0.023519047619047617,0.6,12.0,5,0.11995828571428571
2020-01-23,Industrials,0.029595238095238098,0.03699404761904762,0.8,14.0,5,-0.01411142857142857
2020-01-24,Industrials,0.04934533333333334,0.08224222222222223,0.6,11.0,5,0.029595238095238098
2020-01-27,Industrials,0.06335666666666666,0.06335666666666666,1.0,18.0,5,0.04934533333333334
2020-01-28,Industrials,-0.004355833333333331,-0.005444791666666664,0.8,34.0,5,0.06335666666666666
2020-01-29,Industrials,0.0033873333333333333,0.0042341666666666665,0.8,28.0,5,-0.004355833333333331
2020-01-30,Industrials,0.10813333333333333,0.13516666666666666,0.8,13.0,5,0.0033873333333333333
2020-01-31,Industrials,0.08127900000000002,0.08127900000000002,1.0,26.0,5,0.10813333333333333
2020-02-03,Industrials,0.10466866666666666,0.10466866666666666,1.0,14.0,5,0.08127900000000002
2020-02-04,Industrials,0.15771833333333335,0.19714791666666667,0.8,11.0,5,0.10466866666666666
2020-02-05,Industrials,0.06691866666666665,0.08364833333333332,0.8,12.0,5,0.15771833333333335
2020-02-06,Industrials,0.00834,0.02085,0.4,6.0,5,0.06691866666666665
2020-02-07,Industrials,-0.0008999999999999986,-0.0022499999999999964,0.4,6.0,5,0.00834
2020-02-10,Industrials,0.09647583333333333,0.12059479166666666,0.8,19.0,5,-0.0008999999999999986
2020-02-11,Industrials,-0.007123333333333326,-0.008904166666666657,0.8,7.0,5,0.09647583333333333
2020-02-12,Industrials,0.07436000000000001,0.07436000000000001,1.0,7.0,5,-0.007123333333333326
2020-02-13,Industrials,0.051644999999999996,0.051644999999999996,1.0,14.0,5,0.07436000000000001
2020-02-14,Industrials,0.19194499999999998,0.19194499999999998,1.0,13.0,5,0.051644999999999996
2020-02-18,Industrials,0.0038199999999999996,0.006366666666666666,0.6,5.0,5,0.19194499999999998
2020-02-19,Industrials,0.17815333333333333,0.22269166666666668,0.8,6.0,5,0.0038199999999999996
2020-02-20,Industrials,0.06901666666666666,0.08627083333333332,0.8,10.0,5,0.17815333333333333
2020-02-21,Industrials,0.11362999999999998,0.11362999999999998,1.0,7.0,5,0.06901666666666666
2020-02-24,Industrials,0.07081833333333334,0.07081833333333334,1.0,21.0,5,0.11362999999999998
2020-02-25,Industrials,-0.000880000000000003,-0.0011000000000000038,0.8,9.0,5,0.07081833333333334
2020-02-26,Industrials,0.04466333333333335,0.0744388888888889,0.6,15.0,5,-0.000880000000000003
2020-02-27,Industrials,0.13577833333333333,0.16972291666666667,0.8,12.0,5,0.04466333333333335
2020-02-28,Industrials,0.09317249999999999,0.11646562499999999,0.8,16.0,5,0.13577833333333333
2020-03-02,Industrials,-0.00572,-0.00715,0.8,8.0,5,0.09317249999999999
2020-03-03,Industrials,0.072,0.18,0.4,5.0,5,-0.00572
2020-03-04,Industrials,0.14631361904761903,0.14631361904761903,1.0,20.0,5,0.072
2020-03-05,Industrials,0.12312066666666666,0.15390083333333332,0.8,12.0,5,0.14631361904761903
2020-03-06,Industrials,0.04652666666666666,0.058158333333333326,0.8,9.0,5,0.12312066666666666
2020-03-09,Industrials,-0.098977,-0.098977,1.0,13.0,5,0.04652666666666666
2020-03-10,Industrials,-0.061403333333333344,-0.061403333333333344,1.0,12.0,5,-0.098977
2020-03-11,Industrials,0.15478476190476192,0.19348095238095242,0.8,14.0,5,-0.061403333333333344
2020-03-12,Industrials,-0.17305,-0.17305,1.0,18.0,5,0.15478476190476192
2020-03-13,Industrials,0.08458,0.08458,1.0,9.0,5,-0.17305
2020-03-16,Industrials,0.06637071428571428,0.06637071428571428,1.0,23.0,5,0.08458
2020-03-17,Industrials,0.002528888888888886,0.0031611111111111076,0.8,14.0,5,0.06637071428571428
2020-03-18,Industrials,0.009807619047619042,0.009807619047619042,1.0,17.0,5,0.002528888888888886
2020-03-19,Industrials,0.012286666666666664,0.020477777777777775,0.6,16.0,5,0.009807619047619042
2020-03-20,Industrials,0.07986371428571429,0.13310619047619046,0.6,19.0,5,0.012286666666666664
2020-03-23,Industrials,0.012568333333333325,0.012568333333333325,1.0,23.0,5,0.07986371428571429
2020-03-24,Industrials,0.2409971111111111,0.2409971111111111,1.0,27.0,5,0.012568333333333325
2020-03-25,Industrials,0.06074500000000001,0.07593125,0.8,14.0,5,0.2409971111111111
2020-03-26,Industrials,0.12146000000000001,0.20243333333333335,0.6,19.0,5,0.06074500000000001
2020-03-27,Industrials,0.22001666666666667,0.22001666666666667,1.0,21.0,5,0.12146000000000001
2020-03-30,Industrials,0.003683619047619051,0.003683619047619051,1.0,22.0,5,0.22001666666666667
2020-03-31,Industrials,0.04034666666666666,0.04034666666666666,1.0,22.0,5,0.003683619047619051
2020-04-01,Industrials,0.07026000000000002,0.08782500000000001,0.8,15.0,5,0.04034666666666666
2020-04-02,Industrials,-0.01794466666666667,-0.029907777777777783,0.6,19.0,5,0.07026000000000002
2020-04-03,Industrials,-0.2036946825396825,-0.2036946825396825,1.0,44.0,5,-0.01794466666666667
2020-04-06,Industrials,0.10733600000000001,0.10733600000000001,1.0,46.0,5,-0.2036946825396825
2020-04-07,Industrials,0.305732,0.305732,1.0,34.0,5,0.10733600000000001
2020-04-08,Industrials,0.15024619047619048,0.15024619047619048,1.0,39.0,5,0.305732
2020-04-09,Industrials,0.032870952380952376,0.032870952380952376,1.0,28.0,5,0.15024619047619048
2020-04-13,Industrials,-0.015395252525252529,-0.015395252525252529,1.0,36.0,5,0.032870952380952376
2020-04-14,Industrials,0.22061038888888893,0.22061038888888893,1.0,31.0,5,-0.015395252525252529
2020-04-15,Industrials,0.00011000000000000454,0.00011000000000000454,1.0,18.0,5,0.22061038888888893
2020-04-16,Industrials,0.17523448484848486,0.17523448484848486,1.0,23.0,5,0.00011000000000000454
2020-04-17,Industrials,0.03730151515151514,0.0621691919191919,0.6,31.0,5,0.17523448484848486
2020-04-20,Industrials,0.04901333333333334,0.06126666666666667,0.8,27.0,5,0.03730151515151514
2020-04-21,Industrials,-0.00887699999999999,-0.00887699999999999,1.0,20.0,5,0.04901333333333334
2020-04-22,Industrials,0.07662666666666668,0.09578333333333335,0.8,15.0,5,-0.00887699999999999
2020-04-23,Industrials,0.283292,0.283292,1.0,12.0,5,0.07662666666666668
2020-04-24,Industrials,0.04632352941176471,0.057904411764705885,0.8,22.0,5,0.283292
2020-04-27,Industrials,0.11695567676767678,0.11695567676767678,1.0,75.0,5,0.04632352941176471
2020-04-28,Industrials,0.08784780701754386,0.08784780701754386,1.0,74.0,5,0.11695567676767678
2020-04-29,Industrials,0.06353733333333333,0.06353733333333333,1.0,68.0,5,0.08784780701754386
2020-04-30,Industrials,-0.04491717948717948,-0.04491717948717948,1.0,21.0,5,0.06353733333333333
2020-05-01,Industrials,-0.07810254761904761,-0.07810254761904761,1.0,45.0,5,-0.04491717948717948
2020-05-04,Industrials,0.07113238095238095,0.07113238095238095,1.0,35.0,5,-0.07810254761904761
2020-05-05,Industrials,0.3004733333333333,0.3004733333333333,1.0,31.0,5,0.07113238095238095
2020-05-06,Industrials,0.06049199999999999,0.07561499999999999,0.8,12.0,5,0.3004733333333333
2020-05-07,Industrials,0.017405000000000004,0.02900833333333334,0.6,14.0,5,0.06049199999999999
2020-05-08,Industrials,0.0052975000000000105,0.006621875000000013,0.8,12.0,5,0.017405000000000004
2020-05-11,Industrials,0.2866916666666667,0.2866916666666667,1.0,19.0,5,0.0052975000000000105
2020-05-12,Industrials,0.02477818181818182,0.030972727272727277,0.8,14.0,5,0.2866916666666667
2020-05-13,Industrials,-0.014755555555555555,-0.014755555555555555,1.0,19.0,5,0.02477818181818182
2020-05-14,Industrials,0.05210166666666667,0.06512708333333334,0.8,27.0,5,-0.014755555555555555
2020-05-15,Industrials,-0.03289466666666667,-0.03289466666666667,1.0,19.0,5,0.05210166666666667
2020-05-18,Industrials,0.3855335454545455,0.3855335454545455,1.0,26.0,5,-0.03289466666666667
2020-05-19,Industrials,-0.10176999999999999,-0.12721249999999998,0.8,12.0,5,0.3855335454545455
2020-05-20,Industrials,0.11932666666666665,0.1491583333333333,0.8,8.0,5,-0.10176999999999999
2020-05-21,Industrials,0.006016666666666667,0.007520833333333333,0.8,9.0,5,0.11932666666666665
2020-05-22,Industrials,0.06799,0.11331666666666666,0.6,4.0,5,0.006016666666666667
2020-05-26,Industrials,0.3014,0.3014,1.0,16.0,5,0.06799
2020-05-27,Industrials,0.34155714285714284,0.34155714285714284,1.0,27.0,5,0.3014
2020-05-28,Industrials,0.14187847619047622,0.14187847619047622,1.0,45.0,5,0.34155714285714284
2020-05-29,Industrials,0.15063333333333334,0.18829166666666666,0.8,13.0,5,0.14187847619047622
2020-06-01,Industrials,0.11371499999999998,0.11371499999999998,1.0,19.0,5,0.15063333333333334
2020-06-02,Industrials,0.3820266666666667,0.3820266666666667,1.0,14.0,5,0.11371499999999998
2020-06-03,Industrials,0.3385318840579711,0.3385318840579711,1.0,37.0,5,0.3820266666666667
2020-06-04,Industrials,0.08098619047619046,0.10123273809523808,0.8,20.0,5,0.3385318840579711
2020-06-05,Industrials,0.3555471428571429,0.3555471428571429,1.0,25.0,5,0.08098619047619046
2020-06-08,Industrials,0.08524823529411762,0.08524823529411762,1.0,25.0,5,0.3555471428571429
2020-06-09,Industrials,0.10316300000000003,0.12895375000000003,0.8,24.0,5,0.08524823529411762
2020-06-10,Industrials,0.017309333333333336,0.04327333333333334,0.4,16.0,5,0.10316300000000003
2020-06-11,Industrials,0.09530238095238094,0.09530238095238094,1.0,25.0,5,0.017309333333333336
2020-06-12,Industrials,-0.05686199999999999,-0.07107749999999999,0.8,15.0,5,0.09530238095238094
2020-06-15,Industrials,0.051806571428571424,0.06475821428571428,0.8,22.0,5,-0.05686199999999999
2020-06-16,Industrials,0.13472466666666666,0.16840583333333334,0.8,24.0,5,0.051806571428571424
2020-06-17,Industrials,0.0,0.0,0.6,6.0,5,0.13472466666666666
2020-06-18,Industrials,-0.037181,-0.06196833333333333,0.6,10.0,5,0.0
2020-06-19,Industrials,0.08808,0.1101,0.8,5.0,5,-0.037181
2020-06-22,Industrials,0.07751333333333332,0.12918888888888888,0.6,6.0,5,0.08808
2020-06-23,Industrials,0.19092199999999998,0.19092199999999998,1.0,15.0,5,0.07751333333333332
2020-06-24,Industrials,-0.034453333333333336,-0.034453333333333336,1.0,13.0,5,0.19092199999999998
2020-06-25,Industrials,-0.059824705882352947,-0.07478088235294118,0.8,20.0,5,-0.034453333333333336
2020-06-26,Industrials,0.01019888888888889,0.016998148148148148,0.6,12.0,5,-0.059824705882352947
2020-06-29,Industrials,0.09094642857142857,0.22736607142857143,0.4,30.0,5,0.01019888888888889
2020-06-30,Industrials,0.07630400000000001,0.09538,0.8,20.0,5,0.09094642857142857
2020-07-01,Industrials,0.15603666666666666,0.26006111111111113,0.6,12.0,5,0.07630400000000001
2020-07-02,Industrials,0.026149999999999996,0.032687499999999994,0.8,15.0,5,0.15603666666666666
2020-07-06,Industrials,0.0011190909090909086,0.0011190909090909086,1.0,16.0,5,0.026149999999999996
2020-07-07,Industrials,-0.013965714285714286,-0.03491428571428572,0.4,8.0,5,0.0011190909090909086
2020-07-08,Industrials,0.134395,0.134395,1.0,10.0,5,-0.013965714285714286
2020-07-09,Industrials,0.017773333333333353,0.029622222222222255,0.6,5.0,5,0.134395
2020-07-10,Industrials,-0.06171714285714286,-0.10286190476190477,0.6,9.0,5,0.017773333333333353
2020-07-13,Industrials,0.13714666666666667,0.17143333333333333,0.8,7.0,5,-0.06171714285714286
2020-07-14,Industrials,0.09359300000000001,0.09359300000000001,1.0,17.0,5,0.13714666666666667
2020-07-15,Industrials,0.20644,0.20644,1.0,8.0,5,0.09359300000000001
2020-07-16,Industrials,0.0029400000000000003,0.0036750000000000003,0.8,9.0,5,0.20644
2020-07-17,Industrials,0.044985000000000004,0.1124625,0.4,5.0,5,0.0029400000000000003
2020-07-20,Industrials,0.1619727272727273,0.2699545454545455,0.6,14.0,5,0.044985000000000004
2020-07-21,Industrials,0.05318285714285714,0.13295714285714286,0.4,9.0,5,0.1619727272727273
2020-07-22,Industrials,-0.016249999999999994,-0.02708333333333332,0.6,14.0,5,0.05318285714285714
2020-07-23,Industrials,0.2657075,0.2657075,1.0,12.0,5,-0.016249999999999994
2020-07-24,Industrials,0.1880325,0.235040625,0.8,14.0,5,0.2657075
2020-07-27,Industrials,0.14072333333333334,0.17590416666666667,0.8,13.0,5,0.1880325
2020-07-28,Industrials,0.100711,0.12588875,0.8,29.0,5,0.14072333333333334
2020-07-29,Industrials,0.046449551282051284,0.0580619391025641,0.8,40.0,5,0.100711
2020-07-30,Industrials,0.07517174603174603,0.07517174603174603,1.0,46.0,5,0.046449551282051284
2020-07-31,Industrials,-0.009161333333333332,-0.009161333333333332,1.0,24.0,5,0.07517174603174603
2020-08-03,Industrials,-0.10117218181818181,-0.10117218181818181,1.0,27.0,5,-0.009161333333333332
2020-08-04,Industrials,0.04309999999999999,0.07183333333333332,0.6,16.0,5,-0.10117218181818181
2020-08-05,Industrials,0.12022249999999998,0.12022249999999998,1.0,12.0,5,0.04309999999999999
2020-08-06,Industrials,0.18304,0.30506666666666665,0.6,5.0,5,0.12022249999999998
2020-08-07,Industrials,0.017143333333333323,0.021429166666666652,0.8,8.0,5,0.18304
2020-08-10,Industrials,0.09539,0.15898333333333334,0.6,10.0,5,0.017143333333333323
2020-08-11,Industrials,0.029463333333333334,0.04910555555555556,0.6,12.0,5,0.09539
2020-08-12,Industrials,0.022134999999999995,0.027668749999999995,0.8,11.0,5,0.029463333333333334
2020-08-13,Industrials,-0.07034,-0.11723333333333334,0.6,8.0,5,0.022134999999999995
2020-08-14,Industrials,0.008364999999999989,0.008364999999999989,1.0,12.0,5,-0.07034
2020-08-17,Industrials,0.09219999999999999,0.15366666666666665,0.6,11.0,5,0.008364999999999989
2020-08-18,Industrials,0.15602,0.39005,0.4,8.0,5,0.09219999999999999
2020-08-19,Industrials,0.12709600000000001,0.15887,0.8,12.0,5,0.15602
2020-08-20,Industrials,0.11929999999999999,0.14912499999999998,0.8,14.0,5,0.12709600000000001
2020-08-21,Industrials,-0.03522,-0.03522,1.0,14.0,5,0.11929999999999999
2020-08-24,Industrials,0.256665,0.32083124999999996,0.8,16.0,5,-0.03522
2020-08-25,Industrials,0.1547,0.1547,1.0,8.0,5,0.256665
2020-08-26,Industrials,-0.06557500000000001,-0.08196875,0.8,8.0,5,0.1547
2020-08-27,Industrials,0.07575333333333333,0.07575333333333333,1.0,20.0,5,-0.06557500000000001
2020-08-28,Industrials,0.03558,0.0593,0.6,8.0,5,0.07575333333333333
2020-08-31,Industrials,0.319384,0.319384,1.0,16.0,5,0.03558
2020-09-01,Industrials,0.04726,0.07876666666666667,0.6,4.0,5,0.319384
2020-09-02,Industrials,0.14087333333333335,0.2347888888888889,0.6,8.0,5,0.04726
2020-09-03,Industrials,0.08002333333333334,0.10002916666666667,0.8,10.0,5,0.14087333333333335
2020-09-04,Industrials,0.0,0.0,0.6,5.0,5,0.08002333333333334
2020-09-08,Industrials,-0.039342,-0.039342,1.0,16.0,5,0.0
2020-09-09,Industrials,0.11225333333333332,0.18708888888888886,0.6,10.0,5,-0.039342
2020-09-10,Industrials,0.010680000000000005,0.026700000000000012,0.4,8.0,5,0.11225333333333332
2020-09-11,Industrials,0.022432,0.03738666666666667,0.6,8.0,5,0.010680000000000005
2020-09-14,Industrials,0.03974,0.06623333333333332,0.6,10.0,5,0.022432
2020-09-15,Industrials,0.14148,0.14148,1.0,12.0,5,0.03974
2020-09-16,Industrials,0.24734666666666666,0.3091833333333333,0.8,24.0,5,0.14148
2020-09-17,Industrials,0.15977113636363635,0.15977113636363635,1.0,27.0,5,0.24734666666666666
2020-09-18,Industrials,0.20768666666666666,0.25960833333333333,0.8,6.0,5,0.15977113636363635
2020-09-21,Industrials,0.018131333333333333,0.022664166666666666,0.8,16.0,5,0.20768666666666666
2020-09-22,Industrials,0.11485000000000001,0.11485000000000001,1.0,12.0,5,0.018131333333333333
2020-09-23,Industrials,0.16385999999999998,0.27309999999999995,0.6,8.0,5,0.11485000000000001
2020-09-24,Industrials,0.04422333333333332,0.07370555555555554,0.6,11.0,5,0.16385999999999998
2020-09-25,Industrials,0.16291444444444445,0.20364305555555556,0.8,22.0,5,0.04422333333333332
2020-09-28,Industrials,0.10744568627450982,0.13430710784313726,0.8,28.0,5,0.16291444444444445
2020-09-29,Industrials,0.11299999999999999,0.11299999999999999,1.0,8.0,5,0.10744568627450982
2020-09-30,Industrials,0.20257966666666669,0.20257966666666669,1.0,19.0,5,0.11299999999999999
2020-10-01,Industrials,0.29468875,0.3683609375,0.8,21.0,5,0.20257966666666669
2020-10-02,Industrials,0.02313,0.057825,0.4,3.0,5,0.29468875
2020-10-05,Industrials,0.12306495238095239,0.15383119047619048,0.8,17.0,5,0.02313
2020-10-06,Industrials,-0.006219999999999998,-0.010366666666666663,0.6,19.0,5,0.12306495238095239
2020-10-07,Industrials,0.016075555555555555,0.040188888888888885,0.4,12.0,5,-0.006219999999999998
2020-10-08,Industrials,0.10055999999999998,0.16759999999999997,0.6,9.0,5,0.016075555555555555
2020-10-09,Industrials,0.147898,0.24649666666666667,0.6,12.0,5,0.10055999999999998
2020-10-12,Industrials,0.15910619047619048,0.15910619047619048,1.0,17.0,5,0.147898
2020-10-13,Industrials,0.226572,0.283215,0.8,16.0,5,0.15910619047619048
2020-10-14,Industrials,0.14747,0.1843375,0.8,8.0,5,0.226572
2020-10-15,Industrials,0.14697333333333334,0.14697333333333334,1.0,11.0,5,0.14747
2020-10-16,Industrials,0.1071502564102564,0.17858376068376067,0.6,20.0,5,0.14697333333333334
2020-10-19,Industrials,0.214345,0.26793125,0.8,19.0,5,0.1071502564102564
2020-10-20,Industrials,0.062329999999999997,0.10388333333333333,0.6,6.0,5,0.214345
2020-10-21,Industrials,0.10532,0.13165,0.8,6.0,5,0.062329999999999997
2020-10-22,Industrials,-0.041991428571428575,-0.06998571428571429,0.6,10.0,5,0.10532
2020-10-23,Industrials,0.32852,0.41064999999999996,0.8,7.0,5,-0.041991428571428575
2020-10-26,Industrials,0.2259655555555556,0.2259655555555556,1.0,21.0,5,0.32852
2020-10-27,Industrials,0.012742051282051279,0.012742051282051279,1.0,42.0,5,0.2259655555555556
2020-10-28,Industrials,0.1792957272727273,0.1792957272727273,1.0,43.0,5,0.012742051282051279
2020-10-29,Industrials,-0.06347699999999999,-0.06347699999999999,1.0,14.0,5,0.1792957272727273
2020-10-30,Industrials,0.06600685714285714,0.08250857142857143,0.8,20.0,5,-0.06347699999999999
2020-11-02,Industrials,0.12131750000000001,0.15164687500000001,0.8,19.0,5,0.06600685714285714
2020-11-03,Industrials,0.16295866666666664,0.20369833333333331,0.8,16.0,5,0.12131750000000001
2020-11-04,Industrials,0.20178166666666666,0.2522270833333333,0.8,10.0,5,0.16295866666666664
2020-11-05,Industrials,0.09215666666666666,0.09215666666666666,1.0,12.0,5,0.20178166666666666
2020-11-06,Industrials,-0.009405714285714285,-0.015676190476190472,0.6,11.0,5,0.09215666666666666
2020-11-09,Industrials,0.2215456666666667,0.2215456666666667,1.0,31.0,5,-0.009405714285714285
2020-11-10,Industrials,0.11978233333333332,0.14972791666666665,0.8,29.0,5,0.2215456666666667
2020-11-11,Industrials,0.039290000000000005,0.039290000000000005,1.0,11.0,5,0.11978233333333332
2020-11-12,Industrials,0.048343333333333335,0.048343333333333335,1.0,14.0,5,0.039290000000000005
2020-11-13,Industrials,0.09176,0.09176,1.0,11.0,5,0.048343333333333335
2020-11-16,Industrials,0.11440857142857142,0.14301071428571427,0.8,25.0,5,0.09176
2020-11-17,Industrials,0.11739000000000002,0.14673750000000002,0.8,9.0,5,0.11440857142857142
2020-11-18,Industrials,-0.02584111111111111,-0.02584111111111111,1.0,26.0,5,0.11739000000000002
2020-11-19,Industrials,0.022877142857142856,0.03812857142857143,0.6,10.0,5,-0.02584111111111111
2020-11-20,Industrials,0.059929333333333334,0.09988222222222222,0.6,9.0,5,0.022877142857142856
2020-11-23,Industrials,0.12892571428571428,0.12892571428571428,1.0,22.0,5,0.059929333333333334
2020-11-24,Industrials,0.06064738095238096,0.06064738095238096,1.0,28.0,5,0.12892571428571428
2020-11-25,Industrials,0.22318666666666664,0.22318666666666664,1.0,12.0,5,0.06064738095238096
2020-11-27,Industrials,0.10518571428571429,0.1753095238095238,0.6,9.0,5,0.22318666666666664
2020-11-30,Industrials,0.09554457142857144,0.09554457142857144,1.0,16.0,5,0.10518571428571429
2020-12-01,Industrials,0.07239,0.0904875,0.8,10.0,5,0.09554457142857144
2020-12-02,Industrials,0.026251666666666663,0.04375277777777777,0.6,11.0,5,0.07239
2020-12-03,Industrials,0.12377310924369747,0.12377310924369747,1.0,30.0,5,0.026251666666666663
2020-12-04,Industrials,0.09502000000000001,0.09502000000000001,1.0,14.0,5,0.12377310924369747
2020-12-07,Industrials,0.07442166666666666,0.09302708333333333,0.8,20.0,5,0.09502000000000001
2020-12-08,Industrials,0.002857777777777776,0.0035722222222222197,0.8,19.0,5,0.07442166666666666
2020-12-09,Industrials,-0.027207777777777782,-0.027207777777777782,1.0,23.0,5,0.002857777777777776
2020-12-10,Industrials,0.0001906666666666765,0.0001906666666666765,1.0,13.0,5,-0.027207777777777782
2020-12-11,Industrials,-0.07586066666666667,-0.07586066666666667,1.0,18.0,5,0.0001906666666666765
2020-12-14,Industrials,0.09333297619047619,0.11666622023809524,0.8,24.0,5,-0.07586066666666667
2020-12-15,Industrials,0.19887,0.2485875,0.8,7.0,5,0.09333297619047619
2020-12-16,Industrials,0.12286,0.153575,0.8,14.0,5,0.19887
2020-12-17,Industrials,0.1513225,0.2522041666666667,0.6,14.0,5,0.12286
2020-12-18,Industrials,0.0429085,0.053635625000000006,0.8,18.0,5,0.1513225
2020-12-21,Industrials,0.22704149999999998,0.22704149999999998,1.0,38.0,5,0.0429085
2020-12-22,Industrials,0.14931333333333335,0.18664166666666668,0.8,11.0,5,0.22704149999999998
2020-12-23,Industrials,0.2863866666666667,0.3579833333333333,0.8,10.0,5,0.14931333333333335
2020-12-24,Industrials,0.12240999999999999,0.306025,0.4,4.0,5,0.2863866666666667
2020-12-28,Industrials,0.19594857142857144,0.2449357142857143,0.8,12.0,5,0.12240999999999999
2020-12-29,Industrials,0.21243249999999997,0.21243249999999997,1.0,20.0,5,0.19594857142857144
2020-12-30,Industrials,0.07231399999999999,0.07231399999999999,1.0,11.0,5,0.21243249999999997
2020-12-31,Industrials,0.10445866666666666,0.13057333333333332,0.8,10.0,5,0.07231399999999999
2021-01-04,Industrials,0.06532166666666668,0.1633041666666667,0.4,13.0,5,0.10445866666666666
2021-01-05,Industrials,0.08024666666666666,0.13374444444444444,0.6,14.0,5,0.06532166666666668
2021-01-06,Industrials,0.17658133333333334,0.17658133333333334,1.0,20.0,5,0.08024666666666666
2021-01-07,Industrials,-0.07347333333333332,-0.07347333333333332,1.0,14.0,5,0.17658133333333334
2021-01-08,Industrials,0.00576666666666667,0.00576666666666667,1.0,15.0,5,-0.07347333333333332
2021-01-11,Industrials,0.1561525,0.195190625,0.8,20.0,5,0.00576666666666667
2021-01-12,Industrials,0.08151555555555556,0.10189444444444445,0.8,15.0,5,0.1561525
2021-01-13,Industrials,0.23322363636363636,0.29152954545454546,0.8,15.0,5,0.08151555555555556
2021-01-14,Industrials,0.16112666666666667,0.2685444444444444,0.6,8.0,5,0.23322363636363636
2021-01-15,Industrials,0.08051,0.08051,1.0,11.0,5,0.16112666666666667
2021-01-19,Industrials,0.029585882352941174,0.029585882352941174,1.0,25.0,5,0.08051
2021-01-20,Industrials,0.10479400000000001,0.10479400000000001,1.0,12.0,5,0.029585882352941174
2021-01-21,Industrials,0.008169999999999993,0.020424999999999985,0.4,4.0,5,0.10479400000000001
2021-01-22,Industrials,0.06634999999999999,0.165875,0.4,3.0,5,0.008169999999999993
2021-01-25,Industrials,0.23630000000000004,0.23630000000000004,1.0,26.0,5,0.06634999999999999
2021-01-26,Industrials,0.1196810936431989,0.14960136705399862,0.8,38.0,5,0.23630000000000004
2021-01-27,Industrials,0.0695813043478261,0.08697663043478263,0.8,32.0,5,0.1196810936431989
2021-01-28,Industrials,0.1215735,0.1215735,1.0,20.0,5,0.0695813043478261
2021-01-29,Industrials,0.12246833333333333,0.15308541666666667,0.8,19.0,5,0.1215735
2021-02-01,Industrials,-0.036869142857142864,-0.036869142857142864,1.0,19.0,5,0.12246833333333333
2021-02-02,Industrials,0.038681153846153844,0.048351442307692304,0.8,20.0,5,-0.036869142857142864
2021-02-03,Industrials,0.03704999999999999,0.04631249999999999,0.8,9.0,5,0.038681153846153844
2021-02-04,Industrials,0.05927,0.09878333333333333,0.6,5.0,5,0.03704999999999999
2021-02-05,Industrials,-0.015460000000000002,-0.019325000000000002,0.8,5.0,5,0.05927
2021-02-08,Industrials,0.17795904761904763,0.22244880952380952,0.8,19.0,5,-0.015460000000000002
2021-02-09,Industrials,0.05908666666666666,0.07385833333333333,0.8,12.0,5,0.17795904761904763
2021-02-10,Industrials,0.09015142857142858,0.11268928571428571,0.8,15.0,5,0.05908666666666666
2021-02-11,Industrials,-0.052669999999999995,-0.0658375,0.8,9.0,5,0.09015142857142858
2021-02-12,Industrials,0.19964666666666667,0.24955833333333333,0.8,11.0,5,-0.052669999999999995
2021-02-16,Industrials,-0.18483285714285713,-0.23104107142857142,0.8,12.0,5,0.19964666666666667
2021-02-17,Industrials,0.02665714285714286,0.06664285714285714,0.4,9.0,5,-0.18483285714285713
2021-02-18,Industrials,0.08548428571428571,0.08548428571428571,1.0,14.0,5,0.02665714285714286
2021-02-19,Industrials,0.21553133333333335,0.2694141666666667,0.8,13.0,5,0.08548428571428571
2021-02-22,Industrials,0.10063333333333332,0.10063333333333332,1.0,22.0,5,0.21553133333333335
2021-02-23,Industrials,0.06541333333333334,0.10902222222222223,0.6,9.0,5,0.10063333333333332
2021-02-24,Industrials,-0.08522166666666668,-0.08522166666666668,1.0,21.0,5,0.06541333333333334
2021-02-25,Industrials,0.11347888888888888,0.1418486111111111,0.8,14.0,5,-0.08522166666666668
2021-02-26,Industrials,0.011261666666666675,0.01876944444444446,0.6,12.0,5,0.11347888888888888
2021-03-01,Industrials,-0.03741375,-0.03741375,1.0,25.0,5,0.011261666666666675
2021-03-02,Industrials,0.014700000000000001,0.024500000000000004,0.6,9.0,5,-0.03741375
2021-03-03,Industrials,0.03332714285714286,0.041658928571428576,0.8,16.0,5,0.014700000000000001
2021-03-04,Industrials,0.06155000000000001,0.0769375,0.8,9.0,5,0.03332714285714286
2021-03-05,Industrials,0.03994285714285715,0.04992857142857143,0.8,10.0,5,0.06155000000000001
2021-03-08,Industrials,0.12299833333333332,0.12299833333333332,1.0,23.0,5,0.03994285714285715
2021-03-09,Industrials,0.08130333333333332,0.13550555555555555,0.6,15.0,5,0.12299833333333332
2021-03-10,Industrials,0.06894615384615385,0.08618269230769232,0.8,27.0,5,0.08130333333333332
2021-03-11,Industrials,0.24921733333333332,0.24921733333333332,1.0,21.0,5,0.06894615384615385
2021-03-12,Industrials,0.14362333333333333,0.2393722222222222,0.6,11.0,5,0.24921733333333332
2021-03-15,Industrials,0.21511333333333335,0.2688916666666667,0.8,14.0,5,0.14362333333333333
2021-03-16,Industrials,-0.007659999999999995,-0.012766666666666657,0.6,8.0,5,0.21511333333333335
2021-03-17,Industrials,-0.012004999999999998,-0.015006249999999999,0.8,7.0,5,-0.007659999999999995
2021-03-18,Industrials,-0.09713000000000001,-0.09713000000000001,1.0,14.0,5,-0.012004999999999998
2021-03-19,Industrials,-0.060149999999999995,-0.15037499999999998,0.4,3.0,5,-0.09713000000000001
2021-03-22,Industrials,0.05023999999999999,0.0628,0.8,8.0,5,-0.060149999999999995
2021-03-23,Industrials,0.11825000000000001,0.1478125,0.8,6.0,5,0.05023999999999999
2021-03-24,Industrials,0.0949933333333333,0.11874166666666663,0.8,8.0,5,0.11825000000000001
2021-03-25,Industrials,-0.04392,-0.0732,0.6,5.0,5,0.0949933333333333
2021-03-26,Industrials,0.07932142857142857,0.1983035714285714,0.4,11.0,5,-0.04392
2021-03-29,Industrials,0.26240033333333335,0.26240033333333335,1.0,22.0,5,0.07932142857142857
2021-03-30,Industrials,0.16586666666666666,0.20733333333333331,0.8,10.0,5,0.26240033333333335
2021-03-31,Industrials,0.07741333333333333,0.12902222222222223,0.6,11.0,5,0.16586666666666666
2021-04-01,Industrials,0.14745333333333333,0.18431666666666666,0.8,8.0,5,0.07741333333333333
2021-04-05,Industrials,0.169832,0.21229,0.8,14.0,5,0.14745333333333333
2021-04-06,Industrials,0.028255000000000002,0.028255000000000002,1.0,13.0,5,0.169832
2021-04-07,Industrials,0.06357333333333333,0.07946666666666666,0.8,9.0,5,0.028255000000000002
2021-04-08,Industrials,0.06529333333333333,0.08161666666666666,0.8,6.0,5,0.06357333333333333
2021-04-09,Industrials,0.18125761904761906,0.18125761904761906,1.0,16.0,5,0.06529333333333333
2021-04-12,Industrials,0.13004,0.21673333333333333,0.6,6.0,5,0.18125761904761906
2021-04-13,Industrials,0.24263500000000002,0.4043916666666667,0.6,7.0,5,0.13004
2021-04-14,Industrials,0.08647166666666666,0.10808958333333332,0.8,13.0,5,0.24263500000000002
2021-04-15,Industrials,0.15460000000000002,0.2576666666666667,0.6,6.0,5,0.08647166666666666
2021-04-16,Industrials,0.006326666666666664,0.01054444444444444,0.6,8.0,5,0.15460000000000002
2021-04-19,Industrials,0.15152700000000002,0.18940875000000001,0.8,13.0,5,0.006326666666666664
2021-04-20,Industrials,-0.021778181818181818,-0.027222727272727273,0.8,16.0,5,0.15152700000000002
2021-04-21,Industrials,0.03623666666666666,0.03623666666666666,1.0,8.0,5,-0.021778181818181818
2021-04-22,Industrials,0.09017,0.09017,1.0,10.0,5,0.03623666666666666
2021-04-23,Industrials,0.061919999999999996,0.1032,0.6,10.0,5,0.09017
2021-04-26,Industrials,0.06953333333333332,0.11588888888888887,0.6,14.0,5,0.061919999999999996
2021-04-27,Industrials,0.1259423015873016,0.157427876984127,0.8,52.0,5,0.06953333333333332
2021-04-28,Industrials,-0.01317494736842105,-0.01317494736842105,1.0,31.0,5,0.1259423015873016
2021-04-29,Industrials,0.014930384615384613,0.014930384615384613,1.0,21.0,5,-0.01317494736842105
2021-04-30,Industrials,0.043036000000000005,0.053795,0.8,10.0,5,0.014930384615384613
2021-05-03,Industrials,0.029850476190476195,0.029850476190476195,1.0,15.0,5,0.043036000000000005
2021-05-04,Industrials,0.100888,0.12611,0.8,16.0,5,0.029850476190476195
2021-05-05,Industrials,0.21262699999999998,0.21262699999999998,1.0,25.0,5,0.100888
2021-05-06,Industrials,0.19809000000000002,0.2476125,0.8,8.0,5,0.21262699999999998
2021-05-07,Industrials,0.03176,0.05293333333333333,0.6,9.0,5,0.19809000000000002
2021-05-10,Industrials,0.19173,0.2396625,0.8,7.0,5,0.03176
2021-05-11,Industrials,0.04725750000000001,0.07876250000000001,0.6,13.0,5,0.19173
2021-05-12,Industrials,0.08220857142857144,0.08220857142857144,1.0,13.0,5,0.04725750000000001
2021-05-13,Industrials,0.07377,0.12295,0.6,13.0,5,0.08220857142857144
2021-05-14,Industrials,0.030299999999999994,0.07574999999999998,0.4,7.0,5,0.07377
2021-05-17,Industrials,0.15174142857142858,0.18967678571428573,0.8,11.0,5,0.030299999999999994
2021-05-18,Industrials,0.007116,0.007116,1.0,11.0,5,0.15174142857142858
2021-05-19,Industrials,0.029969999999999997,0.07492499999999999,0.4,6.0,5,0.007116
2021-05-20,Industrials,0.13894,0.23156666666666667,0.6,3.0,5,0.029969999999999997
2021-05-21,Industrials,0.16063,0.401575,0.4,4.0,5,0.13894
2021-05-24,Industrials,0.145455,0.242425,0.6,7.0,5,0.16063
2021-05-25,Industrials,0.0,0.0,0.4,2.0,5,0.145455
2021-05-26,Industrials,0.03629666666666666,0.060494444444444434,0.6,7.0,5,0.0
2021-05-27,Industrials,0.07439777777777777,0.09299722222222222,0.8,15.0,5,0.03629666666666666
2021-05-28,Industrials,0.07224,0.0903,0.8,4.0,5,0.07439777777777777
2021-06-01,Industrials,0.14226,0.177825,0.8,9.0,5,0.07224
2021-06-02,Industrials,0.04078,0.10194999999999999,0.4,2.0,5,0.14226
2021-06-03,Industrials,0.19070333333333334,0.23837916666666667,0.8,9.0,5,0.04078
2021-06-04,Industrials,0.13876,0.17345,0.8,9.0,5,0.19070333333333334
2021-06-07,Industrials,0.23135500000000003,0.28919375,0.8,7.0,5,0.13876
2021-06-08,Industrials,0.056909999999999995,0.09484999999999999,0.6,5.0,5,0.23135500000000003
2021-06-09,Industrials,0.09079000000000001,0.11348750000000002,0.8,10.0,5,0.056909999999999995
2021-06-10,Industrials,0.07757333333333334,0.09696666666666667,0.8,8.0,5,0.09079000000000001
2021-06-11,Industrials,0.2827,0.4711666666666667,0.6,5.0,5,0.07757333333333334
2021-06-14,Industrials,0.06364,0.10606666666666666,0.6,5.0,5,0.2827
2021-06-15,Industrials,-0.009253333333333332,-0.015422222222222219,0.6,7.0,5,0.06364
2021-06-16,Industrials,0.190915,0.3181916666666667,0.6,6.0,5,-0.009253333333333332
2021-06-17,Industrials,0.0,0.0,0.6,6.0,5,0.190915
2021-06-18,Industrials,0.013140000000000002,0.021900000000000003,0.6,4.0,5,0.0
2021-06-21,Industrials,0.11362000000000001,0.18936666666666668,0.6,14.0,5,0.013140000000000002
2021-06-22,Industrials,-0.07773000000000001,-0.12955000000000003,0.6,6.0,5,0.11362000000000001
2021-06-23,Industrials,0.04404,0.0734,0.6,5.0,5,-0.07773000000000001
2021-06-24,Industrials,0.040459999999999996,0.06743333333333333,0.6,7.0,5,0.04404
2021-06-25,Industrials,0.02154,0.0359,0.6,6.0,5,0.040459999999999996
2021-06-28,Industrials,0.10276,0.2569,0.4,7.0,5,0.02154
2021-06-29,Industrials,0.17492000000000002,0.21865,0.8,6.0,5,0.10276
2021-06-30,Industrials,0.030506666666666665,0.05084444444444444,0.6,5.0,5,0.17492000000000002
2021-07-01,Industrials,0.15716999999999998,0.26194999999999996,0.6,7.0,5,0.030506666666666665
2021-07-02,Industrials,0.011380000000000001,0.01896666666666667,0.6,3.0,5,0.15716999999999998
2021-07-06,Industrials,0.0013400000000000005,0.003350000000000001,0.4,4.0,5,0.011380000000000001
2021-07-07,Industrials,0.12584666666666666,0.31461666666666666,0.4,4.0,5,0.0013400000000000005
2021-07-08,Industrials,0.08714,0.21785,0.4,4.0,5,0.12584666666666666
2021-07-09,Industrials,0.04166,0.052075,0.8,7.0,5,0.08714
2021-07-12,Industrials,0.16555999999999998,0.2759333333333333,0.6,5.0,5,0.04166
2021-07-13,Industrials,-0.08556,-0.1426,0.6,3.0,5,0.16555999999999998
2021-07-14,Industrials,0.04404,0.0734,0.6,5.0,5,-0.08556
2021-07-15,Industrials,0.0,0.0,0.8,4.0,5,0.04404
2021-07-16,Industrials,0.07506,0.18765,0.4,3.0,5,0.0
2021-07-19,Industrials,0.05264428571428571,0.06580535714285714,0.8,11.0,5,0.07506
2021-07-20,Industrials,0.0,0.0,0.2,1.0,5,0.05264428571428571
2021-07-21,Industrials,0.059250000000000004,0.09875,0.6,7.0,5,0.0
2021-07-22,Industrials,0.05447500000000001,0.09079166666666667,0.6,6.0,5,0.059250000000000004
2021-07-23,Industrials,0.15545833333333334,0.25909722222222226,0.6,8.0,5,0.05447500000000001
2021-07-26,Industrials,-0.016036666666666668,-0.02672777777777778,0.6,14.0,5,0.15545833333333334
2021-07-27,Industrials,0.06632984126984127,0.11054973544973545,0.6,31.0,5,-0.016036666666666668
2021-07-28,Industrials,0.13990666666666668,0.34976666666666667,0.4,4.0,5,0.06632984126984127
2021-07-29,Industrials,0.11099,0.18498333333333336,0.6,8.0,5,0.13990666666666668
2021-07-30,Industrials,0.071542,0.11923666666666666,0.6,15.0,5,0.11099
2021-08-02,Industrials,0.08635619047619048,0.14392698412698413,0.6,17.0,5,0.071542
2021-08-03,Industrials,0.02023,0.10115,0.2,2.0,5,0.08635619047619048
2021-08-04,Industrials,0.09478,0.15796666666666667,0.6,3.0,5,0.02023
2021-08-05,Industrials,0.141575,0.17696875,0.8,10.0,5,0.09478
2021-08-06,Industrials,0.002930000000000002,0.01465000000000001,0.2,4.0,5,0.141575
2021-08-09,Industrials,0.16569333333333333,0.27615555555555554,0.6,5.0,5,0.002930000000000002
2021-08-10,Industrials,0.07267333333333334,0.12112222222222223,0.6,7.0,5,0.16569333333333333
2021-08-11,Industrials,-0.06150800000000001,-0.07688500000000001,0.8,13.0,5,0.07267333333333334
2021-08-12,Industrials,0.04046,0.10115,0.4,2.0,5,-0.06150800000000001
2021-08-13,Industrials,-0.029599999999999998,-0.074,0.4,3.0,5,0.04046
2021-08-16,Industrials,0.04722499999999998,0.05903124999999998,0.8,10.0,5,-0.029599999999999998
2021-08-17,Industrials,0.11148,0.1858,0.6,3.0,5,0.04722499999999998
2021-08-18,Industrials,-0.025280000000000014,-0.03160000000000002,0.8,8.0,5,0.11148
2021-08-19,Industrials,0.04215,0.105375,0.4,3.0,5,-0.025280000000000014
2021-08-20,Industrials,-0.15689999999999998,-0.2615,0.6,5.0,5,0.04215
2021-08-23,Industrials,0.14681333333333332,0.24468888888888887,0.6,6.0,5,-0.15689999999999998
2021-08-24,Industrials,0.2178,0.27225,0.8,6.0,5,0.14681333333333332
2021-08-25,Industrials,0.11722000000000002,0.1953666666666667,0.6,6.0,5,0.2178
2021-08-26,Industrials,0.0,0.0,0.8,5.0,5,0.11722000000000002
2021-08-27,Industrials,0.10855833333333334,0.27139583333333334,0.4,10.0,5,0.0
2021-08-30,Industrials,0.03720666666666667,0.06201111111111112,0.6,6.0,5,0.10855833333333334
2021-08-31,Industrials,0.12675,0.316875,0.4,5.0,5,0.03720666666666667
2021-09-01,Industrials,0.0,0.0,0.4,2.0,5,0.12675
2021-09-02,Industrials,0.0046899999999999945,0.007816666666666658,0.6,4.0,5,0.0
2021-09-03,Industrials,0.018819999999999996,0.03136666666666666,0.6,9.0,5,0.0046899999999999945
2021-09-07,Industrials,0.159808,0.19976,0.8,10.0,5,0.018819999999999996
2021-09-08,Industrials,0.15654666666666667,0.2609111111111111,0.6,6.0,5,0.159808
2021-09-09,Industrials,0.0,0.0,0.4,2.0,5,0.15654666666666667
2021-09-10,Industrials,-0.02471,-0.0308875,0.8,7.0,5,0.0
2021-09-13,Industrials,0.060873333333333335,0.10145555555555556,0.6,7.0,5,-0.02471
2021-09-14,Industrials,0.019733333333333332,0.03288888888888889,0.6,5.0,5,0.060873333333333335
2021-09-15,Industrials,-0.009750000000000003,-0.016250000000000004,0.6,4.0,5,0.019733333333333332
2021-09-16,Industrials,0.05358666666666666,0.13396666666666665,0.4,4.0,5,-0.009750000000000003
2021-09-17,Industrials,0.0,0.0,0.4,2.0,5,0.05358666666666666
2021-09-20,Industrials,-0.002529999999999993,-0.0031624999999999917,0.8,11.0,5,0.0
2021-09-21,Industrials,-0.02263,-0.03771666666666667,0.6,4.0,5,-0.002529999999999993
2021-09-22,Industrials,0.029360000000000004,0.0367,0.8,7.0,5,-0.02263
2021-09-23,Industrials,0.26409333333333335,0.33011666666666667,0.8,10.0,5,0.029360000000000004
2021-09-24,Industrials,0.0128,0.021333333333333333,0.6,7.0,5,0.26409333333333335
2021-09-27,Industrials,0.042776,0.053470000000000004,0.8,12.0,5,0.0128
2021-09-28,Industrials,0.05736666666666666,0.28683333333333333,0.2,3.0,5,0.042776
2021-09-29,Industrials,0.0843,0.21075,0.4,3.0,5,0.05736666666666666
2021-09-30,Industrials,0.13932666666666665,0.17415833333333333,0.8,8.0,5,0.0843
2021-10-01,Industrials,0.0843,0.21075,0.4,2.0,5,0.13932666666666665
2021-10-04,Industrials,0.11127799999999999,0.13909749999999999,0.8,9.0,5,0.0843
2021-10-05,Industrials,0.019733333333333332,0.024666666666666667,0.8,7.0,5,0.11127799999999999
2021-10-06,Industrials,-0.112806,-0.18801,0.6,11.0,5,0.019733333333333332
2021-10-07,Industrials,0.0,0.0,0.2,1.0,5,-0.112806
2021-10-08,Industrials,0.03917,0.09792500000000001,0.4,3.0,5,0.0
2021-10-11,Industrials,0.42316000000000004,0.52895,0.8,4.0,5,0.03917
2021-10-12,Industrials,0.0,0.0,0.2,1.0,5,0.42316000000000004
2021-10-13,Industrials,0.0965,0.120625,0.8,7.0,5,0.0
2021-10-14,Industrials,0.14743,0.24571666666666667,0.6,5.0,5,0.0965
2021-10-15,Industrials,0.080905,0.2022625,0.4,5.0,5,0.14743
2021-10-18,Industrials,0.12445333333333333,0.15556666666666666,0.8,7.0,5,0.080905
2021-10-19,Industrials,0.06774666666666666,0.11291111111111111,0.6,8.0,5,0.12445333333333333
2021-10-20,Industrials,0.0294,0.03675,0.8,5.0,5,0.06774666666666666
2021-10-21,Industrials,0.05244000000000001,0.06555000000000001,0.8,11.0,5,0.0294
2021-10-22,Industrials,0.062490000000000004,0.10415,0.6,4.0,5,0.05244000000000001
2021-10-25,Industrials,0.030143333333333345,0.03767916666666668,0.8,11.0,5,0.062490000000000004
2021-10-26,Industrials,0.1501666666666667,0.18770833333333337,0.8,37.0,5,0.030143333333333345
2021-10-27,Industrials,0.011033333333333329,0.01379166666666666,0.8,12.0,5,0.1501666666666667
2021-10-28,Industrials,0.15694036363636363,0.19617545454545454,0.8,22.0,5,0.011033333333333329
2021-10-29,Industrials,0.02546333333333333,0.04243888888888889,0.6,11.0,5,0.15694036363636363
2021-11-01,Industrials,0.042460000000000005,0.21230000000000002,0.2,3.0,5,0.02546333333333333
2021-11-02,Industrials,0.02459,0.04098333333333334,0.6,4.0,5,0.042460000000000005
2021-11-03,Industrials,0.05423,0.09038333333333333,0.6,6.0,5,0.02459
2021-11-04,Industrials,-0.024639999999999995,-0.06159999999999999,0.4,3.0,5,0.05423
2021-11-05,Industrials,0.16921333333333333,0.4230333333333333,0.4,4.0,5,-0.024639999999999995
2021-11-08,Industrials,0.009496666666666664,0.01187083333333333,0.8,13.0,5,0.16921333333333333
2021-11-09,Industrials,0.17396999999999999,0.21746249999999998,0.8,22.0,5,0.009496666666666664
2021-11-10,Industrials,-0.057125,-0.07140625,0.8,16.0,5,0.17396999999999999
2021-11-11,Industrials,0.133815,0.16726875,0.8,8.0,5,-0.057125
2021-11-12,Industrials,0.27281,0.3410125,0.8,5.0,5,0.133815
2021-11-15,Industrials,0.22657500000000003,0.28321875,0.8,9.0,5,0.27281
2021-11-16,Industrials,0.070465,0.08808125,0.8,11.0,5,0.22657500000000003
2021-11-17,Industrials,0.07259333333333333,0.09074166666666666,0.8,10.0,5,0.070465
2021-11-18,Industrials,0.05469999999999999,0.13674999999999998,0.4,3.0,5,0.07259333333333333
2021-11-19,Industrials,-0.08885000000000001,-0.22212500000000002,0.4,3.0,5,0.05469999999999999
2021-11-22,Industrials,0.091125,0.11390625,0.8,7.0,5,-0.08885000000000001
2021-11-23,Industrials,0.04576,0.1144,0.4,3.0,5,0.091125
2021-11-24,Industrials,0.0,0.0,0.6,4.0,5,0.04576
2021-11-26,Industrials,0.016,0.04,0.4,5.0,5,0.0
2021-11-29,Industrials,0.02026,0.025325,0.8,5.0,5,0.016
2021-11-30,Industrials,0.04284666666666667,0.10711666666666668,0.4,5.0,5,0.02026
2021-12-01,Industrials,-0.08699,-0.14498333333333333,0.6,4.0,5,0.04284666666666667
2021-12-02,Industrials,0.03954,0.0659,0.6,5.0,5,-0.08699
2021-12-03,Industrials,0.12738,0.21230000000000002,0.6,4.0,5,0.03954
2021-12-06,Industrials,0.11961733333333333,0.2990433333333333,0.4,8.0,5,0.12738
2021-12-07,Industrials,0.13554,0.169425,0.8,6.0,5,0.11961733333333333
2021-12-08,Industrials,-0.020325,-0.033874999999999995,0.6,6.0,5,0.13554
2021-12-09,Industrials,0.12252999999999999,0.20421666666666663,0.6,4.0,5,-0.020325
2021-12-10,Industrials,0.06704666666666667,0.1676166666666667,0.4,4.0,5,0.12252999999999999
2021-12-13,Industrials,-0.021665,-0.03610833333333333,0.6,10.0,5,0.06704666666666667
2021-12-14,Industrials,0.13813,0.1726625,0.8,9.0,5,-0.021665
2021-12-15,Industrials,0.035264444444444445,0.04408055555555556,0.8,14.0,5,0.13813
2021-12-16,Industrials,-0.01967,-0.01967,1.0,19.0,5,0.035264444444444445
2021-12-17,Industrials,0.03994628571428572,0.04993285714285715,0.8,14.0,5,-0.01967
2021-12-20,Industrials,-0.02265250000000003,-0.02265250000000003,1.0,17.0,5,0.03994628571428572
2021-12-21,Industrials,0.14213533333333334,0.17766916666666666,0.8,15.0,5,-0.02265250000000003
2021-12-22,Industrials,0.26861999999999997,0.335775,0.8,6.0,5,0.14213533333333334
2021-12-23,Industrials,0.019932,0.03322,0.6,7.0,5,0.26861999999999997
2021-12-27,Industrials,0.214532,0.268165,0.8,11.0,5,0.019932
2021-12-28,Industrials,-0.011167499999999997,-0.018612499999999994,0.6,10.0,5,0.214532
2021-12-29,Industrials,0.07848999999999999,0.13081666666666666,0.6,8.0,5,-0.011167499999999997
2021-12-30,Industrials,0.0843,0.105375,0.8,4.0,5,0.07848999999999999
2021-12-31,Industrials,0.04046,0.10115,0.4,2.0,5,0.0843
2022-01-03,Industrials,0.24409,0.24409,1.0,10.0,5,0.04046
2022-01-04,Industrials,0.15843333333333334,0.19804166666666667,0.8,10.0,5,0.24409
2022-01-05,Industrials,0.06679333333333334,0.11132222222222223,0.6,8.0,5,0.15843333333333334
2022-01-06,Industrials,0.02023,0.033716666666666666,0.6,10.0,5,0.06679333333333334
2022-01-07,Industrials,0.063317,0.07914625,0.8,13.0,5,0.02023
2022-01-10,Industrials,0.1759342857142857,0.1759342857142857,1.0,16.0,5,0.063317
2022-01-11,Industrials,0.070588,0.088235,0.8,14.0,5,0.1759342857142857
2022-01-12,Industrials,0.2495683333333333,0.31196041666666663,0.8,10.0,5,0.070588
2022-01-13,Industrials,0.04933333333333333,0.08222222222222222,0.6,12.0,5,0.2495683333333333
2022-01-14,Industrials,0.19151555555555555,0.23939444444444444,0.8,16.0,5,0.04933333333333333
2022-01-18,Industrials,0.06635179487179486,0.06635179487179486,1.0,22.0,5,0.19151555555555555
2022-01-19,Industrials,0.10389599999999999,0.17315999999999998,0.6,15.0,5,0.06635179487179486
2022-01-20,Industrials,0.16089933333333334,0.16089933333333334,1.0,16.0,5,0.10389599999999999
2022-01-21,Industrials,0.041696,0.05212,0.8,15.0,5,0.16089933333333334
2022-01-24,Industrials,0.149028,0.149028,1.0,25.0,5,0.041696
2022-01-25,Industrials,0.10675024132730013,0.10675024132730013,1.0,43.0,5,0.149028
2022-01-26,Industrials,0.11572246376811593,0.11572246376811593,1.0,31.0,5,0.10675024132730013
2022-01-27,Industrials,0.173649,0.21706124999999998,0.8,20.0,5,0.11572246376811593
2022-01-28,Industrials,0.15834025,0.15834025,1.0,33.0,5,0.173649
2022-01-31,Industrials,0.16000166666666665,0.16000166666666665,1.0,24.0,5,0.15834025
2022-02-01,Industrials,0.015045263157894739,0.018806578947368424,0.8,28.0,5,0.16000166666666665
2022-02-02,Industrials,0.10016833333333333,0.12521041666666666,0.8,12.0,5,0.015045263157894739
2022-02-03,Industrials,0.12883400000000003,0.16104250000000003,0.8,9.0,5,0.10016833333333333
2022-02-04,Industrials,0.23710000000000003,0.3951666666666667,0.6,5.0,5,0.12883400000000003
2022-02-07,Industrials,0.21522000000000002,0.269025,0.8,12.0,5,0.23710000000000003
2022-02-08,Industrials,0.008675555555555553,0.010844444444444441,0.8,19.0,5,0.21522000000000002
2022-02-09,Industrials,0.04046,0.10115,0.4,3.0,5,0.008675555555555553
2022-02-10,Industrials,0.022134,0.022134,1.0,14.0,5,0.04046
2022-02-11,Industrials,0.10200666666666666,0.10200666666666666,1.0,9.0,5,0.022134
2022-02-14,Industrials,-0.07985833333333334,-0.09982291666666666,0.8,17.0,5,0.10200666666666666
2022-02-15,Industrials,0.10735666666666668,0.1789277777777778,0.6,12.0,5,-0.07985833333333334
2022-02-16,Industrials,0.04894285714285714,0.06117857142857143,0.8,13.0,5,0.10735666666666668
2022-02-17,Industrials,0.076795,0.076795,1.0,16.0,5,0.04894285714285714
2022-02-18,Industrials,0.030374999999999996,0.030374999999999996,1.0,12.0,5,0.076795
2022-02-22,Industrials,0.045742500000000005,0.057178125,0.8,15.0,5,0.030374999999999996
2022-02-23,Industrials,-0.06950999999999999,-0.08688749999999999,0.8,9.0,5,0.045742500000000005
2022-02-24,Industrials,0.04623666666666667,0.05779583333333334,0.8,11.0,5,-0.06950999999999999
2022-02-25,Industrials,0.059693333333333334,0.059693333333333334,1.0,14.0,5,0.04623666666666667
2022-02-28,Industrials,0.145776,0.18222,0.8,10.0,5,0.059693333333333334
2022-03-01,Industrials,0.11884733333333335,0.1485591666666667,0.8,16.0,5,0.145776
2022-03-02,Industrials,0.10385533333333333,0.12981916666666665,0.8,21.0,5,0.11884733333333335
2022-03-03,Industrials,0.13957666666666665,0.17447083333333332,0.8,20.0,5,0.10385533333333333
2022-03-04,Industrials,0.13381666666666664,0.13381666666666664,1.0,11.0,5,0.13957666666666665
2022-03-07,Industrials,0.14259166666666667,0.17823958333333334,0.8,15.0,5,0.13381666666666664
2022-03-08,Industrials,-0.0048099999999999974,-0.0048099999999999974,1.0,13.0,5,0.14259166666666667
2022-03-09,Industrials,0.14688380952380953,0.14688380952380953,1.0,18.0,5,-0.0048099999999999974
2022-03-10,Industrials,0.0015971428571428525,0.0015971428571428525,1.0,19.0,5,0.14688380952380953
2022-03-11,Industrials,0.11408,0.11408,1.0,10.0,5,0.0015971428571428525
2022-03-14,Industrials,0.27364,0.27364,1.0,12.0,5,0.11408
2022-03-15,Industrials,0.16244,0.20305,0.8,12.0,5,0.27364
2022-03-16,Industrials,0.017936190476190477,0.029893650793650795,0.6,18.0,5,0.16244
2022-03-17,Industrials,0.15814727272727272,0.1976840909090909,0.8,18.0,5,0.017936190476190477
2022-03-18,Industrials,-0.016052820512820504,-0.02675470085470084,0.6,18.0,5,0.15814727272727272
2022-03-21,Industrials,0.030477999999999995,0.030477999999999995,1.0,42.0,5,-0.016052820512820504
2022-03-22,Industrials,-0.12652666666666668,-0.15815833333333335,0.8,9.0,5,0.030477999999999995
2022-03-23,Industrials,0.030013333333333336,0.050022222222222225,0.6,10.0,5,-0.12652666666666668
2022-03-24,Industrials,-0.035565714285714284,-0.059276190476190475,0.6,9.0,5,0.030013333333333336
2022-03-25,Industrials,0.19724,0.24655,0.8,17.0,5,-0.035565714285714284
2022-03-28,Industrials,0.17419333333333334,0.21774166666666667,0.8,16.0,5,0.19724
2022-03-29,Industrials,0.12603266666666668,0.12603266666666668,1.0,14.0,5,0.17419333333333334
2022-03-30,Industrials,0.30258222222222225,0.37822777777777783,0.8,16.0,5,0.12603266666666668
2022-03-31,Industrials,0.20839333333333335,0.20839333333333335,1.0,9.0,5,0.30258222222222225
2022-04-01,Industrials,-0.043424,-0.054279999999999995,0.8,11.0,5,0.20839333333333335
2022-04-04,Industrials,0.150995,0.150995,1.0,15.0,5,-0.043424
2022-04-05,Industrials,0.025967619047619052,0.025967619047619052,1.0,17.0,5,0.150995
2022-04-06,Industrials,0.10770199999999999,0.13462749999999998,0.8,19.0,5,0.025967619047619052
2022-04-07,Industrials,0.05160285714285714,0.06450357142857142,0.8,11.0,5,0.10770199999999999
2022-04-08,Industrials,0.10400499999999999,0.17334166666666664,0.6,8.0,5,0.05160285714285714
2022-04-11,Industrials,0.022772222222222225,0.02846527777777778,0.8,17.0,5,0.10400499999999999
2022-04-12,Industrials,0.06599066666666667,0.08248833333333333,0.8,10.0,5,0.022772222222222225
2022-04-13,Industrials,0.01094,0.018233333333333334,0.6,5.0,5,0.06599066666666667
2022-04-14,Industrials,0.06582,0.1097,0.6,4.0,5,0.01094
2022-04-18,Industrials,0.10434000000000002,0.130425,0.8,8.0,5,0.06582
2022-04-19,Industrials,0.08746799999999999,0.10933499999999999,0.8,10.0,5,0.10434000000000002
2022-04-20,Industrials,0.180694,0.180694,1.0,14.0,5,0.08746799999999999
2022-04-21,Industrials,0.2278,0.2278,1.0,12.0,5,0.180694
2022-04-22,Industrials,-0.08736000000000001,-0.08736000000000001,1.0,11.0,5,0.2278
2022-04-25,Industrials,0.16140285714285713,0.16140285714285713,1.0,24.0,5,-0.08736000000000001
2022-04-26,Industrials,-0.001614194805194802,-0.001614194805194802,1.0,60.0,5,0.16140285714285713
2022-04-27,Industrials,0.04986681818181818,0.04986681818181818,1.0,31.0,5,-0.001614194805194802
2022-04-28,Industrials,0.07571071428571427,0.07571071428571427,1.0,23.0,5,0.04986681818181818
2022-04-29,Industrials,0.2221973333333333,0.2221973333333333,1.0,18.0,5,0.07571071428571427
2022-05-02,Industrials,0.06344066666666666,0.06344066666666666,1.0,14.0,5,0.2221973333333333
2022-05-03,Industrials,0.24938,0.311725,0.8,7.0,5,0.06344066666666666
2022-05-04,Industrials,0.11836666666666666,0.11836666666666666,1.0,8.0,5,0.24938
2022-05-05,Industrials,0.025240666666666668,0.025240666666666668,1.0,18.0,5,0.11836666666666666
2022-05-06,Industrials,0.09739999999999999,0.1623333333333333,0.6,3.0,5,0.025240666666666668
2022-05-09,Industrials,0.1487765,0.1487765,1.0,17.0,5,0.09739999999999999
2022-05-10,Industrials,0.042471666666666665,0.05308958333333333,0.8,12.0,5,0.1487765
2022-05-11,Industrials,0.0881952380952381,0.0881952380952381,1.0,16.0,5,0.042471666666666665
2022-05-12,Industrials,0.11331333333333334,0.14164166666666667,0.8,11.0,5,0.0881952380952381
2022-05-13,Industrials,0.04651266666666667,0.058140833333333336,0.8,11.0,5,0.11331333333333334
2022-05-16,Industrials,0.137495,0.137495,1.0,9.0,5,0.04651266666666667
2022-05-17,Industrials,0.11529199999999999,0.11529199999999999,1.0,14.0,5,0.137495
2022-05-18,Industrials,0.00029333333333333436,0.00029333333333333436,1.0,16.0,5,0.11529199999999999
2022-05-19,Industrials,0.19797666666666666,0.3299611111111111,0.6,9.0,5,0.00029333333333333436
2022-05-20,Industrials,0.0852261111111111,0.1420435185185185,0.6,16.0,5,0.19797666666666666
2022-05-23,Industrials,0.12813166666666667,0.16016458333333333,0.8,10.0,5,0.0852261111111111
2022-05-24,Industrials,0.255668,0.42611333333333334,0.6,7.0,5,0.12813166666666667
2022-05-25,Industrials,0.20750533333333335,0.2593816666666667,0.8,11.0,5,0.255668
2022-05-26,Industrials,0.05842333333333334,0.07302916666666667,0.8,14.0,5,0.20750533333333335
2022-05-27,Industrials,0.12723666666666666,0.12723666666666666,1.0,9.0,5,0.05842333333333334
2022-05-31,Industrials,0.298388,0.372985,0.8,11.0,5,0.12723666666666666
2022-06-01,Industrials,0.23869800000000002,0.23869800000000002,1.0,13.0,5,0.298388
2022-06-02,Industrials,0.038462666666666666,0.048078333333333334,0.8,14.0,5,0.23869800000000002
2022-06-03,Industrials,0.08422666666666666,0.14037777777777777,0.6,8.0,5,0.038462666666666666
2022-06-06,Industrials,0.016852000000000006,0.021065000000000007,0.8,12.0,5,0.08422666666666666
2022-06-07,Industrials,0.32036000000000003,0.32036000000000003,1.0,8.0,5,0.016852000000000006
2022-06-08,Industrials,0.003510000000000002,0.0043875000000000025,0.8,7.0,5,0.32036000000000003
2022-06-09,Industrials,0.21109383333333334,0.26386729166666667,0.8,19.0,5,0.003510000000000002
2022-06-10,Industrials,0.037685,0.06280833333333334,0.6,10.0,5,0.21109383333333334
2022-06-13,Industrials,-0.020056666666666667,-0.020056666666666667,1.0,20.0,5,0.037685
2022-06-14,Industrials,0.18406466666666665,0.18406466666666665,1.0,14.0,5,-0.020056666666666667
2022-06-15,Industrials,0.17115181818181818,0.17115181818181818,1.0,18.0,5,0.18406466666666665
2022-06-16,Industrials,0.07423400000000001,0.07423400000000001,1.0,17.0,5,0.17115181818181818
2022-06-17,Industrials,0.14329,0.23881666666666668,0.6,9.0,5,0.07423400000000001
2022-06-21,Industrials,0.20532833333333333,0.20532833333333333,1.0,18.0,5,0.14329
2022-06-22,Industrials,-0.030042777777777797,-0.030042777777777797,1.0,19.0,5,0.20532833333333333
2022-06-23,Industrials,0.130004,0.130004,1.0,17.0,5,-0.030042777777777797
2022-06-24,Industrials,0.0032333333333333324,0.0053888888888888875,0.6,6.0,5,0.130004
2022-06-27,Industrials,0.12119071428571429,0.12119071428571429,1.0,24.0,5,0.0032333333333333324
2022-06-28,Industrials,0.04658857142857144,0.04658857142857144,1.0,13.0,5,0.12119071428571429
2022-06-29,Industrials,0.17250666666666667,0.17250666666666667,1.0,13.0,5,0.04658857142857144
2022-06-30,Industrials,0.2588933333333333,0.32361666666666666,0.8,10.0,5,0.17250666666666667
2022-07-01,Industrials,0.05158,0.08596666666666668,0.6,8.0,5,0.2588933333333333
2022-07-05,Industrials,0.16748499999999997,0.20935624999999997,0.8,17.0,5,0.05158
2022-07-06,Industrials,0.153915,0.153915,1.0,11.0,5,0.16748499999999997
2022-07-07,Industrials,0.0772725,0.0772725,1.0,18.0,5,0.153915
2022-07-08,Industrials,0.08492000000000001,0.10615000000000001,0.8,10.0,5,0.0772725
2022-07-11,Industrials,0.13799666666666668,0.17249583333333335,0.8,10.0,5,0.08492000000000001
2022-07-12,Industrials,0.064636,0.080795,0.8,14.0,5,0.13799666666666668
2022-07-13,Industrials,0.18887666666666666,0.18887666666666666,1.0,14.0,5,0.064636
2022-07-14,Industrials,0.1797433333333333,0.1797433333333333,1.0,9.0,5,0.18887666666666666
2022-07-15,Industrials,-0.01765333333333333,-0.02206666666666666,0.8,13.0,5,0.1797433333333333
2022-07-18,Industrials,0.102943,0.17157166666666668,0.6,28.0,5,-0.01765333333333333
2022-07-19,Industrials,0.12207999999999997,0.15259999999999996,0.8,9.0,5,0.102943
2022-07-20,Industrials,0.10611428571428572,0.13264285714285715,0.8,12.0,5,0.12207999999999997
2022-07-21,Industrials,-0.00765666666666667,-0.012761111111111117,0.6,7.0,5,0.10611428571428572
2022-07-22,Industrials,0.03432,0.0429,0.8,7.0,5,-0.00765666666666667
2022-07-25,Industrials,0.024085714285714287,0.04014285714285714,0.6,16.0,5,0.03432
2022-07-26,Industrials,0.14350281746031746,0.17937852182539682,0.8,44.0,5,0.024085714285714287
2022-07-27,Industrials,0.0,0.0,0.4,2.0,5,0.14350281746031746
2022-07-28,Industrials,0.0580847619047619,0.09680793650793651,0.6,11.0,5,0.0
2022-07-29,Industrials,0.08038,0.20095,0.4,3.0,5,0.0580847619047619
2022-08-01,Industrials,0.174929,0.21866125,0.8,15.0,5,0.08038
2022-08-02,Industrials,-0.0007046153846153813,-0.0008807692307692266,0.8,19.0,5,0.174929
2022-08-03,Industrials,0.07549333333333333,0.1887333333333333,0.4,4.0,5,-0.0007046153846153813
2022-08-04,Industrials,0.0,0.0,0.4,4.0,5,0.07549333333333333
2022-08-05,Industrials,0.035645,0.05940833333333334,0.6,6.0,5,0.0
2022-08-08,Industrials,0.15710000000000002,0.26183333333333336,0.6,8.0,5,0.035645
2022-08-09,Industrials,0.016900000000000005,0.021125000000000005,0.8,7.0,5,0.15710000000000002
2022-08-10,Industrials,0.06518166666666667,0.10863611111111111,0.6,8.0,5,0.016900000000000005
2022-08-11,Industrials,0.04873,0.08121666666666667,0.6,6.0,5,0.06518166666666667
2022-08-12,Industrials,0.16574666666666665,0.27624444444444446,0.6,7.0,5,0.04873
2022-08-15,Industrials,0.26516,0.33145,0.8,6.0,5,0.16574666666666665
2022-08-16,Industrials,-0.12503999999999998,-0.1563,0.8,4.0,5,0.26516
2022-08-17,Industrials,0.017570000000000002,0.02928333333333334,0.6,5.0,5,-0.12503999999999998
2022-08-18,Industrials,0.031186666666666675,0.03898333333333334,0.8,6.0,5,0.017570000000000002
2022-08-19,Industrials,0.03818,0.06363333333333333,0.6,7.0,5,0.031186666666666675
2022-08-22,Industrials,0.16351238095238096,0.2043904761904762,0.8,13.0,5,0.03818
2022-08-23,Industrials,0.10846,0.18076666666666666,0.6,3.0,5,0.16351238095238096
2022-08-24,Industrials,0.1059,0.132375,0.8,7.0,5,0.10846
2022-08-25,Industrials,0.11928000000000001,0.1988,0.6,5.0,5,0.1059
2022-08-26,Industrials,-0.033693333333333325,-0.05615555555555554,0.6,7.0,5,0.11928000000000001
2022-08-29,Industrials,0.012916,0.016145,0.8,11.0,5,-0.033693333333333325
2022-08-30,Industrials,0.142605,0.17825625,0.8,11.0,5,0.012916
2022-08-31,Industrials,0.11480666666666665,0.19134444444444443,0.6,6.0,5,0.142605
2022-09-01,Industrials,0.181505,0.22688125,0.8,11.0,5,0.11480666666666665
2022-09-02,Industrials,0.09512666666666666,0.11890833333333334,0.8,8.0,5,0.181505
2022-09-06,Industrials,0.18913933333333335,0.23642416666666669,0.8,16.0,5,0.09512666666666666
2022-09-07,Industrials,0.0864,0.108,0.8,9.0,5,0.18913933333333335
2022-09-08,Industrials,0.005136666666666678,0.006420833333333348,0.8,12.0,5,0.0864
2022-09-09,Industrials,0.012310000000000005,0.020516666666666673,0.6,7.0,5,0.005136666666666678
2022-09-12,Industrials,0.051891,0.1297275,0.4,9.0,5,0.012310000000000005
2022-09-13,Industrials,0.25011500000000003,0.31264375000000005,0.8,10.0,5,0.051891
2022-09-14,Industrials,0.085735,0.10716875000000001,0.8,14.0,5,0.25011500000000003
2022-09-15,Industrials,-0.01531,-0.0191375,0.8,8.0,5,0.085735
2022-09-16,Industrials,0.08033176470588234,0.20082941176470584,0.4,18.0,5,-0.01531
2022-09-19,Industrials,0.15941619047619046,0.26569365079365076,0.6,14.0,5,0.08033176470588234
2022-09-20,Industrials,0.10869333333333334,0.13586666666666666,0.8,10.0,5,0.15941619047619046
2022-09-21,Industrials,0.047420000000000004,0.07903333333333333,0.6,7.0,5,0.10869333333333334
2022-09-22,Industrials,-0.014527333333333326,-0.018159166666666657,0.8,12.0,5,0.047420000000000004
2022-09-23,Industrials,0.054900000000000004,0.09150000000000001,0.6,7.0,5,-0.014527333333333326
2022-09-26,Industrials,0.021465000000000005,0.026831250000000008,0.8,10.0,5,0.054900000000000004
2022-09-27,Industrials,0.032805,0.054675,0.6,6.0,5,0.021465000000000005
2022-09-28,Industrials,0.010746666666666673,0.017911111111111124,0.6,5.0,5,0.032805
2022-09-29,Industrials,0.04576,0.0572,0.8,6.0,5,0.010746666666666673
2022-09-30,Industrials,0.08808,0.1468,0.6,3.0,5,0.04576
2022-10-03,Industrials,0.13913999999999999,0.2319,0.6,8.0,5,0.08808
2022-10-04,Industrials,0.03653,0.0456625,0.8,5.0,5,0.13913999999999999
2022-10-05,Industrials,0.18565333333333334,0.3094222222222222,0.6,7.0,5,0.03653
2022-10-06,Industrials,0.09483,0.15805,0.6,5.0,5,0.18565333333333334
2022-10-07,Industrials,0.016614999999999998,0.020768749999999996,0.8,9.0,5,0.09483
2022-10-10,Industrials,0.18270000000000003,0.22837500000000002,0.8,6.0,5,0.016614999999999998
2022-10-11,Industrials,0.17506,0.2917666666666667,0.6,5.0,5,0.18270000000000003
2022-10-12,Industrials,0.26004,0.4334,0.6,3.0,5,0.17506
2022-10-13,Industrials,0.10846,0.135575,0.8,6.0,5,0.26004
2022-10-14,Industrials,0.0991,0.16516666666666666,0.6,8.0,5,0.10846
2022-10-17,Industrials,-0.07432,-0.0929,0.8,6.0,5,0.0991
2022-10-18,Industrials,0.10125999999999999,0.126575,0.8,12.0,5,-0.07432
2022-10-19,Industrials,0.011886666666666667,0.02971666666666667,0.4,4.0,5,0.10125999999999999
2022-10-20,Industrials,0.16386333333333333,0.20482916666666667,0.8,9.0,5,0.011886666666666667
2022-10-21,Industrials,0.10062,0.25155,0.4,6.0,5,0.16386333333333333
2022-10-24,Industrials,0.1077488888888889,0.13468611111111112,0.8,20.0,5,0.10062
2022-10-25,Industrials,0.04838340659340659,0.06047925824175824,0.8,37.0,5,0.1077488888888889
2022-10-26,Industrials,0.030434666666666665,0.03804333333333333,0.8,13.0,5,0.04838340659340659
2022-10-27,Industrials,0.2230922222222222,0.27886527777777775,0.8,22.0,5,0.030434666666666665
2022-10-28,Industrials,0.15372999999999998,0.19216249999999999,0.8,5.0,5,0.2230922222222222
2022-10-31,Industrials,0.13671,0.22785,0.6,8.0,5,0.15372999999999998
2022-11-01,Industrials,0.24325999999999998,0.4054333333333333,0.6,3.0,5,0.13671
2022-11-02,Industrials,0.07636,0.1909,0.4,2.0,5,0.24325999999999998
2022-11-03,Industrials,0.023738666666666658,0.029673333333333322,0.8,12.0,5,0.07636
2022-11-04,Industrials,0.158,0.1975,0.8,4.0,5,0.023738666666666658
2022-11-07,Industrials,0.0,0.0,0.8,7.0,5,0.158
2022-11-08,Industrials,0.052469999999999996,0.06558749999999999,0.8,5.0,5,0.0
2022-11-09,Industrials,0.0843,0.14049999999999999,0.6,4.0,5,0.052469999999999996
2022-11-10,Industrials,0.05978666666666667,0.09964444444444444,0.6,6.0,5,0.0843
2022-11-11,Industrials,0.12947333333333333,0.3236833333333333,0.4,5.0,5,0.05978666666666667
2022-11-14,Industrials,-0.025606666666666673,-0.03200833333333334,0.8,11.0,5,0.12947333333333333
2022-11-15,Industrials,0.07943,0.13238333333333333,0.6,4.0,5,-0.025606666666666673
2022-11-16,Industrials,0.08882,0.111025,0.8,8.0,5,0.07943
2022-11-17,Industrials,0.09228499999999999,0.15380833333333332,0.6,7.0,5,0.08882
2022-11-18,Industrials,-0.008533333333333334,-0.042666666666666665,0.2,3.0,5,0.09228499999999999
2022-11-21,Industrials,0.06364666666666667,0.10607777777777778,0.6,7.0,5,-0.008533333333333334
2022-11-22,Industrials,0.14694733333333332,0.18368416666666665,0.8,11.0,5,0.06364666666666667
2022-11-23,Industrials,0.0,0.0,0.4,2.0,5,0.14694733333333332
2022-11-25,Industrials,0.0,0.0,0.6,3.0,5,0.0
2022-11-28,Industrials,0.005905999999999997,0.007382499999999997,0.8,11.0,5,0.0
2022-11-29,Industrials,0.11987999999999999,0.14984999999999998,0.8,5.0,5,0.005905999999999997
2022-11-30,Industrials,0.10267333333333332,0.12834166666666666,0.8,14.0,5,0.11987999999999999
2022-12-01,Industrials,0.23421333333333333,0.2927666666666667,0.8,7.0,5,0.10267333333333332
2022-12-02,Industrials,-0.037032,-0.061720000000000004,0.6,7.0,5,0.23421333333333333
2022-12-05,Industrials,0.06897666666666666,0.08622083333333333,0.8,10.0,5,-0.037032
2022-12-06,Industrials,-0.15014666666666668,-0.25024444444444444,0.6,5.0,5,0.06897666666666666
2022-12-07,Industrials,0.04588,0.2294,0.2,2.0,5,-0.15014666666666668
2022-12-08,Industrials,0.12439,0.1554875,0.8,10.0,5,0.04588
2022-12-09,Industrials,0.14728,0.18409999999999999,0.8,5.0,5,0.12439
2022-12-12,Industrials,-0.029133333333333334,-0.04855555555555555,0.6,5.0,5,0.14728
2022-12-13,Industrials,0.20892,0.26115,0.8,14.0,5,-0.029133333333333334
2022-12-14,Industrials,0.24986000000000003,0.312325,0.8,5.0,5,0.20892
2022-12-15,Industrials,0.099384,0.16564,0.6,14.0,5,0.24986000000000003
2022-12-16,Industrials,0.024336000000000003,0.040560000000000006,0.6,8.0,5,0.099384
2022-12-19,Industrials,0.17081,0.2135125,0.8,11.0,5,0.024336000000000003
2022-12-20,Industrials,0.09690999999999998,0.12113749999999998,0.8,13.0,5,0.17081
2022-12-21,Industrials,0.3542409523809524,0.4428011904761905,0.8,14.0,5,0.09690999999999998
2022-12-22,Industrials,0.12306666666666666,0.15383333333333332,0.8,16.0,5,0.3542409523809524
2022-12-23,Industrials,0.05006999999999999,0.06258749999999999,0.8,7.0,5,0.12306666666666666
2022-12-27,Industrials,0.136185,0.17023125,0.8,20.0,5,0.05006999999999999
2022-12-28,Industrials,0.048516666666666666,0.0808611111111111,0.6,9.0,5,0.136185
2022-12-29,Industrials,0.05450166666666667,0.06812708333333334,0.8,10.0,5,0.048516666666666666
2022-12-30,Industrials,0.12933,0.21555000000000002,0.6,5.0,5,0.05450166666666667
2023-01-03,Industrials,0.07677333333333333,0.09596666666666667,0.8,13.0,5,0.12933
2023-01-04,Industrials,0.08188833333333334,0.13648055555555558,0.6,13.0,5,0.07677333333333333
2023-01-05,Industrials,0.13137,0.16421249999999998,0.8,6.0,5,0.08188833333333334
2023-01-06,Industrials,0.010115,0.0252875,0.4,6.0,5,0.13137
2023-01-09,Industrials,0.171765,0.21470625000000002,0.8,11.0,5,0.010115
2023-01-10,Industrials,0.16751714285714286,0.2093964285714286,0.8,11.0,5,0.171765
2023-01-11,Industrials,0.003300000000000003,0.005500000000000005,0.6,4.0,5,0.16751714285714286
2023-01-12,Industrials,0.11552166666666666,0.14440208333333332,0.8,14.0,5,0.003300000000000003
2023-01-13,Industrials,0.037660000000000006,0.047075000000000006,0.8,11.0,5,0.11552166666666666
2023-01-17,Industrials,0.233955,0.29244375,0.8,13.0,5,0.037660000000000006
2023-01-18,Industrials,-0.077695,-0.09711875,0.8,8.0,5,0.233955
2023-01-19,Industrials,0.05073,0.0634125,0.8,7.0,5,-0.077695
2023-01-20,Industrials,-0.003159999999999996,-0.00526666666666666,0.6,5.0,5,0.05073
2023-01-23,Industrials,0.19073514285714285,0.23841892857142857,0.8,23.0,5,-0.003159999999999996
2023-01-24,Industrials,0.06402878787878788,0.08003598484848486,0.8,52.0,5,0.19073514285714285
2023-01-25,Industrials,0.059199999999999996,0.09866666666666667,0.6,6.0,5,0.06402878787878788
2023-01-26,Industrials,0.025138571428571427,0.031423214285714283,0.8,19.0,5,0.059199999999999996
2023-01-27,Industrials,0.11258666666666665,0.18764444444444442,0.6,8.0,5,0.025138571428571427
2023-01-30,Industrials,0.009192000000000002,0.011490000000000002,0.8,17.0,5,0.11258666666666665
2023-01-31,Industrials,0.12682523529411766,0.21137539215686274,0.6,39.0,5,0.009192000000000002
2023-02-01,Industrials,0.07608,0.09509999999999999,0.8,8.0,5,0.12682523529411766
2023-02-02,Industrials,0.1376,0.172,0.8,5.0,5,0.07608
2023-02-03,Industrials,0.22832499999999997,0.28540625,0.8,8.0,5,0.1376
2023-02-06,Industrials,0.07114333333333334,0.11857222222222223,0.6,12.0,5,0.22832499999999997
2023-02-07,Industrials,-0.027279999999999992,-0.06819999999999998,0.4,6.0,5,0.07114333333333334
2023-02-08,Industrials,0.12643333333333334,0.3160833333333333,0.4,4.0,5,-0.027279999999999992
2023-02-09,Industrials,0.08086,0.13476666666666667,0.6,9.0,5,0.12643333333333334
2023-02-10,Industrials,0.03612,0.060200000000000004,0.6,5.0,5,0.08086
2023-02-13,Industrials,0.08476000000000002,0.10595000000000002,0.8,8.0,5,0.03612
2023-02-14,Industrials,0.06490933333333335,0.10818222222222224,0.6,9.0,5,0.08476000000000002
2023-02-15,Industrials,0.01483,0.024716666666666665,0.6,6.0,5,0.06490933333333335
2023-02-16,Industrials,0.137915,0.17239375,0.8,12.0,5,0.01483
2023-02-17,Industrials,0.01767999999999999,0.022099999999999988,0.8,9.0,5,0.137915
2023-02-21,Industrials,0.195737,0.24467125,0.8,15.0,5,0.01767999999999999
2023-02-22,Industrials,0.0,0.0,0.8,5.0,5,0.195737
2023-02-23,Industrials,0.04900333333333333,0.061254166666666665,0.8,7.0,5,0.0
2023-02-24,Industrials,0.02704666666666667,0.04507777777777778,0.6,6.0,5,0.04900333333333333
2023-02-27,Industrials,0.070885,0.08860625,0.8,10.0,5,0.02704666666666667
2023-02-28,Industrials,0.13311666666666666,0.2218611111111111,0.6,10.0,5,0.070885
2023-03-01,Industrials,0.04426,0.055325,0.8,19.0,5,0.13311666666666666
2023-03-02,Industrials,0.20013,0.33355,0.6,4.0,5,0.04426
2023-03-03,Industrials,0.11615666666666666,0.14519583333333333,0.8,8.0,5,0.20013
2023-03-06,Industrials,0.16074000000000002,0.20092500000000002,0.8,12.0,5,0.11615666666666666
2023-03-07,Industrials,0.11762333333333333,0.2940583333333333,0.4,5.0,5,0.16074000000000002
2023-03-08,Industrials,0.14807333333333333,0.18509166666666668,0.8,10.0,5,0.11762333333333333
2023-03-09,Industrials,0.08122,0.101525,0.8,16.0,5,0.14807333333333333
2023-03-10,Industrials,0.10284428571428572,0.12855535714285715,0.8,14.0,5,0.08122
2023-03-13,Industrials,0.143972,0.17996499999999999,0.8,18.0,5,0.10284428571428572
2023-03-14,Industrials,0.10456666666666665,0.26141666666666663,0.4,7.0,5,0.143972
2023-03-15,Industrials,0.046380000000000005,0.057975000000000006,0.8,9.0,5,0.10456666666666665
2023-03-16,Industrials,0.22271999999999997,0.3712,0.6,6.0,5,0.046380000000000005
2023-03-17,Industrials,0.06554,0.10923333333333334,0.6,6.0,5,0.22271999999999997
2023-03-20,Industrials,0.07919666666666667,0.09899583333333334,0.8,11.0,5,0.06554
2023-03-21,Industrials,0.19473000000000001,0.32455000000000006,0.6,5.0,5,0.07919666666666667
2023-03-22,Industrials,0.16131,0.26885,0.6,5.0,5,0.19473000000000001
2023-03-23,Industrials,0.07804,0.13006666666666666,0.6,4.0,5,0.16131
2023-03-24,Industrials,0.07258666666666667,0.09073333333333335,0.8,8.0,5,0.07804
2023-03-27,Industrials,0.1573711111111111,0.19671388888888888,0.8,17.0,5,0.07258666666666667
2023-03-28,Industrials,0.04354499999999999,0.10886249999999999,0.4,6.0,5,0.1573711111111111
2023-03-29,Industrials,0.049815000000000005,0.062268750000000005,0.8,12.0,5,0.04354499999999999
2023-03-30,Industrials,0.19546666666666665,0.3257777777777778,0.6,6.0,5,0.049815000000000005
2023-03-31,Industrials,-0.029546666666666666,-0.049244444444444445,0.6,6.0,5,0.19546666666666665
2023-04-03,Industrials,0.09313500000000001,0.11641875000000002,0.8,10.0,5,-0.029546666666666666
2023-04-04,Industrials,0.08249857142857142,0.10312321428571428,0.8,16.0,5,0.09313500000000001
2023-04-05,Industrials,0.026093333333333336,0.04348888888888889,0.6,11.0,5,0.08249857142857142
2023-04-06,Industrials,0.05905199999999999,0.07381499999999999,0.8,15.0,5,0.026093333333333336
2023-04-10,Industrials,0.1438025,0.179753125,0.8,21.0,5,0.05905199999999999
2023-04-11,Industrials,-0.016513333333333335,-0.02064166666666667,0.8,9.0,5,0.1438025
2023-04-12,Industrials,0.06293266666666666,0.07866583333333332,0.8,16.0,5,-0.016513333333333335
2023-04-13,Industrials,0.17934,0.2989,0.6,6.0,5,0.06293266666666666
2023-04-14,Industrials,0.12549166666666667,0.15686458333333334,0.8,10.0,5,0.17934
2023-04-17,Industrials,0.10833,0.1354125,0.8,17.0,5,0.12549166666666667
2023-04-18,Industrials,0.10537,0.1317125,0.8,11.0,5,0.10833
2023-04-19,Industrials,0.10738,0.134225,0.8,15.0,5,0.10537
2023-04-20,Industrials,0.08724000000000001,0.10905000000000001,0.8,14.0,5,0.10738
2023-04-21,Industrials,0.134828,0.22471333333333332,0.6,8.0,5,0.08724000000000001
2023-04-24,Industrials,0.09233916666666667,0.11542395833333334,0.8,16.0,5,0.134828
2023-04-25,Industrials,0.05146722832722833,0.06433403540903541,0.8,47.0,5,0.09233916666666667
2023-04-26,Industrials,0.10887482142857144,0.1360935267857143,0.8,28.0,5,0.05146722832722833
2023-04-27,Industrials,0.119835,0.14979375,0.8,21.0,5,0.10887482142857144
2023-04-28,Industrials,0.05328166666666666,0.06660208333333333,0.8,13.0,5,0.119835
2023-05-01,Industrials,0.10630500000000001,0.13288125,0.8,21.0,5,0.05328166666666666
2023-05-02,Industrials,0.08362,0.104525,0.8,14.0,5,0.10630500000000001
2023-05-03,Industrials,0.10181666666666667,0.12727083333333333,0.8,9.0,5,0.08362
2023-05-04,Industrials,0.31460333333333335,0.3932541666666667,0.8,9.0,5,0.10181666666666667
2023-05-05,Industrials,-0.17014,-0.212675,0.8,4.0,5,0.31460333333333335
2023-05-08,Industrials,0.04388666666666667,0.054858333333333335,0.8,10.0,5,-0.17014
2023-05-09,Industrials,0.14980333333333334,0.2496722222222222,0.6,8.0,5,0.04388666666666667
2023-05-10,Industrials,0.053610000000000005,0.08935,0.6,7.0,5,0.14980333333333334
2023-05-11,Industrials,0.02408,0.04013333333333333,0.6,7.0,5,0.053610000000000005
2023-05-12,Industrials,0.05544,0.0924,0.6,5.0,5,0.02408
2023-05-15,Industrials,0.11551,0.1443875,0.8,16.0,5,0.05544
2023-05-16,Industrials,0.03178,0.05296666666666667,0.6,5.0,5,0.11551
2023-05-17,Industrials,0.06658,0.083225,0.8,7.0,5,0.03178
2023-05-18,Industrials,0.014799999999999999,0.024666666666666667,0.6,10.0,5,0.06658
2023-05-19,Industrials,0.07576000000000001,0.0947,0.8,6.0,5,0.014799999999999999
2023-05-22,Industrials,0.15024404761904764,0.18780505952380955,0.8,16.0,5,0.07576000000000001
2023-05-23,Industrials,0.0843,0.21075,0.4,3.0,5,0.15024404761904764
2023-05-24,Industrials,0.033717619047619045,0.056196031746031744,0.6,12.0,5,0.0843
2023-05-25,Industrials,0.11104,0.1388,0.8,12.0,5,0.033717619047619045
2023-05-26,Industrials,0.062490000000000004,0.156225,0.4,5.0,5,0.11104
2023-05-30,Industrials,0.06942333333333334,0.08677916666666667,0.8,18.0,5,0.062490000000000004
2023-05-31,Industrials,0.06966333333333333,0.08707916666666667,0.8,13.0,5,0.06942333333333334
2023-06-01,Industrials,0.10675066666666666,0.13343833333333333,0.8,12.0,5,0.06966333333333333
2023-06-02,Industrials,0.11709785714285714,0.19516309523809525,0.6,16.0,5,0.10675066666666666
2023-06-05,Industrials,0.07811428571428572,0.09764285714285714,0.8,19.0,5,0.11709785714285714
2023-06-06,Industrials,0.21066000000000001,0.3511,0.6,5.0,5,0.07811428571428572
2023-06-07,Industrials,0.10680666666666667,0.13350833333333334,0.8,10.0,5,0.21066000000000001
2023-06-08,Industrials,0.09481333333333333,0.11851666666666667,0.8,8.0,5,0.10680666666666667
2023-06-09,Industrials,-0.012821666666666665,-0.02136944444444444,0.6,11.0,5,0.09481333333333333
2023-06-12,Industrials,0.121445,0.15180625,0.8,11.0,5,-0.012821666666666665
2023-06-13,Industrials,0.0765,0.095625,0.8,11.0,5,0.121445
2023-06-14,Industrials,0.11963700000000002,0.19939500000000002,0.6,13.0,5,0.0765
2023-06-15,Industrials,0.07839833333333332,0.09799791666666666,0.8,10.0,5,0.11963700000000002
2023-06-16,Industrials,0.13140285714285715,0.16425357142857144,0.8,12.0,5,0.07839833333333332
2023-06-20,Industrials,0.09831324675324675,0.12289155844155844,0.8,32.0,5,0.13140285714285715
2023-06-21,Industrials,-0.08289495238095237,-0.10361869047619046,0.8,17.0,5,0.09831324675324675
2023-06-22,Industrials,0.029850000000000005,0.037312500000000005,0.8,10.0,5,-0.08289495238095237
2023-06-23,Industrials,0.06459999999999999,0.08074999999999999,0.8,20.0,5,0.029850000000000005
2023-06-26,Industrials,0.12771714285714286,0.21286190476190478,0.6,11.0,5,0.06459999999999999
2023-06-27,Industrials,0.02311666666666667,0.038527777777777786,0.6,9.0,5,0.12771714285714286
2023-06-28,Industrials,0.09709000000000001,0.1618166666666667,0.6,5.0,5,0.02311666666666667
2023-06-29,Industrials,0.047670000000000004,0.0595875,0.8,8.0,5,0.09709000000000001
2023-06-30,Industrials,0.12334999999999999,0.15418749999999998,0.8,7.0,5,0.047670000000000004
2023-07-03,Industrials,0.09332433333333333,0.11665541666666666,0.8,15.0,5,0.12334999999999999
2023-07-05,Industrials,0.20254138461538465,0.2531767307692308,0.8,24.0,5,0.09332433333333333
2023-07-06,Industrials,0.050552,0.06319,0.8,10.0,5,0.20254138461538465
2023-07-07,Industrials,-0.038615,-0.04826874999999999,0.8,9.0,5,0.050552
2023-07-10,Industrials,0.05198476190476191,0.06498095238095239,0.8,17.0,5,-0.038615
2023-07-11,Industrials,0.11171,0.1396375,0.8,9.0,5,0.05198476190476191
2023-07-12,Industrials,0.013353333333333332,0.03338333333333333,0.4,4.0,5,0.11171
2023-07-13,Industrials,0.08498333333333333,0.10622916666666667,0.8,9.0,5,0.013353333333333332
2023-07-14,Industrials,0.05428999999999999,0.09048333333333332,0.6,7.0,5,0.08498333333333333
2023-07-17,Industrials,0.010730000000000003,0.013412500000000004,0.8,16.0,5,0.05428999999999999
2023-07-18,Industrials,0.22206333333333333,0.27757916666666665,0.8,9.0,5,0.010730000000000003
2023-07-19,Industrials,0.2113178571428571,0.2641473214285714,0.8,19.0,5,0.22206333333333333
2023-07-20,Industrials,-0.018899999999999993,-0.03149999999999999,0.6,4.0,5,0.2113178571428571
2023-07-21,Industrials,0.07760500000000001,0.09700625,0.8,10.0,5,-0.018899999999999993
2023-07-24,Industrials,0.19429499999999997,0.24286874999999997,0.8,19.0,5,0.07760500000000001
2023-07-25,Industrials,0.030813756805807623,0.03851719600725953,0.8,56.0,5,0.19429499999999997
2023-07-26,Industrials,-0.07149216666666666,-0.08936520833333333,0.8,24.0,5,0.030813756805807623
2023-07-27,Industrials,0.1994953333333333,0.24936916666666664,0.8,15.0,5,-0.07149216666666666
2023-07-28,Industrials,0.0017699999999999994,0.002212499999999999,0.8,15.0,5,0.1994953333333333
2023-07-31,Industrials,0.07652747826086956,0.09565934782608695,0.8,32.0,5,0.0017699999999999994
2023-08-01,Industrials,0.08087538461538461,0.10109423076923077,0.8,35.0,5,0.07652747826086956
2023-08-02,Industrials,0.04444194117647059,0.07406990196078432,0.6,26.0,5,0.08087538461538461
2023-08-03,Industrials,0.100526,0.16754333333333335,0.6,8.0,5,0.04444194117647059
2023-08-04,Industrials,0.13792333333333334,0.1724041666666667,0.8,13.0,5,0.100526
2023-08-07,Industrials,0.07598333333333335,0.09497916666666668,0.8,15.0,5,0.13792333333333334
2023-08-08,Industrials,0.03580625,0.089515625,0.4,17.0,5,0.07598333333333335
2023-08-09,Industrials,0.09647133333333333,0.16078555555555554,0.6,15.0,5,0.03580625
2023-08-10,Industrials,0.02408,0.04013333333333333,0.6,7.0,5,0.09647133333333333
2023-08-11,Industrials,0.077393,0.09674125,0.8,11.0,5,0.02408
2023-08-14,Industrials,0.04755,0.07925,0.6,5.0,5,0.077393
2023-08-15,Industrials,0.12577,0.1572125,0.8,8.0,5,0.04755
2023-08-16,Industrials,0.17989499999999997,0.22486874999999998,0.8,9.0,5,0.12577
2023-08-17,Industrials,0.025148571428571426,0.04191428571428571,0.6,10.0,5,0.17989499999999997
2023-08-18,Industrials,-0.08504,-0.1063,0.8,8.0,5,0.025148571428571426
2023-08-21,Industrials,0.077896,0.12982666666666667,0.6,9.0,5,-0.08504
2023-08-22,Industrials,0.18494,0.231175,0.8,13.0,5,0.077896
2023-08-23,Industrials,0.131464,0.16433,0.8,12.0,5,0.18494
2023-08-24,Industrials,0.12956,0.16195,0.8,9.0,5,0.131464
2023-08-25,Industrials,0.027447000000000006,0.034308750000000006,0.8,11.0,5,0.12956
2023-08-28,Industrials,-0.0018515789473684207,-0.002314473684210526,0.8,25.0,5,0.027447000000000006
2023-08-29,Industrials,-0.01652476190476191,-0.020655952380952386,0.8,20.0,5,-0.0018515789473684207
2023-08-30,Industrials,0.034784999999999996,0.057975,0.6,11.0,5,-0.01652476190476191
2023-08-31,Industrials,0.061980666666666684,0.07747583333333335,0.8,20.0,5,0.034784999999999996
2023-09-01,Industrials,0.13108666666666666,0.16385833333333333,0.8,16.0,5,0.061980666666666684
2023-09-05,Industrials,0.12818066666666666,0.16022583333333335,0.8,17.0,5,0.13108666666666666
2023-09-06,Industrials,0.06838,0.085475,0.8,14.0,5,0.12818066666666666
2023-09-07,Industrials,0.18894,0.236175,0.8,11.0,5,0.06838
2023-09-08,Industrials,0.05507666666666666,0.09179444444444444,0.6,9.0,5,0.18894
2023-09-11,Industrials,0.104217,0.13027125,0.8,16.0,5,0.05507666666666666
2023-09-12,Industrials,0.10513566666666667,0.13141958333333334,0.8,20.0,5,0.104217
2023-09-13,Industrials,0.06337085714285715,0.07921357142857142,0.8,15.0,5,0.10513566666666667
2023-09-14,Industrials,0.09645999999999999,0.12057499999999999,0.8,13.0,5,0.06337085714285715
2023-09-15,Industrials,0.07818666666666667,0.09773333333333334,0.8,13.0,5,0.09645999999999999
2023-09-18,Industrials,0.12296611111111111,0.1537076388888889,0.8,21.0,5,0.07818666666666667
2023-09-19,Industrials,0.12225190476190476,0.15281488095238094,0.8,13.0,5,0.12296611111111111
2023-09-20,Industrials,0.06204888888888889,0.07756111111111111,0.8,13.0,5,0.12225190476190476
2023-09-21,Industrials,0.12824204761904762,0.1603025595238095,0.8,22.0,5,0.06204888888888889
2023-09-22,Industrials,0.2089666666666667,0.2612083333333334,0.8,7.0,5,0.12824204761904762
2023-09-25,Industrials,0.14990333333333333,0.18737916666666668,0.8,17.0,5,0.2089666666666667
2023-09-26,Industrials,0.12809833333333334,0.16012291666666667,0.8,11.0,5,0.14990333333333333
2023-09-27,Industrials,0.18887533333333334,0.23609416666666666,0.8,14.0,5,0.12809833333333334
2023-09-28,Industrials,0.05045142857142857,0.06306428571428571,0.8,14.0,5,0.18887533333333334
2023-09-29,Industrials,0.12142666666666668,0.2023777777777778,0.6,9.0,5,0.05045142857142857
2023-10-02,Industrials,0.15879995238095237,0.19849994047619046,0.8,22.0,5,0.12142666666666668
2023-10-03,Industrials,0.11350866666666667,0.11350866666666667,1.0,26.0,5,0.15879995238095237
2023-10-04,Industrials,0.052368333333333336,0.06546041666666667,0.8,12.0,5,0.11350866666666667
2023-10-05,Industrials,0.099449,0.099449,1.0,16.0,5,0.052368333333333336
2023-10-06,Industrials,0.005796666666666672,0.00724583333333334,0.8,7.0,5,0.099449
2023-10-09,Industrials,-0.03181133333333334,-0.03181133333333334,1.0,14.0,5,0.005796666666666672
2023-10-10,Industrials,0.11699650793650793,0.11699650793650793,1.0,23.0,5,-0.03181133333333334
2023-10-11,Industrials,0.1873086666666667,0.1873086666666667,1.0,20.0,5,0.11699650793650793
2023-10-12,Industrials,0.14789583333333334,0.18486979166666667,0.8,19.0,5,0.1873086666666667
2023-10-13,Industrials,0.031509999999999996,0.0393875,0.8,18.0,5,0.14789583333333334
2023-10-16,Industrials,0.10225066666666667,0.10225066666666667,1.0,18.0,5,0.031509999999999996
2023-10-17,Industrials,0.04163,0.06938333333333334,0.6,9.0,5,0.10225066666666667
2023-10-18,Industrials,0.04653035714285715,0.04653035714285715,1.0,22.0,5,0.04163
2023-10-19,Industrials,0.10774392857142856,0.10774392857142856,1.0,26.0,5,0.04653035714285715
2023-10-20,Industrials,0.004432999999999998,0.004432999999999998,1.0,21.0,5,0.10774392857142856
2023-10-23,Industrials,0.18695333333333333,0.18695333333333333,1.0,27.0,5,0.004432999999999998
2023-10-24,Industrials,0.2807460434782609,0.2807460434782609,1.0,51.0,5,0.18695333333333333
2023-10-25,Industrials,0.1185236666666667,0.1185236666666667,1.0,41.0,5,0.2807460434782609
2023-10-26,Industrials,0.1301436507936508,0.1301436507936508,1.0,42.0,5,0.1185236666666667
2023-10-27,Industrials,-0.060321333333333324,-0.060321333333333324,1.0,14.0,5,0.1301436507936508
2023-10-30,Industrials,0.14469423076923077,0.18086778846153845,0.8,21.0,5,-0.060321333333333324
2023-10-31,Industrials,0.1236495238095238,0.1236495238095238,1.0,28.0,5,0.14469423076923077
2023-11-01,Industrials,0.12492999999999999,0.12492999999999999,1.0,14.0,5,0.1236495238095238
2023-11-02,Industrials,0.19788833333333333,0.19788833333333333,1.0,19.0,5,0.12492999999999999
2023-11-03,Industrials,-0.03027999999999999,-0.05046666666666665,0.6,6.0,5,0.19788833333333333
2023-11-06,Industrials,0.15064933333333336,0.15064933333333336,1.0,28.0,5,-0.03027999999999999
2023-11-07,Industrials,0.06663733333333334,0.08329666666666667,0.8,11.0,5,0.15064933333333336
2023-11-08,Industrials,0.11554,0.11554,1.0,13.0,5,0.06663733333333334
2023-11-09,Industrials,0.23167,0.2895875,0.8,8.0,5,0.11554
2023-11-10,Industrials,0.05353,0.0669125,0.8,14.0,5,0.23167
2023-11-13,Industrials,0.0125175,0.0125175,1.0,37.0,5,0.05353
2023-11-14,Industrials,0.06392900000000001,0.07991125000000002,0.8,19.0,5,0.0125175
2023-11-15,Industrials,0.10552095238095238,0.13190119047619048,0.8,12.0,5,0.06392900000000001
2023-11-16,Industrials,0.13330599999999998,0.13330599999999998,1.0,14.0,5,0.10552095238095238
2023-11-17,Industrials,0.21380249999999998,0.21380249999999998,1.0,23.0,5,0.13330599999999998
2023-11-20,Industrials,0.009269999999999995,0.011587499999999994,0.8,19.0,5,0.21380249999999998
2023-11-21,Industrials,0.09940133333333334,0.09940133333333334,1.0,17.0,5,0.009269999999999995
2023-11-22,Industrials,0.15327833333333332,0.15327833333333332,1.0,24.0,5,0.09940133333333334
2023-11-24,Industrials,0.15086772727272726,0.18858465909090907,0.8,19.0,5,0.15327833333333332
2023-11-27,Industrials,0.03903,0.03903,1.0,19.0,5,0.15086772727272726
2023-11-28,Industrials,0.021573749999999996,0.026967187499999996,0.8,20.0,5,0.03903
2023-11-29,Industrials,0.11957333333333335,0.11957333333333335,1.0,21.0,5,0.021573749999999996
2023-11-30,Industrials,0.09072,0.09072,1.0,14.0,5,0.11957333333333335
2023-12-01,Industrials,0.04544250000000001,0.04544250000000001,1.0,16.0,5,0.09072
2023-12-04,Industrials,0.1330738095238095,0.1330738095238095,1.0,18.0,5,0.04544250000000001
2023-12-05,Industrials,-0.06629,-0.06629,1.0,11.0,5,0.1330738095238095
2023-12-06,Industrials,0.06616533333333333,0.08270666666666666,0.8,24.0,5,-0.06629
2023-12-07,Industrials,-0.054916666666666655,-0.054916666666666655,1.0,18.0,5,0.06616533333333333
2023-12-08,Industrials,0.028933333333333332,0.036166666666666666,0.8,12.0,5,-0.054916666666666655
2023-12-11,Industrials,0.09071914285714286,0.09071914285714286,1.0,33.0,5,0.028933333333333332
2023-12-12,Industrials,0.24920499999999998,0.24920499999999998,1.0,27.0,5,0.09071914285714286
2023-12-13,Industrials,0.20462152380952384,0.20462152380952384,1.0,24.0,5,0.24920499999999998
2023-12-14,Industrials,0.067825,0.11304166666666667,0.6,7.0,5,0.20462152380952384
2023-12-15,Industrials,0.029599999999999998,0.074,0.4,3.0,5,0.067825
2023-12-18,Industrials,0.2459088095238095,0.2459088095238095,1.0,29.0,5,0.029599999999999998
2023-12-19,Industrials,0.0,,0.0,0.0,5,0.2459088095238095
2023-12-20,Industrials,0.0,,0.0,0.0,5,0.0
2023-12-21,Industrials,0.0,,0.0,0.0,5,0.0
2023-12-22,Industrials,0.0,,0.0,0.0,5,0.0
2023-12-26,Industrials,0.0,,0.0,0.0,5,0.0
2023-12-27,Industrials,0.0,,0.0,0.0,5,0.0
2023-12-28,Industrials,0.0,,0.0,0.0,5,0.0
2023-12-29,Industrials,0.0,,0.0,0.0,5,0.0
2020-01-02,Materials,0.10974999999999999,0.18291666666666664,0.6,7.0,5,
2020-01-03,Materials,-0.028300000000000002,-0.07075000000000001,0.4,3.0,5,0.10974999999999999
2020-01-06,Materials,-0.055811999999999994,-0.069765,0.8,9.0,5,-0.028300000000000002
2020-01-07,Materials,0.07636,0.12726666666666667,0.6,3.0,5,-0.055811999999999994
2020-01-08,Materials,-0.03984,-0.0996,0.4,6.0,5,0.07636
2020-01-09,Materials,0.025453333333333335,0.04242222222222222,0.6,6.0,5,-0.03984
2020-01-10,Materials,-0.08571999999999999,-0.10715,0.8,4.0,5,0.025453333333333335
2020-01-13,Materials,0.13194,0.32985,0.4,4.0,5,-0.08571999999999999
2020-01-14,Materials,0.05691999999999999,0.14229999999999998,0.4,4.0,5,0.13194
2020-01-15,Materials,0.06919333333333334,0.17298333333333335,0.4,4.0,5,0.05691999999999999
2020-01-16,Materials,0.08808,0.1101,0.8,4.0,5,0.06919333333333334
2020-01-17,Materials,0.18836,0.31393333333333334,0.6,5.0,5,0.08808
2020-01-21,Materials,0.010085999999999998,0.012607499999999997,0.8,11.0,5,0.18836
2020-01-22,Materials,-0.059199999999999996,-0.09866666666666667,0.6,4.0,5,0.010085999999999998
2020-01-23,Materials,0.09407,0.09407,1.0,9.0,5,-0.059199999999999996
2020-01-24,Materials,0.089688,0.14948,0.6,11.0,5,0.09407
2020-01-27,Materials,-0.0014733333333333321,-0.001841666666666665,0.8,14.0,5,0.089688
2020-01-28,Materials,0.18246,0.18246,1.0,16.0,5,-0.0014733333333333321
2020-01-29,Materials,0.07703285714285715,0.12838809523809525,0.6,20.0,5,0.18246
2020-01-30,Materials,-0.04345835897435898,-0.054322948717948724,0.8,32.0,5,0.07703285714285715
2020-01-31,Materials,0.02846033333333333,0.035575416666666665,0.8,15.0,5,-0.04345835897435898
2020-02-03,Materials,0.16861666666666666,0.21077083333333332,0.8,12.0,5,0.02846033333333333
2020-02-04,Materials,0.054110000000000005,0.0676375,0.8,7.0,5,0.16861666666666666
2020-02-05,Materials,0.06436,0.08045,0.8,9.0,5,0.054110000000000005
2020-02-06,Materials,0.05132111111111111,0.06415138888888888,0.8,14.0,5,0.06436
2020-02-07,Materials,0.014219999999999997,0.023699999999999995,0.6,9.0,5,0.05132111111111111
2020-02-10,Materials,0.23231333333333332,0.23231333333333332,1.0,7.0,5,0.014219999999999997
2020-02-11,Materials,0.11732800000000002,0.11732800000000002,1.0,14.0,5,0.23231333333333332
2020-02-12,Materials,0.059199999999999996,0.074,0.8,4.0,5,0.11732800000000002
2020-02-13,Materials,0.027482857142857142,0.045804761904761904,0.6,13.0,5,0.059199999999999996
2020-02-14,Materials,-0.016395,-0.027325,0.6,10.0,5,0.027482857142857142
2020-02-18,Materials,0.12242444444444445,0.12242444444444445,1.0,24.0,5,-0.016395
2020-02-19,Materials,0.014799999999999999,0.024666666666666667,0.6,8.0,5,0.12242444444444445
2020-02-20,Materials,0.06193090909090909,0.10321818181818182,0.6,18.0,5,0.014799999999999999
2020-02-21,Materials,0.09722666666666666,0.16204444444444444,0.6,9.0,5,0.06193090909090909
2020-02-24,Materials,0.0852325,0.0852325,1.0,22.0,5,0.09722666666666666
2020-02-25,Materials,0.02866333333333333,0.047772222222222216,0.6,6.0,5,0.0852325
2020-02-26,Materials,0.04302,0.0717,0.6,4.0,5,0.02866333333333333
2020-02-27,Materials,0.04617857142857142,0.05772321428571428,0.8,12.0,5,0.04302
2020-02-28,Materials,0.07426166666666667,0.12376944444444445,0.6,8.0,5,0.04617857142857142
2020-03-02,Materials,0.031938333333333326,0.031938333333333326,1.0,12.0,5,0.07426166666666667
2020-03-03,Materials,0.226308,0.37718,0.6,8.0,5,0.031938333333333326
2020-03-04,Materials,0.17617,0.29361666666666664,0.6,4.0,5,0.226308
2020-03-05,Materials,0.07000666666666666,0.11667777777777777,0.6,8.0,5,0.17617
2020-03-06,Materials,-0.014879999999999994,-0.01859999999999999,0.8,7.0,5,0.07000666666666666
2020-03-09,Materials,0.054743333333333324,0.06842916666666665,0.8,17.0,5,-0.014879999999999994
2020-03-10,Materials,0.05930833333333333,0.07413541666666666,0.8,10.0,5,0.054743333333333324
2020-03-11,Materials,0.07129666666666667,0.1188277777777778,0.6,21.0,5,0.05930833333333333
2020-03-12,Materials,-0.052716000000000006,-0.08786000000000001,0.6,11.0,5,0.07129666666666667
2020-03-13,Materials,0.08424666666666666,0.1404111111111111,0.6,6.0,5,-0.052716000000000006
2020-03-16,Materials,-0.0032400000000000094,-0.004050000000000012,0.8,13.0,5,0.08424666666666666
2020-03-17,Materials,0.10550833333333334,0.17584722222222224,0.6,11.0,5,-0.0032400000000000094
2020-03-18,Materials,-0.023740000000000004,-0.039566666666666674,0.6,7.0,5,0.10550833333333334
2020-03-19,Materials,0.11279466666666667,0.14099333333333333,0.8,13.0,5,-0.023740000000000004
2020-03-20,Materials,0.06369,0.10615000000000001,0.6,5.0,5,0.11279466666666667
2020-03-23,Materials,0.17433285714285712,0.17433285714285712,1.0,15.0,5,0.06369
2020-03-24,Materials,0.31854,0.31854,1.0,7.0,5,0.17433285714285712
2020-03-25,Materials,0.09878,0.123475,0.8,5.0,5,0.31854
2020-03-26,Materials,0.09659066666666666,0.12073833333333332,0.8,14.0,5,0.09878
2020-03-27,Materials,0.12936999999999999,0.32342499999999996,0.4,3.0,5,0.09659066666666666
2020-03-30,Materials,0.020159000000000017,0.03359833333333336,0.6,10.0,5,0.12936999999999999
2020-03-31,Materials,0.269595,0.269595,1.0,13.0,5,0.020159000000000017
2020-04-01,Materials,0.04751466666666666,0.05939333333333333,0.8,14.0,5,0.269595
2020-04-02,Materials,0.047966666666666664,0.07994444444444444,0.6,12.0,5,0.04751466666666666
2020-04-03,Materials,0.051539999999999996,0.08589999999999999,0.6,4.0,5,0.047966666666666664
2020-04-06,Materials,0.074848,0.09356,0.8,10.0,5,0.051539999999999996
2020-04-07,Materials,0.37297,0.46621250000000003,0.8,7.0,5,0.074848
2020-04-08,Materials,0.18038133333333334,0.22547666666666666,0.8,14.0,5,0.37297
2020-04-09,Materials,0.13923603174603175,0.13923603174603175,1.0,23.0,5,0.18038133333333334
2020-04-13,Materials,0.06534738095238095,0.06534738095238095,1.0,24.0,5,0.13923603174603175
2020-04-14,Materials,-0.008499999999999999,-0.014166666666666666,0.6,12.0,5,0.06534738095238095
2020-04-15,Materials,-0.03911595238095239,-0.06519325396825398,0.6,17.0,5,-0.008499999999999999
2020-04-16,Materials,0.08621,0.08621,1.0,13.0,5,-0.03911595238095239
2020-04-17,Materials,0.24444,0.4074,0.6,5.0,5,0.08621
2020-04-20,Materials,0.1980742857142857,0.1980742857142857,1.0,21.0,5,0.24444
2020-04-21,Materials,-0.06233333333333334,-0.1038888888888889,0.6,10.0,5,0.1980742857142857
2020-04-22,Materials,0.13911500000000002,0.17389375,0.8,10.0,5,-0.06233333333333334
2020-04-23,Materials,0.14747485714285716,0.14747485714285716,1.0,17.0,5,0.13911500000000002
2020-04-24,Materials,-0.04166,-0.06943333333333333,0.6,7.0,5,0.14747485714285716
2020-04-27,Materials,0.2466066666666667,0.2466066666666667,1.0,11.0,5,-0.04166
2020-04-28,Materials,0.05010766666666666,0.05010766666666666,1.0,17.0,5,0.2466066666666667
2020-04-29,Materials,0.3084818181818182,0.3084818181818182,1.0,19.0,5,0.05010766666666666
2020-04-30,Materials,0.11745678571428571,0.11745678571428571,1.0,36.0,5,0.3084818181818182
2020-05-01,Materials,0.11435166666666667,0.19058611111111112,0.6,17.0,5,0.11745678571428571
2020-05-04,Materials,-0.023363333333333333,-0.023363333333333333,1.0,13.0,5,0.11435166666666667
2020-05-05,Materials,0.1702929411764706,0.21286617647058823,0.8,38.0,5,-0.023363333333333333
2020-05-06,Materials,-0.014764571428571436,-0.018455714285714294,0.8,22.0,5,0.1702929411764706
2020-05-07,Materials,0.09727200000000001,0.16212000000000001,0.6,8.0,5,-0.014764571428571436
2020-05-08,Materials,0.08556666666666668,0.14261111111111113,0.6,18.0,5,0.09727200000000001
2020-05-11,Materials,0.05690200000000001,0.07112750000000001,0.8,13.0,5,0.08556666666666668
2020-05-12,Materials,0.05597266666666667,0.09328777777777779,0.6,13.0,5,0.05690200000000001
2020-05-13,Materials,0.14299666666666666,0.14299666666666666,1.0,18.0,5,0.05597266666666667
2020-05-14,Materials,0.15638500000000002,0.15638500000000002,1.0,16.0,5,0.14299666666666666
2020-05-15,Materials,0.1926277777777778,0.24078472222222222,0.8,17.0,5,0.15638500000000002
2020-05-18,Materials,0.08103,0.1012875,0.8,12.0,5,0.1926277777777778
2020-05-19,Materials,0.02493666666666667,0.04156111111111111,0.6,10.0,5,0.08103
2020-05-20,Materials,0.11316,0.1886,0.6,15.0,5,0.02493666666666667
2020-05-21,Materials,0.15098333333333333,0.15098333333333333,1.0,9.0,5,0.11316
2020-05-22,Materials,0.05464,0.0683,0.8,7.0,5,0.15098333333333333
2020-05-26,Materials,0.11875833333333334,0.19793055555555558,0.6,9.0,5,0.05464
2020-05-27,Materials,0.0,0.0,0.4,5.0,5,0.11875833333333334
2020-05-28,Materials,0.127,0.15875,0.8,8.0,5,0.0
2020-05-29,Materials,0.003600000000000001,0.009000000000000003,0.4,7.0,5,0.127
2020-06-01,Materials,0.05464,0.09106666666666667,0.6,7.0,5,0.003600000000000001
2020-06-02,Materials,0.219765,0.27470625,0.8,8.0,5,0.05464
2020-06-03,Materials,0.12638,0.157975,0.8,11.0,5,0.219765
2020-06-04,Materials,-0.0256,-0.032,0.8,4.0,5,0.12638
2020-06-05,Materials,0.15984500000000001,0.19980625000000002,0.8,7.0,5,-0.0256
2020-06-08,Materials,0.08176,0.2044,0.4,3.0,5,0.15984500000000001
2020-06-09,Materials,0.15012,0.3753,0.4,2.0,5,0.08176
2020-06-10,Materials,0.0,,0.0,0.0,5,0.15012
2020-06-11,Materials,0.14028000000000002,0.2338,0.6,4.0,5,0.0
2020-06-12,Materials,0.006530000000000003,0.010883333333333337,0.6,4.0,5,0.14028000000000002
2020-06-15,Materials,0.05464,0.2732,0.2,1.0,5,0.006530000000000003
2020-06-16,Materials,0.0,0.0,0.2,1.0,5,0.05464
2020-06-17,Materials,-0.12248,-0.6124,0.2,1.0,5,0.0
2020-06-18,Materials,0.0,0.0,0.6,3.0,5,-0.12248
2020-06-19,Materials,-0.04526,-0.11315,0.4,2.0,5,0.0
2020-06-22,Materials,0.04194,0.10485,0.4,6.0,5,-0.04526
2020-06-23,Materials,0.04588,0.07646666666666667,0.6,5.0,5,0.04194
2020-06-24,Materials,0.0,0.0,0.2,1.0,5,0.04588
2020-06-25,Materials,0.08038,0.4019,0.2,1.0,5,0.0
2020-06-26,Materials,0.068,0.34,0.2,1.0,5,0.08038
2020-06-29,Materials,0.04526,0.11315,0.4,2.0,5,0.068
2020-06-30,Materials,0.04046,0.06743333333333333,0.6,3.0,5,0.04526
2020-07-01,Materials,0.04046,0.10115,0.4,2.0,5,0.04046
2020-07-02,Materials,0.0,0.0,0.2,1.0,5,0.04046
2020-07-06,Materials,-0.045770000000000005,-0.11442500000000001,0.4,5.0,5,0.0
2020-07-07,Materials,0.0,0.0,0.2,1.0,5,-0.045770000000000005
2020-07-08,Materials,0.11438,0.5719,0.2,1.0,5,0.0
2020-07-09,Materials,0.0,0.0,0.4,2.0,5,0.11438
2020-07-10,Materials,0.0,0.0,0.2,1.0,5,0.0
2020-07-13,Materials,0.0,0.0,0.4,2.0,5,0.0
2020-07-14,Materials,0.0,,0.0,0.0,5,0.0
2020-07-15,Materials,0.0,,0.0,0.0,5,0.0
2020-07-16,Materials,0.01032,0.0172,0.6,3.0,5,0.0
2020-07-17,Materials,0.0,0.0,0.4,2.0,5,0.01032
2020-07-20,Materials,0.0,0.0,0.2,1.0,5,0.0
2020-07-21,Materials,0.0,,0.0,0.0,5,0.0
2020-07-22,Materials,0.11148,0.2787,0.4,2.0,5,0.0
2020-07-23,Materials,0.02190200000000001,0.02737750000000001,0.8,11.0,5,0.11148
2020-07-24,Materials,0.12594,0.20989999999999998,0.6,5.0,5,0.02190200000000001
2020-07-27,Materials,0.019756000000000003,0.024695,0.8,9.0,5,0.12594
2020-07-28,Materials,0.12232499999999999,0.3058125,0.4,9.0,5,0.019756000000000003
2020-07-29,Materials,0.03818,0.06363333333333333,0.6,4.0,5,0.12232499999999999
2020-07-30,Materials,0.06528000000000002,0.06528000000000002,1.0,12.0,5,0.03818
2020-07-31,Materials,0.05464,0.2732,0.2,1.0,5,0.06528000000000002
2020-08-03,Materials,0.2535,0.63375,0.4,2.0,5,0.05464
2020-08-04,Materials,0.11839999999999999,0.148,0.8,4.0,5,0.2535
2020-08-05,Materials,-0.01027,-0.017116666666666665,0.6,4.0,5,0.11839999999999999
2020-08-06,Materials,0.20776,0.34626666666666667,0.6,3.0,5,-0.01027
2020-08-07,Materials,0.0,,0.0,0.0,5,0.20776
2020-08-10,Materials,0.09034666666666666,0.15057777777777778,0.6,5.0,5,0.0
2020-08-11,Materials,0.0,0.0,0.2,4.0,5,0.09034666666666666
2020-08-12,Materials,0.0,,0.0,0.0,5,0.0
2020-08-13,Materials,0.0,0.0,0.2,1.0,5,0.0
2020-08-14,Materials,0.0843,0.14049999999999999,0.6,3.0,5,0.0
2020-08-17,Materials,0.221765,0.3696083333333333,0.6,6.0,5,0.0843
2020-08-18,Materials,0.059199999999999996,0.09866666666666667,0.6,3.0,5,0.221765
2020-08-19,Materials,0.0,0.0,0.2,2.0,5,0.059199999999999996
2020-08-20,Materials,0.0,0.0,0.6,5.0,5,0.0
2020-08-21,Materials,-0.0256,-0.128,0.2,1.0,5,0.0
2020-08-24,Materials,0.04046,0.06743333333333333,0.6,3.0,5,-0.0256
2020-08-25,Materials,-0.03558,-0.1779,0.2,1.0,5,0.04046
2020-08-26,Materials,0.059199999999999996,0.296,0.2,1.0,5,-0.03558
2020-08-27,Materials,0.0,0.0,0.4,3.0,5,0.059199999999999996
2020-08-28,Materials,-0.015086666666666668,-0.03771666666666667,0.4,4.0,5,0.0
2020-08-31,Materials,0.0,0.0,0.4,2.0,5,-0.015086666666666668
2020-09-01,Materials,0.0,,0.0,0.0,5,0.0
2020-09-02,Materials,0.0,0.0,0.6,3.0,5,0.0
2020-09-03,Materials,0.02294,0.05735,0.4,5.0,5,0.0
2020-09-04,Materials,0.029599999999999998,0.04933333333333333,0.6,5.0,5,0.02294
2020-09-08,Materials,0.05,0.125,0.4,2.0,5,0.029599999999999998
2020-09-09,Materials,0.0,,0.0,0.0,5,0.05
2020-09-10,Materials,0.06582,0.16455,0.4,2.0,5,0.0
2020-09-11,Materials,-0.059199999999999996,-0.296,0.2,1.0,5,0.06582
2020-09-14,Materials,-0.009815,-0.024537500000000004,0.4,6.0,5,-0.059199999999999996
2020-09-15,Materials,0.0,,0.0,0.0,5,-0.009815
2020-09-16,Materials,0.0,0.0,0.4,2.0,5,0.0
2020-09-17,Materials,0.097435,0.16239166666666666,0.6,7.0,5,0.0
2020-09-18,Materials,0.0,,0.0,0.0,5,0.097435
2020-09-21,Materials,0.10052000000000001,0.16753333333333334,0.6,5.0,5,0.0
2020-09-22,Materials,0.0,,0.0,0.0,5,0.10052000000000001
2020-09-23,Materials,0.0,0.0,0.2,1.0,5,0.0
2020-09-24,Materials,0.12738,0.6369,0.2,1.0,5,0.0
2020-09-25,Materials,0.0,0.0,0.2,1.0,5,0.12738
2020-09-28,Materials,-0.01996,-0.024949999999999996,0.8,6.0,5,0.0
2020-09-29,Materials,0.0,,0.0,0.0,5,-0.01996
2020-09-30,Materials,0.0,0.0,0.4,2.0,5,0.0
2020-10-01,Materials,0.0,,0.0,0.0,5,0.0
2020-10-02,Materials,0.0,,0.0,0.0,5,0.0
2020-10-05,Materials,0.05786,0.14465,0.4,5.0,5,0.0
2020-10-06,Materials,0.0,,0.0,0.0,5,0.05786
2020-10-07,Materials,0.0,0.0,0.2,1.0,5,0.0
2020-10-08,Materials,0.0,0.0,0.2,1.0,5,0.0
2020-10-09,Materials,0.0,0.0,0.2,2.0,5,0.0
2020-10-12,Materials,0.04046,0.10115,0.4,4.0,5,0.0
2020-10-13,Materials,0.0,0.0,0.2,1.0,5,0.04046
2020-10-14,Materials,0.11717999999999999,0.5859,0.2,1.0,5,0.0
2020-10-15,Materials,0.11988000000000001,0.2997,0.4,2.0,5,0.11717999999999999
2020-10-16,Materials,0.11124,0.5562,0.2,2.0,5,0.11988000000000001
2020-10-19,Materials,0.24242,0.60605,0.4,2.0,5,0.11124
2020-10-20,Materials,0.0,,0.0,0.0,5,0.24242
2020-10-21,Materials,0.068,0.17,0.4,4.0,5,0.0
2020-10-22,Materials,0.06404666666666667,0.16011666666666668,0.4,15.0,5,0.068
2020-10-23,Materials,0.04215,0.21075,0.2,2.0,5,0.06404666666666667
2020-10-26,Materials,0.0,0.0,0.4,2.0,5,0.04215
2020-10-27,Materials,0.01806,0.04515,0.4,5.0,5,0.0
2020-10-28,Materials,0.0,,0.0,0.0,5,0.01806
2020-10-29,Materials,0.076522,0.1275366666666667,0.6,10.0,5,0.0
2020-10-30,Materials,0.0,,0.0,0.0,5,0.076522
2020-11-02,Materials,0.1041,0.26025,0.4,2.0,5,0.0
2020-11-03,Materials,0.09152,0.4576,0.2,1.0,5,0.1041
2020-11-04,Materials,0.0,0.0,0.2,2.0,5,0.09152
2020-11-05,Materials,0.0,,0.0,0.0,5,0.0
2020-11-06,Materials,0.07832,0.13053333333333333,0.6,3.0,5,0.0
2020-11-09,Materials,0.0,,0.0,0.0,5,0.07832
2020-11-10,Materials,-0.068,-0.17,0.4,2.0,5,0.0
2020-11-11,Materials,0.049333333333333326,0.12333333333333332,0.4,5.0,5,-0.068
2020-11-12,Materials,0.04404,0.05505,0.8,5.0,5,0.049333333333333326
2020-11-13,Materials,0.23268,0.29085,0.8,5.0,5,0.04404
2020-11-16,Materials,0.14817,0.24695,0.6,4.0,5,0.23268
2020-11-17,Materials,0.08808,0.2202,0.4,2.0,5,0.14817
2020-11-18,Materials,0.0,,0.0,0.0,5,0.08808
2020-11-19,Materials,0.08252000000000001,0.13753333333333334,0.6,3.0,5,0.0
2020-11-20,Materials,0.0,,0.0,0.0,5,0.08252000000000001
2020-11-23,Materials,0.04046,0.04046,1.0,9.0,5,0.0
2020-11-24,Materials,0.08808,0.4404,0.2,1.0,5,0.04046
2020-11-25,Materials,0.10717333333333331,0.2679333333333333,0.4,4.0,5,0.08808
2020-11-27,Materials,0.0843,0.4215,0.2,1.0,5,0.10717333333333331
2020-11-30,Materials,0.04046,0.10115,0.4,2.0,5,0.0843
2020-12-01,Materials,0.12248,0.3062,0.4,2.0,5,0.04046
2020-12-02,Materials,0.09152,0.15253333333333333,0.6,4.0,5,0.12248
2020-12-03,Materials,0.0,0.0,0.2,1.0,5,0.09152
2020-12-04,Materials,0.0,,0.0,0.0,5,0.0
2020-12-07,Materials,0.0,0.0,0.2,2.0,5,0.0
2020-12-08,Materials,0.019733333333333332,0.09866666666666667,0.2,3.0,5,0.0
2020-12-09,Materials,0.05037333333333334,0.12593333333333334,0.4,4.0,5,0.019733333333333332
2020-12-10,Materials,0.059199999999999996,0.296,0.2,1.0,5,0.05037333333333334
2020-12-11,Materials,0.0,0.0,0.2,1.0,5,0.059199999999999996
2020-12-14,Materials,0.0,,0.0,0.0,5,0.0
2020-12-15,Materials,0.0,0.0,0.4,3.0,5,0.0
2020-12-16,Materials,0.0,0.0,0.4,2.0,5,0.0
2020-12-17,Materials,0.08808,0.1468,0.6,3.0,5,0.0
2020-12-18,Materials,0.09069999999999999,0.11337499999999999,0.8,7.0,5,0.08808
2020-12-21,Materials,0.15333000000000002,0.1916625,0.8,5.0,5,0.09069999999999999
2020-12-22,Materials,0.0,0.0,0.4,2.0,5,0.15333000000000002
2020-12-23,Materials,0.0,,0.0,0.0,5,0.0
2020-12-24,Materials,0.0,,0.0,0.0,5,0.0
2020-12-28,Materials,0.0,0.0,0.4,2.0,5,0.0
2020-12-29,Materials,0.09534000000000001,0.23835,0.4,3.0,5,0.0
2020-12-30,Materials,0.06364,0.3182,0.2,1.0,5,0.09534000000000001
2020-12-31,Materials,0.08038,0.4019,0.2,1.0,5,0.06364
2021-01-04,Materials,0.04404,0.0734,0.6,6.0,5,0.08038
2021-01-05,Materials,0.12264,0.2044,0.6,3.0,5,0.04404
2021-01-06,Materials,0.0843,0.4215,0.2,1.0,5,0.12264
2021-01-07,Materials,-0.06824,-0.1706,0.4,2.0,5,0.0843
2021-01-08,Materials,0.010928,0.02732,0.4,6.0,5,-0.06824
2021-01-11,Materials,0.13232,0.1654,0.8,6.0,5,0.010928
2021-01-12,Materials,0.0,0.0,0.4,2.0,5,0.13232
2021-01-13,Materials,0.0,0.0,0.4,2.0,5,0.0
2021-01-14,Materials,0.0,0.0,0.2,1.0,5,0.0
2021-01-15,Materials,0.0,0.0,0.6,6.0,5,0.0
2021-01-19,Materials,-0.17012,-0.4253,0.4,2.0,5,0.0
2021-01-20,Materials,0.0843,0.4215,0.2,1.0,5,-0.17012
2021-01-21,Materials,0.050780000000000006,0.063475,0.8,4.0,5,0.0843
2021-01-22,Materials,0.07224,0.3612,0.2,1.0,5,0.050780000000000006
2021-01-25,Materials,-0.0448,-0.07466666666666667,0.6,3.0,5,0.07224
2021-01-26,Materials,-0.008533333333333334,-0.042666666666666665,0.2,3.0,5,-0.0448
2021-01-27,Materials,0.0,0.0,0.4,3.0,5,-0.008533333333333334
2021-01-28,Materials,0.11888499999999999,0.14860625,0.8,14.0,5,0.0
2021-01-29,Materials,0.04046,0.10115,0.4,2.0,5,0.11888499999999999
2021-02-01,Materials,0.138556,0.17319500000000002,0.8,10.0,5,0.04046
2021-02-02,Materials,0.0,0.0,0.2,1.0,5,0.138556
2021-02-03,Materials,0.02064,0.0344,0.6,3.0,5,0.0
2021-02-04,Materials,0.0,,0.0,0.0,5,0.02064
2021-02-05,Materials,0.0,0.0,0.4,3.0,5,0.0
2021-02-08,Materials,0.08928,0.2232,0.4,3.0,5,0.0
2021-02-09,Materials,0.15335333333333334,0.38338333333333335,0.4,8.0,5,0.08928
2021-02-10,Materials,0.04588,0.1147,0.4,3.0,5,0.15335333333333334
2021-02-11,Materials,0.0,,0.0,0.0,5,0.04588
2021-02-12,Materials,0.0,,0.0,0.0,5,0.0
2021-02-16,Materials,0.08116000000000001,0.13526666666666667,0.6,3.0,5,0.0
2021-02-17,Materials,0.08423,0.14038333333333333,0.6,4.0,5,0.08116000000000001
2021-02-18,Materials,0.09855,0.246375,0.4,10.0,5,0.08423
2021-02-19,Materials,0.061309999999999996,0.10218333333333333,0.6,4.0,5,0.09855
2021-02-22,Materials,0.010286666666666666,0.012858333333333333,0.8,8.0,5,0.061309999999999996
2021-02-23,Materials,0.05171999999999999,0.06464999999999999,0.8,5.0,5,0.010286666666666666
2021-02-24,Materials,0.0,0.0,0.4,3.0,5,0.05171999999999999
2021-02-25,Materials,0.0,0.0,0.6,4.0,5,0.0
2021-02-26,Materials,0.029599999999999998,0.04933333333333333,0.6,4.0,5,0.0
2021-03-01,Materials,0.0026699999999999944,0.0033374999999999932,0.8,5.0,5,0.029599999999999998
2021-03-02,Materials,0.0843,0.21075,0.4,4.0,5,0.0026699999999999944
2021-03-03,Materials,0.0,,0.0,0.0,5,0.0843
2021-03-04,Materials,0.059199999999999996,0.296,0.2,1.0,5,0.0
2021-03-05,Materials,0.068,0.17,0.4,2.0,5,0.059199999999999996
2021-03-08,Materials,0.059693333333333334,0.09948888888888889,0.6,7.0,5,0.068
2021-03-09,Materials,0.0,0.0,0.2,1.0,5,0.059693333333333334
2021-03-10,Materials,0.04278,0.2139,0.2,2.0,5,0.0
2021-03-11,Materials,0.12827,0.320675,0.4,3.0,5,0.04278
2021-03-12,Materials,0.059199999999999996,0.148,0.4,2.0,5,0.12827
2021-03-15,Materials,0.0,0.0,0.4,3.0,5,0.059199999999999996
2021-03-16,Materials,0.0,0.0,0.2,1.0,5,0.0
2021-03-17,Materials,0.02732,0.1366,0.2,2.0,5,0.0
2021-03-18,Materials,0.0,,0.0,0.0,5,0.02732
2021-03-19,Materials,0.068,0.17,0.4,2.0,5,0.0
2021-03-22,Materials,0.04046,0.10115,0.4,3.0,5,0.068
2021-03-23,Materials,-0.05,-0.125,0.4,3.0,5,0.04046
2021-03-24,Materials,0.05464,0.1366,0.4,2.0,5,-0.05
2021-03-25,Materials,0.10568999999999999,0.264225,0.4,4.0,5,0.05464
2021-03-26,Materials,-0.11839999999999999,-0.19733333333333333,0.6,5.0,5,0.10568999999999999
2021-03-29,Materials,0.0,,0.0,0.0,5,-0.11839999999999999
2021-03-30,Materials,0.0,,0.0,0.0,5,0.0
2021-03-31,Materials,0.059199999999999996,0.148,0.4,2.0,5,0.0
2021-04-01,Materials,0.0,0.0,0.6,5.0,5,0.059199999999999996
2021-04-05,Materials,0.12109,0.302725,0.4,3.0,5,0.0
2021-04-06,Materials,0.03558,0.1779,0.2,1.0,5,0.12109
2021-04-07,Materials,-0.06364,-0.1591,0.4,2.0,5,0.03558
2021-04-08,Materials,0.13013999999999998,0.162675,0.8,5.0,5,-0.06364
2021-04-09,Materials,0.0,,0.0,0.0,5,0.13013999999999998
2021-04-12,Materials,0.04046,0.06743333333333333,0.6,4.0,5,0.0
2021-04-13,Materials,0.0,,0.0,0.0,5,0.04046
2021-04-14,Materials,0.14379999999999998,0.17975,0.8,4.0,5,0.0
2021-04-15,Materials,0.0,,0.0,0.0,5,0.14379999999999998
2021-04-16,Materials,0.0,0.0,0.4,2.0,5,0.0
2021-04-19,Materials,0.20092,0.33486666666666665,0.6,3.0,5,0.0
2021-04-20,Materials,-0.00516,-0.0258,0.2,1.0,5,0.20092
2021-04-21,Materials,0.19538000000000003,0.24422500000000003,0.8,5.0,5,-0.00516
2021-04-22,Materials,0.041075714285714285,0.1026892857142857,0.4,11.0,5,0.19538000000000003
2021-04-23,Materials,0.05719,0.142975,0.4,3.0,5,0.041075714285714285
2021-04-26,Materials,0.0,0.0,0.2,1.0,5,0.05719
2021-04-27,Materials,0.0684,0.171,0.4,5.0,5,0.0
2021-04-28,Materials,0.11148,0.5574,0.2,1.0,5,0.0684
2021-04-29,Materials,0.019733333333333332,0.04933333333333333,0.4,4.0,5,0.11148
2021-04-30,Materials,-0.04526,-0.2263,0.2,1.0,5,0.019733333333333332
2021-05-03,Materials,0.02732,0.045533333333333335,0.6,5.0,5,-0.04526
2021-05-04,Materials,-0.012937500000000001,-0.016171875000000002,0.8,11.0,5,0.02732
2021-05-05,Materials,0.17182,0.8591,0.2,1.0,5,-0.012937500000000001
2021-05-06,Materials,0.11628000000000001,0.14535,0.8,5.0,5,0.17182
2021-05-07,Materials,0.0,,0.0,0.0,5,0.11628000000000001
2021-05-10,Materials,0.15298,0.191225,0.8,5.0,5,0.0
2021-05-11,Materials,0.06808,0.3404,0.2,2.0,5,0.15298
2021-05-12,Materials,0.09878,0.4939,0.2,1.0,5,0.06808
2021-05-13,Materials,0.0,0.0,0.2,2.0,5,0.09878
2021-05-14,Materials,0.059199999999999996,0.148,0.4,2.0,5,0.0
2021-05-17,Materials,0.11369599999999999,0.28424,0.4,6.0,5,0.059199999999999996
2021-05-18,Materials,0.05904,0.0984,0.6,5.0,5,0.11369599999999999
2021-05-19,Materials,-0.08038,-0.20095,0.4,2.0,5,0.05904
2021-05-20,Materials,0.0,0.0,0.4,3.0,5,-0.08038
2021-05-21,Materials,0.03182,0.1591,0.2,2.0,5,0.0
2021-05-24,Materials,0.08449999999999999,0.105625,0.8,5.0,5,0.03182
2021-05-25,Materials,0.08038,0.13396666666666665,0.6,3.0,5,0.08449999999999999
2021-05-26,Materials,0.0,0.0,0.4,2.0,5,0.08038
2021-05-27,Materials,0.14282,0.23803333333333335,0.6,3.0,5,0.0
2021-05-28,Materials,0.08954,0.14923333333333333,0.6,5.0,5,0.14282
2021-06-01,Materials,0.07872,0.1968,0.4,4.0,5,0.08954
2021-06-02,Materials,0.0,0.0,0.2,2.0,5,0.07872
2021-06-03,Materials,0.16076,0.20095,0.8,5.0,5,0.0
2021-06-04,Materials,0.0,0.0,0.2,2.0,5,0.16076
2021-06-07,Materials,0.08544500000000001,0.10680625,0.8,9.0,5,0.0
2021-06-08,Materials,0.07224,0.12040000000000001,0.6,5.0,5,0.08544500000000001
2021-06-09,Materials,0.0,0.0,0.2,1.0,5,0.07224
2021-06-10,Materials,0.0,0.0,0.2,1.0,5,0.0
2021-06-11,Materials,0.0,0.0,0.4,2.0,5,0.0
2021-06-14,Materials,0.20373999999999998,0.33956666666666663,0.6,4.0,5,0.0
2021-06-15,Materials,0.0,0.0,0.2,1.0,5,0.20373999999999998
2021-06-16,Materials,0.0,0.0,0.4,2.0,5,0.0
2021-06-17,Materials,0.035412,0.044265,0.8,9.0,5,0.0
2021-06-18,Materials,0.08879999999999999,0.148,0.6,4.0,5,0.035412
2021-06-21,Materials,0.026973333333333332,0.044955555555555554,0.6,5.0,5,0.08879999999999999
2021-06-22,Materials,0.04215,0.105375,0.4,3.0,5,0.026973333333333332
2021-06-23,Materials,0.0,,0.0,0.0,5,0.04215
2021-06-24,Materials,0.07894,0.098675,0.8,4.0,5,0.0
2021-06-25,Materials,0.030153333333333338,0.07538333333333334,0.4,4.0,5,0.07894
2021-06-28,Materials,0.0,0.0,0.4,2.0,5,0.030153333333333338
2021-06-29,Materials,0.00516,0.0258,0.2,1.0,5,0.0
2021-06-30,Materials,0.0,,0.0,0.0,5,0.00516
2021-07-01,Materials,0.04046,0.06743333333333333,0.6,3.0,5,0.0
2021-07-02,Materials,0.059199999999999996,0.296,0.2,1.0,5,0.04046
2021-07-06,Materials,0.06361,0.0795125,0.8,5.0,5,0.059199999999999996
2021-07-07,Materials,0.0,0.0,0.2,1.0,5,0.06361
2021-07-08,Materials,-0.04887999999999999,-0.061099999999999995,0.8,5.0,5,0.0
2021-07-09,Materials,0.0,,0.0,0.0,5,-0.04887999999999999
2021-07-12,Materials,0.07636,0.3818,0.2,1.0,5,0.0
2021-07-13,Materials,0.0,0.0,0.4,2.0,5,0.07636
2021-07-14,Materials,0.0,0.0,0.2,1.0,5,0.0
2021-07-15,Materials,0.08038,0.20095,0.4,2.0,5,0.0
2021-07-16,Materials,0.068,0.11333333333333334,0.6,4.0,5,0.08038
2021-07-19,Materials,-0.013630000000000003,-0.022716666666666673,0.6,6.0,5,0.068
2021-07-20,Materials,0.08084,0.13473333333333334,0.6,3.0,5,-0.013630000000000003
2021-07-21,Materials,-0.03292666666666667,-0.054877777777777775,0.6,8.0,5,0.08084
2021-07-22,Materials,0.104496,0.13062,0.8,10.0,5,-0.03292666666666667
2021-07-23,Materials,0.0843,0.21075,0.4,2.0,5,0.104496
2021-07-26,Materials,0.08367,0.13945,0.6,5.0,5,0.0843
2021-07-27,Materials,0.10390666666666666,0.17317777777777776,0.6,5.0,5,0.08367
2021-07-28,Materials,0.0,,0.0,0.0,5,0.10390666666666666
2021-07-29,Materials,0.20673,0.2584125,0.8,5.0,5,0.0
2021-07-30,Materials,0.059199999999999996,0.296,0.2,1.0,5,0.20673
2021-08-02,Materials,0.0,0.0,0.4,2.0,5,0.059199999999999996
2021-08-03,Materials,0.11601999999999998,0.19336666666666666,0.6,16.0,5,0.0
2021-08-04,Materials,0.0,0.0,0.8,4.0,5,0.11601999999999998
2021-08-05,Materials,0.0,0.0,0.4,2.0,5,0.0
2021-08-06,Materials,0.0,0.0,0.2,1.0,5,0.0
2021-08-09,Materials,0.018213333333333335,0.09106666666666667,0.2,3.0,5,0.0
2021-08-10,Materials,0.01366,0.0683,0.2,4.0,5,0.018213333333333335
2021-08-11,Materials,-0.08430444444444445,-0.21076111111111112,0.4,10.0,5,0.01366
2021-08-12,Materials,0.12083999999999999,0.2014,0.6,3.0,5,-0.08430444444444445
2021-08-13,Materials,0.0843,0.21075,0.4,2.0,5,0.12083999999999999
2021-08-16,Materials,0.04046,0.04046,1.0,6.0,5,0.0843
2021-08-17,Materials,0.14350000000000002,0.35875,0.4,2.0,5,0.04046
2021-08-18,Materials,0.12294000000000001,0.2049,0.6,3.0,5,0.14350000000000002
2021-08-19,Materials,-0.01531,-0.02551666666666667,0.6,5.0,5,0.12294000000000001
2021-08-20,Materials,0.008139999999999991,0.02034999999999998,0.4,2.0,5,-0.01531
2021-08-23,Materials,0.08906,0.11132500000000001,0.8,6.0,5,0.008139999999999991
2021-08-24,Materials,0.0,0.0,0.2,1.0,5,0.08906
2021-08-25,Materials,0.0,0.0,0.2,2.0,5,0.0
2021-08-26,Materials,0.059199999999999996,0.296,0.2,1.0,5,0.0
2021-08-27,Materials,0.09878,0.24695,0.4,3.0,5,0.059199999999999996
2021-08-30,Materials,0.11148,0.13935,0.8,4.0,5,0.09878
2021-08-31,Materials,0.02266666666666667,0.05666666666666667,0.4,4.0,5,0.11148
2021-09-01,Materials,0.0,0.0,0.2,1.0,5,0.02266666666666667
2021-09-02,Materials,0.0,0.0,0.4,2.0,5,0.0
2021-09-03,Materials,0.0,,0.0,0.0,5,0.0
2021-09-07,Materials,0.02679333333333333,0.13396666666666665,0.2,3.0,5,0.0
2021-09-08,Materials,-0.10744000000000001,-0.17906666666666668,0.6,6.0,5,0.02679333333333333
2021-09-09,Materials,-0.030779999999999995,-0.07694999999999999,0.4,2.0,5,-0.10744000000000001
2021-09-10,Materials,0.0,0.0,0.4,2.0,5,-0.030779999999999995
2021-09-13,Materials,0.07007333333333333,0.07007333333333333,1.0,8.0,5,0.0
2021-09-14,Materials,0.07636,0.12726666666666667,0.6,3.0,5,0.07007333333333333
2021-09-15,Materials,0.0,,0.0,0.0,5,0.07636
2021-09-16,Materials,0.09966,0.24914999999999998,0.4,3.0,5,0.0
2021-09-17,Materials,0.12798,0.21330000000000002,0.6,6.0,5,0.09966
2021-09-20,Materials,0.12561,0.1570125,0.8,11.0,5,0.12798
2021-09-21,Materials,0.0,0.0,0.2,1.0,5,0.12561
2021-09-22,Materials,0.03682,0.03682,1.0,8.0,5,0.0
2021-09-23,Materials,0.0,0.0,0.2,1.0,5,0.03682
2021-09-24,Materials,0.0,0.0,0.4,3.0,5,0.0
2021-09-27,Materials,0.04019,0.100475,0.4,3.0,5,0.0
2021-09-28,Materials,0.0,0.0,0.4,2.0,5,0.04019
2021-09-29,Materials,0.0,0.0,0.4,2.0,5,0.0
2021-09-30,Materials,0.12498000000000001,0.2083,0.6,5.0,5,0.0
2021-10-01,Materials,0.0,0.0,0.2,1.0,5,0.12498000000000001
2021-10-04,Materials,0.0,,0.0,0.0,5,0.0
2021-10-05,Materials,-0.00411999999999999,-0.00686666666666665,0.6,4.0,5,0.0
2021-10-06,Materials,0.10837238095238096,0.18062063492063493,0.6,14.0,5,-0.00411999999999999
2021-10-07,Materials,0.12738,0.21230000000000002,0.6,3.0,5,0.10837238095238096
2021-10-08,Materials,0.148,0.185,0.8,5.0,5,0.12738
2021-10-11,Materials,0.1889,0.1889,1.0,6.0,5,0.148
2021-10-12,Materials,-0.08155,-0.40775,0.2,2.0,5,0.1889
2021-10-13,Materials,0.0015000000000000013,0.0025000000000000022,0.6,6.0,5,-0.08155
2021-10-14,Materials,-0.05106000000000001,-0.12765,0.4,3.0,5,0.0015000000000000013
2021-10-15,Materials,0.059199999999999996,0.148,0.4,2.0,5,-0.05106000000000001
2021-10-18,Materials,0.12498000000000001,0.31245,0.4,3.0,5,0.059199999999999996
2021-10-19,Materials,0.0,0.0,0.2,1.0,5,0.12498000000000001
2021-10-20,Materials,-0.01779,-0.0222375,0.8,5.0,5,0.0
2021-10-21,Materials,0.1042416666666667,0.13030208333333337,0.8,13.0,5,-0.01779
2021-10-22,Materials,0.08038,0.13396666666666665,0.6,3.0,5,0.1042416666666667
2021-10-25,Materials,0.07487,0.12478333333333334,0.6,4.0,5,0.08038
2021-10-26,Materials,-0.03612,-0.0903,0.4,3.0,5,0.07487
2021-10-27,Materials,0.10533999999999999,0.26335,0.4,2.0,5,-0.03612
2021-10-28,Materials,0.009626666666666669,0.02406666666666667,0.4,5.0,5,0.10533999999999999
2021-10-29,Materials,0.0,0.0,0.2,1.0,5,0.009626666666666669
2021-11-01,Materials,0.04046,0.06743333333333333,0.6,4.0,5,0.0
2021-11-02,Materials,-0.07304000000000002,-0.09130000000000002,0.8,15.0,5,0.04046
2021-11-03,Materials,0.0,,0.0,0.0,5,-0.07304000000000002
2021-11-04,Materials,0.0,0.0,0.4,2.0,5,0.0
2021-11-05,Materials,0.04215,0.07024999999999999,0.6,4.0,5,0.0
2021-11-08,Materials,0.094256,0.23564000000000002,0.4,6.0,5,0.04215
2021-11-09,Materials,0.059199999999999996,0.296,0.2,1.0,5,0.094256
2021-11-10,Materials,0.09029333333333334,0.4514666666666667,0.2,3.0,5,0.059199999999999996
2021-11-11,Materials,-0.02023,-0.10115,0.2,2.0,5,0.09029333333333334
2021-11-12,Materials,0.10968666666666667,0.18281111111111112,0.6,5.0,5,-0.02023
2021-11-15,Materials,0.12738,0.31845,0.4,2.0,5,0.10968666666666667
2021-11-16,Materials,0.07368000000000001,0.09210000000000002,0.8,6.0,5,0.12738
2021-11-17,Materials,-0.02044,-0.0511,0.4,3.0,5,0.07368000000000001
2021-11-18,Materials,0.0,0.0,0.2,1.0,5,-0.02044
2021-11-19,Materials,0.02023,0.10115,0.2,2.0,5,0.0
2021-11-22,Materials,0.25709499999999996,0.25709499999999996,1.0,9.0,5,0.02023
2021-11-23,Materials,0.050780000000000006,0.12695,0.4,2.0,5,0.25709499999999996
2021-11-24,Materials,0.0,0.0,0.6,3.0,5,0.050780000000000006
2021-11-26,Materials,0.0,0.0,0.4,2.0,5,0.0
2021-11-29,Materials,0.0,0.0,0.4,3.0,5,0.0
2021-11-30,Materials,0.08065,0.201625,0.4,3.0,5,0.0
2021-12-01,Materials,-0.03996,-0.1998,0.2,3.0,5,0.08065
2021-12-02,Materials,-0.14220666666666668,-0.23701111111111114,0.6,5.0,5,-0.03996
2021-12-03,Materials,-0.006443333333333333,-0.016108333333333332,0.4,7.0,5,-0.14220666666666668
2021-12-06,Materials,0.047670000000000004,0.119175,0.4,3.0,5,-0.006443333333333333
2021-12-07,Materials,0.0,0.0,0.2,2.0,5,0.047670000000000004
2021-12-08,Materials,0.08808,0.2202,0.4,2.0,5,0.0
2021-12-09,Materials,0.19453,0.19453,1.0,7.0,5,0.08808
2021-12-10,Materials,0.068,0.34,0.2,1.0,5,0.19453
2021-12-13,Materials,0.0,0.0,0.2,2.0,5,0.068
2021-12-14,Materials,0.14552,0.24253333333333335,0.6,6.0,5,0.0
2021-12-15,Materials,0.15227,0.2537833333333333,0.6,6.0,5,0.14552
2021-12-16,Materials,0.02145333333333333,0.05363333333333333,0.4,5.0,5,0.15227
2021-12-17,Materials,0.0,0.0,0.2,1.0,5,0.02145333333333333
2021-12-20,Materials,0.03256,0.054266666666666664,0.6,3.0,5,0.0
2021-12-21,Materials,0.0,,0.0,0.0,5,0.03256
2021-12-22,Materials,0.0,,0.0,0.0,5,0.0
2021-12-23,Materials,0.16787,0.16787,1.0,7.0,5,0.0
2021-12-27,Materials,-0.02054,-0.1027,0.2,1.0,5,0.16787
2021-12-28,Materials,0.10881,0.1360125,0.8,10.0,5,-0.02054
2021-12-29,Materials,0.12738,0.6369,0.2,1.0,5,0.10881
2021-12-30,Materials,0.04019,0.100475,0.4,3.0,5,0.12738
2021-12-31,Materials,0.0,,0.0,0.0,5,0.04019
2022-01-03,Materials,0.04046,0.10115,0.4,2.0,5,0.0
2022-01-04,Materials,0.0,0.0,0.4,3.0,5,0.04046
2022-01-05,Materials,0.018213333333333335,0.09106666666666667,0.2,3.0,5,0.0
2022-01-06,Materials,0.14086666666666667,0.23477777777777778,0.6,5.0,5,0.018213333333333335
2022-01-07,Materials,0.04019,0.20095,0.2,2.0,5,0.14086666666666667
2022-01-10,Materials,0.059199999999999996,0.148,0.4,2.0,5,0.04019
2022-01-11,Materials,0.0,0.0,0.2,1.0,5,0.059199999999999996
2022-01-12,Materials,0.0,0.0,0.4,2.0,5,0.0
2022-01-13,Materials,0.11046,0.27615,0.4,4.0,5,0.0
2022-01-14,Materials,0.08186666666666667,0.20466666666666666,0.4,4.0,5,0.11046
2022-01-18,Materials,0.011025333333333333,0.018375555555555555,0.6,9.0,5,0.08186666666666667
2022-01-19,Materials,0.08371333333333333,0.13952222222222221,0.6,7.0,5,0.011025333333333333
2022-01-20,Materials,0.0354,0.04425,0.8,8.0,5,0.08371333333333333
2022-01-21,Materials,0.09859333333333334,0.12324166666666667,0.8,7.0,5,0.0354
2022-01-24,Materials,0.13702,0.13702,1.0,15.0,5,0.09859333333333334
2022-01-25,Materials,0.11243,0.1405375,0.8,5.0,5,0.13702
2022-01-26,Materials,0.02023,0.033716666666666666,0.6,4.0,5,0.11243
2022-01-27,Materials,0.14146,0.14146,1.0,19.0,5,0.02023
2022-01-28,Materials,0.0,0.0,0.2,1.0,5,0.14146
2022-01-31,Materials,-0.033859999999999994,-0.05643333333333333,0.6,3.0,5,0.0
2022-02-01,Materials,0.060833333333333336,0.1013888888888889,0.6,5.0,5,-0.033859999999999994
2022-02-02,Materials,0.06841,0.11401666666666667,0.6,5.0,5,0.060833333333333336
2022-02-03,Materials,-0.08808,-0.1468,0.6,3.0,5,0.06841
2022-02-04,Materials,0.034,0.085,0.4,4.0,5,-0.08808
2022-02-07,Materials,0.06364,0.1591,0.4,3.0,5,0.034
2022-02-08,Materials,0.09989727272727272,0.1248715909090909,0.8,15.0,5,0.06364
2022-02-09,Materials,0.08038,0.20095,0.4,2.0,5,0.09989727272727272
2022-02-10,Materials,0.03612,0.060200000000000004,0.6,4.0,5,0.08038
2022-02-11,Materials,0.15433999999999998,0.38584999999999997,0.4,3.0,5,0.03612
2022-02-14,Materials,0.068,0.17,0.4,2.0,5,0.15433999999999998
2022-02-15,Materials,0.0,0.0,0.4,3.0,5,0.068
2022-02-16,Materials,-0.003920000000000002,-0.0065333333333333354,0.6,3.0,5,0.0
2022-02-17,Materials,0.03612,0.04515,0.8,6.0,5,-0.003920000000000002
2022-02-18,Materials,-0.15641600000000003,-0.15641600000000003,1.0,10.0,5,0.03612
2022-02-22,Materials,0.24127666666666667,0.30159583333333334,0.8,10.0,5,-0.15641600000000003
2022-02-23,Materials,0.13616,0.1702,0.8,4.0,5,0.24127666666666667
2022-02-24,Materials,0.0032600000000000016,0.01630000000000001,0.2,4.0,5,0.13616
2022-02-25,Materials,0.0,0.0,0.6,4.0,5,0.0032600000000000016
2022-02-28,Materials,0.0,0.0,0.6,3.0,5,0.0
2022-03-01,Materials,0.10212000000000002,0.17020000000000002,0.6,3.0,5,0.0
2022-03-02,Materials,0.07998999999999999,0.39994999999999997,0.2,2.0,5,0.10212000000000002
2022-03-03,Materials,0.0,0.0,0.2,1.0,5,0.07998999999999999
2022-03-04,Materials,-0.0041799999999999945,-0.0052249999999999935,0.8,6.0,5,0.0
2022-03-07,Materials,0.04526,0.056575,0.8,4.0,5,-0.0041799999999999945
2022-03-08,Materials,0.0994,0.16566666666666666,0.6,6.0,5,0.04526
2022-03-09,Materials,0.055900000000000005,0.09316666666666668,0.6,3.0,5,0.0994
2022-03-10,Materials,0.09483,0.09483,1.0,8.0,5,0.055900000000000005
2022-03-11,Materials,0.10415333333333335,0.1735888888888889,0.6,5.0,5,0.09483
2022-03-14,Materials,0.05,0.125,0.4,3.0,5,0.10415333333333335
2022-03-15,Materials,0.11204,0.2801,0.4,3.0,5,0.05
2022-03-16,Materials,0.14148999999999998,0.35372499999999996,0.4,3.0,5,0.11204
2022-03-17,Materials,0.027115,0.0677875,0.4,6.0,5,0.14148999999999998
2022-03-18,Materials,0.010940000000000016,0.01367500000000002,0.8,6.0,5,0.027115
2022-03-21,Materials,0.12897333333333333,0.16121666666666667,0.8,10.0,5,0.010940000000000016
2022-03-22,Materials,0.11148,0.1858,0.6,3.0,5,0.12897333333333333
2022-03-23,Materials,0.0,0.0,0.2,1.0,5,0.11148
2022-03-24,Materials,0.06637000000000001,0.16592500000000002,0.4,4.0,5,0.0
2022-03-25,Materials,0.12554666666666667,0.3138666666666667,0.4,4.0,5,0.06637000000000001
2022-03-28,Materials,0.03615333333333333,0.18076666666666666,0.2,3.0,5,0.12554666666666667
2022-03-29,Materials,-0.03716,-0.06193333333333333,0.6,4.0,5,0.03615333333333333
2022-03-30,Materials,0.068,0.11333333333333334,0.6,4.0,5,-0.03716
2022-03-31,Materials,0.23979,0.39965,0.6,4.0,5,0.068
2022-04-01,Materials,0.19083999999999998,0.31806666666666666,0.6,3.0,5,0.23979
2022-04-04,Materials,-0.02515,-0.041916666666666665,0.6,4.0,5,0.19083999999999998
2022-04-05,Materials,0.12086999999999999,0.15108749999999999,0.8,8.0,5,-0.02515
2022-04-06,Materials,0.19053333333333336,0.2381666666666667,0.8,7.0,5,0.12086999999999999
2022-04-07,Materials,0.059199999999999996,0.148,0.4,2.0,5,0.19053333333333336
2022-04-08,Materials,0.01779,0.02965,0.6,5.0,5,0.059199999999999996
2022-04-11,Materials,0.17826,0.44565,0.4,4.0,5,0.01779
2022-04-12,Materials,0.15298099999999998,0.19122625,0.8,14.0,5,0.17826
2022-04-13,Materials,0.2803916666666667,0.35048958333333335,0.8,9.0,5,0.15298099999999998
2022-04-14,Materials,0.155435,0.155435,1.0,11.0,5,0.2803916666666667
2022-04-18,Materials,0.12001500000000001,0.12001500000000001,1.0,8.0,5,0.155435
2022-04-19,Materials,0.05144,0.0643,0.8,12.0,5,0.12001500000000001
2022-04-20,Materials,0.06941133333333334,0.11568555555555556,0.6,15.0,5,0.05144
2022-04-21,Materials,0.07195377777777778,0.07195377777777778,1.0,20.0,5,0.06941133333333334
2022-04-22,Materials,0.03168888888888889,0.03961111111111111,0.8,20.0,5,0.07195377777777778
2022-04-25,Materials,0.2162583333333333,0.2162583333333333,1.0,15.0,5,0.03168888888888889
2022-04-26,Materials,0.1304475,0.163059375,0.8,13.0,5,0.2162583333333333
2022-04-27,Materials,0.08038,0.20095,0.4,3.0,5,0.1304475
2022-04-28,Materials,0.017906666666666668,0.029844444444444448,0.6,6.0,5,0.08038
2022-04-29,Materials,0.0,0.0,0.2,1.0,5,0.017906666666666668
2022-05-02,Materials,0.0,0.0,0.6,3.0,5,0.0
2022-05-03,Materials,-0.006146666666666664,-0.03073333333333332,0.2,9.0,5,0.0
2022-05-04,Materials,0.08664000000000001,0.21660000000000001,0.4,3.0,5,-0.006146666666666664
2022-05-05,Materials,0.12494000000000001,0.31235,0.4,3.0,5,0.08664000000000001
2022-05-06,Materials,0.043370000000000006,0.07228333333333335,0.6,5.0,5,0.12494000000000001
2022-05-09,Materials,0.0,0.0,0.4,2.0,5,0.043370000000000006
2022-05-10,Materials,0.2419,0.302375,0.8,8.0,5,0.0
2022-05-11,Materials,0.0,0.0,0.2,1.0,5,0.2419
2022-05-12,Materials,0.26960666666666666,0.3370083333333333,0.8,8.0,5,0.0
2022-05-13,Materials,0.06369,0.159225,0.4,3.0,5,0.26960666666666666
2022-05-16,Materials,0.01806,0.0903,0.2,4.0,5,0.06369
2022-05-17,Materials,0.07167166666666666,0.08958958333333333,0.8,10.0,5,0.01806
2022-05-18,Materials,0.059199999999999996,0.296,0.2,1.0,5,0.07167166666666666
2022-05-19,Materials,0.13044666666666666,0.2174111111111111,0.6,5.0,5,0.059199999999999996
2022-05-20,Materials,0.11655,0.19425,0.6,4.0,5,0.13044666666666666
2022-05-23,Materials,0.169035,0.281725,0.6,6.0,5,0.11655
2022-05-24,Materials,-0.0568,-0.14200000000000002,0.4,2.0,5,0.169035
2022-05-25,Materials,0.09712666666666667,0.1618777777777778,0.6,5.0,5,-0.0568
2022-05-26,Materials,0.035645,0.044556250000000006,0.8,7.0,5,0.09712666666666667
2022-05-27,Materials,-0.07432,-0.1858,0.4,2.0,5,0.035645
2022-05-31,Materials,0.07277,0.12128333333333334,0.6,4.0,5,-0.07432
2022-06-01,Materials,0.0791,0.098875,0.8,8.0,5,0.07277
2022-06-02,Materials,0.00516,0.0086,0.6,3.0,5,0.0791
2022-06-03,Materials,0.04046,0.10115,0.4,2.0,5,0.00516
2022-06-06,Materials,0.05872999999999999,0.07341249999999999,0.8,5.0,5,0.04046
2022-06-07,Materials,0.031019999999999992,0.03877499999999999,0.8,5.0,5,0.05872999999999999
2022-06-08,Materials,0.04939,0.123475,0.4,3.0,5,0.031019999999999992
2022-06-09,Materials,0.023219999999999998,0.029024999999999995,0.8,5.0,5,0.04939
2022-06-10,Materials,-0.09534000000000001,-0.1589,0.6,5.0,5,0.023219999999999998
2022-06-13,Materials,0.047990000000000005,0.07998333333333334,0.6,10.0,5,-0.09534000000000001
2022-06-14,Materials,0.12944,0.1618,0.8,7.0,5,0.047990000000000005
2022-06-15,Materials,0.185012,0.231265,0.8,10.0,5,0.12944
2022-06-16,Materials,0.09192,0.2298,0.4,6.0,5,0.185012
2022-06-17,Materials,-0.010889999999999997,-0.027224999999999992,0.4,6.0,5,0.09192
2022-06-21,Materials,0.08520000000000001,0.10650000000000001,0.8,5.0,5,-0.010889999999999997
2022-06-22,Materials,0.05897333333333332,0.09828888888888887,0.6,9.0,5,0.08520000000000001
2022-06-23,Materials,0.14505666666666667,0.14505666666666667,1.0,12.0,5,0.05897333333333332
2022-06-24,Materials,0.059199999999999996,0.148,0.4,2.0,5,0.14505666666666667
2022-06-27,Materials,0.23714,0.296425,0.8,10.0,5,0.059199999999999996
2022-06-28,Materials,0.24530000000000002,0.4088333333333334,0.6,4.0,5,0.23714
2022-06-29,Materials,0.034,0.085,0.4,3.0,5,0.24530000000000002
2022-06-30,Materials,0.04427,0.110675,0.4,3.0,5,0.034
2022-07-01,Materials,0.08038,0.20095,0.4,2.0,5,0.04427
2022-07-05,Materials,0.18201,0.2275125,0.8,11.0,5,0.08038
2022-07-06,Materials,0.18658000000000002,0.23322500000000002,0.8,4.0,5,0.18201
2022-07-07,Materials,-0.040319999999999995,-0.05039999999999999,0.8,6.0,5,0.18658000000000002
2022-07-08,Materials,0.06597,0.164925,0.4,3.0,5,-0.040319999999999995
2022-07-11,Materials,-0.018499999999999996,-0.018499999999999996,1.0,6.0,5,0.06597
2022-07-12,Materials,0.0,0.0,0.2,1.0,5,-0.018499999999999996
2022-07-13,Materials,0.03658,0.09145,0.4,4.0,5,0.0
2022-07-14,Materials,0.08671666666666666,0.10839583333333333,0.8,7.0,5,0.03658
2022-07-15,Materials,-0.0843,-0.4215,0.2,1.0,5,0.08671666666666666
2022-07-18,Materials,0.0765,0.19125,0.4,5.0,5,-0.0843
2022-07-19,Materials,0.07421999999999998,0.09277499999999998,0.8,6.0,5,0.0765
2022-07-20,Materials,0.049133333333333334,0.06141666666666667,0.8,11.0,5,0.07421999999999998
2022-07-21,Materials,0.05536333333333334,0.06920416666666668,0.8,15.0,5,0.049133333333333334
2022-07-22,Materials,-0.010069999999999999,-0.016783333333333334,0.6,5.0,5,0.05536333333333334
2022-07-25,Materials,0.13896098039215685,0.13896098039215685,1.0,25.0,5,-0.010069999999999999
2022-07-26,Materials,-0.03182,-0.039775,0.8,7.0,5,0.13896098039215685
2022-07-27,Materials,0.08713714285714284,0.21784285714285712,0.4,8.0,5,-0.03182
2022-07-28,Materials,0.09617,0.16028333333333333,0.6,5.0,5,0.08713714285714284
2022-07-29,Materials,0.0,0.0,0.2,2.0,5,0.09617
2022-08-01,Materials,0.0,0.0,0.2,1.0,5,0.0
2022-08-02,Materials,0.068338,0.11389666666666666,0.6,13.0,5,0.0
2022-08-03,Materials,0.10557999999999998,0.17596666666666663,0.6,3.0,5,0.068338
2022-08-04,Materials,0.04609,0.04609,1.0,6.0,5,0.10557999999999998
2022-08-05,Materials,0.09534000000000001,0.23835,0.4,2.0,5,0.04609
2022-08-08,Materials,0.16576,0.4144,0.4,2.0,5,0.09534000000000001
2022-08-09,Materials,0.0,0.0,0.2,1.0,5,0.16576
2022-08-10,Materials,0.08038,0.20095,0.4,2.0,5,0.0
2022-08-11,Materials,0.0,,0.0,0.0,5,0.08038
2022-08-12,Materials,0.0,,0.0,0.0,5,0.0
2022-08-15,Materials,0.03615333333333333,0.09038333333333333,0.4,4.0,5,0.0
2022-08-16,Materials,0.03612,0.04515,0.8,5.0,5,0.03615333333333333
2022-08-17,Materials,0.04404,0.1101,0.4,3.0,5,0.03612
2022-08-18,Materials,0.02263,0.0282875,0.8,6.0,5,0.04404
2022-08-19,Materials,0.0,,0.0,0.0,5,0.02263
2022-08-22,Materials,0.05423,0.0677875,0.8,5.0,5,0.0
2022-08-23,Materials,0.00664,0.011066666666666667,0.6,7.0,5,0.05423
2022-08-24,Materials,0.0,0.0,0.4,2.0,5,0.00664
2022-08-25,Materials,0.00258,0.003225,0.8,5.0,5,0.0
2022-08-26,Materials,0.057730000000000004,0.09621666666666667,0.6,4.0,5,0.00258
2022-08-29,Materials,0.001809999999999995,0.0030166666666666584,0.6,7.0,5,0.057730000000000004
2022-08-30,Materials,0.02278,0.03796666666666667,0.6,4.0,5,0.001809999999999995
2022-08-31,Materials,0.00516,0.0086,0.6,4.0,5,0.02278
2022-09-01,Materials,0.08595,0.21487499999999998,0.4,3.0,5,0.00516
2022-09-02,Materials,0.09152,0.2288,0.4,2.0,5,0.08595
2022-09-06,Materials,0.0,0.0,0.6,3.0,5,0.09152
2022-09-07,Materials,0.026530000000000005,0.06632500000000001,0.4,4.0,5,0.0
2022-09-08,Materials,0.18839,0.2354875,0.8,6.0,5,0.026530000000000005
2022-09-09,Materials,0.10533999999999999,0.26335,0.4,2.0,5,0.18839
2022-09-12,Materials,-0.05408999999999999,-0.06761249999999999,0.8,6.0,5,0.10533999999999999
2022-09-13,Materials,0.0256,0.128,0.2,1.0,5,-0.05408999999999999
2022-09-14,Materials,0.10938666666666667,0.18231111111111112,0.6,12.0,5,0.0256
2022-09-15,Materials,0.026026666666666663,0.04337777777777777,0.6,6.0,5,0.10938666666666667
2022-09-16,Materials,0.0,0.0,0.4,2.0,5,0.026026666666666663
2022-09-19,Materials,-0.08276,-0.10345,0.8,6.0,5,0.0
2022-09-20,Materials,0.0,,0.0,0.0,5,-0.08276
2022-09-21,Materials,0.034,0.0425,0.8,6.0,5,0.0
2022-09-22,Materials,0.17044666666666666,0.21305833333333332,0.8,7.0,5,0.034
2022-09-23,Materials,0.14150666666666667,0.17688333333333334,0.8,8.0,5,0.17044666666666666
2022-09-26,Materials,0.09908000000000002,0.16513333333333335,0.6,5.0,5,0.14150666666666667
2022-09-27,Materials,0.0,0.0,0.2,2.0,5,0.09908000000000002
2022-09-28,Materials,-0.013426666666666661,-0.016783333333333327,0.8,6.0,5,0.0
2022-09-29,Materials,0.0,0.0,0.2,1.0,5,-0.013426666666666661
2022-09-30,Materials,0.0,0.0,0.6,6.0,5,0.0
2022-10-03,Materials,0.07085,0.11808333333333333,0.6,5.0,5,0.0
2022-10-04,Materials,0.153,0.3825,0.4,2.0,5,0.07085
2022-10-05,Materials,0.055900000000000005,0.09316666666666668,0.6,4.0,5,0.153
2022-10-06,Materials,-0.11454,-0.1909,0.6,5.0,5,0.055900000000000005
2022-10-07,Materials,0.026980000000000004,0.06745000000000001,0.4,2.0,5,-0.11454
2022-10-10,Materials,0.09469000000000001,0.09469000000000001,1.0,6.0,5,0.026980000000000004
2022-10-11,Materials,0.0,0.0,0.6,4.0,5,0.09469000000000001
2022-10-12,Materials,0.068,0.34,0.2,1.0,5,0.0
2022-10-13,Materials,0.04019,0.0502375,0.8,5.0,5,0.068
2022-10-14,Materials,0.0,0.0,0.4,2.0,5,0.04019
2022-10-17,Materials,-0.05229999999999999,-0.13074999999999998,0.4,5.0,5,0.0
2022-10-18,Materials,0.06652,0.11086666666666667,0.6,6.0,5,-0.05229999999999999
2022-10-19,Materials,0.0,0.0,0.6,4.0,5,0.06652
2022-10-20,Materials,0.060768333333333334,0.060768333333333334,1.0,14.0,5,0.0
2022-10-21,Materials,0.12997,0.324925,0.4,3.0,5,0.060768333333333334
2022-10-24,Materials,0.11548666666666667,0.14435833333333334,0.8,8.0,5,0.12997
2022-10-25,Materials,0.11560666666666668,0.1926777777777778,0.6,5.0,5,0.11548666666666667
2022-10-26,Materials,0.07224,0.1806,0.4,2.0,5,0.11560666666666668
2022-10-27,Materials,0.08038,0.13396666666666665,0.6,5.0,5,0.07224
2022-10-28,Materials,0.0,0.0,0.4,2.0,5,0.08038
2022-10-31,Materials,0.0,0.0,0.2,1.0,5,0.0
2022-11-01,Materials,-0.029925,-0.0748125,0.4,6.0,5,0.0
2022-11-02,Materials,-0.06553333333333333,-0.16383333333333333,0.4,4.0,5,-0.029925
2022-11-03,Materials,0.07397000000000001,0.12328333333333334,0.6,4.0,5,-0.06553333333333333
2022-11-04,Materials,0.0,,0.0,0.0,5,0.07397000000000001
2022-11-07,Materials,0.0,0.0,0.8,5.0,5,0.0
2022-11-08,Materials,0.03778571428571429,0.04723214285714286,0.8,12.0,5,0.0
2022-11-09,Materials,0.0,0.0,0.4,3.0,5,0.03778571428571429
2022-11-10,Materials,0.0,0.0,0.4,3.0,5,0.0
2022-11-11,Materials,0.0765,0.19125,0.4,5.0,5,0.0
2022-11-14,Materials,0.06600000000000002,0.11000000000000003,0.6,4.0,5,0.0765
2022-11-15,Materials,0.23030999999999996,0.28788749999999996,0.8,5.0,5,0.06600000000000002
2022-11-16,Materials,0.0,,0.0,0.0,5,0.23030999999999996
2022-11-17,Materials,0.14192,0.7096,0.2,1.0,5,0.0
2022-11-18,Materials,0.14565999999999998,0.24276666666666666,0.6,5.0,5,0.14192
2022-11-21,Materials,0.07450000000000001,0.12416666666666669,0.6,6.0,5,0.14565999999999998
2022-11-22,Materials,0.0,0.0,0.2,1.0,5,0.07450000000000001
2022-11-23,Materials,0.029599999999999998,0.148,0.2,2.0,5,0.0
2022-11-25,Materials,0.0,0.0,0.4,2.0,5,0.029599999999999998
2022-11-28,Materials,0.04046,0.2023,0.2,1.0,5,0.0
2022-11-29,Materials,0.0,0.0,0.6,7.0,5,0.04046
2022-11-30,Materials,0.22732000000000002,0.22732000000000002,1.0,5.0,5,0.0
2022-12-01,Materials,0.07364666666666667,0.09205833333333333,0.8,7.0,5,0.22732000000000002
2022-12-02,Materials,-0.068,-0.17,0.4,2.0,5,0.07364666666666667
2022-12-05,Materials,0.0,0.0,0.4,2.0,5,-0.068
2022-12-06,Materials,0.07366666666666667,0.18416666666666667,0.4,4.0,5,0.0
2022-12-07,Materials,0.0,,0.0,0.0,5,0.07366666666666667
2022-12-08,Materials,0.068,0.17,0.4,2.0,5,0.0
2022-12-09,Materials,0.06369,0.159225,0.4,3.0,5,0.068
2022-12-12,Materials,-0.07432,-0.1858,0.4,2.0,5,0.06369
2022-12-13,Materials,0.09251000000000001,0.231275,0.4,3.0,5,-0.07432
2022-12-14,Materials,0.03818,0.06363333333333333,0.6,4.0,5,0.09251000000000001
2022-12-15,Materials,0.0,0.0,0.4,3.0,5,0.03818
2022-12-16,Materials,-0.12498000000000001,-0.6249,0.2,1.0,5,0.0
2022-12-19,Materials,0.03292666666666667,0.08231666666666666,0.4,4.0,5,-0.12498000000000001
2022-12-20,Materials,0.18470666666666666,0.23088333333333333,0.8,7.0,5,0.03292666666666667
2022-12-21,Materials,0.10184,0.16973333333333332,0.6,3.0,5,0.18470666666666666
2022-12-22,Materials,0.0,0.0,0.4,2.0,5,0.10184
2022-12-23,Materials,0.0,0.0,0.2,1.0,5,0.0
2022-12-27,Materials,0.17012,0.4253,0.4,2.0,5,0.0
2022-12-28,Materials,0.02732,0.045533333333333335,0.6,4.0,5,0.17012
2022-12-29,Materials,0.06541,0.163525,0.4,4.0,5,0.02732
2022-12-30,Materials,-0.03182,-0.1591,0.2,2.0,5,0.06541
2023-01-03,Materials,0.10212000000000002,0.12765,0.8,4.0,5,-0.03182
2023-01-04,Materials,0.04404,0.1101,0.4,4.0,5,0.10212000000000002
2023-01-05,Materials,0.12264,0.12264,1.0,7.0,5,0.04404
2023-01-06,Materials,0.0,0.0,0.4,5.0,5,0.12264
2023-01-09,Materials,0.08038,0.08038,1.0,10.0,5,0.0
2023-01-10,Materials,0.08038,0.13396666666666665,0.6,3.0,5,0.08038
2023-01-11,Materials,0.15686166666666668,0.19607708333333335,0.8,10.0,5,0.08038
2023-01-12,Materials,0.12682,0.15852499999999997,0.8,5.0,5,0.15686166666666668
2023-01-13,Materials,0.28611,0.28611,1.0,10.0,5,0.12682
2023-01-17,Materials,0.12886666666666666,0.21477777777777776,0.6,7.0,5,0.28611
2023-01-18,Materials,0.10169500000000001,0.16949166666666668,0.6,7.0,5,0.12886666666666666
2023-01-19,Materials,0.12136666666666666,0.15170833333333333,0.8,11.0,5,0.10169500000000001
2023-01-20,Materials,0.10002666666666667,0.16671111111111112,0.6,5.0,5,0.12136666666666666
2023-01-23,Materials,0.07505333333333333,0.1250888888888889,0.6,9.0,5,0.10002666666666667
2023-01-24,Materials,0.056065,0.09344166666666666,0.6,7.0,5,0.07505333333333333
2023-01-25,Materials,-0.09030399999999998,-0.09030399999999998,1.0,11.0,5,0.056065
2023-01-26,Materials,0.10861214285714287,0.10861214285714287,1.0,26.0,5,-0.09030399999999998
2023-01-27,Materials,0.059199999999999996,0.148,0.4,3.0,5,0.10861214285714287
2023-01-30,Materials,0.09517499999999998,0.23793749999999997,0.4,6.0,5,0.059199999999999996
2023-01-31,Materials,0.04391,0.07318333333333334,0.6,4.0,5,0.09517499999999998
2023-02-01,Materials,0.0,0.0,0.2,1.0,5,0.04391
2023-02-02,Materials,0.025530000000000004,0.042550000000000004,0.6,6.0,5,0.0
2023-02-03,Materials,0.0008480000000000043,0.0010600000000000054,0.8,9.0,5,0.025530000000000004
2023-02-06,Materials,0.06872999999999999,0.08591249999999999,0.8,17.0,5,0.0008480000000000043
2023-02-07,Materials,-0.06914333333333333,-0.06914333333333333,1.0,19.0,5,0.06872999999999999
2023-02-08,Materials,0.08038,0.13396666666666665,0.6,3.0,5,-0.06914333333333333
2023-02-09,Materials,-0.04826999999999999,-0.060337499999999995,0.8,8.0,5,0.08038
2023-02-10,Materials,0.04404,0.1101,0.4,3.0,5,-0.04826999999999999
2023-02-13,Materials,-0.00258,-0.003225,0.8,8.0,5,0.04404
2023-02-14,Materials,0.04526,0.07543333333333334,0.6,3.0,5,-0.00258
2023-02-15,Materials,0.06390285714285715,0.15975714285714288,0.4,10.0,5,0.04526
2023-02-16,Materials,0.1121,0.140125,0.8,7.0,5,0.06390285714285715
2023-02-17,Materials,-0.006655000000000001,-0.011091666666666668,0.6,6.0,5,0.1121
2023-02-21,Materials,-0.025715,-0.04285833333333333,0.6,10.0,5,-0.006655000000000001
2023-02-22,Materials,0.06886999999999999,0.1147833333333333,0.6,8.0,5,-0.025715
2023-02-23,Materials,0.023494999999999995,0.029368749999999996,0.8,13.0,5,0.06886999999999999
2023-02-24,Materials,0.09051666666666666,0.11314583333333333,0.8,7.0,5,0.023494999999999995
2023-02-27,Materials,0.2454,0.30675,0.8,6.0,5,0.09051666666666666
2023-02-28,Materials,0.10212000000000002,0.5106,0.2,1.0,5,0.2454
2023-03-01,Materials,0.087008,0.14501333333333333,0.6,8.0,5,0.10212000000000002
2023-03-02,Materials,-0.03498,-0.043725,0.8,8.0,5,0.087008
2023-03-03,Materials,0.014879999999999999,0.0186,0.8,8.0,5,-0.03498
2023-03-06,Materials,0.034,0.0425,0.8,6.0,5,0.014879999999999999
2023-03-07,Materials,0.047670000000000004,0.0595875,0.8,6.0,5,0.034
2023-03-08,Materials,0.12318,0.153975,0.8,7.0,5,0.047670000000000004
2023-03-09,Materials,-0.03612,-0.060200000000000004,0.6,7.0,5,0.12318
2023-03-10,Materials,0.084,0.10500000000000001,0.8,5.0,5,-0.03612
2023-03-13,Materials,0.13992,0.13992,1.0,8.0,5,0.084
2023-03-14,Materials,0.06376000000000001,0.07970000000000001,0.8,13.0,5,0.13992
2023-03-15,Materials,0.08374181818181818,0.08374181818181818,1.0,15.0,5,0.06376000000000001
2023-03-16,Materials,0.10134666666666667,0.16891111111111112,0.6,7.0,5,0.08374181818181818
2023-03-17,Materials,0.01797714285714286,0.02996190476190477,0.6,12.0,5,0.10134666666666667
2023-03-20,Materials,0.14259666666666668,0.23766111111111113,0.6,8.0,5,0.01797714285714286
2023-03-21,Materials,0.033371,0.04171375,0.8,12.0,5,0.14259666666666668
2023-03-22,Materials,0.07820666666666667,0.09775833333333334,0.8,6.0,5,0.033371
2023-03-23,Materials,0.046794999999999996,0.05849375,0.8,9.0,5,0.07820666666666667
2023-03-24,Materials,0.0,0.0,0.2,1.0,5,0.046794999999999996
2023-03-27,Materials,0.01146666666666667,0.028666666666666674,0.4,5.0,5,0.0
2023-03-28,Materials,0.14841,0.371025,0.4,4.0,5,0.01146666666666667
2023-03-29,Materials,0.08631333333333333,0.14385555555555554,0.6,8.0,5,0.14841
2023-03-30,Materials,0.09992999999999999,0.16655,0.6,6.0,5,0.08631333333333333
2023-03-31,Materials,0.023930000000000007,0.03988333333333335,0.6,5.0,5,0.09992999999999999
2023-04-03,Materials,-0.052669999999999995,-0.0658375,0.8,5.0,5,0.023930000000000007
2023-04-04,Materials,0.06972666666666667,0.11621111111111111,0.6,6.0,5,-0.052669999999999995
2023-04-05,Materials,0.17040000000000002,0.28400000000000003,0.6,4.0,5,0.06972666666666667
2023-04-06,Materials,0.14561,0.1820125,0.8,6.0,5,0.17040000000000002
2023-04-10,Materials,0.15696285714285713,0.19620357142857142,0.8,11.0,5,0.14561
2023-04-11,Materials,0.05121428571428571,0.06401785714285714,0.8,12.0,5,0.15696285714285713
2023-04-12,Materials,0.0,0.0,0.2,2.0,5,0.05121428571428571
2023-04-13,Materials,0.031420000000000003,0.039275000000000004,0.8,5.0,5,0.0
2023-04-14,Materials,0.01591,0.07955,0.2,4.0,5,0.031420000000000003
2023-04-17,Materials,0.10533999999999999,0.26335,0.4,2.0,5,0.01591
2023-04-18,Materials,0.14026,0.17532499999999998,0.8,8.0,5,0.10533999999999999
2023-04-19,Materials,0.015786666666666668,0.026311111111111115,0.6,8.0,5,0.14026
2023-04-20,Materials,0.1381004285714286,0.1381004285714286,1.0,20.0,5,0.015786666666666668
2023-04-21,Materials,0.02732,0.03415,0.8,8.0,5,0.1381004285714286
2023-04-24,Materials,0.06069,0.06069,1.0,6.0,5,0.02732
2023-04-25,Materials,0.08503238095238094,0.08503238095238094,1.0,16.0,5,0.06069
2023-04-26,Materials,0.03743799999999999,0.04679749999999999,0.8,13.0,5,0.08503238095238094
2023-04-27,Materials,0.07861333333333333,0.07861333333333333,1.0,12.0,5,0.03743799999999999
2023-04-28,Materials,0.11810000000000001,0.147625,0.8,8.0,5,0.07861333333333333
2023-05-01,Materials,0.07615000000000001,0.12691666666666668,0.6,6.0,5,0.11810000000000001
2023-05-02,Materials,0.014447999999999999,0.02408,0.6,7.0,5,0.07615000000000001
2023-05-03,Materials,-0.114828,-0.28707,0.4,6.0,5,0.014447999999999999
2023-05-04,Materials,0.002823333333333333,0.0035291666666666666,0.8,11.0,5,-0.114828
2023-05-05,Materials,0.0,0.0,0.4,2.0,5,0.002823333333333333
2023-05-08,Materials,0.120255,0.3006375,0.4,5.0,5,0.0
2023-05-09,Materials,0.0,0.0,0.2,1.0,5,0.120255
2023-05-10,Materials,0.04046,0.2023,0.2,1.0,5,0.0
2023-05-11,Materials,0.19445666666666667,0.19445666666666667,1.0,11.0,5,0.04046
2023-05-12,Materials,0.08879999999999999,0.148,0.6,4.0,5,0.19445666666666667
2023-05-15,Materials,0.05398571428571428,0.06748214285714285,0.8,12.0,5,0.08879999999999999
2023-05-16,Materials,0.09106666666666667,0.1517777777777778,0.6,5.0,5,0.05398571428571428
2023-05-17,Materials,0.029599999999999998,0.148,0.2,2.0,5,0.09106666666666667
2023-05-18,Materials,0.03275,0.0409375,0.8,11.0,5,0.029599999999999998
2023-05-19,Materials,0.02408,0.12040000000000001,0.2,3.0,5,0.03275
2023-05-22,Materials,0.09043399999999999,0.15072333333333332,0.6,8.0,5,0.02408
2023-05-23,Materials,0.087584,0.14597333333333332,0.6,7.0,5,0.09043399999999999
2023-05-24,Materials,-0.059199999999999996,-0.074,0.8,4.0,5,0.087584
2023-05-25,Materials,0.05147466666666667,0.05147466666666667,1.0,13.0,5,-0.059199999999999996
2023-05-26,Materials,0.03947333333333334,0.0657888888888889,0.6,8.0,5,0.05147466666666667
2023-05-30,Materials,0.13396266666666667,0.22327111111111111,0.6,9.0,5,0.03947333333333334
2023-05-31,Materials,0.09281999999999999,0.15469999999999998,0.6,5.0,5,0.13396266666666667
2023-06-01,Materials,-0.026755,-0.026755,1.0,14.0,5,0.09281999999999999
2023-06-02,Materials,0.10218714285714285,0.25546785714285714,0.4,9.0,5,-0.026755
2023-06-05,Materials,0.10788,0.1798,0.6,6.0,5,0.10218714285714285
2023-06-06,Materials,0.08532000000000002,0.14220000000000002,0.6,4.0,5,0.10788
2023-06-07,Materials,0.06437999999999999,0.16094999999999998,0.4,2.0,5,0.08532000000000002
2023-06-08,Materials,0.017,0.028333333333333335,0.6,10.0,5,0.06437999999999999
2023-06-09,Materials,0.068,0.17,0.4,2.0,5,0.017
2023-06-12,Materials,0.006680000000000003,0.016700000000000007,0.4,4.0,5,0.068
2023-06-13,Materials,0.22902,0.286275,0.8,8.0,5,0.006680000000000003
2023-06-14,Materials,0.22366000000000003,0.3727666666666667,0.6,3.0,5,0.22902
2023-06-15,Materials,0.09620999999999999,0.09620999999999999,1.0,11.0,5,0.22366000000000003
2023-06-16,Materials,0.14135999999999999,0.2356,0.6,4.0,5,0.09620999999999999
2023-06-20,Materials,0.042600000000000006,0.07100000000000001,0.6,6.0,5,0.14135999999999999
2023-06-21,Materials,0.17464,0.2183,0.8,6.0,5,0.042600000000000006
2023-06-22,Materials,0.045349999999999994,0.07558333333333332,0.6,4.0,5,0.17464
2023-06-23,Materials,0.014799999999999999,0.024666666666666667,0.6,7.0,5,0.045349999999999994
2023-06-26,Materials,0.03612,0.0903,0.4,3.0,5,0.014799999999999999
2023-06-27,Materials,0.12264,0.12264,1.0,7.0,5,0.03612
2023-06-28,Materials,0.20529000000000003,0.2566125,0.8,6.0,5,0.12264
2023-06-29,Materials,0.03507333333333334,0.03507333333333334,1.0,10.0,5,0.20529000000000003
2023-06-30,Materials,-0.07432,-0.1858,0.4,2.0,5,0.03507333333333334
2023-07-03,Materials,0.02266666666666667,0.03777777777777778,0.6,7.0,5,-0.07432
2023-07-05,Materials,0.17028,0.2838,0.6,5.0,5,0.02266666666666667
2023-07-06,Materials,0.059199999999999996,0.074,0.8,9.0,5,0.17028
2023-07-07,Materials,0.059196000000000006,0.09866000000000001,0.6,7.0,5,0.059199999999999996
2023-07-10,Materials,0.19685999999999998,0.3281,0.6,3.0,5,0.059196000000000006
2023-07-11,Materials,0.08295,0.08295,1.0,9.0,5,0.19685999999999998
2023-07-12,Materials,0.10863,0.10863,1.0,8.0,5,0.08295
2023-07-13,Materials,0.0,0.0,0.8,6.0,5,0.10863
2023-07-14,Materials,0.0,0.0,0.2,1.0,5,0.0
2023-07-17,Materials,0.029759999999999998,0.0372,0.8,5.0,5,0.0
2023-07-18,Materials,0.025460000000000003,0.025460000000000003,1.0,7.0,5,0.029759999999999998
2023-07-19,Materials,0.0,0.0,0.8,6.0,5,0.025460000000000003
2023-07-20,Materials,0.10703499999999999,0.17839166666666664,0.6,11.0,5,0.0
2023-07-21,Materials,-0.04404,-0.04404,1.0,7.0,5,0.10703499999999999
2023-07-24,Materials,0.1255792857142857,0.1255792857142857,1.0,15.0,5,-0.04404
2023-07-25,Materials,0.10883541125541123,0.13604426406926404,0.8,23.0,5,0.1255792857142857
2023-07-26,Materials,0.027930000000000003,0.034912500000000006,0.8,16.0,5,0.10883541125541123
2023-07-27,Materials,0.020095,0.02511875,0.8,10.0,5,0.027930000000000003
2023-07-28,Materials,0.05464,0.2732,0.2,1.0,5,0.020095
2023-07-31,Materials,0.0,,0.0,0.0,5,0.05464
2023-08-01,Materials,0.16848,0.21059999999999998,0.8,5.0,5,0.0
2023-08-02,Materials,0.02505133333333335,0.031314166666666685,0.8,15.0,5,0.16848
2023-08-03,Materials,0.054669999999999996,0.0683375,0.8,7.0,5,0.02505133333333335
2023-08-04,Materials,0.0,,0.0,0.0,5,0.054669999999999996
2023-08-07,Materials,0.07224,0.3612,0.2,1.0,5,0.0
2023-08-08,Materials,0.01032,0.0258,0.4,3.0,5,0.07224
2023-08-09,Materials,0.12886,0.21476666666666666,0.6,4.0,5,0.01032
2023-08-10,Materials,0.04404,0.04404,1.0,6.0,5,0.12886
2023-08-11,Materials,0.05994666666666667,0.29973333333333335,0.2,3.0,5,0.04404
2023-08-14,Materials,0.15466333333333332,0.25777222222222224,0.6,6.0,5,0.05994666666666667
2023-08-15,Materials,0.034815,0.034815,1.0,10.0,5,0.15466333333333332
2023-08-16,Materials,0.0,,0.0,0.0,5,0.034815
2023-08-17,Materials,0.133335,0.133335,1.0,9.0,5,0.0
2023-08-18,Materials,0.026140000000000004,0.06535,0.4,4.0,5,0.133335
2023-08-21,Materials,0.020211428571428578,0.025264285714285722,0.8,13.0,5,0.026140000000000004
2023-08-22,Materials,0.015086666666666668,0.018858333333333335,0.8,8.0,5,0.020211428571428578
2023-08-23,Materials,0.0,0.0,0.4,2.0,5,0.015086666666666668
2023-08-24,Materials,0.07636,0.09545,0.8,5.0,5,0.0
2023-08-25,Materials,0.18505333333333335,0.3084222222222222,0.6,5.0,5,0.07636
2023-08-28,Materials,0.16874,0.28123333333333334,0.6,4.0,5,0.18505333333333335
2023-08-29,Materials,0.0,0.0,0.2,1.0,5,0.16874
2023-08-30,Materials,0.20428666666666667,0.3404777777777778,0.6,6.0,5,0.0
2023-08-31,Materials,0.17987999999999998,0.22485,0.8,8.0,5,0.20428666666666667
2023-09-01,Materials,0.20751,0.2593875,0.8,5.0,5,0.17987999999999998
2023-09-05,Materials,0.06364,0.07955000000000001,0.8,8.0,5,0.20751
2023-09-06,Materials,0.12696000000000002,0.12696000000000002,1.0,6.0,5,0.06364
2023-09-07,Materials,0.07193333333333332,0.08991666666666666,0.8,8.0,5,0.12696000000000002
2023-09-08,Materials,0.10089333333333332,0.12611666666666665,0.8,7.0,5,0.07193333333333332
2023-09-11,Materials,0.16076,0.16076,1.0,6.0,5,0.10089333333333332
2023-09-12,Materials,0.04019,0.0502375,0.8,5.0,5,0.16076
2023-09-13,Materials,0.018690000000000002,0.046725,0.4,3.0,5,0.04019
2023-09-14,Materials,0.054779999999999995,0.068475,0.8,4.0,5,0.018690000000000002
2023-09-15,Materials,-0.043005,-0.1075125,0.4,10.0,5,0.054779999999999995
2023-09-18,Materials,0.075596,0.094495,0.8,13.0,5,-0.043005
2023-09-19,Materials,0.0,0.0,0.6,4.0,5,0.075596
2023-09-20,Materials,0.02023,0.033716666666666666,0.6,4.0,5,0.0
2023-09-21,Materials,0.10848,0.1356,0.8,8.0,5,0.02023
2023-09-22,Materials,0.05106000000000001,0.12765,0.4,3.0,5,0.10848
2023-09-25,Materials,-0.0846,-0.141,0.6,10.0,5,0.05106000000000001
2023-09-26,Materials,0.02732,0.1366,0.2,2.0,5,-0.0846
2023-09-27,Materials,0.11567333333333334,0.11567333333333334,1.0,7.0,5,0.02732
2023-09-28,Materials,0.13266,0.165825,0.8,6.0,5,0.11567333333333334
2023-09-29,Materials,0.0,0.0,0.2,1.0,5,0.13266
2023-10-02,Materials,0.18959,0.18959,1.0,9.0,5,0.0
2023-10-03,Materials,0.14458285714285715,0.18072857142857143,0.8,11.0,5,0.18959
2023-10-04,Materials,-0.0065400000000000015,-0.010900000000000002,0.6,6.0,5,0.14458285714285715
2023-10-05,Materials,0.12607666666666667,0.15759583333333332,0.8,8.0,5,-0.0065400000000000015
2023-10-06,Materials,0.09156,0.2289,0.4,3.0,5,0.12607666666666667
2023-10-09,Materials,0.010519999999999996,0.02629999999999999,0.4,3.0,5,0.09156
2023-10-10,Materials,0.03612,0.0903,0.4,3.0,5,0.010519999999999996
2023-10-11,Materials,0.12166666666666666,0.20277777777777775,0.6,7.0,5,0.03612
2023-10-12,Materials,0.12335,0.1541875,0.8,9.0,5,0.12166666666666666
2023-10-13,Materials,0.16409666666666667,0.27349444444444443,0.6,6.0,5,0.12335
2023-10-16,Materials,0.12770499999999999,0.21284166666666662,0.6,6.0,5,0.16409666666666667
2023-10-17,Materials,0.18587333333333336,0.2323416666666667,0.8,8.0,5,0.12770499999999999
2023-10-18,Materials,-0.07376666666666667,-0.07376666666666667,1.0,11.0,5,0.18587333333333336
2023-10-19,Materials,0.066455,0.066455,1.0,9.0,5,-0.07376666666666667
2023-10-20,Materials,-0.08038,-0.100475,0.8,6.0,5,0.066455
2023-10-23,Materials,0.11622666666666667,0.11622666666666667,1.0,20.0,5,-0.08038
2023-10-24,Materials,0.11016571428571428,0.1836095238095238,0.6,17.0,5,0.11622666666666667
2023-10-25,Materials,0.12247999999999999,0.15309999999999999,0.8,8.0,5,0.11016571428571428
2023-10-26,Materials,0.13132749999999999,0.13132749999999999,1.0,17.0,5,0.12247999999999999
2023-10-27,Materials,0.00772,0.0193,0.4,5.0,5,0.13132749999999999
2023-10-30,Materials,0.16892000000000001,0.16892000000000001,1.0,5.0,5,0.00772
2023-10-31,Materials,0.0,0.0,0.6,3.0,5,0.16892000000000001
2023-11-01,Materials,0.23265799999999998,0.23265799999999998,1.0,14.0,5,0.0
2023-11-02,Materials,0.07837,0.0979625,0.8,6.0,5,0.23265799999999998
2023-11-03,Materials,0.10913999999999999,0.18189999999999998,0.6,4.0,5,0.07837
2023-11-06,Materials,0.17402,0.29003333333333337,0.6,4.0,5,0.10913999999999999
2023-11-07,Materials,0.017099999999999997,0.021374999999999995,0.8,10.0,5,0.17402
2023-11-08,Materials,0.00516,0.0129,0.4,2.0,5,0.017099999999999997
2023-11-09,Materials,0.00129,0.0016125,0.8,10.0,5,0.00516
2023-11-10,Materials,-0.010600000000000009,-0.01766666666666668,0.6,4.0,5,0.00129
2023-11-13,Materials,0.10446666666666667,0.13058333333333333,0.8,6.0,5,-0.010600000000000009
2023-11-14,Materials,0.12562666666666666,0.20937777777777777,0.6,7.0,5,0.10446666666666667
2023-11-15,Materials,0.2202,0.367,0.6,6.0,5,0.12562666666666666
2023-11-16,Materials,0.04019,0.0502375,0.8,6.0,5,0.2202
2023-11-17,Materials,0.19308,0.24135,0.8,4.0,5,0.04019
2023-11-20,Materials,0.23261000000000004,0.3876833333333334,0.6,5.0,5,0.19308
2023-11-21,Materials,0.03818,0.047725,0.8,6.0,5,0.23261000000000004
2023-11-22,Materials,0.11096666666666666,0.27741666666666664,0.4,5.0,5,0.03818
2023-11-24,Materials,0.026334999999999997,0.03291875,0.8,8.0,5,0.11096666666666666
2023-11-27,Materials,0.019906666666666663,0.024883333333333327,0.8,7.0,5,0.026334999999999997
2023-11-28,Materials,0.11948666666666666,0.19914444444444443,0.6,6.0,5,0.019906666666666663
2023-11-29,Materials,0.07973,0.13288333333333333,0.6,7.0,5,0.11948666666666666
2023-11-30,Materials,0.08038,0.100475,0.8,4.0,5,0.07973
2023-12-01,Materials,0.12362999999999999,0.1545375,0.8,6.0,5,0.08038
2023-12-04,Materials,0.0,0.0,0.2,1.0,5,0.12362999999999999
2023-12-05,Materials,0.0,0.0,0.2,1.0,5,0.0
2023-12-06,Materials,0.08038,0.100475,0.8,4.0,5,0.0
2023-12-07,Materials,0.01587499999999999,0.01587499999999999,1.0,14.0,5,0.08038
2023-12-08,Materials,0.17374,0.2895666666666667,0.6,4.0,5,0.01587499999999999
2023-12-11,Materials,0.14307333333333333,0.14307333333333333,1.0,9.0,5,0.17374
2023-12-12,Materials,0.03592,0.05986666666666667,0.6,3.0,5,0.14307333333333333
2023-12-13,Materials,0.26586333333333334,0.3323291666666667,0.8,10.0,5,0.03592
2023-12-14,Materials,0.0,0.0,0.8,5.0,5,0.26586333333333334
2023-12-15,Materials,-0.05464,-0.2732,0.2,1.0,5,0.0
2023-12-18,Materials,-0.10235000000000001,-0.1279375,0.8,5.0,5,-0.05464
2023-12-19,Materials,0.0,,0.0,0.0,5,-0.10235000000000001
2023-12-20,Materials,0.0,,0.0,0.0,5,0.0
2023-12-21,Materials,0.0,,0.0,0.0,5,0.0
2023-12-22,Materials,0.0,,0.0,0.0,5,0.0
2023-12-26,Materials,0.0,,0.0,0.0,5,0.0
2023-12-27,Materials,0.0,,0.0,0.0,5,0.0
2023-12-28,Materials,0.0,,0.0,0.0,5,0.0
2023-12-29,Materials,0.0,,0.0,0.0,5,0.0
2020-01-02,RealEstate,0.007240000000000002,0.018100000000000005,0.4,3.0,5,
2020-01-03,RealEstate,-0.038419999999999996,-0.06403333333333333,0.6,5.0,5,0.007240000000000002
2020-01-06,RealEstate,0.08879999999999999,0.148,0.6,4.0,5,-0.038419999999999996
2020-01-07,RealEstate,0.07636,0.1909,0.4,2.0,5,0.08879999999999999
2020-01-08,RealEstate,-0.040319999999999995,-0.10079999999999999,0.4,3.0,5,0.07636
2020-01-09,RealEstate,0.0,0.0,0.2,1.0,5,-0.040319999999999995
2020-01-10,RealEstate,-0.08412,-0.08412,1.0,6.0,5,0.0
2020-01-13,RealEstate,0.047893333333333336,0.2394666666666667,0.2,3.0,5,-0.08412
2020-01-14,RealEstate,0.029599999999999998,0.148,0.2,2.0,5,0.047893333333333336
2020-01-15,RealEstate,0.010115,0.0252875,0.4,7.0,5,0.029599999999999998
2020-01-16,RealEstate,0.1486,0.24766666666666667,0.6,3.0,5,0.010115
2020-01-17,RealEstate,0.07486,0.18714999999999998,0.4,3.0,5,0.1486
2020-01-21,RealEstate,0.050306666666666666,0.08384444444444444,0.6,7.0,5,0.07486
2020-01-22,RealEstate,0.028360000000000003,0.04726666666666667,0.6,7.0,5,0.050306666666666666
2020-01-23,RealEstate,0.18839999999999998,0.314,0.6,4.0,5,0.028360000000000003
2020-01-24,RealEstate,0.03612,0.0903,0.4,5.0,5,0.18839999999999998
2020-01-27,RealEstate,0.05106000000000001,0.08510000000000001,0.6,6.0,5,0.03612
2020-01-28,RealEstate,0.07579,0.12631666666666666,0.6,4.0,5,0.05106000000000001
2020-01-29,RealEstate,0.09878,0.16463333333333333,0.6,5.0,5,0.07579
2020-01-30,RealEstate,0.09632,0.09632,1.0,7.0,5,0.09878
2020-01-31,RealEstate,0.14476,0.24126666666666666,0.6,4.0,5,0.09632
2020-02-03,RealEstate,0.034,0.085,0.4,3.0,5,0.14476
2020-02-04,RealEstate,0.05198333333333334,0.06497916666666667,0.8,8.0,5,0.034
2020-02-05,RealEstate,0.0,0.0,0.2,3.0,5,0.05198333333333334
2020-02-06,RealEstate,0.24698000000000003,0.308725,0.8,7.0,5,0.0
2020-02-07,RealEstate,0.0,0.0,0.4,3.0,5,0.24698000000000003
2020-02-10,RealEstate,0.09949333333333334,0.12436666666666667,0.8,13.0,5,0.0
2020-02-11,RealEstate,0.046473333333333346,0.07745555555555557,0.6,14.0,5,0.09949333333333334
2020-02-12,RealEstate,0.12695333333333333,0.31738333333333335,0.4,5.0,5,0.046473333333333346
2020-02-13,RealEstate,0.110812,0.138515,0.8,12.0,5,0.12695333333333333
2020-02-14,RealEstate,0.16716000000000003,0.20895000000000002,0.8,9.0,5,0.110812
2020-02-18,RealEstate,0.10593000000000001,0.13241250000000002,0.8,14.0,5,0.16716000000000003
2020-02-19,RealEstate,0.10102666666666667,0.10102666666666667,1.0,11.0,5,0.10593000000000001
2020-02-20,RealEstate,0.08502166666666666,0.10627708333333333,0.8,13.0,5,0.10102666666666667
2020-02-21,RealEstate,0.019790000000000002,0.024737500000000003,0.8,5.0,5,0.08502166666666666
2020-02-24,RealEstate,0.048205,0.08034166666666666,0.6,7.0,5,0.019790000000000002
2020-02-25,RealEstate,0.03112,0.0389,0.8,18.0,5,0.048205
2020-02-26,RealEstate,0.008445999999999995,0.008445999999999995,1.0,22.0,5,0.03112
2020-02-27,RealEstate,0.10004633333333332,0.12505791666666666,0.8,19.0,5,0.008445999999999995
2020-02-28,RealEstate,-0.002707777777777781,-0.002707777777777781,1.0,19.0,5,0.10004633333333332
2020-03-02,RealEstate,0.12584666666666666,0.20974444444444443,0.6,14.0,5,-0.002707777777777781
2020-03-03,RealEstate,0.093805,0.15634166666666668,0.6,6.0,5,0.12584666666666666
2020-03-04,RealEstate,0.27933,0.4655500000000001,0.6,7.0,5,0.093805
2020-03-05,RealEstate,0.22342,0.3723666666666667,0.6,3.0,5,0.27933
2020-03-06,RealEstate,0.02023,0.050575,0.4,3.0,5,0.22342
2020-03-09,RealEstate,0.10695000000000002,0.13368750000000001,0.8,7.0,5,0.02023
2020-03-10,RealEstate,0.059199999999999996,0.09866666666666667,0.6,3.0,5,0.10695000000000002
2020-03-11,RealEstate,0.30446,0.30446,1.0,7.0,5,0.059199999999999996
2020-03-12,RealEstate,0.019309999999999994,0.024137499999999992,0.8,6.0,5,0.30446
2020-03-13,RealEstate,0.11839999999999999,0.148,0.8,6.0,5,0.019309999999999994
2020-03-16,RealEstate,0.04990583333333333,0.06238229166666666,0.8,13.0,5,0.11839999999999999
2020-03-17,RealEstate,0.07348,0.1837,0.4,5.0,5,0.04990583333333333
2020-03-18,RealEstate,0.0,0.0,0.4,4.0,5,0.07348
2020-03-19,RealEstate,0.13015333333333334,0.21692222222222224,0.6,5.0,5,0.0
2020-03-20,RealEstate,0.049635,0.082725,0.6,7.0,5,0.13015333333333334
2020-03-23,RealEstate,0.04303,0.0537875,0.8,7.0,5,0.049635
2020-03-24,RealEstate,0.052515,0.06564375,0.8,9.0,5,0.04303
2020-03-25,RealEstate,0.07780000000000001,0.12966666666666668,0.6,6.0,5,0.052515
2020-03-26,RealEstate,0.3377533333333333,0.42219166666666663,0.8,10.0,5,0.07780000000000001
2020-03-27,RealEstate,0.32496,0.5416,0.6,4.0,5,0.3377533333333333
2020-03-30,RealEstate,0.265285,0.33160625,0.8,10.0,5,0.32496
2020-03-31,RealEstate,-0.138415,-0.17301875,0.8,10.0,5,0.265285
2020-04-01,RealEstate,-0.026806666666666666,-0.04467777777777778,0.6,6.0,5,-0.138415
2020-04-02,RealEstate,-0.031220000000000005,-0.039025000000000004,0.8,7.0,5,-0.026806666666666666
2020-04-03,RealEstate,0.08339,0.20847500000000002,0.4,3.0,5,-0.031220000000000005
2020-04-06,RealEstate,0.07337333333333333,0.18343333333333334,0.4,6.0,5,0.08339
2020-04-07,RealEstate,0.07574333333333334,0.09467916666666668,0.8,10.0,5,0.07337333333333333
2020-04-08,RealEstate,0.44486,0.556075,0.8,7.0,5,0.07574333333333334
2020-04-09,RealEstate,0.24424714285714283,0.30530892857142855,0.8,17.0,5,0.44486
2020-04-13,RealEstate,-0.048139999999999995,-0.06017499999999999,0.8,13.0,5,0.24424714285714283
2020-04-14,RealEstate,0.3383466666666667,0.5639111111111111,0.6,7.0,5,-0.048139999999999995
2020-04-15,RealEstate,-0.11978,-0.149725,0.8,9.0,5,0.3383466666666667
2020-04-16,RealEstate,-0.02732,-0.0683,0.4,4.0,5,-0.11978
2020-04-17,RealEstate,0.3508133333333333,0.43851666666666667,0.8,10.0,5,-0.02732
2020-04-20,RealEstate,0.01779,0.02965,0.6,5.0,5,0.3508133333333333
2020-04-21,RealEstate,0.030495000000000005,0.03811875000000001,0.8,10.0,5,0.01779
2020-04-22,RealEstate,0.16865999999999998,0.21082499999999998,0.8,11.0,5,0.030495000000000005
2020-04-23,RealEstate,0.12498000000000001,0.2083,0.6,6.0,5,0.16865999999999998
2020-04-24,RealEstate,0.041315000000000004,0.05164375,0.8,8.0,5,0.12498000000000001
2020-04-27,RealEstate,0.053123333333333335,0.053123333333333335,1.0,11.0,5,0.041315000000000004
2020-04-28,RealEstate,0.0925425,0.0925425,1.0,15.0,5,0.053123333333333335
2020-04-29,RealEstate,0.06366484848484849,0.07958106060606061,0.8,18.0,5,0.0925425
2020-04-30,RealEstate,0.07170666666666667,0.08963333333333334,0.8,11.0,5,0.06366484848484849
2020-05-01,RealEstate,0.088163,0.14693833333333334,0.6,10.0,5,0.07170666666666667
2020-05-04,RealEstate,0.06723,0.0840375,0.8,10.0,5,0.088163
2020-05-05,RealEstate,0.09609333333333334,0.12011666666666666,0.8,7.0,5,0.06723
2020-05-06,RealEstate,-0.025453333333333335,-0.03181666666666667,0.8,7.0,5,0.09609333333333334
2020-05-07,RealEstate,0.26164533333333334,0.32705666666666666,0.8,10.0,5,-0.025453333333333335
2020-05-08,RealEstate,0.07484666666666667,0.18711666666666668,0.4,5.0,5,0.26164533333333334
2020-05-11,RealEstate,0.008289999999999997,0.013816666666666663,0.6,6.0,5,0.07484666666666667
2020-05-12,RealEstate,-0.29967,-0.3745875,0.8,8.0,5,0.008289999999999997
2020-05-13,RealEstate,0.21844000000000002,0.27305,0.8,6.0,5,-0.29967
2020-05-14,RealEstate,0.15836666666666666,0.15836666666666666,1.0,14.0,5,0.21844000000000002
2020-05-15,RealEstate,-0.03971,-0.0496375,0.8,8.0,5,0.15836666666666666
2020-05-18,RealEstate,0.4415266666666667,0.5519083333333333,0.8,7.0,5,-0.03971
2020-05-19,RealEstate,0.06254,0.10423333333333333,0.6,6.0,5,0.4415266666666667
2020-05-20,RealEstate,0.06369,0.06369,1.0,7.0,5,0.06254
2020-05-21,RealEstate,0.0,0.0,0.4,2.0,5,0.06369
2020-05-22,RealEstate,0.10599,0.17665,0.6,14.0,5,0.0
2020-05-26,RealEstate,0.06588666666666666,0.1098111111111111,0.6,5.0,5,0.10599
2020-05-27,RealEstate,0.0,0.0,0.2,1.0,5,0.06588666666666666
2020-05-28,RealEstate,0.16668,0.20835,0.8,4.0,5,0.0
2020-05-29,RealEstate,0.01204,0.020066666666666667,0.6,6.0,5,0.16668
2020-06-01,RealEstate,-0.04880000000000001,-0.06100000000000001,0.8,6.0,5,0.01204
2020-06-02,RealEstate,0.08968000000000001,0.14946666666666666,0.6,5.0,5,-0.04880000000000001
2020-06-03,RealEstate,0.0872,0.0872,1.0,6.0,5,0.08968000000000001
2020-06-04,RealEstate,0.059199999999999996,0.148,0.4,2.0,5,0.0872
2020-06-05,RealEstate,0.0,0.0,0.4,2.0,5,0.059199999999999996
2020-06-08,RealEstate,0.10444,0.2611,0.4,3.0,5,0.0
2020-06-09,RealEstate,0.00516,0.0129,0.4,3.0,5,0.10444
2020-06-10,RealEstate,0.004915,0.024575,0.2,4.0,5,0.00516
2020-06-11,RealEstate,0.14750999999999997,0.24584999999999999,0.6,4.0,5,0.004915
2020-06-12,RealEstate,0.059199999999999996,0.296,0.2,1.0,5,0.14750999999999997
2020-06-15,RealEstate,0.04019,0.20095,0.2,2.0,5,0.059199999999999996
2020-06-16,RealEstate,0.10523,0.263075,0.4,4.0,5,0.04019
2020-06-17,RealEstate,-0.008280000000000004,-0.02070000000000001,0.4,3.0,5,0.10523
2020-06-18,RealEstate,0.20776,0.34626666666666667,0.6,3.0,5,-0.008280000000000004
2020-06-19,RealEstate,0.0,,0.0,0.0,5,0.20776
2020-06-22,RealEstate,0.0,,0.0,0.0,5,0.0
2020-06-23,RealEstate,0.0,0.0,0.6,4.0,5,0.0
2020-06-24,RealEstate,-0.07224,-0.1806,0.4,2.0,5,0.0
2020-06-25,RealEstate,0.0,,0.0,0.0,5,-0.07224
2020-06-26,RealEstate,0.0038199999999999996,0.0191,0.2,2.0,5,0.0
2020-06-29,RealEstate,0.0,0.0,0.2,1.0,5,0.0038199999999999996
2020-06-30,RealEstate,0.14436,0.3609,0.4,2.0,5,0.0
2020-07-01,RealEstate,0.0,0.0,0.4,2.0,5,0.14436
2020-07-02,RealEstate,-0.0256,-0.064,0.4,3.0,5,0.0
2020-07-06,RealEstate,-0.06364,-0.1591,0.4,2.0,5,-0.0256
2020-07-07,RealEstate,0.09677,0.48385,0.2,2.0,5,-0.06364
2020-07-08,RealEstate,-0.11988000000000001,-0.5994,0.2,1.0,5,0.09677
2020-07-09,RealEstate,0.0,0.0,0.4,2.0,5,-0.11988000000000001
2020-07-10,RealEstate,0.01544,0.0772,0.2,1.0,5,0.0
2020-07-13,RealEstate,0.0,0.0,0.2,1.0,5,0.01544
2020-07-14,RealEstate,0.0,0.0,0.2,1.0,5,0.0
2020-07-15,RealEstate,0.00857,0.014283333333333334,0.6,5.0,5,0.0
2020-07-16,RealEstate,0.0,,0.0,0.0,5,0.00857
2020-07-17,RealEstate,0.0,,0.0,0.0,5,0.0
2020-07-20,RealEstate,0.0,0.0,0.8,5.0,5,0.0
2020-07-21,RealEstate,0.032064,0.16032000000000002,0.2,5.0,5,0.0
2020-07-22,RealEstate,0.029869999999999997,0.14934999999999998,0.2,2.0,5,0.032064
2020-07-23,RealEstate,0.059199999999999996,0.148,0.4,3.0,5,0.029869999999999997
2020-07-24,RealEstate,0.0,0.0,0.2,1.0,5,0.059199999999999996
2020-07-27,RealEstate,0.1045,0.26125,0.4,3.0,5,0.0
2020-07-28,RealEstate,0.0,,0.0,0.0,5,0.1045
2020-07-29,RealEstate,0.10452999999999998,0.10452999999999998,1.0,6.0,5,0.0
2020-07-30,RealEstate,-0.05922000000000001,-0.07402500000000001,0.8,6.0,5,0.10452999999999998
2020-07-31,RealEstate,0.11717999999999999,0.29295,0.4,3.0,5,-0.05922000000000001
2020-08-03,RealEstate,0.06192000000000001,0.15480000000000002,0.4,2.0,5,0.11717999999999999
2020-08-04,RealEstate,-0.05994000000000001,-0.2997,0.2,2.0,5,0.06192000000000001
2020-08-05,RealEstate,0.06572,0.1643,0.4,3.0,5,-0.05994000000000001
2020-08-06,RealEstate,0.0,0.0,0.4,3.0,5,0.06572
2020-08-07,RealEstate,0.27158000000000004,0.339475,0.8,6.0,5,0.0
2020-08-10,RealEstate,0.0,0.0,0.2,1.0,5,0.27158000000000004
2020-08-11,RealEstate,0.08038,0.4019,0.2,1.0,5,0.0
2020-08-12,RealEstate,0.0,0.0,0.2,1.0,5,0.08038
2020-08-13,RealEstate,0.0,0.0,0.2,2.0,5,0.0
2020-08-14,RealEstate,0.07636,0.12726666666666667,0.6,3.0,5,0.0
2020-08-17,RealEstate,0.12738,0.31845,0.4,2.0,5,0.07636
2020-08-18,RealEstate,0.11188000000000001,0.5594,0.2,2.0,5,0.12738
2020-08-19,RealEstate,0.0,0.0,0.6,3.0,5,0.11188000000000001
2020-08-20,RealEstate,0.0,0.0,0.4,2.0,5,0.0
2020-08-21,RealEstate,0.03374666666666666,0.08436666666666666,0.4,4.0,5,0.0
2020-08-24,RealEstate,-0.02054,-0.025675,0.8,4.0,5,0.03374666666666666
2020-08-25,RealEstate,0.05,0.125,0.4,2.0,5,-0.02054
2020-08-26,RealEstate,0.09176,0.15293333333333334,0.6,4.0,5,0.05
2020-08-27,RealEstate,0.19455,0.32425,0.6,4.0,5,0.09176
2020-08-28,RealEstate,0.0,0.0,0.2,1.0,5,0.19455
2020-08-31,RealEstate,0.24176000000000003,0.6044,0.4,2.0,5,0.0
2020-09-01,RealEstate,0.024890000000000002,0.04148333333333334,0.6,4.0,5,0.24176000000000003
2020-09-02,RealEstate,0.0,0.0,0.2,1.0,5,0.024890000000000002
2020-09-03,RealEstate,0.0,0.0,0.2,1.0,5,0.0
2020-09-04,RealEstate,0.09341333333333332,0.15568888888888888,0.6,5.0,5,0.0
2020-09-08,RealEstate,0.027950000000000003,0.13975,0.2,2.0,5,0.09341333333333332
2020-09-09,RealEstate,-0.12498000000000001,-0.6249,0.2,1.0,5,0.027950000000000003
2020-09-10,RealEstate,0.0,,0.0,0.0,5,-0.12498000000000001
2020-09-11,RealEstate,0.0,0.0,0.4,2.0,5,0.0
2020-09-14,RealEstate,0.06369,0.31845,0.2,2.0,5,0.0
2020-09-15,RealEstate,0.03292666666666667,0.08231666666666666,0.4,4.0,5,0.06369
2020-09-16,RealEstate,0.0,0.0,0.2,1.0,5,0.03292666666666667
2020-09-17,RealEstate,-0.12248,-0.3062,0.4,2.0,5,0.0
2020-09-18,RealEstate,0.08808,0.2202,0.4,2.0,5,-0.12248
2020-09-21,RealEstate,0.0,0.0,0.2,1.0,5,0.08808
2020-09-22,RealEstate,0.0,0.0,0.2,1.0,5,0.0
2020-09-23,RealEstate,0.0,,0.0,0.0,5,0.0
2020-09-24,RealEstate,0.0,0.0,0.2,1.0,5,0.0
2020-09-25,RealEstate,0.0,,0.0,0.0,5,0.0
2020-09-28,RealEstate,0.04046,0.10115,0.4,2.0,5,0.0
2020-09-29,RealEstate,0.0,0.0,0.2,1.0,5,0.04046
2020-09-30,RealEstate,0.07636,0.3818,0.2,1.0,5,0.0
2020-10-01,RealEstate,0.0,,0.0,0.0,5,0.07636
2020-10-02,RealEstate,0.0,,0.0,0.0,5,0.0
2020-10-05,RealEstate,0.11438,0.28595,0.4,2.0,5,0.0
2020-10-06,RealEstate,0.08808,0.4404,0.2,1.0,5,0.11438
2020-10-07,RealEstate,0.0,,0.0,0.0,5,0.08808
2020-10-08,RealEstate,0.0,,0.0,0.0,5,0.0
2020-10-09,RealEstate,0.0,,0.0,0.0,5,0.0
2020-10-12,RealEstate,0.0,0.0,0.4,2.0,5,0.0
2020-10-13,RealEstate,0.0,,0.0,0.0,5,0.0
2020-10-14,RealEstate,0.052669999999999995,0.26335,0.2,2.0,5,0.0
2020-10-15,RealEstate,0.0,,0.0,0.0,5,0.052669999999999995
2020-10-16,RealEstate,0.0,,0.0,0.0,5,0.0
2020-10-19,RealEstate,0.0,0.0,0.2,1.0,5,0.0
2020-10-20,RealEstate,0.16946,0.42364999999999997,0.4,4.0,5,0.0
2020-10-21,RealEstate,0.029599999999999998,0.148,0.2,2.0,5,0.16946
2020-10-22,RealEstate,-0.11988000000000001,-0.2997,0.4,2.0,5,0.029599999999999998
2020-10-23,RealEstate,0.0,0.0,0.2,1.0,5,-0.11988000000000001
2020-10-26,RealEstate,0.15997999999999998,0.26663333333333333,0.6,3.0,5,0.0
2020-10-27,RealEstate,0.0,,0.0,0.0,5,0.15997999999999998
2020-10-28,RealEstate,0.09152,0.2288,0.4,2.0,5,0.0
2020-10-29,RealEstate,0.0,0.0,0.4,2.0,5,0.09152
2020-10-30,RealEstate,0.0,0.0,0.2,1.0,5,0.0
2020-11-02,RealEstate,0.03612,0.1806,0.2,2.0,5,0.0
2020-11-03,RealEstate,0.0,0.0,0.2,1.0,5,0.03612
2020-11-04,RealEstate,0.0,0.0,0.4,2.0,5,0.0
2020-11-05,RealEstate,0.02679333333333333,0.13396666666666665,0.2,3.0,5,0.0
2020-11-06,RealEstate,0.09966,0.12457499999999999,0.8,4.0,5,0.02679333333333333
2020-11-09,RealEstate,0.14476,0.24126666666666666,0.6,3.0,5,0.09966
2020-11-10,RealEstate,0.0,,0.0,0.0,5,0.14476
2020-11-11,RealEstate,0.06124,0.3062,0.2,2.0,5,0.0
2020-11-12,RealEstate,0.0,,0.0,0.0,5,0.06124
2020-11-13,RealEstate,0.10533999999999999,0.26335,0.4,2.0,5,0.0
2020-11-16,RealEstate,0.0,0.0,0.6,3.0,5,0.10533999999999999
2020-11-17,RealEstate,0.0,,0.0,0.0,5,0.0
2020-11-18,RealEstate,0.08808,0.4404,0.2,1.0,5,0.0
2020-11-19,RealEstate,0.0,0.0,0.2,1.0,5,0.08808
2020-11-20,RealEstate,0.0,,0.0,0.0,5,0.0
2020-11-23,RealEstate,0.0,0.0,0.2,1.0,5,0.0
2020-11-24,RealEstate,0.06427000000000001,0.10711666666666668,0.6,4.0,5,0.0
2020-11-25,RealEstate,0.0,,0.0,0.0,5,0.06427000000000001
2020-11-27,RealEstate,0.00506,0.012650000000000002,0.4,2.0,5,0.0
2020-11-30,RealEstate,0.15484,0.25806666666666667,0.6,3.0,5,0.00506
2020-12-01,RealEstate,0.068,0.34,0.2,1.0,5,0.15484
2020-12-02,RealEstate,0.03818,0.1909,0.2,2.0,5,0.068
2020-12-03,RealEstate,0.20356000000000002,0.33926666666666666,0.6,3.0,5,0.03818
2020-12-04,RealEstate,0.0,0.0,0.2,1.0,5,0.20356000000000002
2020-12-07,RealEstate,0.09534000000000001,0.4767,0.2,1.0,5,0.0
2020-12-08,RealEstate,0.0,0.0,0.2,1.0,5,0.09534000000000001
2020-12-09,RealEstate,0.00258,0.00645,0.4,3.0,5,0.0
2020-12-10,RealEstate,0.0,0.0,0.2,1.0,5,0.00258
2020-12-11,RealEstate,0.0,0.0,0.8,5.0,5,0.0
2020-12-14,RealEstate,0.015271999999999999,0.03818,0.4,6.0,5,0.0
2020-12-15,RealEstate,0.08424000000000001,0.1053,0.8,5.0,5,0.015271999999999999
2020-12-16,RealEstate,0.15158,0.2526333333333333,0.6,4.0,5,0.08424000000000001
2020-12-17,RealEstate,0.0,0.0,0.4,2.0,5,0.15158
2020-12-18,RealEstate,0.03637,0.18185,0.2,2.0,5,0.0
2020-12-21,RealEstate,0.02732,0.03415,0.8,5.0,5,0.03637
2020-12-22,RealEstate,0.0,,0.0,0.0,5,0.02732
2020-12-23,RealEstate,0.0,0.0,0.4,2.0,5,0.0
2020-12-24,RealEstate,0.08808,0.2202,0.4,2.0,5,0.0
2020-12-28,RealEstate,-0.02054,-0.1027,0.2,1.0,5,0.08808
2020-12-29,RealEstate,0.0,0.0,0.2,1.0,5,-0.02054
2020-12-30,RealEstate,0.0,0.0,1.0,5.0,5,0.0
2020-12-31,RealEstate,0.04074,0.2037,0.2,3.0,5,0.0
2021-01-04,RealEstate,0.0,0.0,0.2,2.0,5,0.04074
2021-01-05,RealEstate,0.0,0.0,0.8,5.0,5,0.0
2021-01-06,RealEstate,0.029599999999999998,0.148,0.2,2.0,5,0.0
2021-01-07,RealEstate,0.0,0.0,0.6,3.0,5,0.029599999999999998
2021-01-08,RealEstate,0.05464,0.2732,0.2,1.0,5,0.0
2021-01-11,RealEstate,0.17246,0.2874333333333334,0.6,3.0,5,0.05464
2021-01-12,RealEstate,0.015253333333333332,0.03813333333333333,0.4,7.0,5,0.17246
2021-01-13,RealEstate,0.12507333333333331,0.3126833333333333,0.4,4.0,5,0.015253333333333332
2021-01-14,RealEstate,0.0,0.0,0.2,1.0,5,0.12507333333333331
2021-01-15,RealEstate,0.18456999999999998,0.2307125,0.8,5.0,5,0.0
2021-01-19,RealEstate,0.0,0.0,0.4,2.0,5,0.18456999999999998
2021-01-20,RealEstate,0.0025499999999999967,0.003187499999999996,0.8,5.0,5,0.0
2021-01-21,RealEstate,0.0,,0.0,0.0,5,0.0025499999999999967
2021-01-22,RealEstate,0.0,,0.0,0.0,5,0.0
2021-01-25,RealEstate,0.08300666666666667,0.13834444444444446,0.6,7.0,5,0.0
2021-01-26,RealEstate,0.019733333333333332,0.04933333333333333,0.4,5.0,5,0.08300666666666667
2021-01-27,RealEstate,0.13806000000000002,0.34515,0.4,4.0,5,0.019733333333333332
2021-01-28,RealEstate,0.0,0.0,0.4,4.0,5,0.13806000000000002
2021-01-29,RealEstate,-0.028210000000000002,-0.070525,0.4,3.0,5,0.0
2021-02-01,RealEstate,0.12498000000000001,0.2083,0.6,3.0,5,-0.028210000000000002
2021-02-02,RealEstate,0.04046,0.06743333333333333,0.6,6.0,5,0.12498000000000001
2021-02-03,RealEstate,0.11442000000000001,0.28605,0.4,4.0,5,0.04046
2021-02-04,RealEstate,0.0,0.0,0.4,2.0,5,0.11442000000000001
2021-02-05,RealEstate,0.05719,0.28595,0.2,2.0,5,0.0
2021-02-08,RealEstate,0.15821999999999997,0.2637,0.6,4.0,5,0.05719
2021-02-09,RealEstate,0.0,0.0,0.2,1.0,5,0.15821999999999997
2021-02-10,RealEstate,0.0,,0.0,0.0,5,0.0
2021-02-11,RealEstate,0.08808,0.08808,1.0,5.0,5,0.0
2021-02-12,RealEstate,0.42962000000000006,0.5370250000000001,0.8,4.0,5,0.08808
2021-02-16,RealEstate,0.05719,0.28595,0.2,2.0,5,0.42962000000000006
2021-02-17,RealEstate,0.0,0.0,0.4,2.0,5,0.05719
2021-02-18,RealEstate,0.0,,0.0,0.0,5,0.0
2021-02-19,RealEstate,0.034,0.0425,0.8,6.0,5,0.0
2021-02-22,RealEstate,0.07224,0.12040000000000001,0.6,3.0,5,0.034
2021-02-23,RealEstate,0.04046,0.06743333333333333,0.6,3.0,5,0.07224
2021-02-24,RealEstate,0.09490666666666667,0.11863333333333334,0.8,6.0,5,0.04046
2021-02-25,RealEstate,0.031408000000000005,0.05234666666666667,0.6,7.0,5,0.09490666666666667
2021-02-26,RealEstate,0.07034,0.17585,0.4,2.0,5,0.031408000000000005
2021-03-01,RealEstate,0.37036,0.46295000000000003,0.8,5.0,5,0.07034
2021-03-02,RealEstate,0.0,0.0,0.2,1.0,5,0.37036
2021-03-03,RealEstate,0.00172,0.0028666666666666667,0.6,5.0,5,0.0
2021-03-04,RealEstate,0.11148,0.5574,0.2,1.0,5,0.00172
2021-03-05,RealEstate,0.0,0.0,0.6,3.0,5,0.11148
2021-03-08,RealEstate,0.22386,0.3731,0.6,3.0,5,0.0
2021-03-09,RealEstate,0.0,,0.0,0.0,5,0.22386
2021-03-10,RealEstate,0.03558,0.1779,0.2,1.0,5,0.0
2021-03-11,RealEstate,0.0,0.0,0.4,2.0,5,0.03558
2021-03-12,RealEstate,0.08768000000000001,0.14613333333333334,0.6,3.0,5,0.0
2021-03-15,RealEstate,0.28554666666666667,0.3569333333333333,0.8,6.0,5,0.08768000000000001
2021-03-16,RealEstate,-0.011293333333333332,-0.014116666666666666,0.8,6.0,5,0.28554666666666667
2021-03-17,RealEstate,-0.01027,-0.0128375,0.8,7.0,5,-0.011293333333333332
2021-03-18,RealEstate,0.19480000000000003,0.24350000000000002,0.8,4.0,5,-0.01027
2021-03-19,RealEstate,0.0,,0.0,0.0,5,0.19480000000000003
2021-03-22,RealEstate,0.0,,0.0,0.0,5,0.0
2021-03-23,RealEstate,0.0,0.0,0.4,2.0,5,0.0
2021-03-24,RealEstate,0.0,,0.0,0.0,5,0.0
2021-03-25,RealEstate,0.11968000000000001,0.2992,0.4,3.0,5,0.0
2021-03-26,RealEstate,0.0,,0.0,0.0,5,0.11968000000000001
2021-03-29,RealEstate,0.06455,0.0806875,0.8,5.0,5,0.0
2021-03-30,RealEstate,0.07636,0.12726666666666667,0.6,3.0,5,0.06455
2021-03-31,RealEstate,0.0,0.0,0.2,1.0,5,0.07636
2021-04-01,RealEstate,-0.05884,-0.2942,0.2,1.0,5,0.0
2021-04-05,RealEstate,-0.04327333333333334,-0.21636666666666668,0.2,3.0,5,-0.05884
2021-04-06,RealEstate,0.09534000000000001,0.4767,0.2,1.0,5,-0.04327333333333334
2021-04-07,RealEstate,0.08038,0.4019,0.2,1.0,5,0.09534000000000001
2021-04-08,RealEstate,0.0,0.0,0.2,1.0,5,0.08038
2021-04-09,RealEstate,0.0,0.0,0.2,1.0,5,0.0
2021-04-12,RealEstate,0.19771999999999998,0.49429999999999996,0.4,2.0,5,0.0
2021-04-13,RealEstate,0.0,0.0,0.2,1.0,5,0.19771999999999998
2021-04-14,RealEstate,0.0,0.0,0.4,2.0,5,0.0
2021-04-15,RealEstate,0.09176,0.1147,0.8,5.0,5,0.0
2021-04-16,RealEstate,0.0,0.0,0.2,1.0,5,0.09176
2021-04-19,RealEstate,0.03397,0.084925,0.4,5.0,5,0.0
2021-04-20,RealEstate,0.0,,0.0,0.0,5,0.03397
2021-04-21,RealEstate,0.03612,0.0903,0.4,3.0,5,0.0
2021-04-22,RealEstate,0.08038,0.13396666666666665,0.6,4.0,5,0.03612
2021-04-23,RealEstate,0.15566,0.7783,0.2,1.0,5,0.08038
2021-04-26,RealEstate,0.0636,0.0795,0.8,7.0,5,0.15566
2021-04-27,RealEstate,0.0,,0.0,0.0,5,0.0636
2021-04-28,RealEstate,0.13616666666666669,0.22694444444444448,0.6,7.0,5,0.0
2021-04-29,RealEstate,0.11371400000000001,0.1421425,0.8,14.0,5,0.13616666666666669
2021-04-30,RealEstate,0.1698,0.28300000000000003,0.6,5.0,5,0.11371400000000001
2021-05-03,RealEstate,0.21954,0.36590000000000006,0.6,4.0,5,0.1698
2021-05-04,RealEstate,0.0,,0.0,0.0,5,0.21954
2021-05-05,RealEstate,0.0,0.0,0.8,5.0,5,0.0
2021-05-06,RealEstate,-0.0121,-0.0605,0.2,2.0,5,0.0
2021-05-07,RealEstate,0.0,,0.0,0.0,5,-0.0121
2021-05-10,RealEstate,0.0,,0.0,0.0,5,0.0
2021-05-11,RealEstate,0.059199999999999996,0.296,0.2,1.0,5,0.0
2021-05-12,RealEstate,0.13957999999999998,0.34895,0.4,2.0,5,0.059199999999999996
2021-05-13,RealEstate,0.0,0.0,0.6,3.0,5,0.13957999999999998
2021-05-14,RealEstate,0.0,,0.0,0.0,5,0.0
2021-05-17,RealEstate,0.0,0.0,0.2,1.0,5,0.0
2021-05-18,RealEstate,0.0,0.0,0.2,1.0,5,0.0
2021-05-19,RealEstate,0.0,0.0,0.2,1.0,5,0.0
2021-05-20,RealEstate,0.0,,0.0,0.0,5,0.0
2021-05-21,RealEstate,0.0,,0.0,0.0,5,0.0
2021-05-24,RealEstate,0.04632,0.1158,0.4,4.0,5,0.0
2021-05-25,RealEstate,0.23349000000000003,0.583725,0.4,3.0,5,0.04632
2021-05-26,RealEstate,0.0,0.0,0.6,3.0,5,0.23349000000000003
2021-05-27,RealEstate,-0.01027,-0.05135,0.2,2.0,5,0.0
2021-05-28,RealEstate,0.20112000000000002,0.5028,0.4,2.0,5,-0.01027
2021-06-01,RealEstate,0.0797,0.13283333333333333,0.6,5.0,5,0.20112000000000002
2021-06-02,RealEstate,0.11438,0.5719,0.2,1.0,5,0.0797
2021-06-03,RealEstate,0.10102,0.16836666666666666,0.6,3.0,5,0.11438
2021-06-04,RealEstate,0.059199999999999996,0.296,0.2,1.0,5,0.10102
2021-06-07,RealEstate,0.09329000000000001,0.46645000000000003,0.2,2.0,5,0.059199999999999996
2021-06-08,RealEstate,0.0,,0.0,0.0,5,0.09329000000000001
2021-06-09,RealEstate,0.0,0.0,0.4,3.0,5,0.0
2021-06-10,RealEstate,0.15928,0.15928,1.0,5.0,5,0.0
2021-06-11,RealEstate,0.0,0.0,0.2,2.0,5,0.15928
2021-06-14,RealEstate,-0.01544,-0.0386,0.4,2.0,5,0.0
2021-06-15,RealEstate,-0.059199999999999996,-0.148,0.4,2.0,5,-0.01544
2021-06-16,RealEstate,0.07893333333333333,0.13155555555555556,0.6,5.0,5,-0.059199999999999996
2021-06-17,RealEstate,0.09534000000000001,0.23835,0.4,3.0,5,0.07893333333333333
2021-06-18,RealEstate,0.09769000000000001,0.1628166666666667,0.6,4.0,5,0.09534000000000001
2021-06-21,RealEstate,0.0,,0.0,0.0,5,0.09769000000000001
2021-06-22,RealEstate,-0.04046,-0.2023,0.2,1.0,5,0.0
2021-06-23,RealEstate,0.0,,0.0,0.0,5,-0.04046
2021-06-24,RealEstate,-0.07636,-0.1909,0.4,2.0,5,0.0
2021-06-25,RealEstate,0.06369,0.31845,0.2,2.0,5,-0.07636
2021-06-28,RealEstate,0.012886666666666666,0.06443333333333333,0.2,3.0,5,0.06369
2021-06-29,RealEstate,0.0,0.0,0.2,1.0,5,0.012886666666666666
2021-06-30,RealEstate,0.0,0.0,0.2,2.0,5,0.0
2021-07-01,RealEstate,0.29901999999999995,0.4983666666666666,0.6,7.0,5,0.0
2021-07-02,RealEstate,0.24758,0.61895,0.4,2.0,5,0.29901999999999995
2021-07-06,RealEstate,0.17759999999999998,0.296,0.6,3.0,5,0.24758
2021-07-07,RealEstate,0.17292000000000002,0.2882,0.6,4.0,5,0.17759999999999998
2021-07-08,RealEstate,0.0,0.0,0.2,1.0,5,0.17292000000000002
2021-07-09,RealEstate,-0.02732,-0.1366,0.2,2.0,5,0.0
2021-07-12,RealEstate,0.0,0.0,0.2,1.0,5,-0.02732
2021-07-13,RealEstate,0.0,0.0,0.2,1.0,5,0.0
2021-07-14,RealEstate,0.02023,0.0252875,0.8,6.0,5,0.0
2021-07-15,RealEstate,0.0,0.0,0.4,2.0,5,0.02023
2021-07-16,RealEstate,0.0,0.0,0.4,2.0,5,0.0
2021-07-19,RealEstate,-0.11438,-0.142975,0.8,6.0,5,0.0
2021-07-20,RealEstate,0.0,0.0,0.2,1.0,5,-0.11438
2021-07-21,RealEstate,0.0,0.0,0.2,1.0,5,0.0
2021-07-22,RealEstate,0.059199999999999996,0.148,0.4,5.0,5,0.0
2021-07-23,RealEstate,0.0,,0.0,0.0,5,0.059199999999999996
2021-07-26,RealEstate,0.09670999999999999,0.48355,0.2,2.0,5,0.0
2021-07-27,RealEstate,0.0,,0.0,0.0,5,0.09670999999999999
2021-07-28,RealEstate,0.029599999999999998,0.074,0.4,3.0,5,0.0
2021-07-29,RealEstate,-0.04392,-0.0732,0.6,5.0,5,0.029599999999999998
2021-07-30,RealEstate,0.0,0.0,0.4,2.0,5,-0.04392
2021-08-02,RealEstate,0.0601,0.15025,0.4,5.0,5,0.0
2021-08-03,RealEstate,0.058589999999999996,0.146475,0.4,3.0,5,0.0601
2021-08-04,RealEstate,0.0,0.0,0.4,3.0,5,0.058589999999999996
2021-08-05,RealEstate,0.0,,0.0,0.0,5,0.0
2021-08-06,RealEstate,0.08879999999999999,0.148,0.6,4.0,5,0.0
2021-08-09,RealEstate,-0.005135,-0.0128375,0.4,5.0,5,0.08879999999999999
2021-08-10,RealEstate,0.18658000000000002,0.46645000000000003,0.4,3.0,5,-0.005135
2021-08-11,RealEstate,0.17572000000000002,0.4393,0.4,2.0,5,0.18658000000000002
2021-08-12,RealEstate,0.059199999999999996,0.296,0.2,1.0,5,0.17572000000000002
2021-08-13,RealEstate,0.0,,0.0,0.0,5,0.059199999999999996
2021-08-16,RealEstate,0.043969999999999995,0.0549625,0.8,5.0,5,0.0
2021-08-17,RealEstate,0.059199999999999996,0.296,0.2,1.0,5,0.043969999999999995
2021-08-18,RealEstate,0.27971,0.46618333333333334,0.6,4.0,5,0.059199999999999996
2021-08-19,RealEstate,0.05,0.25,0.2,1.0,5,0.27971
2021-08-20,RealEstate,0.059199999999999996,0.296,0.2,1.0,5,0.05
2021-08-23,RealEstate,-0.02054,-0.1027,0.2,1.0,5,0.059199999999999996
2021-08-24,RealEstate,0.059199999999999996,0.296,0.2,1.0,5,-0.02054
2021-08-25,RealEstate,0.12136,0.3034,0.4,3.0,5,0.059199999999999996
2021-08-26,RealEstate,0.0,,0.0,0.0,5,0.12136
2021-08-27,RealEstate,0.02023,0.050575,0.4,3.0,5,0.0
2021-08-30,RealEstate,-0.0070599999999999994,-0.0353,0.2,3.0,5,0.02023
2021-08-31,RealEstate,0.0,0.0,0.4,2.0,5,-0.0070599999999999994
2021-09-01,RealEstate,0.05464,0.2732,0.2,1.0,5,0.0
2021-09-02,RealEstate,0.0,,0.0,0.0,5,0.05464
2021-09-03,RealEstate,0.01032,0.0516,0.2,1.0,5,0.0
2021-09-07,RealEstate,0.12201999999999999,0.152525,0.8,9.0,5,0.01032
2021-09-08,RealEstate,0.016720000000000002,0.041800000000000004,0.4,3.0,5,0.12201999999999999
2021-09-09,RealEstate,0.0,0.0,0.2,1.0,5,0.016720000000000002
2021-09-10,RealEstate,0.10618666666666668,0.2654666666666667,0.4,4.0,5,0.0
2021-09-13,RealEstate,0.0,0.0,0.8,8.0,5,0.10618666666666668
2021-09-14,RealEstate,0.20424000000000003,0.34040000000000004,0.6,3.0,5,0.0
2021-09-15,RealEstate,0.0,0.0,0.6,4.0,5,0.20424000000000003
2021-09-16,RealEstate,0.014099999999999991,0.023499999999999983,0.6,3.0,5,0.0
2021-09-17,RealEstate,0.0,0.0,0.6,4.0,5,0.014099999999999991
2021-09-20,RealEstate,0.058589999999999996,0.0732375,0.8,6.0,5,0.0
2021-09-21,RealEstate,0.034,0.17,0.2,2.0,5,0.058589999999999996
2021-09-22,RealEstate,0.06069,0.151725,0.4,3.0,5,0.034
2021-09-23,RealEstate,0.0,0.0,0.2,1.0,5,0.06069
2021-09-24,RealEstate,0.0,0.0,0.2,2.0,5,0.0
2021-09-27,RealEstate,0.14803,0.24671666666666667,0.6,5.0,5,0.0
2021-09-28,RealEstate,0.10533999999999999,0.5267,0.2,1.0,5,0.14803
2021-09-29,RealEstate,0.0,0.0,0.2,2.0,5,0.10533999999999999
2021-09-30,RealEstate,0.12083999999999999,0.3021,0.4,2.0,5,0.0
2021-10-01,RealEstate,0.0,0.0,0.4,2.0,5,0.12083999999999999
2021-10-04,RealEstate,0.0,0.0,0.4,2.0,5,0.0
2021-10-05,RealEstate,0.0,0.0,0.2,1.0,5,0.0
2021-10-06,RealEstate,0.14811000000000002,0.370275,0.4,3.0,5,0.0
2021-10-07,RealEstate,0.0,0.0,0.2,1.0,5,0.14811000000000002
2021-10-08,RealEstate,0.20373999999999998,0.50935,0.4,2.0,5,0.0
2021-10-11,RealEstate,0.08038,0.100475,0.8,5.0,5,0.20373999999999998
2021-10-12,RealEstate,0.0,0.0,0.2,1.0,5,0.08038
2021-10-13,RealEstate,0.20754,0.51885,0.4,3.0,5,0.0
2021-10-14,RealEstate,0.06468333333333333,0.10780555555555554,0.6,7.0,5,0.20754
2021-10-15,RealEstate,0.09084,0.1514,0.6,7.0,5,0.06468333333333333
2021-10-18,RealEstate,0.0,0.0,0.2,1.0,5,0.09084
2021-10-19,RealEstate,0.07636,0.1909,0.4,2.0,5,0.0
2021-10-20,RealEstate,0.05,0.125,0.4,2.0,5,0.07636
2021-10-21,RealEstate,0.0984,0.164,0.6,4.0,5,0.05
2021-10-22,RealEstate,0.14368,0.7184,0.2,1.0,5,0.0984
2021-10-25,RealEstate,0.02023,0.10115,0.2,2.0,5,0.14368
2021-10-26,RealEstate,0.07828,0.1957,0.4,2.0,5,0.02023
2021-10-27,RealEstate,0.06069,0.151725,0.4,3.0,5,0.07828
2021-10-28,RealEstate,0.12054999999999998,0.20091666666666663,0.6,6.0,5,0.06069
2021-10-29,RealEstate,0.10135333333333334,0.16892222222222222,0.6,6.0,5,0.12054999999999998
2021-11-01,RealEstate,0.02408,0.04013333333333333,0.6,5.0,5,0.10135333333333334
2021-11-02,RealEstate,0.013486666666666666,0.033716666666666666,0.4,4.0,5,0.02408
2021-11-03,RealEstate,0.0,0.0,0.2,2.0,5,0.013486666666666666
2021-11-04,RealEstate,0.0765,0.1275,0.6,5.0,5,0.0
2021-11-05,RealEstate,0.0,,0.0,0.0,5,0.0765
2021-11-08,RealEstate,0.00996,0.0166,0.6,5.0,5,0.0
2021-11-09,RealEstate,0.12902999999999998,0.32257499999999995,0.4,3.0,5,0.00996
2021-11-10,RealEstate,0.0,,0.0,0.0,5,0.12902999999999998
2021-11-11,RealEstate,0.16028,0.26713333333333333,0.6,4.0,5,0.0
2021-11-12,RealEstate,0.09176,0.2294,0.4,2.0,5,0.16028
2021-11-15,RealEstate,0.07823866666666665,0.13039777777777775,0.6,15.0,5,0.09176
2021-11-16,RealEstate,0.0,0.0,0.2,2.0,5,0.07823866666666665
2021-11-17,RealEstate,0.010115,0.050575,0.2,4.0,5,0.0
2021-11-18,RealEstate,0.23809999999999998,0.3968333333333333,0.6,4.0,5,0.010115
2021-11-19,RealEstate,0.0,,0.0,0.0,5,0.23809999999999998
2021-11-22,RealEstate,0.19996666666666668,0.24995833333333334,0.8,8.0,5,0.0
2021-11-23,RealEstate,0.0,,0.0,0.0,5,0.19996666666666668
2021-11-24,RealEstate,0.059199999999999996,0.296,0.2,1.0,5,0.0
2021-11-26,RealEstate,0.06369,0.31845,0.2,2.0,5,0.059199999999999996
2021-11-29,RealEstate,0.04166,0.052075,0.8,6.0,5,0.06369
2021-11-30,RealEstate,0.0,0.0,1.0,5.0,5,0.04166
2021-12-01,RealEstate,0.04046,0.10115,0.4,2.0,5,0.0
2021-12-02,RealEstate,0.189,0.47250000000000003,0.4,4.0,5,0.04046
2021-12-03,RealEstate,-0.08423999999999998,-0.14039999999999997,0.6,4.0,5,0.189
2021-12-06,RealEstate,0.02023,0.033716666666666666,0.6,4.0,5,-0.08423999999999998
2021-12-07,RealEstate,0.0,0.0,0.6,4.0,5,0.02023
2021-12-08,RealEstate,0.04887999999999999,0.061099999999999995,0.8,5.0,5,0.0
2021-12-09,RealEstate,0.12972,0.3243,0.4,2.0,5,0.04887999999999999
2021-12-10,RealEstate,0.14504,0.18130000000000002,0.8,4.0,5,0.12972
2021-12-13,RealEstate,0.013486666666666666,0.013486666666666666,1.0,10.0,5,0.14504
2021-12-14,RealEstate,0.27915,0.46525,0.6,4.0,5,0.013486666666666666
2021-12-15,RealEstate,0.10115,0.16858333333333334,0.6,4.0,5,0.27915
2021-12-16,RealEstate,0.06124,0.07655,0.8,5.0,5,0.10115
2021-12-17,RealEstate,0.04403999999999999,0.11009999999999998,0.4,3.0,5,0.06124
2021-12-20,RealEstate,0.05799,0.144975,0.4,3.0,5,0.04403999999999999
2021-12-21,RealEstate,0.27568,0.34459999999999996,0.8,4.0,5,0.05799
2021-12-22,RealEstate,0.0,0.0,0.4,4.0,5,0.27568
2021-12-23,RealEstate,0.0,0.0,0.2,1.0,5,0.0
2021-12-27,RealEstate,-0.0251,-0.031375,0.8,6.0,5,0.0
2021-12-28,RealEstate,0.04526,0.11315,0.4,2.0,5,-0.0251
2021-12-29,RealEstate,0.09319999999999999,0.15533333333333332,0.6,5.0,5,0.04526
2021-12-30,RealEstate,0.14189,0.2364833333333333,0.6,4.0,5,0.09319999999999999
2021-12-31,RealEstate,0.018739999999999996,0.04684999999999999,0.4,2.0,5,0.14189
2022-01-03,RealEstate,0.06369,0.10615000000000001,0.6,5.0,5,0.018739999999999996
2022-01-04,RealEstate,0.12288999999999999,0.30722499999999997,0.4,3.0,5,0.06369
2022-01-05,RealEstate,0.08808,0.1468,0.6,4.0,5,0.12288999999999999
2022-01-06,RealEstate,0.11839999999999999,0.19733333333333333,0.6,5.0,5,0.08808
2022-01-07,RealEstate,0.0,0.0,0.4,2.0,5,0.11839999999999999
2022-01-10,RealEstate,0.12738,0.31845,0.4,2.0,5,0.0
2022-01-11,RealEstate,-0.10618000000000002,-0.17696666666666672,0.6,5.0,5,0.12738
2022-01-12,RealEstate,-0.054225,-0.06778125,0.8,7.0,5,-0.10618000000000002
2022-01-13,RealEstate,0.068,0.11333333333333334,0.6,3.0,5,-0.054225
2022-01-14,RealEstate,0.0546,0.09100000000000001,0.6,4.0,5,0.068
2022-01-18,RealEstate,-0.04019,-0.0502375,0.8,6.0,5,0.0546
2022-01-19,RealEstate,0.206625,0.34437500000000004,0.6,6.0,5,-0.04019
2022-01-20,RealEstate,0.27708,0.27708,1.0,9.0,5,0.206625
2022-01-21,RealEstate,0.22897000000000003,0.28621250000000004,0.8,5.0,5,0.27708
2022-01-24,RealEstate,0.16029,0.16029,1.0,15.0,5,0.22897000000000003
2022-01-25,RealEstate,0.21207000000000004,0.35345000000000004,0.6,4.0,5,0.16029
2022-01-26,RealEstate,0.029360000000000004,0.1468,0.2,3.0,5,0.21207000000000004
2022-01-27,RealEstate,0.30445,0.30445,1.0,11.0,5,0.029360000000000004
2022-01-28,RealEstate,0.010789999999999989,0.013487499999999986,0.8,6.0,5,0.30445
2022-01-31,RealEstate,0.44339000000000006,0.44339000000000006,1.0,7.0,5,0.010789999999999989
2022-02-01,RealEstate,0.05719,0.28595,0.2,2.0,5,0.44339000000000006
2022-02-02,RealEstate,0.11927000000000001,0.1490875,0.8,7.0,5,0.05719
2022-02-03,RealEstate,0.059199999999999996,0.148,0.4,3.0,5,0.11927000000000001
2022-02-04,RealEstate,0.0,0.0,0.2,1.0,5,0.059199999999999996
2022-02-07,RealEstate,0.062490000000000004,0.0781125,0.8,6.0,5,0.0
2022-02-08,RealEstate,0.08823,0.14705000000000001,0.6,5.0,5,0.062490000000000004
2022-02-09,RealEstate,0.06493,0.06493,1.0,10.0,5,0.08823
2022-02-10,RealEstate,0.17209000000000002,0.21511250000000004,0.8,7.0,5,0.06493
2022-02-11,RealEstate,0.02023,0.050575,0.4,3.0,5,0.17209000000000002
2022-02-14,RealEstate,0.37518999999999997,0.46898749999999995,0.8,7.0,5,0.02023
2022-02-15,RealEstate,0.13278,0.22130000000000002,0.6,4.0,5,0.37518999999999997
2022-02-16,RealEstate,0.26154,0.4359,0.6,4.0,5,0.13278
2022-02-17,RealEstate,0.04166,0.04166,1.0,12.0,5,0.26154
2022-02-18,RealEstate,-0.01779,-0.02965,0.6,4.0,5,0.04166
2022-02-22,RealEstate,0.148098,0.1851225,0.8,12.0,5,-0.01779
2022-02-23,RealEstate,0.06528500000000001,0.06528500000000001,1.0,11.0,5,0.148098
2022-02-24,RealEstate,0.2177,0.36283333333333334,0.6,8.0,5,0.06528500000000001
2022-02-25,RealEstate,0.07417666666666667,0.09272083333333334,0.8,7.0,5,0.2177
2022-02-28,RealEstate,0.01513,0.025216666666666665,0.6,5.0,5,0.07417666666666667
2022-03-01,RealEstate,0.04046,0.050575,0.8,5.0,5,0.01513
2022-03-02,RealEstate,0.06597,0.06597,1.0,7.0,5,0.04046
2022-03-03,RealEstate,0.174575,0.21821875000000002,0.8,8.0,5,0.06597
2022-03-04,RealEstate,0.16965333333333335,0.42413333333333336,0.4,5.0,5,0.174575
2022-03-07,RealEstate,0.05440666666666667,0.09067777777777779,0.6,6.0,5,0.16965333333333335
2022-03-08,RealEstate,0.068,0.17,0.4,2.0,5,0.05440666666666667
2022-03-09,RealEstate,-0.033859999999999994,-0.05643333333333333,0.6,3.0,5,0.068
2022-03-10,RealEstate,0.034,0.0425,0.8,10.0,5,-0.033859999999999994
2022-03-11,RealEstate,0.11364,0.2841,0.4,4.0,5,0.034
2022-03-14,RealEstate,0.12754000000000001,0.12754000000000001,1.0,8.0,5,0.11364
2022-03-15,RealEstate,0.26957333333333333,0.3369666666666667,0.8,9.0,5,0.12754000000000001
2022-03-16,RealEstate,0.11038666666666667,0.2759666666666667,0.4,4.0,5,0.26957333333333333
2022-03-17,RealEstate,0.0,0.0,0.2,1.0,5,0.11038666666666667
2022-03-18,RealEstate,0.07003000000000001,0.07003000000000001,1.0,10.0,5,0.0
2022-03-21,RealEstate,0.09498666666666666,0.09498666666666666,1.0,13.0,5,0.07003000000000001
2022-03-22,RealEstate,0.030840000000000006,0.03855000000000001,0.8,6.0,5,0.09498666666666666
2022-03-23,RealEstate,0.08808,0.4404,0.2,1.0,5,0.030840000000000006
2022-03-24,RealEstate,0.03716,0.06193333333333333,0.6,5.0,5,0.08808
2022-03-25,RealEstate,0.09628,0.16046666666666667,0.6,5.0,5,0.03716
2022-03-28,RealEstate,0.055400000000000005,0.09233333333333334,0.6,8.0,5,0.09628
2022-03-29,RealEstate,0.17370666666666665,0.21713333333333332,0.8,6.0,5,0.055400000000000005
2022-03-30,RealEstate,0.23598999999999998,0.3933166666666666,0.6,6.0,5,0.17370666666666665
2022-03-31,RealEstate,0.020330000000000004,0.025412500000000005,0.8,6.0,5,0.23598999999999998
2022-04-01,RealEstate,0.14761,0.369025,0.4,3.0,5,0.020330000000000004
2022-04-04,RealEstate,0.10538500000000002,0.13173125000000002,0.8,7.0,5,0.14761
2022-04-05,RealEstate,0.123888,0.15486,0.8,10.0,5,0.10538500000000002
2022-04-06,RealEstate,0.07712,0.12853333333333333,0.6,6.0,5,0.123888
2022-04-07,RealEstate,0.08236,0.08236,1.0,6.0,5,0.07712
2022-04-08,RealEstate,0.059199999999999996,0.09866666666666667,0.6,3.0,5,0.08236
2022-04-11,RealEstate,0.021333333333333326,0.026666666666666658,0.8,9.0,5,0.059199999999999996
2022-04-12,RealEstate,0.28442,0.28442,1.0,9.0,5,0.021333333333333326
2022-04-13,RealEstate,0.015250000000000003,0.038125000000000006,0.4,5.0,5,0.28442
2022-04-14,RealEstate,0.18849,0.31415,0.6,8.0,5,0.015250000000000003
2022-04-18,RealEstate,0.050885,0.08480833333333333,0.6,6.0,5,0.18849
2022-04-19,RealEstate,0.0015960000000000084,0.0015960000000000084,1.0,11.0,5,0.050885
2022-04-20,RealEstate,-0.050025,-0.08337499999999999,0.6,7.0,5,0.0015960000000000084
2022-04-21,RealEstate,0.018725000000000002,0.018725000000000002,1.0,11.0,5,-0.050025
2022-04-22,RealEstate,0.04046,0.10115,0.4,3.0,5,0.018725000000000002
2022-04-25,RealEstate,0.13704666666666668,0.13704666666666668,1.0,7.0,5,0.04046
2022-04-26,RealEstate,0.0,0.0,0.8,5.0,5,0.13704666666666668
2022-04-27,RealEstate,0.08509,0.1063625,0.8,15.0,5,0.0
2022-04-28,RealEstate,0.12934,0.32335,0.4,4.0,5,0.08509
2022-04-29,RealEstate,0.14292,0.17864999999999998,0.8,9.0,5,0.12934
2022-05-02,RealEstate,0.14006000000000002,0.23343333333333335,0.6,5.0,5,0.14292
2022-05-03,RealEstate,0.058120000000000005,0.1453,0.4,4.0,5,0.14006000000000002
2022-05-04,RealEstate,0.04002666666666667,0.05003333333333334,0.8,7.0,5,0.058120000000000005
2022-05-05,RealEstate,0.024773333333333335,0.06193333333333333,0.4,4.0,5,0.04002666666666667
2022-05-06,RealEstate,0.04648,0.07746666666666667,0.6,6.0,5,0.024773333333333335
2022-05-09,RealEstate,0.13553,0.13553,1.0,7.0,5,0.04648
2022-05-10,RealEstate,0.11322000000000002,0.11322000000000002,1.0,15.0,5,0.13553
2022-05-11,RealEstate,0.017810000000000003,0.02968333333333334,0.6,5.0,5,0.11322000000000002
2022-05-12,RealEstate,0.19050666666666669,0.31751111111111113,0.6,5.0,5,0.017810000000000003
2022-05-13,RealEstate,0.14161,0.17701250000000002,0.8,5.0,5,0.19050666666666669
2022-05-16,RealEstate,0.10123666666666667,0.12654583333333333,0.8,9.0,5,0.14161
2022-05-17,RealEstate,0.27235,0.3404375,0.8,9.0,5,0.10123666666666667
2022-05-18,RealEstate,-0.03686,-0.06143333333333333,0.6,5.0,5,0.27235
2022-05-19,RealEstate,0.029205,0.03650625,0.8,8.0,5,-0.03686
2022-05-20,RealEstate,0.07935999999999999,0.07935999999999999,1.0,11.0,5,0.029205
2022-05-23,RealEstate,0.09847400000000002,0.09847400000000002,1.0,14.0,5,0.07935999999999999
2022-05-24,RealEstate,0.19203,0.32005,0.6,4.0,5,0.09847400000000002
2022-05-25,RealEstate,0.20534,0.256675,0.8,5.0,5,0.19203
2022-05-26,RealEstate,0.08823,0.14705000000000001,0.6,4.0,5,0.20534
2022-05-27,RealEstate,0.10679000000000001,0.1334875,0.8,5.0,5,0.08823
2022-05-31,RealEstate,0.095115,0.158525,0.6,6.0,5,0.10679000000000001
2022-06-01,RealEstate,0.09534000000000001,0.23835,0.4,3.0,5,0.095115
2022-06-02,RealEstate,0.11127000000000001,0.1390875,0.8,6.0,5,0.09534000000000001
2022-06-03,RealEstate,0.18933,0.2366625,0.8,8.0,5,0.11127000000000001
2022-06-06,RealEstate,0.045592,0.07598666666666666,0.6,9.0,5,0.18933
2022-06-07,RealEstate,0.04432666666666667,0.04432666666666667,1.0,8.0,5,0.045592
2022-06-08,RealEstate,0.09788,0.2447,0.4,7.0,5,0.04432666666666667
2022-06-09,RealEstate,0.13612666666666667,0.34031666666666666,0.4,4.0,5,0.09788
2022-06-10,RealEstate,0.13562,0.16952499999999998,0.8,9.0,5,0.13612666666666667
2022-06-13,RealEstate,0.09178800000000001,0.114735,0.8,12.0,5,0.13562
2022-06-14,RealEstate,0.08678999999999999,0.08678999999999999,1.0,8.0,5,0.09178800000000001
2022-06-15,RealEstate,-0.02241,-0.03735,0.6,9.0,5,0.08678999999999999
2022-06-16,RealEstate,0.08519,0.1064875,0.8,5.0,5,-0.02241
2022-06-17,RealEstate,0.230894,0.3848233333333333,0.6,8.0,5,0.08519
2022-06-21,RealEstate,0.22520333333333334,0.28150416666666667,0.8,11.0,5,0.230894
2022-06-22,RealEstate,0.15359333333333333,0.38398333333333334,0.4,4.0,5,0.22520333333333334
2022-06-23,RealEstate,0.20191999999999996,0.25239999999999996,0.8,6.0,5,0.15359333333333333
2022-06-24,RealEstate,-0.11148,-0.1858,0.6,4.0,5,0.20191999999999996
2022-06-27,RealEstate,0.08831,0.08831,1.0,8.0,5,-0.11148
2022-06-28,RealEstate,0.0913,0.0913,1.0,8.0,5,0.08831
2022-06-29,RealEstate,0.14172999999999997,0.17716249999999997,0.8,7.0,5,0.0913
2022-06-30,RealEstate,0.034,0.085,0.4,3.0,5,0.14172999999999997
2022-07-01,RealEstate,0.09706000000000001,0.09706000000000001,1.0,6.0,5,0.034
2022-07-05,RealEstate,0.17089333333333334,0.21361666666666668,0.8,9.0,5,0.09706000000000001
2022-07-06,RealEstate,-0.010199999999999992,-0.01274999999999999,0.8,6.0,5,0.17089333333333334
2022-07-07,RealEstate,0.08804666666666668,0.11005833333333334,0.8,8.0,5,-0.010199999999999992
2022-07-08,RealEstate,0.16555999999999998,0.2759333333333333,0.6,4.0,5,0.08804666666666668
2022-07-11,RealEstate,0.29322,0.29322,1.0,8.0,5,0.16555999999999998
2022-07-12,RealEstate,-0.00516,-0.00645,0.8,4.0,5,0.29322
2022-07-13,RealEstate,0.14231,0.23718333333333333,0.6,5.0,5,-0.00516
2022-07-14,RealEstate,0.06642,0.1107,0.6,5.0,5,0.14231
2022-07-15,RealEstate,-0.196442,-0.2455525,0.8,9.0,5,0.06642
2022-07-18,RealEstate,0.1016125,0.127015625,0.8,13.0,5,-0.196442
2022-07-19,RealEstate,-0.06294999999999999,-0.10491666666666666,0.6,4.0,5,0.1016125
2022-07-20,RealEstate,0.19226000000000001,0.19226000000000001,1.0,7.0,5,-0.06294999999999999
2022-07-21,RealEstate,0.17795999999999998,0.2966,0.6,7.0,5,0.19226000000000001
2022-07-22,RealEstate,0.26661999999999997,0.44436666666666663,0.6,4.0,5,0.17795999999999998
2022-07-25,RealEstate,0.21288000000000004,0.21288000000000004,1.0,12.0,5,0.26661999999999997
2022-07-26,RealEstate,0.13984000000000002,0.1748,0.8,5.0,5,0.21288000000000004
2022-07-27,RealEstate,0.27387466666666666,0.27387466666666666,1.0,16.0,5,0.13984000000000002
2022-07-28,RealEstate,0.11319666666666668,0.14149583333333335,0.8,16.0,5,0.27387466666666666
2022-07-29,RealEstate,0.26866,0.26866,1.0,7.0,5,0.11319666666666668
2022-08-01,RealEstate,0.21189,0.2648625,0.8,12.0,5,0.26866
2022-08-02,RealEstate,0.066905,0.1672625,0.4,8.0,5,0.21189
2022-08-03,RealEstate,0.010823333333333338,0.013529166666666672,0.8,8.0,5,0.066905
2022-08-04,RealEstate,0.20581333333333332,0.25726666666666664,0.8,8.0,5,0.010823333333333338
2022-08-05,RealEstate,0.17848000000000003,0.2974666666666667,0.6,5.0,5,0.20581333333333332
2022-08-08,RealEstate,0.10256000000000001,0.1282,0.8,10.0,5,0.17848000000000003
2022-08-09,RealEstate,0.23228,0.29035,0.8,6.0,5,0.10256000000000001
2022-08-10,RealEstate,0.07224,0.12040000000000001,0.6,3.0,5,0.23228
2022-08-11,RealEstate,0.25048,0.3131,0.8,9.0,5,0.07224
2022-08-12,RealEstate,0.01806,0.022575,0.8,8.0,5,0.25048
2022-08-15,RealEstate,-0.03005000000000002,-0.037562500000000026,0.8,6.0,5,0.01806
2022-08-16,RealEstate,0.05038000000000002,0.0839666666666667,0.6,5.0,5,-0.03005000000000002
2022-08-17,RealEstate,0.175945,0.21993125,0.8,11.0,5,0.05038000000000002
2022-08-18,RealEstate,0.02054,0.05135,0.4,2.0,5,0.175945
2022-08-19,RealEstate,0.29232,0.3654,0.8,5.0,5,0.02054
2022-08-22,RealEstate,0.251206,0.3140075,0.8,11.0,5,0.29232
2022-08-23,RealEstate,0.04019,0.06698333333333333,0.6,4.0,5,0.251206
2022-08-24,RealEstate,0.16047000000000003,0.16047000000000003,1.0,9.0,5,0.04019
2022-08-25,RealEstate,0.17573,0.21966249999999998,0.8,6.0,5,0.16047000000000003
2022-08-26,RealEstate,0.1406,0.35150000000000003,0.4,2.0,5,0.17573
2022-08-29,RealEstate,0.06865833333333334,0.08582291666666667,0.8,9.0,5,0.1406
2022-08-30,RealEstate,0.10846,0.27115,0.4,3.0,5,0.06865833333333334
2022-08-31,RealEstate,0.22335,0.22335,1.0,7.0,5,0.10846
2022-09-01,RealEstate,0.068,0.34,0.2,1.0,5,0.22335
2022-09-02,RealEstate,0.03404,0.08510000000000001,0.4,4.0,5,0.068
2022-09-06,RealEstate,0.29120999999999997,0.36401249999999996,0.8,7.0,5,0.03404
2022-09-07,RealEstate,0.05066666666666667,0.06333333333333334,0.8,9.0,5,0.29120999999999997
2022-09-08,RealEstate,0.23678,0.39463333333333334,0.6,4.0,5,0.05066666666666667
2022-09-09,RealEstate,0.43032000000000004,0.5379,0.8,5.0,5,0.23678
2022-09-12,RealEstate,0.17584833333333333,0.29308055555555557,0.6,10.0,5,0.43032000000000004
2022-09-13,RealEstate,0.09451000000000001,0.1181375,0.8,8.0,5,0.17584833333333333
2022-09-14,RealEstate,0.12735000000000002,0.21225000000000002,0.6,7.0,5,0.09451000000000001
2022-09-15,RealEstate,0.25329999999999997,0.316625,0.8,6.0,5,0.12735000000000002
2022-09-16,RealEstate,0.22346600000000003,0.27933250000000004,0.8,10.0,5,0.25329999999999997
2022-09-19,RealEstate,0.15440800000000002,0.25734666666666667,0.6,7.0,5,0.22346600000000003
2022-09-20,RealEstate,0.09198833333333334,0.22997083333333335,0.4,7.0,5,0.15440800000000002
2022-09-21,RealEstate,0.05266,0.065825,0.8,8.0,5,0.09198833333333334
2022-09-22,RealEstate,0.020410000000000022,0.020410000000000022,1.0,6.0,5,0.05266
2022-09-23,RealEstate,0.04526666666666667,0.07544444444444445,0.6,5.0,5,0.020410000000000022
2022-09-26,RealEstate,0.07312142857142859,0.07312142857142859,1.0,15.0,5,0.04526666666666667
2022-09-27,RealEstate,0.18853,0.31421666666666664,0.6,4.0,5,0.07312142857142859
2022-09-28,RealEstate,-0.07070333333333333,-0.08837916666666666,0.8,7.0,5,0.18853
2022-09-29,RealEstate,0.0,0.0,0.2,1.0,5,-0.07070333333333333
2022-09-30,RealEstate,0.16138000000000002,0.40345000000000003,0.4,3.0,5,0.0
2022-10-03,RealEstate,0.15457,0.386425,0.4,4.0,5,0.16138000000000002
2022-10-04,RealEstate,0.33353,0.33353,1.0,8.0,5,0.15457
2022-10-05,RealEstate,0.21647999999999995,0.27059999999999995,0.8,10.0,5,0.33353
2022-10-06,RealEstate,0.0,0.0,0.8,4.0,5,0.21647999999999995
2022-10-07,RealEstate,0.045924999999999994,0.05740624999999999,0.8,10.0,5,0.0
2022-10-10,RealEstate,0.10796999999999998,0.10796999999999998,1.0,13.0,5,0.045924999999999994
2022-10-11,RealEstate,-0.007940000000000003,-0.013233333333333338,0.6,3.0,5,0.10796999999999998
2022-10-12,RealEstate,0.062490000000000004,0.156225,0.4,3.0,5,-0.007940000000000003
2022-10-13,RealEstate,0.0,0.0,0.2,1.0,5,0.062490000000000004
2022-10-14,RealEstate,0.04862000000000001,0.12155000000000002,0.4,2.0,5,0.0
2022-10-17,RealEstate,0.053908,0.067385,0.8,9.0,5,0.04862000000000001
2022-10-18,RealEstate,0.010115,0.016858333333333333,0.6,7.0,5,0.053908
2022-10-19,RealEstate,0.10211,0.12763750000000001,0.8,12.0,5,0.010115
2022-10-20,RealEstate,0.18483999999999998,0.23104999999999998,0.8,6.0,5,0.10211
2022-10-21,RealEstate,0.300555,0.300555,1.0,10.0,5,0.18483999999999998
2022-10-24,RealEstate,0.25793000000000005,0.25793000000000005,1.0,12.0,5,0.300555
2022-10-25,RealEstate,0.12764,0.12764,1.0,7.0,5,0.25793000000000005
2022-10-26,RealEstate,0.10483,0.1310375,0.8,10.0,5,0.12764
2022-10-27,RealEstate,0.001100000000000001,0.001100000000000001,1.0,13.0,5,0.10483
2022-10-28,RealEstate,0.0,0.0,0.2,3.0,5,0.001100000000000001
2022-10-31,RealEstate,0.19326714285714286,0.19326714285714286,1.0,13.0,5,0.0
2022-11-01,RealEstate,0.20227666666666666,0.2528458333333333,0.8,7.0,5,0.19326714285714286
2022-11-02,RealEstate,0.07609933333333332,0.1268322222222222,0.6,10.0,5,0.20227666666666666
2022-11-03,RealEstate,0.061009999999999995,0.10168333333333333,0.6,9.0,5,0.07609933333333332
2022-11-04,RealEstate,-0.05464,-0.2732,0.2,1.0,5,0.061009999999999995
2022-11-07,RealEstate,0.08653999999999999,0.108175,0.8,13.0,5,-0.05464
2022-11-08,RealEstate,0.12476000000000001,0.3119,0.4,2.0,5,0.08653999999999999
2022-11-09,RealEstate,0.04046,0.10115,0.4,3.0,5,0.12476000000000001
2022-11-10,RealEstate,0.08234999999999999,0.10293749999999999,0.8,7.0,5,0.04046
2022-11-11,RealEstate,0.31967999999999996,0.5327999999999999,0.6,3.0,5,0.08234999999999999
2022-11-14,RealEstate,0.16756000000000001,0.2792666666666667,0.6,5.0,5,0.31967999999999996
2022-11-15,RealEstate,0.09878,0.4939,0.2,1.0,5,0.16756000000000001
2022-11-16,RealEstate,0.1627733333333333,0.27128888888888886,0.6,5.0,5,0.09878
2022-11-17,RealEstate,0.0,,0.0,0.0,5,0.1627733333333333
2022-11-18,RealEstate,-0.08092,-0.13486666666666666,0.6,3.0,5,0.0
2022-11-21,RealEstate,0.15201333333333333,0.19001666666666667,0.8,9.0,5,-0.08092
2022-11-22,RealEstate,-0.16468,-0.41169999999999995,0.4,2.0,5,0.15201333333333333
2022-11-23,RealEstate,0.13212000000000002,0.22020000000000003,0.6,4.0,5,-0.16468
2022-11-25,RealEstate,0.22468000000000005,0.3744666666666667,0.6,4.0,5,0.13212000000000002
2022-11-28,RealEstate,0.19124999999999998,0.47812499999999997,0.4,3.0,5,0.22468000000000005
2022-11-29,RealEstate,0.0,,0.0,0.0,5,0.19124999999999998
2022-11-30,RealEstate,0.08930999999999997,0.14884999999999995,0.6,4.0,5,0.0
2022-12-01,RealEstate,0.20901999999999998,0.261275,0.8,9.0,5,0.08930999999999997
2022-12-02,RealEstate,0.09966,0.1661,0.6,4.0,5,0.20901999999999998
2022-12-05,RealEstate,0.12738,0.31845,0.4,3.0,5,0.09966
2022-12-06,RealEstate,0.10178000000000001,0.25445,0.4,3.0,5,0.12738
2022-12-07,RealEstate,0.27003999999999995,0.33754999999999996,0.8,5.0,5,0.10178000000000001
2022-12-08,RealEstate,0.0,0.0,0.4,3.0,5,0.27003999999999995
2022-12-09,RealEstate,0.23876999999999998,0.39794999999999997,0.6,4.0,5,0.0
2022-12-12,RealEstate,0.04046,0.06743333333333333,0.6,3.0,5,0.23876999999999998
2022-12-13,RealEstate,-0.06364,-0.1591,0.4,2.0,5,0.04046
2022-12-14,RealEstate,0.034,0.05666666666666667,0.6,7.0,5,-0.06364
2022-12-15,RealEstate,0.034526666666666664,0.08631666666666667,0.4,4.0,5,0.034
2022-12-16,RealEstate,0.20776,0.5194,0.4,2.0,5,0.034526666666666664
2022-12-19,RealEstate,0.16439499999999999,0.16439499999999999,1.0,14.0,5,0.20776
2022-12-20,RealEstate,0.022615000000000003,0.056537500000000004,0.4,5.0,5,0.16439499999999999
2022-12-21,RealEstate,-0.026066666666666665,-0.043444444444444445,0.6,5.0,5,0.022615000000000003
2022-12-22,RealEstate,0.0,,0.0,0.0,5,-0.026066666666666665
2022-12-23,RealEstate,0.0,,0.0,0.0,5,0.0
2022-12-27,RealEstate,0.276205,0.276205,1.0,10.0,5,0.0
2022-12-28,RealEstate,0.16818666666666665,0.42046666666666666,0.4,4.0,5,0.276205
2022-12-29,RealEstate,0.08092,0.10115,0.8,6.0,5,0.16818666666666665
2022-12-30,RealEstate,0.03182,0.07955,0.4,3.0,5,0.08092
2023-01-03,RealEstate,0.17453000000000002,0.2181625,0.8,9.0,5,0.03182
2023-01-04,RealEstate,0.07224,0.1806,0.4,2.0,5,0.17453000000000002
2023-01-05,RealEstate,0.08835333333333334,0.22088333333333335,0.4,4.0,5,0.07224
2023-01-06,RealEstate,0.012665000000000001,0.063325,0.2,4.0,5,0.08835333333333334
2023-01-09,RealEstate,-0.017959999999999997,-0.02993333333333333,0.6,9.0,5,0.012665000000000001
2023-01-10,RealEstate,0.068,0.085,0.8,5.0,5,-0.017959999999999997
2023-01-11,RealEstate,0.03818,0.06363333333333333,0.6,5.0,5,0.068
2023-01-12,RealEstate,0.03626,0.045325000000000004,0.8,5.0,5,0.03818
2023-01-13,RealEstate,0.02023,0.033716666666666666,0.6,4.0,5,0.03626
2023-01-17,RealEstate,0.10565,0.1320625,0.8,8.0,5,0.02023
2023-01-18,RealEstate,0.014576666666666668,0.02429444444444445,0.6,8.0,5,0.10565
2023-01-19,RealEstate,0.08113999999999999,0.10142499999999999,0.8,10.0,5,0.014576666666666668
2023-01-20,RealEstate,0.04528666666666666,0.07547777777777777,0.6,8.0,5,0.08113999999999999
2023-01-23,RealEstate,0.0849,0.0849,1.0,13.0,5,0.04528666666666666
2023-01-24,RealEstate,0.26383,0.3297875,0.8,5.0,5,0.0849
2023-01-25,RealEstate,0.16620666666666667,0.27701111111111115,0.6,5.0,5,0.26383
2023-01-26,RealEstate,0.03195333333333333,0.05325555555555555,0.6,6.0,5,0.16620666666666667
2023-01-27,RealEstate,0.12264,0.3066,0.4,2.0,5,0.03195333333333333
2023-01-30,RealEstate,0.18621499999999996,0.23276874999999997,0.8,10.0,5,0.12264
2023-01-31,RealEstate,0.09762000000000001,0.12202500000000001,0.8,8.0,5,0.18621499999999996
2023-02-01,RealEstate,0.21884,0.27355,0.8,6.0,5,0.09762000000000001
2023-02-02,RealEstate,0.11345000000000001,0.1418125,0.8,5.0,5,0.21884
2023-02-03,RealEstate,0.06307666666666667,0.10512777777777778,0.6,6.0,5,0.11345000000000001
2023-02-06,RealEstate,0.1962304761904762,0.1962304761904762,1.0,19.0,5,0.06307666666666667
2023-02-07,RealEstate,0.03625333333333333,0.06042222222222222,0.6,6.0,5,0.1962304761904762
2023-02-08,RealEstate,0.0,0.0,0.8,5.0,5,0.03625333333333333
2023-02-09,RealEstate,0.14174,0.177175,0.8,8.0,5,0.0
2023-02-10,RealEstate,0.25075000000000003,0.4179166666666667,0.6,4.0,5,0.14174
2023-02-13,RealEstate,0.36696,0.4587,0.8,10.0,5,0.25075000000000003
2023-02-14,RealEstate,0.15886,0.15886,1.0,8.0,5,0.36696
2023-02-15,RealEstate,0.005146666666666667,0.008577777777777778,0.6,5.0,5,0.15886
2023-02-16,RealEstate,0.013583333333333336,0.022638888888888892,0.6,6.0,5,0.005146666666666667
2023-02-17,RealEstate,-0.006745000000000001,-0.016862500000000002,0.4,5.0,5,0.013583333333333336
2023-02-21,RealEstate,0.04042577777777778,0.05053222222222223,0.8,18.0,5,-0.006745000000000001
2023-02-22,RealEstate,0.09160166666666666,0.11450208333333334,0.8,11.0,5,0.04042577777777778
2023-02-23,RealEstate,0.04806166666666667,0.04806166666666667,1.0,20.0,5,0.09160166666666666
2023-02-24,RealEstate,0.0,0.0,0.8,8.0,5,0.04806166666666667
2023-02-27,RealEstate,0.11912,0.11912,1.0,12.0,5,0.0
2023-02-28,RealEstate,0.06582,0.16455,0.4,3.0,5,0.11912
2023-03-01,RealEstate,0.0551,0.068875,0.8,5.0,5,0.06582
2023-03-02,RealEstate,0.1403666666666667,0.23394444444444448,0.6,6.0,5,0.0551
2023-03-03,RealEstate,-0.00258,-0.0129,0.2,4.0,5,0.1403666666666667
2023-03-06,RealEstate,0.04136,0.04136,1.0,11.0,5,-0.00258
2023-03-07,RealEstate,0.04404,0.1101,0.4,3.0,5,0.04136
2023-03-08,RealEstate,0.1901,0.237625,0.8,5.0,5,0.04404
2023-03-09,RealEstate,0.050170000000000006,0.0627125,0.8,9.0,5,0.1901
2023-03-10,RealEstate,0.26161999999999996,0.26161999999999996,1.0,9.0,5,0.050170000000000006
2023-03-13,RealEstate,0.021646666666666658,0.021646666666666658,1.0,11.0,5,0.26161999999999996
2023-03-14,RealEstate,0.20270000000000002,0.20270000000000002,1.0,7.0,5,0.021646666666666658
2023-03-15,RealEstate,0.12635400000000002,0.1579425,0.8,10.0,5,0.20270000000000002
2023-03-16,RealEstate,0.18654,0.23317500000000002,0.8,8.0,5,0.12635400000000002
2023-03-17,RealEstate,0.15955,0.1994375,0.8,6.0,5,0.18654
2023-03-20,RealEstate,0.040580000000000005,0.050725000000000006,0.8,8.0,5,0.15955
2023-03-21,RealEstate,0.35960666666666663,0.4495083333333333,0.8,8.0,5,0.040580000000000005
2023-03-22,RealEstate,0.13924,0.23206666666666667,0.6,3.0,5,0.35960666666666663
2023-03-23,RealEstate,0.1092,0.1365,0.8,4.0,5,0.13924
2023-03-24,RealEstate,0.068,0.17,0.4,2.0,5,0.1092
2023-03-27,RealEstate,0.049998,0.08333,0.6,8.0,5,0.068
2023-03-28,RealEstate,0.059199999999999996,0.148,0.4,2.0,5,0.049998
2023-03-29,RealEstate,0.12131333333333334,0.2021888888888889,0.6,5.0,5,0.059199999999999996
2023-03-30,RealEstate,0.07077666666666667,0.11796111111111111,0.6,7.0,5,0.12131333333333334
2023-03-31,RealEstate,0.1467,0.24450000000000002,0.6,4.0,5,0.07077666666666667
2023-04-03,RealEstate,0.068248,0.08531,0.8,9.0,5,0.1467
2023-04-04,RealEstate,0.131125,0.16390625,0.8,7.0,5,0.068248
2023-04-05,RealEstate,0.021182857142857142,0.10591428571428571,0.2,7.0,5,0.131125
2023-04-06,RealEstate,0.09469000000000001,0.11836250000000001,0.8,8.0,5,0.021182857142857142
2023-04-10,RealEstate,0.07998166666666667,0.07998166666666667,1.0,16.0,5,0.09469000000000001
2023-04-11,RealEstate,0.35245000000000004,0.4405625,0.8,5.0,5,0.07998166666666667
2023-04-12,RealEstate,0.08944,0.22360000000000002,0.4,5.0,5,0.35245000000000004
2023-04-13,RealEstate,-0.01027,-0.025675,0.4,3.0,5,0.08944
2023-04-14,RealEstate,0.07364,0.12273333333333332,0.6,6.0,5,-0.01027
2023-04-17,RealEstate,0.010589999999999999,0.0132375,0.8,8.0,5,0.07364
2023-04-18,RealEstate,0.13140999999999997,0.13140999999999997,1.0,20.0,5,0.010589999999999999
2023-04-19,RealEstate,0.05388599999999999,0.06735749999999999,0.8,11.0,5,0.13140999999999997
2023-04-20,RealEstate,0.093145,0.11643125,0.8,9.0,5,0.05388599999999999
2023-04-21,RealEstate,0.090255,0.150425,0.6,7.0,5,0.093145
2023-04-24,RealEstate,0.1942333333333333,0.1942333333333333,1.0,14.0,5,0.090255
2023-04-25,RealEstate,0.09176666666666666,0.09176666666666666,1.0,15.0,5,0.1942333333333333
2023-04-26,RealEstate,-0.029208333333333336,-0.04868055555555556,0.6,11.0,5,0.09176666666666666
2023-04-27,RealEstate,0.03158999999999999,0.07897499999999999,0.4,5.0,5,-0.029208333333333336
2023-04-28,RealEstate,0.3066,0.511,0.6,3.0,5,0.03158999999999999
2023-05-01,RealEstate,0.07571333333333333,0.12618888888888888,0.6,5.0,5,0.3066
2023-05-02,RealEstate,0.08300133333333333,0.08300133333333333,1.0,12.0,5,0.07571333333333333
2023-05-03,RealEstate,0.028399999999999998,0.04733333333333333,0.6,9.0,5,0.08300133333333333
2023-05-04,RealEstate,0.070744,0.08843000000000001,0.8,14.0,5,0.028399999999999998
2023-05-05,RealEstate,0.19792000000000004,0.19792000000000004,1.0,8.0,5,0.070744
2023-05-08,RealEstate,0.11322666666666667,0.11322666666666667,1.0,9.0,5,0.19792000000000004
2023-05-09,RealEstate,0.04046,0.2023,0.2,1.0,5,0.11322666666666667
2023-05-10,RealEstate,-0.02408,-0.030100000000000002,0.8,6.0,5,0.04046
2023-05-11,RealEstate,0.04404,0.04404,1.0,8.0,5,-0.02408
2023-05-12,RealEstate,0.06369,0.31845,0.2,2.0,5,0.04404
2023-05-15,RealEstate,0.20417666666666667,0.25522083333333334,0.8,7.0,5,0.06369
2023-05-16,RealEstate,0.02263,0.11315,0.2,4.0,5,0.20417666666666667
2023-05-17,RealEstate,0.068,0.11333333333333334,0.6,3.0,5,0.02263
2023-05-18,RealEstate,0.07373833333333332,0.09217291666666666,0.8,9.0,5,0.068
2023-05-19,RealEstate,0.0,0.0,0.6,3.0,5,0.07373833333333332
2023-05-22,RealEstate,0.1272,0.159,0.8,9.0,5,0.0
2023-05-23,RealEstate,0.06436,0.08045,0.8,4.0,5,0.1272
2023-05-24,RealEstate,0.11588000000000001,0.2897,0.4,2.0,5,0.06436
2023-05-25,RealEstate,0.0476,0.059500000000000004,0.8,9.0,5,0.11588000000000001
2023-05-26,RealEstate,0.0,0.0,0.2,2.0,5,0.0476
2023-05-30,RealEstate,0.15797,0.15797,1.0,8.0,5,0.0
2023-05-31,RealEstate,0.18464,0.2308,0.8,5.0,5,0.15797
2023-06-01,RealEstate,0.12090666666666668,0.15113333333333334,0.8,7.0,5,0.18464
2023-06-02,RealEstate,0.0344,0.043,0.8,5.0,5,0.12090666666666668
2023-06-05,RealEstate,0.06603333333333333,0.11005555555555556,0.6,7.0,5,0.0344
2023-06-06,RealEstate,0.0784,0.13066666666666665,0.6,3.0,5,0.06603333333333333
2023-06-07,RealEstate,0.0843,0.4215,0.2,1.0,5,0.0784
2023-06-08,RealEstate,0.06765166666666667,0.06765166666666667,1.0,10.0,5,0.0843
2023-06-09,RealEstate,0.10924,0.18206666666666668,0.6,5.0,5,0.06765166666666667
2023-06-12,RealEstate,0.17919999999999997,0.22399999999999998,0.8,7.0,5,0.10924
2023-06-13,RealEstate,0.0,0.0,0.6,4.0,5,0.17919999999999997
2023-06-14,RealEstate,0.040834999999999996,0.204175,0.2,4.0,5,0.0
2023-06-15,RealEstate,0.11988000000000001,0.14985,0.8,5.0,5,0.040834999999999996
2023-06-16,RealEstate,-0.09845333333333332,-0.24613333333333332,0.4,4.0,5,0.11988000000000001
2023-06-20,RealEstate,0.0,0.0,0.6,5.0,5,-0.09845333333333332
2023-06-21,RealEstate,0.0,0.0,0.2,1.0,5,0.0
2023-06-22,RealEstate,0.046345000000000004,0.046345000000000004,1.0,11.0,5,0.0
2023-06-23,RealEstate,0.11247666666666664,0.11247666666666664,1.0,9.0,5,0.046345000000000004
2023-06-26,RealEstate,0.15677,0.19596249999999998,0.8,9.0,5,0.11247666666666664
2023-06-27,RealEstate,0.26412,0.33015,0.8,8.0,5,0.15677
2023-06-28,RealEstate,0.0868,0.14466666666666667,0.6,10.0,5,0.26412
2023-06-29,RealEstate,0.18552000000000002,0.23190000000000002,0.8,10.0,5,0.0868
2023-06-30,RealEstate,0.007430000000000001,0.018575,0.4,4.0,5,0.18552000000000002
2023-07-03,RealEstate,0.198415,0.198415,1.0,9.0,5,0.007430000000000001
2023-07-05,RealEstate,0.17011333333333334,0.28352222222222223,0.6,6.0,5,0.198415
2023-07-06,RealEstate,0.09404666666666665,0.09404666666666665,1.0,11.0,5,0.17011333333333334
2023-07-07,RealEstate,0.02023,0.0252875,0.8,5.0,5,0.09404666666666665
2023-07-10,RealEstate,0.15241000000000002,0.2540166666666667,0.6,5.0,5,0.02023
2023-07-11,RealEstate,0.03818,0.1909,0.2,2.0,5,0.15241000000000002
2023-07-12,RealEstate,0.1404,0.1755,0.8,8.0,5,0.03818
2023-07-13,RealEstate,0.10758999999999999,0.13448749999999998,0.8,13.0,5,0.1404
2023-07-14,RealEstate,0.033350000000000005,0.0416875,0.8,5.0,5,0.10758999999999999
2023-07-17,RealEstate,0.20958133333333331,0.20958133333333331,1.0,18.0,5,0.033350000000000005
2023-07-18,RealEstate,0.084046,0.1050575,0.8,16.0,5,0.20958133333333331
2023-07-19,RealEstate,0.18956,0.23695000000000002,0.8,11.0,5,0.084046
2023-07-20,RealEstate,0.05434571428571429,0.05434571428571429,1.0,23.0,5,0.18956
2023-07-21,RealEstate,0.10830999999999999,0.18051666666666666,0.6,5.0,5,0.05434571428571429
2023-07-24,RealEstate,0.28975666666666666,0.28975666666666666,1.0,15.0,5,0.10830999999999999
2023-07-25,RealEstate,0.12334,0.12334,1.0,8.0,5,0.28975666666666666
2023-07-26,RealEstate,0.04068266666666667,0.10170666666666668,0.4,8.0,5,0.12334
2023-07-27,RealEstate,0.15286,0.15286,1.0,13.0,5,0.04068266666666667
2023-07-28,RealEstate,0.32248,0.32248,1.0,9.0,5,0.15286
2023-07-31,RealEstate,0.10991,0.1373875,0.8,8.0,5,0.32248
2023-08-01,RealEstate,0.18273333333333336,0.18273333333333336,1.0,9.0,5,0.10991
2023-08-02,RealEstate,0.19415066666666664,0.2426883333333333,0.8,10.0,5,0.18273333333333336
2023-08-03,RealEstate,0.05492999999999999,0.05492999999999999,1.0,15.0,5,0.19415066666666664
2023-08-04,RealEstate,-0.06532000000000002,-0.06532000000000002,1.0,10.0,5,0.05492999999999999
2023-08-07,RealEstate,0.011466666666666667,0.014333333333333333,0.8,7.0,5,-0.06532000000000002
2023-08-08,RealEstate,0.0,0.0,0.2,3.0,5,0.011466666666666667
2023-08-09,RealEstate,-0.07224,-0.07224,1.0,8.0,5,0.0
2023-08-10,RealEstate,0.381045,0.381045,1.0,9.0,5,-0.07224
2023-08-11,RealEstate,0.11516,0.2879,0.4,4.0,5,0.381045
2023-08-14,RealEstate,0.025063333333333333,0.06265833333333333,0.4,7.0,5,0.11516
2023-08-15,RealEstate,0.07116,0.08895,0.8,4.0,5,0.025063333333333333
2023-08-16,RealEstate,0.15981,0.1997625,0.8,5.0,5,0.07116
2023-08-17,RealEstate,0.07299833333333332,0.07299833333333332,1.0,14.0,5,0.15981
2023-08-18,RealEstate,0.09691000000000001,0.16151666666666667,0.6,7.0,5,0.07299833333333332
2023-08-21,RealEstate,0.17182,0.214775,0.8,6.0,5,0.09691000000000001
2023-08-22,RealEstate,0.18361999999999998,0.3060333333333333,0.6,4.0,5,0.17182
2023-08-23,RealEstate,0.0,0.0,0.2,2.0,5,0.18361999999999998
2023-08-24,RealEstate,0.06904,0.06904,1.0,8.0,5,0.0
2023-08-25,RealEstate,0.041106666666666666,0.05138333333333333,0.8,9.0,5,0.06904
2023-08-28,RealEstate,0.19812,0.24764999999999998,0.8,10.0,5,0.041106666666666666
2023-08-29,RealEstate,0.11875,0.19791666666666666,0.6,7.0,5,0.19812
2023-08-30,RealEstate,0.14272,0.1784,0.8,6.0,5,0.11875
2023-08-31,RealEstate,0.251206,0.3140075,0.8,9.0,5,0.14272
2023-09-01,RealEstate,0.29385999999999995,0.29385999999999995,1.0,9.0,5,0.251206
2023-09-05,RealEstate,0.09603466666666667,0.12004333333333334,0.8,13.0,5,0.29385999999999995
2023-09-06,RealEstate,0.19218000000000002,0.32030000000000003,0.6,3.0,5,0.09603466666666667
2023-09-07,RealEstate,0.02266666666666667,0.02266666666666667,1.0,8.0,5,0.19218000000000002
2023-09-08,RealEstate,0.20400000000000001,0.255,0.8,5.0,5,0.02266666666666667
2023-09-11,RealEstate,0.24696600000000002,0.24696600000000002,1.0,11.0,5,0.20400000000000001
2023-09-12,RealEstate,-0.11438,-0.19063333333333332,0.6,4.0,5,0.24696600000000002
2023-09-13,RealEstate,0.05325333333333333,0.06656666666666666,0.8,6.0,5,-0.11438
2023-09-14,RealEstate,0.04019,0.0502375,0.8,8.0,5,0.05325333333333333
2023-09-15,RealEstate,0.2822766666666666,0.2822766666666666,1.0,8.0,5,0.04019
2023-09-18,RealEstate,0.10936000000000001,0.1822666666666667,0.6,6.0,5,0.2822766666666666
2023-09-19,RealEstate,0.25138,0.314225,0.8,5.0,5,0.10936000000000001
2023-09-20,RealEstate,0.34655,0.4331875,0.8,5.0,5,0.25138
2023-09-21,RealEstate,0.17091666666666666,0.21364583333333334,0.8,13.0,5,0.34655
2023-09-22,RealEstate,0.036140000000000005,0.09035000000000001,0.4,5.0,5,0.17091666666666666
2023-09-25,RealEstate,0.06630666666666667,0.06630666666666667,1.0,11.0,5,0.036140000000000005
2023-09-26,RealEstate,0.07452,0.12419999999999999,0.6,5.0,5,0.06630666666666667
2023-09-27,RealEstate,0.14150000000000001,0.176875,0.8,11.0,5,0.07452
2023-09-28,RealEstate,0.27696,0.46159999999999995,0.6,7.0,5,0.14150000000000001
2023-09-29,RealEstate,0.12738,0.21230000000000002,0.6,4.0,5,0.27696
2023-10-02,RealEstate,0.30891,0.3861375,0.8,7.0,5,0.12738
2023-10-03,RealEstate,0.18415666666666666,0.18415666666666666,1.0,9.0,5,0.30891
2023-10-04,RealEstate,0.06791,0.169775,0.4,6.0,5,0.18415666666666666
2023-10-05,RealEstate,0.16681,0.20851250000000002,0.8,5.0,5,0.06791
2023-10-06,RealEstate,0.14984000000000003,0.18730000000000002,0.8,5.0,5,0.16681
2023-10-09,RealEstate,0.13065,0.21775,0.6,8.0,5,0.14984000000000003
2023-10-10,RealEstate,0.14828999999999998,0.18536249999999999,0.8,6.0,5,0.13065
2023-10-11,RealEstate,0.0,0.0,0.4,4.0,5,0.14828999999999998
2023-10-12,RealEstate,0.3387466666666667,0.3387466666666667,1.0,9.0,5,0.0
2023-10-13,RealEstate,0.10533999999999999,0.26335,0.4,2.0,5,0.3387466666666667
2023-10-16,RealEstate,0.10920900000000003,0.13651125000000003,0.8,17.0,5,0.10533999999999999
2023-10-17,RealEstate,-0.009875000000000005,-0.012343750000000007,0.8,15.0,5,0.10920900000000003
2023-10-18,RealEstate,0.11303,0.1412875,0.8,12.0,5,-0.009875000000000005
2023-10-19,RealEstate,0.003349142857142856,0.00418642857142857,0.8,22.0,5,0.11303
2023-10-20,RealEstate,0.2563,0.2563,1.0,10.0,5,0.003349142857142856
2023-10-23,RealEstate,0.1868,0.3113333333333333,0.6,9.0,5,0.2563
2023-10-24,RealEstate,0.21791999999999997,0.21791999999999997,1.0,7.0,5,0.1868
2023-10-25,RealEstate,0.135915,0.226525,0.6,14.0,5,0.21791999999999997
2023-10-26,RealEstate,0.0975275,0.121909375,0.8,13.0,5,0.135915
2023-10-27,RealEstate,0.074895,0.124825,0.6,8.0,5,0.0975275
2023-10-30,RealEstate,0.23247672727272728,0.23247672727272728,1.0,20.0,5,0.074895
2023-10-31,RealEstate,0.08741,0.14568333333333333,0.6,10.0,5,0.23247672727272728
2023-11-01,RealEstate,0.04082666666666667,0.06804444444444445,0.6,5.0,5,0.08741
2023-11-02,RealEstate,0.17447600000000002,0.218095,0.8,14.0,5,0.04082666666666667
2023-11-03,RealEstate,0.19554,0.19554,1.0,7.0,5,0.17447600000000002
2023-11-06,RealEstate,0.15419,0.19273749999999998,0.8,16.0,5,0.19554
2023-11-07,RealEstate,0.19519999999999998,0.3253333333333333,0.6,5.0,5,0.15419
2023-11-08,RealEstate,-0.04704,-0.0784,0.6,7.0,5,0.19519999999999998
2023-11-09,RealEstate,0.149005,0.18625625,0.8,8.0,5,-0.04704
2023-11-10,RealEstate,-0.0712,-0.11866666666666666,0.6,5.0,5,0.149005
2023-11-13,RealEstate,0.127965,0.127965,1.0,11.0,5,-0.0712
2023-11-14,RealEstate,0.09632,0.24080000000000001,0.4,4.0,5,0.127965
2023-11-15,RealEstate,0.1358,0.3395,0.4,2.0,5,0.09632
2023-11-16,RealEstate,0.062484000000000005,0.15621000000000002,0.4,6.0,5,0.1358
2023-11-17,RealEstate,-0.0035449999999999995,-0.008862499999999999,0.4,5.0,5,0.062484000000000005
2023-11-20,RealEstate,0.10126666666666666,0.12658333333333333,0.8,10.0,5,-0.0035449999999999995
2023-11-21,RealEstate,0.10972,0.18286666666666665,0.6,5.0,5,0.10126666666666666
2023-11-22,RealEstate,-0.01461333333333333,-0.02435555555555555,0.6,5.0,5,0.10972
2023-11-24,RealEstate,0.02023,0.033716666666666666,0.6,7.0,5,-0.01461333333333333
2023-11-27,RealEstate,0.05815025641025641,0.07268782051282051,0.8,23.0,5,0.02023
2023-11-28,RealEstate,0.08253333333333332,0.2063333333333333,0.4,5.0,5,0.05815025641025641
2023-11-29,RealEstate,0.09998266666666666,0.12497833333333333,0.8,12.0,5,0.08253333333333332
2023-11-30,RealEstate,0.08189,0.10236250000000001,0.8,6.0,5,0.09998266666666666
2023-12-01,RealEstate,0.077232,0.09654,0.8,9.0,5,0.08189
2023-12-04,RealEstate,0.20396,0.25495,0.8,10.0,5,0.077232
2023-12-05,RealEstate,0.11969,0.1496125,0.8,6.0,5,0.20396
2023-12-06,RealEstate,0.11787666666666667,0.14734583333333334,0.8,12.0,5,0.11969
2023-12-07,RealEstate,0.066,0.11,0.6,14.0,5,0.11787666666666667
2023-12-08,RealEstate,0.059199999999999996,0.074,0.8,8.0,5,0.066
2023-12-11,RealEstate,0.06682333333333333,0.06682333333333333,1.0,11.0,5,0.059199999999999996
2023-12-12,RealEstate,0.08254333333333333,0.08254333333333333,1.0,15.0,5,0.06682333333333333
2023-12-13,RealEstate,0.23891,0.23891,1.0,15.0,5,0.08254333333333333
2023-12-14,RealEstate,0.051171999999999995,0.063965,0.8,8.0,5,0.23891
2023-12-15,RealEstate,0.04986,0.12465,0.4,8.0,5,0.051171999999999995
2023-12-18,RealEstate,0.147175,0.24529166666666669,0.6,10.0,5,0.04986
2023-12-19,RealEstate,0.0,,0.0,0.0,5,0.147175
2023-12-20,RealEstate,0.0,,0.0,0.0,5,0.0
2023-12-21,RealEstate,0.0,,0.0,0.0,5,0.0
2023-12-22,RealEstate,0.0,,0.0,0.0,5,0.0
2023-12-26,RealEstate,0.0,,0.0,0.0,5,0.0
2023-12-27,RealEstate,0.0,,0.0,0.0,5,0.0
2023-12-28,RealEstate,0.0,,0.0,0.0,5,0.0
2023-12-29,RealEstate,0.0,,0.0,0.0,5,0.0
2020-01-02,Tech,0.06685097435897434,0.08356371794871793,0.8,25.0,5,
2020-01-03,Tech,0.0784682142857143,0.09808526785714286,0.8,17.0,5,0.06685097435897434
2020-01-06,Tech,-0.013116666666666676,-0.013116666666666676,1.0,13.0,5,0.0784682142857143
2020-01-07,Tech,0.007282142857142857,0.00910267857142857,0.8,21.0,5,-0.013116666666666676
2020-01-08,Tech,0.0699545,0.08744312500000001,0.8,22.0,5,0.007282142857142857
2020-01-09,Tech,0.11314666666666666,0.11314666666666666,1.0,17.0,5,0.0699545
2020-01-10,Tech,0.24549266666666666,0.30686583333333334,0.8,21.0,5,0.11314666666666666
2020-01-13,Tech,0.21880241666666667,0.21880241666666667,1.0,39.0,5,0.24549266666666666
2020-01-14,Tech,0.13791199999999998,0.22985333333333333,0.6,12.0,5,0.21880241666666667
2020-01-15,Tech,0.018463666666666673,0.018463666666666673,1.0,24.0,5,0.13791199999999998
2020-01-16,Tech,0.20242444444444443,0.25303055555555554,0.8,19.0,5,0.018463666666666673
2020-01-17,Tech,0.11209464868464869,0.11209464868464869,1.0,38.0,5,0.20242444444444443
2020-01-21,Tech,0.03131600000000001,0.03131600000000001,1.0,44.0,5,0.11209464868464869
2020-01-22,Tech,0.148316,0.185395,0.8,14.0,5,0.03131600000000001
2020-01-23,Tech,0.03832629629629629,0.03832629629629629,1.0,36.0,5,0.148316
2020-01-24,Tech,0.06987913978494624,0.06987913978494624,1.0,46.0,5,0.03832629629629629
2020-01-27,Tech,-0.17687049999999999,-0.17687049999999999,1.0,31.0,5,0.06987913978494624
2020-01-28,Tech,0.020319999999999998,0.0254,0.8,30.0,5,-0.17687049999999999
2020-01-29,Tech,0.12031603174603174,0.15039503968253967,0.8,33.0,5,0.020319999999999998
2020-01-30,Tech,-0.032986666666666664,-0.04123333333333333,0.8,21.0,5,0.12031603174603174
2020-01-31,Tech,0.17102111111111112,0.21377638888888892,0.8,15.0,5,-0.032986666666666664
2020-02-03,Tech,0.05473666666666667,0.09122777777777778,0.6,11.0,5,0.17102111111111112
2020-02-04,Tech,0.07460800000000001,0.07460800000000001,1.0,20.0,5,0.05473666666666667
2020-02-05,Tech,0.10195125000000001,0.1274390625,0.8,32.0,5,0.07460800000000001
2020-02-06,Tech,0.2868725,0.2868725,1.0,22.0,5,0.10195125000000001
2020-02-07,Tech,0.18759428571428574,0.18759428571428574,1.0,13.0,5,0.2868725
2020-02-10,Tech,0.19177333333333335,0.19177333333333335,1.0,24.0,5,0.18759428571428574
2020-02-11,Tech,0.07958431168831169,0.09948038961038962,0.8,28.0,5,0.19177333333333335
2020-02-12,Tech,0.045056,0.056319999999999995,0.8,15.0,5,0.07958431168831169
2020-02-13,Tech,-0.019247272727272724,-0.024059090909090905,0.8,19.0,5,0.045056
2020-02-14,Tech,0.03294720430107527,0.04118400537634409,0.8,45.0,5,-0.019247272727272724
2020-02-18,Tech,-0.05071476190476191,-0.05071476190476191,1.0,28.0,5,0.03294720430107527
2020-02-19,Tech,0.0022817460317460293,0.0022817460317460293,1.0,28.0,5,-0.05071476190476191
2020-02-20,Tech,0.028732761904761907,0.028732761904761907,1.0,30.0,5,0.0022817460317460293
2020-02-21,Tech,-0.2589611428571429,-0.2589611428571429,1.0,16.0,5,0.028732761904761907
2020-02-24,Tech,0.006731666666666664,0.006731666666666664,1.0,24.0,5,-0.2589611428571429
2020-02-25,Tech,0.048005000000000006,0.048005000000000006,1.0,15.0,5,0.006731666666666664
2020-02-26,Tech,0.2120025,0.2120025,1.0,20.0,5,0.048005000000000006
2020-02-27,Tech,-0.12255933333333333,-0.12255933333333333,1.0,24.0,5,0.2120025
2020-02-28,Tech,0.17178,0.2863,0.6,9.0,5,-0.12255933333333333
2020-03-02,Tech,0.06786600000000001,0.06786600000000001,1.0,20.0,5,0.17178
2020-03-03,Tech,0.009844666666666668,0.009844666666666668,1.0,24.0,5,0.06786600000000001
2020-03-04,Tech,0.41865380952380954,0.41865380952380954,1.0,18.0,5,0.009844666666666668
2020-03-05,Tech,0.14698033333333332,0.14698033333333332,1.0,14.0,5,0.41865380952380954
2020-03-06,Tech,0.044157538461538456,0.044157538461538456,1.0,25.0,5,0.14698033333333332
2020-03-09,Tech,-0.12574666666666665,-0.12574666666666665,1.0,21.0,5,0.044157538461538456
2020-03-10,Tech,0.272895,0.272895,1.0,9.0,5,-0.12574666666666665
2020-03-11,Tech,0.08789833333333334,0.08789833333333334,1.0,17.0,5,0.272895
2020-03-12,Tech,-0.03696000000000001,-0.03696000000000001,1.0,26.0,5,0.08789833333333334
2020-03-13,Tech,0.006685178571428562,0.006685178571428562,1.0,37.0,5,-0.03696000000000001
2020-03-16,Tech,-0.1093630303030303,-0.1093630303030303,1.0,26.0,5,0.006685178571428562
2020-03-17,Tech,0.16195083333333335,0.16195083333333335,1.0,21.0,5,-0.1093630303030303
2020-03-18,Tech,-0.10072952380952382,-0.10072952380952382,1.0,21.0,5,0.16195083333333335
2020-03-19,Tech,-0.10737666666666665,-0.10737666666666665,1.0,19.0,5,-0.10072952380952382
2020-03-20,Tech,0.19086,0.19086,1.0,20.0,5,-0.10737666666666665
2020-03-23,Tech,0.18370166666666668,0.18370166666666668,1.0,12.0,5,0.19086
2020-03-24,Tech,0.3513401666666667,0.43917520833333334,0.8,25.0,5,0.18370166666666668
2020-03-25,Tech,0.029074,0.0363425,0.8,10.0,5,0.3513401666666667
2020-03-26,Tech,0.29819844444444443,0.29819844444444443,1.0,20.0,5,0.029074
2020-03-27,Tech,0.3283,0.3283,1.0,13.0,5,0.29819844444444443
2020-03-30,Tech,0.07616666666666667,0.07616666666666667,1.0,9.0,5,0.3283
2020-03-31,Tech,0.018877333333333336,0.018877333333333336,1.0,18.0,5,0.07616666666666667
2020-04-01,Tech,0.29826,0.29826,1.0,6.0,5,0.018877333333333336
2020-04-02,Tech,0.13770500000000002,0.17213125,0.8,7.0,5,0.29826
2020-04-03,Tech,-0.17594666666666667,-0.21993333333333334,0.8,12.0,5,0.13770500000000002
2020-04-06,Tech,0.28716742424242425,0.28716742424242425,1.0,28.0,5,-0.17594666666666667
2020-04-07,Tech,0.11083399999999999,0.11083399999999999,1.0,14.0,5,0.28716742424242425
2020-04-08,Tech,0.23687714285714287,0.23687714285714287,1.0,19.0,5,0.11083399999999999
2020-04-09,Tech,0.13129666666666667,0.13129666666666667,1.0,17.0,5,0.23687714285714287
2020-04-13,Tech,0.1656227450980392,0.207028431372549,0.8,23.0,5,0.13129666666666667
2020-04-14,Tech,0.5791901904761905,0.5791901904761905,1.0,18.0,5,0.1656227450980392
2020-04-15,Tech,0.123804,0.123804,1.0,25.0,5,0.5791901904761905
2020-04-16,Tech,0.30889855555555557,0.30889855555555557,1.0,32.0,5,0.123804
2020-04-17,Tech,0.09648407142857143,0.09648407142857143,1.0,28.0,5,0.30889855555555557
2020-04-20,Tech,0.24132791666666664,0.24132791666666664,1.0,27.0,5,0.09648407142857143
2020-04-21,Tech,-0.33475,-0.33475,1.0,14.0,5,0.24132791666666664
2020-04-22,Tech,0.31010809523809524,0.31010809523809524,1.0,23.0,5,-0.33475
2020-04-23,Tech,0.2532995238095238,0.2532995238095238,1.0,40.0,5,0.31010809523809524
2020-04-24,Tech,0.046349677419354834,0.05793709677419354,0.8,38.0,5,0.2532995238095238
2020-04-27,Tech,0.14598163636363637,0.14598163636363637,1.0,31.0,5,0.046349677419354834
2020-04-28,Tech,0.07509285714285713,0.09386607142857141,0.8,35.0,5,0.14598163636363637
2020-04-29,Tech,0.20236200000000001,0.20236200000000001,1.0,50.0,5,0.07509285714285713
2020-04-30,Tech,0.09542899999999999,0.09542899999999999,1.0,23.0,5,0.20236200000000001
2020-05-01,Tech,-0.15798900000000002,-0.15798900000000002,1.0,17.0,5,0.09542899999999999
2020-05-04,Tech,0.3506876470588235,0.3506876470588235,1.0,31.0,5,-0.15798900000000002
2020-05-05,Tech,0.180675,0.22584375,0.8,20.0,5,0.3506876470588235
2020-05-06,Tech,0.13057133333333332,0.16321416666666666,0.8,21.0,5,0.180675
2020-05-07,Tech,0.268702,0.268702,1.0,14.0,5,0.13057133333333332
2020-05-08,Tech,0.45390114285714284,0.5673764285714286,0.8,14.0,5,0.268702
2020-05-11,Tech,0.12826677777777779,0.12826677777777779,1.0,25.0,5,0.45390114285714284
2020-05-12,Tech,-0.04530033333333333,-0.04530033333333333,1.0,23.0,5,0.12826677777777779
2020-05-13,Tech,0.1527822222222222,0.19097777777777777,0.8,17.0,5,-0.04530033333333333
2020-05-14,Tech,0.15429166666666666,0.15429166666666666,1.0,28.0,5,0.1527822222222222
2020-05-15,Tech,0.03317219047619049,0.03317219047619049,1.0,45.0,5,0.15429166666666666
2020-05-18,Tech,0.03984523809523809,0.03984523809523809,1.0,26.0,5,0.03317219047619049
2020-05-19,Tech,0.080092,0.100115,0.8,17.0,5,0.03984523809523809
2020-05-20,Tech,0.26020166666666666,0.26020166666666666,1.0,17.0,5,0.080092
2020-05-21,Tech,0.03944055555555557,0.03944055555555557,1.0,21.0,5,0.26020166666666666
2020-05-22,Tech,-0.155966,-0.155966,1.0,28.0,5,0.03944055555555557
2020-05-26,Tech,0.09444578571428572,0.09444578571428572,1.0,29.0,5,-0.155966
2020-05-27,Tech,0.15682333333333334,0.15682333333333334,1.0,13.0,5,0.09444578571428572
2020-05-28,Tech,0.10204952380952381,0.10204952380952381,1.0,19.0,5,0.15682333333333334
2020-05-29,Tech,0.13582699999999998,0.16978374999999998,0.8,12.0,5,0.10204952380952381
2020-06-01,Tech,0.14087666666666665,0.14087666666666665,1.0,15.0,5,0.13582699999999998
2020-06-02,Tech,0.21934666666666666,0.21934666666666666,1.0,13.0,5,0.14087666666666665
2020-06-03,Tech,0.168804,0.42201,0.4,6.0,5,0.21934666666666666
2020-06-04,Tech,0.091885,0.15314166666666665,0.6,11.0,5,0.168804
2020-06-05,Tech,0.11492555555555554,0.19154259259259257,0.6,15.0,5,0.091885
2020-06-08,Tech,0.09585333333333335,0.09585333333333335,1.0,16.0,5,0.11492555555555554
2020-06-09,Tech,0.3003995238095238,0.3003995238095238,1.0,22.0,5,0.09585333333333335
2020-06-10,Tech,0.01326500000000001,0.016581250000000013,0.8,16.0,5,0.3003995238095238
2020-06-11,Tech,0.17045166666666664,0.2130645833333333,0.8,14.0,5,0.01326500000000001
2020-06-12,Tech,0.08545666666666667,0.10682083333333334,0.8,19.0,5,0.17045166666666664
2020-06-15,Tech,0.14736666666666667,0.18420833333333334,0.8,13.0,5,0.08545666666666667
2020-06-16,Tech,0.18203000000000003,0.22753750000000003,0.8,10.0,5,0.14736666666666667
2020-06-17,Tech,0.042510000000000006,0.053137500000000004,0.8,6.0,5,0.18203000000000003
2020-06-18,Tech,0.16786000000000004,0.20982500000000004,0.8,5.0,5,0.042510000000000006
2020-06-19,Tech,-0.07224,-0.12040000000000001,0.6,5.0,5,0.16786000000000004
2020-06-22,Tech,0.11546114285714286,0.1924352380952381,0.6,13.0,5,-0.07224
2020-06-23,Tech,0.059653333333333336,0.07456666666666667,0.8,12.0,5,0.11546114285714286
2020-06-24,Tech,-0.23303666666666664,-0.2912958333333333,0.8,7.0,5,0.059653333333333336
2020-06-25,Tech,-0.25697000000000003,-0.42828333333333335,0.6,5.0,5,-0.23303666666666664
2020-06-26,Tech,-0.021609999999999997,-0.054025,0.4,3.0,5,-0.25697000000000003
2020-06-29,Tech,0.07673333333333332,0.1918333333333333,0.4,6.0,5,-0.021609999999999997
2020-06-30,Tech,0.15967599999999998,0.39919,0.4,9.0,5,0.07673333333333332
2020-07-01,Tech,0.10859999999999999,0.18099999999999997,0.6,5.0,5,0.15967599999999998
2020-07-02,Tech,0.11805000000000002,0.295125,0.4,5.0,5,0.10859999999999999
2020-07-06,Tech,0.050551688311688305,0.06318961038961038,0.8,23.0,5,0.11805000000000002
2020-07-07,Tech,0.14006000000000002,0.35015,0.4,2.0,5,0.050551688311688305
2020-07-08,Tech,0.018144000000000007,0.030240000000000013,0.6,9.0,5,0.14006000000000002
2020-07-09,Tech,0.10877428571428571,0.1812904761904762,0.6,11.0,5,0.018144000000000007
2020-07-10,Tech,0.02408,0.04013333333333333,0.6,5.0,5,0.10877428571428571
2020-07-13,Tech,0.26386000000000004,0.32982500000000003,0.8,8.0,5,0.02408
2020-07-14,Tech,0.12952533333333333,0.16190666666666664,0.8,12.0,5,0.26386000000000004
2020-07-15,Tech,0.06254,0.078175,0.8,9.0,5,0.12952533333333333
2020-07-16,Tech,-0.0006213333333333293,-0.0007766666666666616,0.8,11.0,5,0.06254
2020-07-17,Tech,-0.021303999999999997,-0.035506666666666666,0.6,7.0,5,-0.0006213333333333293
2020-07-20,Tech,0.10221384615384614,0.12776730769230768,0.8,22.0,5,-0.021303999999999997
2020-07-21,Tech,0.19012800000000002,0.23766,0.8,12.0,5,0.10221384615384614
2020-07-22,Tech,0.13414333333333334,0.2235722222222222,0.6,9.0,5,0.19012800000000002
2020-07-23,Tech,0.15375333333333333,0.2562555555555555,0.6,15.0,5,0.13414333333333334
2020-07-24,Tech,0.12418047619047619,0.2069674603174603,0.6,44.0,5,0.15375333333333333
2020-07-27,Tech,0.13658714285714285,0.17073392857142858,0.8,34.0,5,0.12418047619047619
2020-07-28,Tech,0.06426964285714284,0.10711607142857142,0.6,17.0,5,0.13658714285714285
2020-07-29,Tech,0.189268023715415,0.23658502964426878,0.8,43.0,5,0.06426964285714284
2020-07-30,Tech,0.03265888888888889,0.040823611111111116,0.8,40.0,5,0.189268023715415
2020-07-31,Tech,0.10533999999999999,0.26335,0.4,4.0,5,0.03265888888888889
2020-08-03,Tech,0.09563533333333334,0.15939222222222224,0.6,15.0,5,0.10533999999999999
2020-08-04,Tech,0.10376727272727274,0.17294545454545454,0.6,23.0,5,0.09563533333333334
2020-08-05,Tech,0.06801928571428573,0.08502410714285716,0.8,19.0,5,0.10376727272727274
2020-08-06,Tech,0.04367,0.07278333333333332,0.6,7.0,5,0.06801928571428573
2020-08-07,Tech,0.12738,0.31845,0.4,3.0,5,0.04367
2020-08-10,Tech,0.09708,0.12135,0.8,11.0,5,0.12738
2020-08-11,Tech,0.149071,0.24845166666666665,0.6,11.0,5,0.09708
2020-08-12,Tech,-0.05931095238095239,-0.07413869047619048,0.8,18.0,5,0.149071
2020-08-13,Tech,0.04298857142857143,0.07164761904761906,0.6,12.0,5,-0.05931095238095239
2020-08-14,Tech,0.22335666666666665,0.2791958333333333,0.8,8.0,5,0.04298857142857143
2020-08-17,Tech,-0.0008940000000000059,-0.0011175000000000074,0.8,13.0,5,0.22335666666666665
2020-08-18,Tech,0.03285666666666668,0.04107083333333335,0.8,13.0,5,-0.0008940000000000059
2020-08-19,Tech,0.03752333333333333,0.09380833333333333,0.4,5.0,5,0.03285666666666668
2020-08-20,Tech,-0.06343111111111112,-0.1585777777777778,0.4,19.0,5,0.03752333333333333
2020-08-21,Tech,0.05089866666666666,0.06362333333333332,0.8,13.0,5,-0.06343111111111112
2020-08-24,Tech,0.010851666666666666,0.01808611111111111,0.6,13.0,5,0.05089866666666666
2020-08-25,Tech,0.041188999999999996,0.05148625,0.8,12.0,5,0.010851666666666666
2020-08-26,Tech,0.09972166666666668,0.1662027777777778,0.6,9.0,5,0.041188999999999996
2020-08-27,Tech,0.07884166666666667,0.09855208333333333,0.8,13.0,5,0.09972166666666668
2020-08-28,Tech,0.19813333333333333,0.49533333333333335,0.4,4.0,5,0.07884166666666667
2020-08-31,Tech,0.09978190476190477,0.12472738095238096,0.8,18.0,5,0.19813333333333333
2020-09-01,Tech,0.015585000000000005,0.019481250000000006,0.8,15.0,5,0.09978190476190477
2020-09-02,Tech,0.12663523809523808,0.21105873015873014,0.6,11.0,5,0.015585000000000005
2020-09-03,Tech,0.070045,0.11674166666666665,0.6,10.0,5,0.12663523809523808
2020-09-04,Tech,0.22383000000000003,0.2797875,0.8,5.0,5,0.070045
2020-09-08,Tech,0.12278499999999999,0.15348124999999999,0.8,13.0,5,0.22383000000000003
2020-09-09,Tech,0.077465,0.09683125000000001,0.8,14.0,5,0.12278499999999999
2020-09-10,Tech,0.09523333333333334,0.15872222222222224,0.6,11.0,5,0.077465
2020-09-11,Tech,0.08456666666666665,0.14094444444444443,0.6,7.0,5,0.09523333333333334
2020-09-14,Tech,0.0712525,0.089065625,0.8,21.0,5,0.08456666666666665
2020-09-15,Tech,-0.09441466666666665,-0.11801833333333331,0.8,16.0,5,0.0712525
2020-09-16,Tech,0.24323999999999996,0.4053999999999999,0.6,7.0,5,-0.09441466666666665
2020-09-17,Tech,0.09316952380952381,0.1552825396825397,0.6,11.0,5,0.24323999999999996
2020-09-18,Tech,0.0,0.0,0.4,5.0,5,0.09316952380952381
2020-09-21,Tech,0.06363333333333333,0.10605555555555556,0.6,6.0,5,0.0
2020-09-22,Tech,0.06541333333333334,0.10902222222222223,0.6,6.0,5,0.06363333333333333
2020-09-23,Tech,-0.02054,-0.05135,0.4,2.0,5,0.06541333333333334
2020-09-24,Tech,0.12391499999999997,0.15489374999999997,0.8,10.0,5,-0.02054
2020-09-25,Tech,-0.030586666666666668,-0.038233333333333334,0.8,7.0,5,0.12391499999999997
2020-09-28,Tech,0.19356833333333334,0.24196041666666668,0.8,17.0,5,-0.030586666666666668
2020-09-29,Tech,0.14643,0.24405,0.6,6.0,5,0.19356833333333334
2020-09-30,Tech,0.09854,0.123175,0.8,12.0,5,0.14643
2020-10-01,Tech,0.0,0.0,0.2,1.0,5,0.09854
2020-10-02,Tech,0.06639466666666667,0.16598666666666667,0.4,8.0,5,0.0
2020-10-05,Tech,0.10325200000000001,0.1720866666666667,0.6,7.0,5,0.06639466666666667
2020-10-06,Tech,-0.041666666666666664,-0.06944444444444443,0.6,7.0,5,0.10325200000000001
2020-10-07,Tech,0.26555999999999996,0.33194999999999997,0.8,8.0,5,-0.041666666666666664
2020-10-08,Tech,0.0767052380952381,0.1278420634920635,0.6,14.0,5,0.26555999999999996
2020-10-09,Tech,0.15352133333333334,0.19190166666666666,0.8,21.0,5,0.0767052380952381
2020-10-12,Tech,0.14646333333333333,0.18307916666666668,0.8,8.0,5,0.15352133333333334
2020-10-13,Tech,-0.030493333333333327,-0.05082222222222221,0.6,8.0,5,0.14646333333333333
2020-10-14,Tech,0.0043,0.007166666666666666,0.6,7.0,5,-0.030493333333333327
2020-10-15,Tech,0.14579666666666666,0.18224583333333333,0.8,9.0,5,0.0043
2020-10-16,Tech,0.07855333333333334,0.13092222222222225,0.6,7.0,5,0.14579666666666666
2020-10-19,Tech,0.020802499999999995,0.026003124999999995,0.8,13.0,5,0.07855333333333334
2020-10-20,Tech,0.020385000000000004,0.05096250000000001,0.4,6.0,5,0.020802499999999995
2020-10-21,Tech,0.14243,0.17803750000000002,0.8,8.0,5,0.020385000000000004
2020-10-22,Tech,0.0996875,0.24921875,0.4,10.0,5,0.14243
2020-10-23,Tech,0.05714181818181818,0.14285454545454546,0.4,24.0,5,0.0996875
2020-10-26,Tech,0.041812857142857145,0.05226607142857143,0.8,18.0,5,0.05714181818181818
2020-10-27,Tech,0.14720908571428573,0.18401135714285716,0.8,41.0,5,0.041812857142857145
2020-10-28,Tech,0.08439809523809524,0.10549761904761906,0.8,20.0,5,0.14720908571428573
2020-10-29,Tech,0.132652,0.165815,0.8,11.0,5,0.08439809523809524
2020-10-30,Tech,0.05574,0.0929,0.6,5.0,5,0.132652
2020-11-02,Tech,0.0792055,0.099006875,0.8,19.0,5,0.05574
2020-11-03,Tech,0.07976000000000001,0.19940000000000002,0.4,3.0,5,0.0792055
2020-11-04,Tech,0.10003466666666667,0.12504333333333334,0.8,16.0,5,0.07976000000000001
2020-11-05,Tech,0.10159538461538462,0.12699423076923078,0.8,20.0,5,0.10003466666666667
2020-11-06,Tech,0.12655,0.21091666666666667,0.6,6.0,5,0.10159538461538462
2020-11-09,Tech,-0.015753333333333334,-0.019691666666666666,0.8,16.0,5,0.12655
2020-11-10,Tech,-0.022237333333333338,-0.02779666666666667,0.8,24.0,5,-0.015753333333333334
2020-11-11,Tech,0.12945619047619047,0.21576031746031746,0.6,16.0,5,-0.022237333333333338
2020-11-12,Tech,0.18486666666666668,0.23108333333333334,0.8,11.0,5,0.12945619047619047
2020-11-13,Tech,-0.006774666666666662,-0.011291111111111104,0.6,9.0,5,0.18486666666666668
2020-11-16,Tech,0.2862066666666666,0.3577583333333333,0.8,7.0,5,-0.006774666666666662
2020-11-17,Tech,0.22521666666666668,0.3753611111111111,0.6,8.0,5,0.2862066666666666
2020-11-18,Tech,0.200415,0.25051875,0.8,9.0,5,0.22521666666666668
2020-11-19,Tech,-0.021269999999999994,-0.026587499999999993,0.8,5.0,5,0.200415
2020-11-20,Tech,0.13829333333333332,0.23048888888888888,0.6,6.0,5,-0.021269999999999994
2020-11-23,Tech,0.07102,0.08877499999999999,0.8,11.0,5,0.13829333333333332
2020-11-24,Tech,0.0,0.0,0.2,1.0,5,0.07102
2020-11-25,Tech,0.07454666666666668,0.12424444444444445,0.6,6.0,5,0.0
2020-11-27,Tech,0.16755,0.27925,0.6,5.0,5,0.07454666666666668
2020-11-30,Tech,0.031301666666666665,0.03912708333333333,0.8,10.0,5,0.16755
2020-12-01,Tech,0.10395333333333334,0.12994166666666668,0.8,11.0,5,0.031301666666666665
2020-12-02,Tech,0.160195,0.20024375,0.8,8.0,5,0.10395333333333334
2020-12-03,Tech,0.04324333333333333,0.07207222222222222,0.6,8.0,5,0.160195
2020-12-04,Tech,0.15045000000000003,0.18806250000000002,0.8,9.0,5,0.04324333333333333
2020-12-07,Tech,0.07664555555555555,0.09580694444444444,0.8,25.0,5,0.15045000000000003
2020-12-08,Tech,0.10759,0.1344875,0.8,8.0,5,0.07664555555555555
2020-12-09,Tech,0.21740733333333334,0.27175916666666666,0.8,13.0,5,0.10759
2020-12-10,Tech,0.2540983333333333,0.31762291666666664,0.8,10.0,5,0.21740733333333334
2020-12-11,Tech,0.06185233333333334,0.07731541666666668,0.8,24.0,5,0.2540983333333333
2020-12-14,Tech,0.07591600000000001,0.09489500000000001,0.8,13.0,5,0.06185233333333334
2020-12-15,Tech,0.064346,0.10724333333333334,0.6,10.0,5,0.07591600000000001
2020-12-16,Tech,0.04046,0.06743333333333333,0.6,5.0,5,0.064346
2020-12-17,Tech,0.23271428571428573,0.2908928571428572,0.8,11.0,5,0.04046
2020-12-18,Tech,0.19258000000000003,0.24072500000000002,0.8,11.0,5,0.23271428571428573
2020-12-21,Tech,0.074524,0.12420666666666667,0.6,13.0,5,0.19258000000000003
2020-12-22,Tech,0.16148,0.20185,0.8,7.0,5,0.074524
2020-12-23,Tech,0.12294000000000001,0.2049,0.6,6.0,5,0.16148
2020-12-24,Tech,0.10528333333333333,0.17547222222222222,0.6,6.0,5,0.12294000000000001
2020-12-28,Tech,0.1459091666666667,0.2431819444444445,0.6,16.0,5,0.10528333333333333
2020-12-29,Tech,-0.0250695,-0.06267375,0.4,13.0,5,0.1459091666666667
2020-12-30,Tech,0.169955,0.21244375,0.8,17.0,5,-0.0250695
2020-12-31,Tech,0.12261,0.20435,0.6,5.0,5,0.169955
2021-01-04,Tech,0.13137,0.21894999999999998,0.6,14.0,5,0.12261
2021-01-05,Tech,0.05659499999999999,0.07074375,0.8,14.0,5,0.13137
2021-01-06,Tech,0.09987066666666666,0.1664511111111111,0.6,12.0,5,0.05659499999999999
2021-01-07,Tech,0.018994,0.031656666666666666,0.6,9.0,5,0.09987066666666666
2021-01-08,Tech,0.04788,0.05985,0.8,9.0,5,0.018994
2021-01-11,Tech,0.1255613888888889,0.15695173611111113,0.8,23.0,5,0.04788
2021-01-12,Tech,0.02641,0.066025,0.4,7.0,5,0.1255613888888889
2021-01-13,Tech,0.0712023602484472,0.089002950310559,0.8,36.0,5,0.02641
2021-01-14,Tech,0.139356,0.23226000000000002,0.6,16.0,5,0.0712023602484472
2021-01-15,Tech,0.072098,0.0901225,0.8,15.0,5,0.139356
2021-01-19,Tech,0.06089938461538462,0.07612423076923078,0.8,21.0,5,0.072098
2021-01-20,Tech,0.10948666666666666,0.13685833333333333,0.8,14.0,5,0.06089938461538462
2021-01-21,Tech,0.17452333333333334,0.21815416666666668,0.8,19.0,5,0.10948666666666666
2021-01-22,Tech,0.13180333333333333,0.16475416666666665,0.8,19.0,5,0.17452333333333334
2021-01-25,Tech,0.12300923076923079,0.15376153846153848,0.8,24.0,5,0.13180333333333333
2021-01-26,Tech,0.14164066666666666,0.23606777777777777,0.6,22.0,5,0.12300923076923079
2021-01-27,Tech,0.22847500000000004,0.3807916666666667,0.6,8.0,5,0.14164066666666666
2021-01-28,Tech,-0.0830511111111111,-0.10381388888888887,0.8,14.0,5,0.22847500000000004
2021-01-29,Tech,0.105405,0.13175625,0.8,7.0,5,-0.0830511111111111
2021-02-01,Tech,0.2274197142857143,0.2842746428571429,0.8,15.0,5,0.105405
2021-02-02,Tech,0.32508,0.40635,0.8,6.0,5,0.2274197142857143
2021-02-03,Tech,0.1471125,0.2451875,0.6,14.0,5,0.32508
2021-02-04,Tech,0.07438164502164504,0.1239694083694084,0.6,21.0,5,0.1471125
2021-02-05,Tech,0.17195333333333332,0.21494166666666664,0.8,8.0,5,0.07438164502164504
2021-02-08,Tech,0.07726999999999999,0.19317499999999999,0.4,5.0,5,0.17195333333333332
2021-02-09,Tech,0.034,0.05666666666666667,0.6,6.0,5,0.07726999999999999
2021-02-10,Tech,-0.011450000000000002,-0.028625000000000005,0.4,4.0,5,0.034
2021-02-11,Tech,0.011865999999999998,0.019776666666666665,0.6,18.0,5,-0.011450000000000002
2021-02-12,Tech,0.09473333333333334,0.11841666666666667,0.8,8.0,5,0.011865999999999998
2021-02-16,Tech,0.03869,0.0483625,0.8,7.0,5,0.09473333333333334
2021-02-17,Tech,0.1284013333333333,0.2140022222222222,0.6,9.0,5,0.03869
2021-02-18,Tech,0.07062,0.088275,0.8,9.0,5,0.1284013333333333
2021-02-19,Tech,0.15548,0.19435,0.8,9.0,5,0.07062
2021-02-22,Tech,0.18842,0.235525,0.8,9.0,5,0.15548
2021-02-23,Tech,0.21879833333333334,0.2734979166666667,0.8,13.0,5,0.18842
2021-02-24,Tech,0.12810666666666667,0.21351111111111112,0.6,7.0,5,0.21879833333333334
2021-02-25,Tech,-0.006279999999999999,-0.00785,0.8,6.0,5,0.12810666666666667
2021-02-26,Tech,0.09306166666666668,0.15510277777777778,0.6,8.0,5,-0.006279999999999999
2021-03-01,Tech,0.06751666666666667,0.08439583333333334,0.8,9.0,5,0.09306166666666668
2021-03-02,Tech,-0.04197333333333332,-0.052466666666666655,0.8,7.0,5,0.06751666666666667
2021-03-03,Tech,0.13616,0.3404,0.4,2.0,5,-0.04197333333333332
2021-03-04,Tech,0.05234,0.08723333333333333,0.6,6.0,5,0.13616
2021-03-05,Tech,0.05286,0.0881,0.6,12.0,5,0.05234
2021-03-08,Tech,0.21138199999999996,0.26422749999999995,0.8,9.0,5,0.05286
2021-03-09,Tech,-0.010104999999999998,-0.012631249999999997,0.8,8.0,5,0.21138199999999996
2021-03-10,Tech,0.12498000000000001,0.2083,0.6,3.0,5,-0.010104999999999998
2021-03-11,Tech,0.09372857142857142,0.11716071428571428,0.8,14.0,5,0.12498000000000001
2021-03-12,Tech,0.14107,0.23511666666666667,0.6,4.0,5,0.09372857142857142
2021-03-15,Tech,0.025907999999999997,0.043179999999999996,0.6,10.0,5,0.14107
2021-03-16,Tech,-0.018260000000000005,-0.022825000000000005,0.8,12.0,5,0.025907999999999997
2021-03-17,Tech,0.1967,0.32783333333333337,0.6,7.0,5,-0.018260000000000005
2021-03-18,Tech,0.11353333333333333,0.1892222222222222,0.6,5.0,5,0.1967
2021-03-19,Tech,0.059199999999999996,0.148,0.4,2.0,5,0.11353333333333333
2021-03-22,Tech,0.07941099999999998,0.09926374999999998,0.8,13.0,5,0.059199999999999996
2021-03-23,Tech,0.24003666666666668,0.30004583333333334,0.8,13.0,5,0.07941099999999998
2021-03-24,Tech,-0.007645000000000006,-0.009556250000000007,0.8,24.0,5,0.24003666666666668
2021-03-25,Tech,0.02091333333333334,0.026141666666666674,0.8,13.0,5,-0.007645000000000006
2021-03-26,Tech,0.011985000000000006,0.014981250000000008,0.8,12.0,5,0.02091333333333334
2021-03-29,Tech,0.199975,0.24996875000000002,0.8,12.0,5,0.011985000000000006
2021-03-30,Tech,0.21305333333333332,0.35508888888888884,0.6,5.0,5,0.199975
2021-03-31,Tech,0.05668666666666666,0.09447777777777777,0.6,9.0,5,0.21305333333333332
2021-04-01,Tech,0.002878000000000014,0.0035975000000000174,0.8,9.0,5,0.05668666666666666
2021-04-05,Tech,0.13720307692307693,0.2286717948717949,0.6,19.0,5,0.002878000000000014
2021-04-06,Tech,-0.04551066666666667,-0.07585111111111112,0.6,9.0,5,0.13720307692307693
2021-04-07,Tech,0.07943,0.13238333333333333,0.6,4.0,5,-0.04551066666666667
2021-04-08,Tech,0.0522,0.06525,0.8,12.0,5,0.07943
2021-04-09,Tech,0.12588166666666667,0.20980277777777778,0.6,9.0,5,0.0522
2021-04-12,Tech,0.07679499999999999,0.09599374999999999,0.8,16.0,5,0.12588166666666667
2021-04-13,Tech,0.08186333333333334,0.13643888888888892,0.6,8.0,5,0.07679499999999999
2021-04-14,Tech,0.07398666666666667,0.09248333333333333,0.8,8.0,5,0.08186333333333334
2021-04-15,Tech,0.16139,0.20173750000000001,0.8,10.0,5,0.07398666666666667
2021-04-16,Tech,0.012846000000000002,0.021410000000000002,0.6,8.0,5,0.16139
2021-04-19,Tech,0.04910838095238095,0.06138547619047619,0.8,25.0,5,0.012846000000000002
2021-04-20,Tech,0.0495675,0.0826125,0.6,12.0,5,0.04910838095238095
2021-04-21,Tech,0.027980000000000005,0.034975000000000006,0.8,12.0,5,0.0495675
2021-04-22,Tech,0.13453299999999999,0.16816625,0.8,28.0,5,0.027980000000000005
2021-04-23,Tech,0.07603358974358973,0.09504198717948717,0.8,22.0,5,0.13453299999999999
2021-04-26,Tech,0.10218,0.1703,0.6,15.0,5,0.07603358974358973
2021-04-27,Tech,0.147788,0.184735,0.8,8.0,5,0.10218
2021-04-28,Tech,0.06768233766233767,0.08460292207792208,0.8,26.0,5,0.147788
2021-04-29,Tech,0.12051428571428571,0.15064285714285713,0.8,12.0,5,0.06768233766233767
2021-04-30,Tech,-0.004823333333333335,-0.012058333333333338,0.4,8.0,5,0.12051428571428571
2021-05-03,Tech,0.02965416666666667,0.04942361111111112,0.6,17.0,5,-0.004823333333333335
2021-05-04,Tech,-0.008705000000000001,-0.014508333333333337,0.6,8.0,5,0.02965416666666667
2021-05-05,Tech,0.14187666666666668,0.23646111111111112,0.6,8.0,5,-0.008705000000000001
2021-05-06,Tech,0.11095,0.18491666666666665,0.6,6.0,5,0.14187666666666668
2021-05-07,Tech,0.15118666666666666,0.2519777777777778,0.6,8.0,5,0.11095
2021-05-10,Tech,0.07957333333333333,0.13262222222222222,0.6,7.0,5,0.15118666666666666
2021-05-11,Tech,0.0018399999999999992,0.002299999999999999,0.8,13.0,5,0.07957333333333333
2021-05-12,Tech,0.13212000000000002,0.22020000000000003,0.6,4.0,5,0.0018399999999999992
2021-05-13,Tech,-0.02023,-0.0252875,0.8,5.0,5,0.13212000000000002
2021-05-14,Tech,0.08215999999999998,0.13693333333333332,0.6,9.0,5,-0.02023
2021-05-17,Tech,0.030506666666666665,0.07626666666666666,0.4,5.0,5,0.08215999999999998
2021-05-18,Tech,0.14354,0.35885,0.4,3.0,5,0.030506666666666665
2021-05-19,Tech,-0.11640857142857144,-0.19401428571428572,0.6,15.0,5,0.14354
2021-05-20,Tech,0.13196466666666667,0.16495583333333333,0.8,14.0,5,-0.11640857142857144
2021-05-21,Tech,0.22671999999999998,0.2834,0.8,5.0,5,0.13196466666666667
2021-05-24,Tech,0.20259,0.33765,0.6,9.0,5,0.22671999999999998
2021-05-25,Tech,-0.028803999999999996,-0.04800666666666666,0.6,12.0,5,0.20259
2021-05-26,Tech,0.26042,0.32552499999999995,0.8,6.0,5,-0.028803999999999996
2021-05-27,Tech,0.18085199999999996,0.22606499999999996,0.8,11.0,5,0.26042
2021-05-28,Tech,0.11633,0.1454125,0.8,12.0,5,0.18085199999999996
2021-06-01,Tech,0.056664000000000006,0.09444000000000001,0.6,9.0,5,0.11633
2021-06-02,Tech,0.10558666666666668,0.13198333333333334,0.8,9.0,5,0.056664000000000006
2021-06-03,Tech,0.049510000000000005,0.08251666666666667,0.6,8.0,5,0.10558666666666668
2021-06-04,Tech,0.090086,0.15014333333333332,0.6,8.0,5,0.049510000000000005
2021-06-07,Tech,0.21274549999999998,0.265931875,0.8,19.0,5,0.090086
2021-06-08,Tech,0.15052000000000001,0.3763,0.4,2.0,5,0.21274549999999998
2021-06-09,Tech,0.15628999999999998,0.1953625,0.8,5.0,5,0.15052000000000001
2021-06-10,Tech,0.11970750000000001,0.14963437500000001,0.8,18.0,5,0.15628999999999998
2021-06-11,Tech,-0.005985000000000007,-0.007481250000000009,0.8,7.0,5,0.11970750000000001
2021-06-14,Tech,-0.014183999999999997,-0.017729999999999996,0.8,11.0,5,-0.005985000000000007
2021-06-15,Tech,0.0,0.0,0.6,5.0,5,-0.014183999999999997
2021-06-16,Tech,0.10911333333333333,0.13639166666666666,0.8,13.0,5,0.0
2021-06-17,Tech,-0.01753755555555556,-0.029229259259259264,0.6,20.0,5,0.10911333333333333
2021-06-18,Tech,0.07503800000000001,0.0937975,0.8,18.0,5,-0.01753755555555556
2021-06-21,Tech,0.1034225,0.129278125,0.8,18.0,5,0.07503800000000001
2021-06-22,Tech,0.03564000000000001,0.059400000000000015,0.6,8.0,5,0.1034225
2021-06-23,Tech,0.05453600000000001,0.09089333333333334,0.6,9.0,5,0.03564000000000001
2021-06-24,Tech,0.21494666666666667,0.26868333333333333,0.8,14.0,5,0.05453600000000001
2021-06-25,Tech,0.31194,0.5199,0.6,4.0,5,0.21494666666666667
2021-06-28,Tech,0.04117733333333334,0.05147166666666667,0.8,15.0,5,0.31194
2021-06-29,Tech,0.266095,0.33261875,0.8,9.0,5,0.04117733333333334
2021-06-30,Tech,0.062078666666666685,0.10346444444444447,0.6,13.0,5,0.266095
2021-07-01,Tech,0.11301333333333333,0.14126666666666665,0.8,9.0,5,0.062078666666666685
2021-07-02,Tech,-0.05025333333333333,-0.08375555555555554,0.6,8.0,5,0.11301333333333333
2021-07-06,Tech,0.15541,0.2590166666666667,0.6,10.0,5,-0.05025333333333333
2021-07-07,Tech,0.20768,0.34613333333333335,0.6,4.0,5,0.15541
2021-07-08,Tech,0.12301500000000001,0.205025,0.6,11.0,5,0.20768
2021-07-09,Tech,0.11637499999999998,0.19395833333333332,0.6,6.0,5,0.12301500000000001
2021-07-12,Tech,0.10748333333333333,0.13435416666666666,0.8,16.0,5,0.11637499999999998
2021-07-13,Tech,0.09878,0.16463333333333333,0.6,5.0,5,0.10748333333333333
2021-07-14,Tech,0.013888000000000003,0.017360000000000004,0.8,10.0,5,0.09878
2021-07-15,Tech,-0.004392000000000001,-0.010980000000000002,0.4,12.0,5,0.013888000000000003
2021-07-16,Tech,0.0740236923076923,0.09252961538461538,0.8,21.0,5,-0.004392000000000001
2021-07-19,Tech,-0.037852619047619045,-0.04731577380952381,0.8,29.0,5,0.0740236923076923
2021-07-20,Tech,0.09946999999999999,0.12433749999999999,0.8,10.0,5,-0.037852619047619045
2021-07-21,Tech,0.07971500000000001,0.09964375,0.8,16.0,5,0.09946999999999999
2021-07-22,Tech,0.01603,0.026716666666666666,0.6,20.0,5,0.07971500000000001
2021-07-23,Tech,-0.032300333333333334,-0.040375416666666664,0.8,26.0,5,0.01603
2021-07-26,Tech,0.10098634615384613,0.12623293269230768,0.8,25.0,5,-0.032300333333333334
2021-07-27,Tech,0.04078268686868687,0.06797114478114478,0.6,30.0,5,0.10098634615384613
2021-07-28,Tech,0.11628714285714285,0.19381190476190477,0.6,19.0,5,0.04078268686868687
2021-07-29,Tech,0.11806833333333333,0.14758541666666666,0.8,12.0,5,0.11628714285714285
2021-07-30,Tech,0.14521,0.363025,0.4,3.0,5,0.11806833333333333
2021-08-02,Tech,0.0643536507936508,0.10725608465608466,0.6,19.0,5,0.14521
2021-08-03,Tech,0.062337500000000004,0.10389583333333334,0.6,17.0,5,0.0643536507936508
2021-08-04,Tech,-0.0337625,-0.05627083333333333,0.6,14.0,5,0.062337500000000004
2021-08-05,Tech,0.08090047619047619,0.10112559523809524,0.8,18.0,5,-0.0337625
2021-08-06,Tech,0.06175200000000001,0.07719000000000001,0.8,13.0,5,0.08090047619047619
2021-08-09,Tech,0.043475,0.054343749999999996,0.8,10.0,5,0.06175200000000001
2021-08-10,Tech,0.004235999999999999,0.010589999999999999,0.4,7.0,5,0.043475
2021-08-11,Tech,0.0,0.0,0.4,2.0,5,0.004235999999999999
2021-08-12,Tech,0.15074,0.37685,0.4,5.0,5,0.0
2021-08-13,Tech,0.033409999999999995,0.05568333333333333,0.6,8.0,5,0.15074
2021-08-16,Tech,0.037328,0.062213333333333336,0.6,10.0,5,0.033409999999999995
2021-08-17,Tech,-0.02628666666666667,-0.02628666666666667,1.0,10.0,5,0.037328
2021-08-18,Tech,0.30528674999999994,0.30528674999999994,1.0,28.0,5,-0.02628666666666667
2021-08-19,Tech,0.06696571428571428,0.06696571428571428,1.0,27.0,5,0.30528674999999994
2021-08-20,Tech,-0.058109999999999995,-0.09684999999999999,0.6,17.0,5,0.06696571428571428
2021-08-23,Tech,0.10318545454545455,0.1289818181818182,0.8,17.0,5,-0.058109999999999995
2021-08-24,Tech,0.020978253968253972,0.03496375661375662,0.6,22.0,5,0.10318545454545455
2021-08-25,Tech,0.018155555555555557,0.022694444444444444,0.8,17.0,5,0.020978253968253972
2021-08-26,Tech,0.18797099999999997,0.313285,0.6,12.0,5,0.018155555555555557
2021-08-27,Tech,-0.008944000000000004,-0.011180000000000004,0.8,18.0,5,0.18797099999999997
2021-08-30,Tech,0.2741826666666667,0.34272833333333336,0.8,22.0,5,-0.008944000000000004
2021-08-31,Tech,-0.015545,-0.025908333333333335,0.6,10.0,5,0.2741826666666667
2021-09-01,Tech,-0.02433333333333333,-0.040555555555555546,0.6,5.0,5,-0.015545
2021-09-02,Tech,0.26919,0.3364875,0.8,7.0,5,-0.02433333333333333
2021-09-03,Tech,0.19907,0.2488375,0.8,11.0,5,0.26919
2021-09-07,Tech,0.20083238095238093,0.20083238095238093,1.0,24.0,5,0.19907
2021-09-08,Tech,0.10878999999999998,0.13598749999999998,0.8,13.0,5,0.20083238095238093
2021-09-09,Tech,0.18947166666666665,0.18947166666666665,1.0,13.0,5,0.10878999999999998
2021-09-10,Tech,-0.10527333333333336,-0.10527333333333336,1.0,16.0,5,0.18947166666666665
2021-09-13,Tech,0.052699666666666665,0.052699666666666665,1.0,22.0,5,-0.10527333333333336
2021-09-14,Tech,0.194275,0.194275,1.0,11.0,5,0.052699666666666665
2021-09-15,Tech,0.06642428571428571,0.08303035714285714,0.8,18.0,5,0.194275
2021-09-16,Tech,0.20064333333333337,0.20064333333333337,1.0,8.0,5,0.06642428571428571
2021-09-17,Tech,-0.004446666666666654,-0.004446666666666654,1.0,10.0,5,0.20064333333333337
2021-09-20,Tech,0.29294333333333333,0.29294333333333333,1.0,24.0,5,-0.004446666666666654
2021-09-21,Tech,0.1202017857142857,0.1202017857142857,1.0,22.0,5,0.29294333333333333
2021-09-22,Tech,0.08091866666666667,0.08091866666666667,1.0,17.0,5,0.1202017857142857
2021-09-23,Tech,0.04324833333333335,0.04324833333333335,1.0,12.0,5,0.08091866666666667
2021-09-24,Tech,0.17522,0.17522,1.0,13.0,5,0.04324833333333335
2021-09-27,Tech,0.18366033333333334,0.18366033333333334,1.0,22.0,5,0.17522
2021-09-28,Tech,0.151244,0.151244,1.0,14.0,5,0.18366033333333334
2021-09-29,Tech,0.17054533333333333,0.21318166666666666,0.8,12.0,5,0.151244
2021-09-30,Tech,0.16957166666666665,0.16957166666666665,1.0,16.0,5,0.17054533333333333
2021-10-01,Tech,-0.171766,-0.171766,1.0,14.0,5,0.16957166666666665
2021-10-04,Tech,0.16395857142857143,0.16395857142857143,1.0,25.0,5,-0.171766
2021-10-05,Tech,0.13896,0.13896,1.0,13.0,5,0.16395857142857143
2021-10-06,Tech,0.0821245,0.102655625,0.8,18.0,5,0.13896
2021-10-07,Tech,-0.010751666666666677,-0.010751666666666677,1.0,11.0,5,0.0821245
2021-10-08,Tech,0.05983433333333334,0.05983433333333334,1.0,14.0,5,-0.010751666666666677
2021-10-11,Tech,0.055946666666666665,0.09324444444444445,0.6,5.0,5,0.05983433333333334
2021-10-12,Tech,0.23080155555555554,0.23080155555555554,1.0,23.0,5,0.055946666666666665
2021-10-13,Tech,0.11946333333333334,0.11946333333333334,1.0,21.0,5,0.23080155555555554
2021-10-14,Tech,0.064952,0.08119,0.8,11.0,5,0.11946333333333334
2021-10-15,Tech,0.12802,0.160025,0.8,8.0,5,0.064952
2021-10-18,Tech,0.07923111904761904,0.07923111904761904,1.0,37.0,5,0.12802
2021-10-19,Tech,0.2747116666666667,0.2747116666666667,1.0,16.0,5,0.07923111904761904
2021-10-20,Tech,0.1758433333333333,0.1758433333333333,1.0,9.0,5,0.2747116666666667
2021-10-21,Tech,0.0866595,0.0866595,1.0,27.0,5,0.1758433333333333
2021-10-22,Tech,0.15594666666666668,0.25991111111111115,0.6,26.0,5,0.0866595
2021-10-25,Tech,-0.02313166666666666,-0.028914583333333327,0.8,15.0,5,0.15594666666666668
2021-10-26,Tech,0.10657785714285714,0.10657785714285714,1.0,31.0,5,-0.02313166666666666
2021-10-27,Tech,0.05494852380952382,0.06868565476190477,0.8,22.0,5,0.10657785714285714
2021-10-28,Tech,0.23969999999999997,0.23969999999999997,1.0,12.0,5,0.05494852380952382
2021-10-29,Tech,0.060548000000000005,0.075685,0.8,13.0,5,0.23969999999999997
2021-11-01,Tech,0.2526783333333334,0.2526783333333334,1.0,15.0,5,0.060548000000000005
2021-11-02,Tech,0.15081666666666665,0.15081666666666665,1.0,19.0,5,0.2526783333333334
2021-11-03,Tech,0.22642400000000001,0.22642400000000001,1.0,20.0,5,0.15081666666666665
2021-11-04,Tech,0.21333003417634994,0.21333003417634994,1.0,43.0,5,0.22642400000000001
2021-11-05,Tech,0.08403666666666668,0.08403666666666668,1.0,12.0,5,0.21333003417634994
2021-11-08,Tech,0.07051566666666667,0.07051566666666667,1.0,29.0,5,0.08403666666666668
2021-11-09,Tech,0.14015,0.1751875,0.8,16.0,5,0.07051566666666667
2021-11-10,Tech,0.09087277777777779,0.09087277777777779,1.0,21.0,5,0.14015
2021-11-11,Tech,0.18551939393939393,0.23189924242424242,0.8,16.0,5,0.09087277777777779
2021-11-12,Tech,0.07454000000000001,0.09317500000000001,0.8,9.0,5,0.18551939393939393
2021-11-15,Tech,0.13494666666666666,0.16868333333333332,0.8,19.0,5,0.07454000000000001
2021-11-16,Tech,0.08998348484848485,0.22495871212121213,0.4,23.0,5,0.13494666666666666
2021-11-17,Tech,0.03397450980392157,0.056624183006535954,0.6,23.0,5,0.08998348484848485
2021-11-18,Tech,0.0509920197044335,0.08498669950738917,0.6,37.0,5,0.03397450980392157
2021-11-19,Tech,0.10547473684210526,0.13184342105263158,0.8,26.0,5,0.0509920197044335
2021-11-22,Tech,0.1875011666666667,0.1875011666666667,1.0,31.0,5,0.10547473684210526
2021-11-23,Tech,0.33617600000000003,0.33617600000000003,1.0,11.0,5,0.1875011666666667
2021-11-24,Tech,0.0028988888888888953,0.003623611111111119,0.8,21.0,5,0.33617600000000003
2021-11-26,Tech,-0.022650000000000003,-0.037750000000000006,0.6,8.0,5,0.0028988888888888953
2021-11-29,Tech,0.13981257142857145,0.13981257142857145,1.0,31.0,5,-0.022650000000000003
2021-11-30,Tech,0.02141722222222222,0.02141722222222222,1.0,23.0,5,0.13981257142857145
2021-12-01,Tech,-0.06669999999999998,-0.06669999999999998,1.0,8.0,5,0.02141722222222222
2021-12-02,Tech,0.17711696969696972,0.17711696969696972,1.0,24.0,5,-0.06669999999999998
2021-12-03,Tech,0.14574482142857142,0.18218102678571427,0.8,28.0,5,0.17711696969696972
2021-12-06,Tech,0.1554797121212121,0.1554797121212121,1.0,44.0,5,0.14574482142857142
2021-12-07,Tech,0.2258061576168929,0.2258061576168929,1.0,43.0,5,0.1554797121212121
2021-12-08,Tech,0.03330833333333333,0.04163541666666666,0.8,15.0,5,0.2258061576168929
2021-12-09,Tech,0.13742472727272728,0.13742472727272728,1.0,27.0,5,0.03330833333333333
2021-12-10,Tech,0.04110363636363636,0.06850606060606061,0.6,16.0,5,0.13742472727272728
2021-12-13,Tech,0.08031590909090909,0.08031590909090909,1.0,35.0,5,0.04110363636363636
2021-12-14,Tech,0.02925833333333333,0.02925833333333333,1.0,19.0,5,0.08031590909090909
2021-12-15,Tech,0.20407466666666668,0.20407466666666668,1.0,25.0,5,0.02925833333333333
2021-12-16,Tech,0.07607916666666667,0.07607916666666667,1.0,30.0,5,0.20407466666666668
2021-12-17,Tech,-0.13307666666666668,-0.13307666666666668,1.0,16.0,5,0.07607916666666667
2021-12-20,Tech,0.038905,0.038905,1.0,26.0,5,-0.13307666666666668
2021-12-21,Tech,0.1621288888888889,0.1621288888888889,1.0,18.0,5,0.038905
2021-12-22,Tech,0.5457966666666667,0.5457966666666667,1.0,18.0,5,0.1621288888888889
2021-12-23,Tech,0.12270833333333334,0.12270833333333334,1.0,19.0,5,0.5457966666666667
2021-12-27,Tech,0.1307965,0.163495625,0.8,21.0,5,0.12270833333333334
2021-12-28,Tech,0.206258,0.206258,1.0,30.0,5,0.1307965
2021-12-29,Tech,0.07580366666666666,0.12633944444444442,0.6,12.0,5,0.206258
2021-12-30,Tech,0.15874000000000002,0.15874000000000002,1.0,20.0,5,0.07580366666666666
2021-12-31,Tech,0.24926471428571428,0.24926471428571428,1.0,18.0,5,0.15874000000000002
2022-01-03,Tech,0.2687995238095238,0.33599940476190476,0.8,23.0,5,0.24926471428571428
2022-01-04,Tech,0.061587843137254905,0.061587843137254905,1.0,43.0,5,0.2687995238095238
2022-01-05,Tech,0.14150145454545454,0.14150145454545454,1.0,38.0,5,0.061587843137254905
2022-01-06,Tech,0.15982,0.15982,1.0,14.0,5,0.14150145454545454
2022-01-07,Tech,-0.033966,-0.05661,0.6,19.0,5,0.15982
2022-01-10,Tech,0.0869575,0.0869575,1.0,27.0,5,-0.033966
2022-01-11,Tech,0.11937288888888889,0.11937288888888889,1.0,27.0,5,0.0869575
2022-01-12,Tech,0.16240000000000002,0.16240000000000002,1.0,27.0,5,0.11937288888888889
2022-01-13,Tech,0.24684234920634926,0.24684234920634926,1.0,32.0,5,0.16240000000000002
2022-01-14,Tech,0.20481952380952378,0.20481952380952378,1.0,17.0,5,0.24684234920634926
2022-01-18,Tech,0.1867615714285714,0.1867615714285714,1.0,38.0,5,0.20481952380952378
2022-01-19,Tech,0.140892,0.176115,0.8,47.0,5,0.1867615714285714
2022-01-20,Tech,0.2284472857142857,0.2284472857142857,1.0,48.0,5,0.140892
2022-01-21,Tech,0.07854030303030304,0.0981753787878788,0.8,30.0,5,0.2284472857142857
2022-01-24,Tech,0.15312506604506607,0.15312506604506607,1.0,40.0,5,0.07854030303030304
2022-01-25,Tech,0.05849133333333334,0.05849133333333334,1.0,36.0,5,0.15312506604506607
2022-01-26,Tech,0.09236735019366597,0.09236735019366597,1.0,73.0,5,0.05849133333333334
2022-01-27,Tech,0.13181122727272726,0.1647640340909091,0.8,56.0,5,0.09236735019366597
2022-01-28,Tech,0.1852827619047619,0.1852827619047619,1.0,32.0,5,0.13181122727272726
2022-01-31,Tech,0.10272966666666668,0.10272966666666668,1.0,51.0,5,0.1852827619047619
2022-02-01,Tech,0.15429918518518518,0.15429918518518518,1.0,53.0,5,0.10272966666666668
2022-02-02,Tech,0.1974081141199226,0.1974081141199226,1.0,102.0,5,0.15429918518518518
2022-02-03,Tech,0.19683612698412697,0.19683612698412697,1.0,37.0,5,0.1974081141199226
2022-02-04,Tech,0.04195666666666666,0.05244583333333333,0.8,18.0,5,0.19683612698412697
2022-02-07,Tech,0.08864738095238096,0.08864738095238096,1.0,29.0,5,0.04195666666666666
2022-02-08,Tech,0.2332439285714286,0.2332439285714286,1.0,51.0,5,0.08864738095238096
2022-02-09,Tech,0.1621036923076923,0.1621036923076923,1.0,25.0,5,0.2332439285714286
2022-02-10,Tech,0.07350999999999999,0.07350999999999999,1.0,19.0,5,0.1621036923076923
2022-02-11,Tech,0.046685,0.046685,1.0,30.0,5,0.07350999999999999
2022-02-14,Tech,0.0698953205128205,0.0698953205128205,1.0,59.0,5,0.046685
2022-02-15,Tech,0.14368150326797385,0.14368150326797385,1.0,55.0,5,0.0698953205128205
2022-02-16,Tech,0.15499168627450982,0.15499168627450982,1.0,34.0,5,0.14368150326797385
2022-02-17,Tech,0.11820920000000001,0.11820920000000001,1.0,44.0,5,0.15499168627450982
2022-02-18,Tech,0.18385600000000002,0.18385600000000002,1.0,35.0,5,0.11820920000000001
2022-02-22,Tech,0.14458807142857144,0.14458807142857144,1.0,40.0,5,0.18385600000000002
2022-02-23,Tech,0.21882000000000001,0.21882000000000001,1.0,22.0,5,0.14458807142857144
2022-02-24,Tech,0.09003333333333333,0.09003333333333333,1.0,19.0,5,0.21882000000000001
2022-02-25,Tech,-0.037905714285714286,-0.04738214285714286,0.8,16.0,5,0.09003333333333333
2022-02-28,Tech,0.1550536363636364,0.1550536363636364,1.0,24.0,5,-0.037905714285714286
2022-03-01,Tech,0.1823533333333333,0.1823533333333333,1.0,13.0,5,0.1550536363636364
2022-03-02,Tech,0.16368400000000002,0.20460500000000004,0.8,21.0,5,0.1823533333333333
2022-03-03,Tech,0.08974015151515151,0.08974015151515151,1.0,27.0,5,0.16368400000000002
2022-03-04,Tech,0.05196861904761905,0.05196861904761905,1.0,26.0,5,0.08974015151515151
2022-03-07,Tech,0.024162047619047618,0.024162047619047618,1.0,37.0,5,0.05196861904761905
2022-03-08,Tech,0.12529333333333334,0.15661666666666668,0.8,29.0,5,0.024162047619047618
2022-03-09,Tech,0.07840942857142859,0.07840942857142859,1.0,37.0,5,0.12529333333333334
2022-03-10,Tech,0.2778336923076923,0.2778336923076923,1.0,36.0,5,0.07840942857142859
2022-03-11,Tech,0.07525200000000001,0.07525200000000001,1.0,21.0,5,0.2778336923076923
2022-03-14,Tech,0.26458244444444445,0.26458244444444445,1.0,26.0,5,0.07525200000000001
2022-03-15,Tech,0.12210090476190476,0.12210090476190476,1.0,36.0,5,0.26458244444444445
2022-03-16,Tech,0.14393551948051947,0.17991939935064932,0.8,31.0,5,0.12210090476190476
2022-03-17,Tech,0.08372516666666667,0.08372516666666667,1.0,26.0,5,0.14393551948051947
2022-03-18,Tech,0.1473853333333333,0.1473853333333333,1.0,24.0,5,0.08372516666666667
2022-03-21,Tech,0.10558399999999998,0.10558399999999998,1.0,31.0,5,0.1473853333333333
2022-03-22,Tech,0.1362493333333333,0.1362493333333333,1.0,25.0,5,0.10558399999999998
2022-03-23,Tech,0.07326963636363637,0.07326963636363637,1.0,50.0,5,0.1362493333333333
2022-03-24,Tech,0.11436908158508156,0.11436908158508156,1.0,56.0,5,0.07326963636363637
2022-03-25,Tech,0.13006791666666664,0.13006791666666664,1.0,33.0,5,0.11436908158508156
2022-03-28,Tech,0.26842,0.26842,1.0,35.0,5,0.13006791666666664
2022-03-29,Tech,0.07572295238095239,0.09465369047619049,0.8,28.0,5,0.26842
2022-03-30,Tech,0.14768283333333335,0.14768283333333335,1.0,22.0,5,0.07572295238095239
2022-03-31,Tech,0.1397956349206349,0.1397956349206349,1.0,35.0,5,0.14768283333333335
2022-04-01,Tech,0.10382381351981351,0.10382381351981351,1.0,42.0,5,0.1397956349206349
2022-04-04,Tech,0.12007586466165412,0.12007586466165412,1.0,57.0,5,0.10382381351981351
2022-04-05,Tech,0.03239465384615385,0.04049331730769231,0.8,37.0,5,0.12007586466165412
2022-04-06,Tech,0.1552212857142857,0.1552212857142857,1.0,33.0,5,0.03239465384615385
2022-04-07,Tech,0.23489771428571432,0.2936221428571429,0.8,22.0,5,0.1552212857142857
2022-04-08,Tech,0.38193333333333335,0.38193333333333335,1.0,25.0,5,0.23489771428571432
2022-04-11,Tech,0.22030372494172495,0.22030372494172495,1.0,55.0,5,0.38193333333333335
2022-04-12,Tech,0.12285428571428572,0.12285428571428572,1.0,15.0,5,0.22030372494172495
2022-04-13,Tech,0.11163166666666664,0.11163166666666664,1.0,26.0,5,0.12285428571428572
2022-04-14,Tech,0.02458333333333333,0.02458333333333333,1.0,25.0,5,0.11163166666666664
2022-04-18,Tech,0.09196999999999998,0.09196999999999998,1.0,24.0,5,0.02458333333333333
2022-04-19,Tech,0.17060755555555557,0.17060755555555557,1.0,24.0,5,0.09196999999999998
2022-04-20,Tech,0.140301,0.17537625,0.8,17.0,5,0.17060755555555557
2022-04-21,Tech,0.04024880952380951,0.04024880952380951,1.0,23.0,5,0.140301
2022-04-22,Tech,0.06348000000000001,0.06348000000000001,1.0,9.0,5,0.04024880952380951
2022-04-25,Tech,0.15357402380952384,0.15357402380952384,1.0,39.0,5,0.06348000000000001
2022-04-26,Tech,0.135942,0.135942,1.0,22.0,5,0.15357402380952384
2022-04-27,Tech,0.1486962222222222,0.1486962222222222,1.0,32.0,5,0.135942
2022-04-28,Tech,0.05563329545454545,0.06954161931818181,0.8,46.0,5,0.1486962222222222
2022-04-29,Tech,0.014577056277056272,0.014577056277056272,1.0,27.0,5,0.05563329545454545
2022-05-02,Tech,0.045770865800865805,0.045770865800865805,1.0,33.0,5,0.014577056277056272
2022-05-03,Tech,0.011775555555555556,0.011775555555555556,1.0,41.0,5,0.045770865800865805
2022-05-04,Tech,-0.020050192307692304,-0.02506274038461538,0.8,45.0,5,0.011775555555555556
2022-05-05,Tech,0.27581316666666666,0.27581316666666666,1.0,25.0,5,-0.020050192307692304
2022-05-06,Tech,0.07282428571428572,0.07282428571428572,1.0,23.0,5,0.27581316666666666
2022-05-09,Tech,0.0890825641025641,0.0890825641025641,1.0,33.0,5,0.07282428571428572
2022-05-10,Tech,0.19980564102564102,0.19980564102564102,1.0,25.0,5,0.0890825641025641
2022-05-11,Tech,0.10732678571428571,0.10732678571428571,1.0,21.0,5,0.19980564102564102
2022-05-12,Tech,0.039284523809523804,0.039284523809523804,1.0,34.0,5,0.10732678571428571
2022-05-13,Tech,0.11423303030303031,0.11423303030303031,1.0,24.0,5,0.039284523809523804
2022-05-16,Tech,0.017866,0.017866,1.0,22.0,5,0.11423303030303031
2022-05-17,Tech,0.16819663003663005,0.16819663003663005,1.0,35.0,5,0.017866
2022-05-18,Tech,0.26934499999999995,0.26934499999999995,1.0,20.0,5,0.16819663003663005
2022-05-19,Tech,0.14425613636363638,0.18032017045454546,0.8,25.0,5,0.26934499999999995
2022-05-20,Tech,0.2848533333333333,0.2848533333333333,1.0,21.0,5,0.14425613636363638
2022-05-23,Tech,0.1786497644110276,0.1786497644110276,1.0,37.0,5,0.2848533333333333
2022-05-24,Tech,0.2843666666666667,0.2843666666666667,1.0,14.0,5,0.1786497644110276
2022-05-25,Tech,0.03430989898989899,0.03430989898989899,1.0,36.0,5,0.2843666666666667
2022-05-26,Tech,0.25020105263157894,0.25020105263157894,1.0,31.0,5,0.03430989898989899
2022-05-27,Tech,-0.004007777777777777,-0.004007777777777777,1.0,17.0,5,0.25020105263157894
2022-05-31,Tech,0.2941422222222222,0.2941422222222222,1.0,27.0,5,-0.004007777777777777
2022-06-01,Tech,0.15144611111111111,0.1893076388888889,0.8,19.0,5,0.2941422222222222
2022-06-02,Tech,0.10932380952380952,0.10932380952380952,1.0,27.0,5,0.15144611111111111
2022-06-03,Tech,0.11425733333333335,0.11425733333333335,1.0,23.0,5,0.10932380952380952
2022-06-06,Tech,0.06840833333333333,0.06840833333333333,1.0,17.0,5,0.11425733333333335
2022-06-07,Tech,0.09868533333333333,0.09868533333333333,1.0,22.0,5,0.06840833333333333
2022-06-08,Tech,0.07279275,0.09099093750000001,0.8,27.0,5,0.09868533333333333
2022-06-09,Tech,0.065266,0.065266,1.0,15.0,5,0.07279275
2022-06-10,Tech,0.04853750000000001,0.04853750000000001,1.0,18.0,5,0.065266
2022-06-13,Tech,0.1295885,0.1295885,1.0,36.0,5,0.04853750000000001
2022-06-14,Tech,0.16251047619047615,0.16251047619047615,1.0,19.0,5,0.1295885
2022-06-15,Tech,0.249181,0.249181,1.0,20.0,5,0.16251047619047615
2022-06-16,Tech,0.10182822510822512,0.10182822510822512,1.0,30.0,5,0.249181
2022-06-17,Tech,0.10081566666666668,0.12601958333333335,0.8,19.0,5,0.10182822510822512
2022-06-21,Tech,0.11818778205128207,0.11818778205128207,1.0,33.0,5,0.10081566666666668
2022-06-22,Tech,0.1888419047619047,0.1888419047619047,1.0,20.0,5,0.11818778205128207
2022-06-23,Tech,0.1661,0.1661,1.0,22.0,5,0.1888419047619047
2022-06-24,Tech,-0.009807999999999994,-0.009807999999999994,1.0,24.0,5,0.1661
2022-06-27,Tech,0.2074669523809524,0.2074669523809524,1.0,37.0,5,-0.009807999999999994
2022-06-28,Tech,0.07973964285714286,0.07973964285714286,1.0,27.0,5,0.2074669523809524
2022-06-29,Tech,0.16612555555555558,0.16612555555555558,1.0,29.0,5,0.07973964285714286
2022-06-30,Tech,0.12980755555555554,0.12980755555555554,1.0,31.0,5,0.16612555555555558
2022-07-01,Tech,0.17648452380952379,0.17648452380952379,1.0,23.0,5,0.12980755555555554
2022-07-05,Tech,0.12629277777777775,0.1578659722222222,0.8,32.0,5,0.17648452380952379
2022-07-06,Tech,0.131968,0.131968,1.0,18.0,5,0.12629277777777775
2022-07-07,Tech,0.07977339682539683,0.07977339682539683,1.0,37.0,5,0.131968
2022-07-08,Tech,0.11156666666666668,0.11156666666666668,1.0,13.0,5,0.07977339682539683
2022-07-11,Tech,0.2371707142857143,0.2371707142857143,1.0,21.0,5,0.11156666666666668
2022-07-12,Tech,0.1152452380952381,0.1152452380952381,1.0,22.0,5,0.2371707142857143
2022-07-13,Tech,0.01983603174603175,0.01983603174603175,1.0,22.0,5,0.1152452380952381
2022-07-14,Tech,0.13934678571428571,0.13934678571428571,1.0,28.0,5,0.01983603174603175
2022-07-15,Tech,0.16367642857142856,0.16367642857142856,1.0,17.0,5,0.13934678571428571
2022-07-18,Tech,0.2422555714285714,0.2422555714285714,1.0,28.0,5,0.16367642857142856
2022-07-19,Tech,0.040013999999999994,0.040013999999999994,1.0,20.0,5,0.2422555714285714
2022-07-20,Tech,0.1332546428571429,0.1332546428571429,1.0,31.0,5,0.040013999999999994
2022-07-21,Tech,0.15202666666666667,0.19003333333333333,0.8,19.0,5,0.1332546428571429
2022-07-22,Tech,0.20978000000000002,0.20978000000000002,1.0,23.0,5,0.15202666666666667
2022-07-25,Tech,0.07361013636363636,0.07361013636363636,1.0,33.0,5,0.20978000000000002
2022-07-26,Tech,0.013856666666666665,0.023094444444444442,0.6,12.0,5,0.07361013636363636
2022-07-27,Tech,0.13731961038961035,0.13731961038961035,1.0,28.0,5,0.013856666666666665
2022-07-28,Tech,0.04297960606060606,0.05372450757575757,0.8,40.0,5,0.13731961038961035
2022-07-29,Tech,0.2420811695906433,0.2420811695906433,1.0,37.0,5,0.04297960606060606
2022-08-01,Tech,0.21503361111111113,0.21503361111111113,1.0,24.0,5,0.2420811695906433
2022-08-02,Tech,-0.026394285714285714,-0.026394285714285714,1.0,44.0,5,0.21503361111111113
2022-08-03,Tech,0.11318400000000002,0.14148000000000002,0.8,32.0,5,-0.026394285714285714
2022-08-04,Tech,0.050596666666666665,0.050596666666666665,1.0,24.0,5,0.11318400000000002
2022-08-05,Tech,0.10629333333333335,0.1328666666666667,0.8,12.0,5,0.050596666666666665
2022-08-08,Tech,0.09964244444444445,0.12455305555555556,0.8,44.0,5,0.10629333333333335
2022-08-09,Tech,0.0713476923076923,0.0713476923076923,1.0,44.0,5,0.09964244444444445
2022-08-10,Tech,0.07431784126984127,0.07431784126984127,1.0,26.0,5,0.0713476923076923
2022-08-11,Tech,0.09649837662337664,0.09649837662337664,1.0,27.0,5,0.07431784126984127
2022-08-12,Tech,0.2780676666666666,0.2780676666666666,1.0,21.0,5,0.09649837662337664
2022-08-15,Tech,0.16303485714285712,0.16303485714285712,1.0,23.0,5,0.2780676666666666
2022-08-16,Tech,0.19299066666666667,0.19299066666666667,1.0,16.0,5,0.16303485714285712
2022-08-17,Tech,0.07521111111111112,0.0940138888888889,0.8,14.0,5,0.19299066666666667
2022-08-18,Tech,0.10242,0.10242,1.0,12.0,5,0.07521111111111112
2022-08-19,Tech,0.16227,0.16227,1.0,12.0,5,0.10242
2022-08-22,Tech,0.25741533333333333,0.25741533333333333,1.0,37.0,5,0.16227
2022-08-23,Tech,0.12548399999999998,0.12548399999999998,1.0,14.0,5,0.25741533333333333
2022-08-24,Tech,0.14824991596638656,0.14824991596638656,1.0,30.0,5,0.12548399999999998
2022-08-25,Tech,0.13230333333333333,0.16537916666666666,0.8,27.0,5,0.14824991596638656
2022-08-26,Tech,0.19178323809523812,0.19178323809523812,1.0,26.0,5,0.13230333333333333
2022-08-29,Tech,0.07502333333333333,0.07502333333333333,1.0,32.0,5,0.19178323809523812
2022-08-30,Tech,0.11686649999999998,0.11686649999999998,1.0,20.0,5,0.07502333333333333
2022-08-31,Tech,0.07308666666666666,0.09135833333333333,0.8,19.0,5,0.11686649999999998
2022-09-01,Tech,0.007841267507002809,0.007841267507002809,1.0,78.0,5,0.07308666666666666
2022-09-02,Tech,0.22613571428571427,0.22613571428571427,1.0,26.0,5,0.007841267507002809
2022-09-06,Tech,0.10662194444444446,0.10662194444444446,1.0,49.0,5,0.22613571428571427
2022-09-07,Tech,0.17089166666666666,0.17089166666666666,1.0,18.0,5,0.10662194444444446
2022-09-08,Tech,0.02906000000000001,0.02906000000000001,1.0,19.0,5,0.17089166666666666
2022-09-09,Tech,0.1466486666666667,0.1466486666666667,1.0,17.0,5,0.02906000000000001
2022-09-12,Tech,0.031105357142857143,0.031105357142857143,1.0,26.0,5,0.1466486666666667
2022-09-13,Tech,0.025618333333333326,0.025618333333333326,1.0,26.0,5,0.031105357142857143
2022-09-14,Tech,0.12073883333333332,0.12073883333333332,1.0,24.0,5,0.025618333333333326
2022-09-15,Tech,-0.0005326521739130411,-0.0005326521739130411,1.0,41.0,5,0.12073883333333332
2022-09-16,Tech,0.06752371428571428,0.06752371428571428,1.0,20.0,5,-0.0005326521739130411
2022-09-19,Tech,0.09093066666666665,0.09093066666666665,1.0,27.0,5,0.06752371428571428
2022-09-20,Tech,0.07047895238095239,0.08809869047619048,0.8,21.0,5,0.09093066666666665
2022-09-21,Tech,0.03157551282051283,0.03157551282051283,1.0,23.0,5,0.07047895238095239
2022-09-22,Tech,0.1434662857142857,0.1434662857142857,1.0,22.0,5,0.03157551282051283
2022-09-23,Tech,0.02783228571428572,0.02783228571428572,1.0,20.0,5,0.1434662857142857
2022-09-26,Tech,0.08646011904761905,0.08646011904761905,1.0,26.0,5,0.02783228571428572
2022-09-27,Tech,0.18781806349206348,0.18781806349206348,1.0,29.0,5,0.08646011904761905
2022-09-28,Tech,0.00924506493506494,0.00924506493506494,1.0,38.0,5,0.18781806349206348
2022-09-29,Tech,0.09047150000000001,0.09047150000000001,1.0,38.0,5,0.00924506493506494
2022-09-30,Tech,-0.16936333333333337,-0.16936333333333337,1.0,11.0,5,0.09047150000000001
2022-10-03,Tech,0.24741190476190478,0.30926488095238097,0.8,27.0,5,-0.16936333333333337
2022-10-04,Tech,0.14983649350649347,0.14983649350649347,1.0,25.0,5,0.24741190476190478
2022-10-05,Tech,0.11293427777777779,0.11293427777777779,1.0,27.0,5,0.14983649350649347
2022-10-06,Tech,-0.07437,-0.0929625,0.8,24.0,5,0.11293427777777779
2022-10-07,Tech,0.052255087719298245,0.052255087719298245,1.0,65.0,5,-0.07437
2022-10-10,Tech,0.07669666666666666,0.07669666666666666,1.0,38.0,5,0.052255087719298245
2022-10-11,Tech,-0.01788666666666667,-0.022358333333333334,0.8,20.0,5,0.07669666666666666
2022-10-12,Tech,-0.029268888888888872,-0.029268888888888872,1.0,34.0,5,-0.01788666666666667
2022-10-13,Tech,0.002154999999999996,0.002154999999999996,1.0,29.0,5,-0.029268888888888872
2022-10-14,Tech,0.07374,0.07374,1.0,17.0,5,0.002154999999999996
2022-10-17,Tech,0.061792,0.061792,1.0,24.0,5,0.07374
2022-10-18,Tech,0.13744,0.13744,1.0,32.0,5,0.061792
2022-10-19,Tech,-0.09869666666666668,-0.09869666666666668,1.0,17.0,5,0.13744
2022-10-20,Tech,0.20392000000000002,0.20392000000000002,1.0,16.0,5,-0.09869666666666668
2022-10-21,Tech,0.026856,0.026856,1.0,21.0,5,0.20392000000000002
2022-10-24,Tech,-0.002347380952380947,-0.002347380952380947,1.0,22.0,5,0.026856
2022-10-25,Tech,-0.020801999999999994,-0.02600249999999999,0.8,17.0,5,-0.002347380952380947
2022-10-26,Tech,0.27627999999999997,0.27627999999999997,1.0,13.0,5,-0.020801999999999994
2022-10-27,Tech,0.02150577777777778,0.02150577777777778,1.0,36.0,5,0.27627999999999997
2022-10-28,Tech,0.08008787878787879,0.10010984848484848,0.8,33.0,5,0.02150577777777778
2022-10-31,Tech,0.1395535,0.1395535,1.0,25.0,5,0.08008787878787879
2022-11-01,Tech,0.09893733333333335,0.09893733333333335,1.0,29.0,5,0.1395535
2022-11-02,Tech,0.13055866666666666,0.13055866666666666,1.0,38.0,5,0.09893733333333335
2022-11-03,Tech,0.026699047619047615,0.03337380952380952,0.8,30.0,5,0.13055866666666666
2022-11-04,Tech,0.055600000000000004,0.0695,0.8,9.0,5,0.026699047619047615
2022-11-07,Tech,0.15052076190476188,0.15052076190476188,1.0,27.0,5,0.055600000000000004
2022-11-08,Tech,0.10561095238095239,0.10561095238095239,1.0,23.0,5,0.15052076190476188
2022-11-09,Tech,0.04582000000000001,0.057275000000000006,0.8,13.0,5,0.10561095238095239
2022-11-10,Tech,0.07427292307692307,0.07427292307692307,1.0,28.0,5,0.04582000000000001
2022-11-11,Tech,0.13724928571428568,0.13724928571428568,1.0,14.0,5,0.07427292307692307
2022-11-14,Tech,0.06693235653235653,0.06693235653235653,1.0,32.0,5,0.13724928571428568
2022-11-15,Tech,0.09564199999999999,0.11955249999999999,0.8,21.0,5,0.06693235653235653
2022-11-16,Tech,0.017217944444444445,0.017217944444444445,1.0,40.0,5,0.09564199999999999
2022-11-17,Tech,0.081674,0.081674,1.0,27.0,5,0.017217944444444445
2022-11-18,Tech,0.22518000000000002,0.28147500000000003,0.8,10.0,5,0.081674
2022-11-21,Tech,0.176582,0.176582,1.0,19.0,5,0.22518000000000002
2022-11-22,Tech,0.004435,0.004435,1.0,12.0,5,0.176582
2022-11-23,Tech,0.157815,0.19726875000000002,0.8,14.0,5,0.004435
2022-11-25,Tech,-0.0030399999999999915,-0.003799999999999989,0.8,10.0,5,0.157815
2022-11-28,Tech,0.11522534615384616,0.11522534615384616,1.0,33.0,5,-0.0030399999999999915
2022-11-29,Tech,-0.07567866666666666,-0.07567866666666666,1.0,15.0,5,0.11522534615384616
2022-11-30,Tech,0.014596666666666657,0.014596666666666657,1.0,16.0,5,-0.07567866666666666
2022-12-01,Tech,0.19348100000000001,0.19348100000000001,1.0,22.0,5,0.014596666666666657
2022-12-02,Tech,0.10568190476190475,0.10568190476190475,1.0,27.0,5,0.19348100000000001
2022-12-05,Tech,0.06731428571428572,0.06731428571428572,1.0,18.0,5,0.10568190476190475
2022-12-06,Tech,0.006490666666666675,0.006490666666666675,1.0,15.0,5,0.06731428571428572
2022-12-07,Tech,0.22985285714285716,0.22985285714285716,1.0,25.0,5,0.006490666666666675
2022-12-08,Tech,0.058491,0.097485,0.6,15.0,5,0.22985285714285716
2022-12-09,Tech,0.10536500000000001,0.13170625000000002,0.8,13.0,5,0.058491
2022-12-12,Tech,0.15007047619047617,0.15007047619047617,1.0,24.0,5,0.10536500000000001
2022-12-13,Tech,0.14398912698412697,0.17998640873015873,0.8,27.0,5,0.15007047619047617
2022-12-14,Tech,0.004423333333333332,0.004423333333333332,1.0,11.0,5,0.14398912698412697
2022-12-15,Tech,-0.0444945238095238,-0.0444945238095238,1.0,30.0,5,0.004423333333333332
2022-12-16,Tech,0.11192383333333333,0.13990479166666667,0.8,27.0,5,-0.0444945238095238
2022-12-19,Tech,0.012095333333333328,0.012095333333333328,1.0,24.0,5,0.11192383333333333
2022-12-20,Tech,0.15540833333333332,0.19426041666666666,0.8,15.0,5,0.012095333333333328
2022-12-21,Tech,0.18500171428571427,0.18500171428571427,1.0,20.0,5,0.15540833333333332
2022-12-22,Tech,-0.11699016666666666,-0.11699016666666666,1.0,30.0,5,0.18500171428571427
2022-12-23,Tech,0.05826049999999999,0.09710083333333332,0.6,17.0,5,-0.11699016666666666
2022-12-27,Tech,-0.02400274458874459,-0.02400274458874459,1.0,28.0,5,0.05826049999999999
2022-12-28,Tech,0.08660999999999999,0.10826249999999998,0.8,14.0,5,-0.02400274458874459
2022-12-29,Tech,0.17852666666666667,0.17852666666666667,1.0,13.0,5,0.08660999999999999
2022-12-30,Tech,0.04451771428571429,0.04451771428571429,1.0,22.0,5,0.17852666666666667
2023-01-03,Tech,0.10357785822021118,0.10357785822021118,1.0,51.0,5,0.04451771428571429
2023-01-04,Tech,0.0344045,0.0344045,1.0,26.0,5,0.10357785822021118
2023-01-05,Tech,0.23287533333333332,0.23287533333333332,1.0,27.0,5,0.0344045
2023-01-06,Tech,0.2811952380952381,0.2811952380952381,1.0,21.0,5,0.23287533333333332
2023-01-09,Tech,0.12115619047619046,0.12115619047619046,1.0,24.0,5,0.2811952380952381
2023-01-10,Tech,0.23811809523809524,0.23811809523809524,1.0,21.0,5,0.12115619047619046
2023-01-11,Tech,0.06118666666666667,0.06118666666666667,1.0,17.0,5,0.23811809523809524
2023-01-12,Tech,0.056658333333333345,0.056658333333333345,1.0,13.0,5,0.06118666666666667
2023-01-13,Tech,0.10006499999999999,0.10006499999999999,1.0,14.0,5,0.056658333333333345
2023-01-17,Tech,0.12548147619047617,0.12548147619047617,1.0,46.0,5,0.10006499999999999
2023-01-18,Tech,0.18735714285714286,0.18735714285714286,1.0,18.0,5,0.12548147619047617
2023-01-19,Tech,0.03716000000000001,0.06193333333333335,0.6,12.0,5,0.18735714285714286
2023-01-20,Tech,0.059440666666666676,0.059440666666666676,1.0,26.0,5,0.03716000000000001
2023-01-23,Tech,0.04196040100250627,0.04196040100250627,1.0,54.0,5,0.059440666666666676
2023-01-24,Tech,0.0842025,0.105253125,0.8,32.0,5,0.04196040100250627
2023-01-25,Tech,0.061449166666666666,0.061449166666666666,1.0,29.0,5,0.0842025
2023-01-26,Tech,0.09972263492063492,0.09972263492063492,1.0,37.0,5,0.061449166666666666
2023-01-27,Tech,0.0007987407407407424,0.000998425925925928,0.8,51.0,5,0.09972263492063492
2023-01-30,Tech,0.09339,0.09339,1.0,31.0,5,0.0007987407407407424
2023-01-31,Tech,0.0009216969696969717,0.0011521212121212146,0.8,50.0,5,0.09339
2023-02-01,Tech,-0.06267960335621663,-0.06267960335621663,1.0,50.0,5,0.0009216969696969717
2023-02-02,Tech,0.22909416666666668,0.22909416666666668,1.0,31.0,5,-0.06267960335621663
2023-02-03,Tech,-0.027875833333333332,-0.027875833333333332,1.0,25.0,5,0.22909416666666668
2023-02-06,Tech,0.20531083333333333,0.20531083333333333,1.0,31.0,5,-0.027875833333333332
2023-02-07,Tech,0.19244266666666668,0.19244266666666668,1.0,17.0,5,0.20531083333333333
2023-02-08,Tech,0.0804572857142857,0.10057160714285714,0.8,17.0,5,0.19244266666666668
2023-02-09,Tech,0.223405,0.223405,1.0,19.0,5,0.0804572857142857
2023-02-10,Tech,0.02115555555555556,0.026444444444444448,0.8,18.0,5,0.223405
2023-02-13,Tech,0.20983815126050417,0.20983815126050417,1.0,39.0,5,0.02115555555555556
2023-02-14,Tech,0.22740757575757575,0.22740757575757575,1.0,21.0,5,0.20983815126050417
2023-02-15,Tech,-0.009739999999999993,-0.009739999999999993,1.0,11.0,5,0.22740757575757575
2023-02-16,Tech,0.1856228311688312,0.1856228311688312,1.0,27.0,5,-0.009739999999999993
2023-02-17,Tech,0.10314545454545454,0.10314545454545454,1.0,23.0,5,0.1856228311688312
2023-02-21,Tech,0.11084727272727272,0.11084727272727272,1.0,39.0,5,0.10314545454545454
2023-02-22,Tech,0.12051600000000003,0.12051600000000003,1.0,41.0,5,0.11084727272727272
2023-02-23,Tech,0.038098936991869926,0.038098936991869926,1.0,82.0,5,0.12051600000000003
2023-02-24,Tech,0.03655983333333333,0.03655983333333333,1.0,31.0,5,0.038098936991869926
2023-02-27,Tech,0.10289992063492064,0.10289992063492064,1.0,42.0,5,0.03655983333333333
2023-02-28,Tech,0.24963571428571432,0.3120446428571429,0.8,20.0,5,0.10289992063492064
2023-03-01,Tech,0.195354126984127,0.195354126984127,1.0,26.0,5,0.24963571428571432
2023-03-02,Tech,0.07811309523809523,0.07811309523809523,1.0,30.0,5,0.195354126984127
2023-03-03,Tech,0.22073288888888892,0.22073288888888892,1.0,24.0,5,0.07811309523809523
2023-03-06,Tech,0.07911199999999999,0.07911199999999999,1.0,33.0,5,0.22073288888888892
2023-03-07,Tech,0.11298444444444444,0.11298444444444444,1.0,28.0,5,0.07911199999999999
2023-03-08,Tech,0.08803611111111112,0.08803611111111112,1.0,23.0,5,0.11298444444444444
2023-03-09,Tech,0.1660287878787879,0.1660287878787879,1.0,29.0,5,0.08803611111111112
2023-03-10,Tech,0.053125,0.06640625,0.8,25.0,5,0.1660287878787879
2023-03-13,Tech,0.061275,0.061275,1.0,28.0,5,0.053125
2023-03-14,Tech,0.15275083333333334,0.19093854166666668,0.8,18.0,5,0.061275
2023-03-15,Tech,0.023205238095238098,0.023205238095238098,1.0,19.0,5,0.15275083333333334
2023-03-16,Tech,0.10964356818181817,0.10964356818181817,1.0,49.0,5,0.023205238095238098
2023-03-17,Tech,0.054474749999999995,0.054474749999999995,1.0,37.0,5,0.10964356818181817
2023-03-20,Tech,0.132281,0.132281,1.0,44.0,5,0.054474749999999995
2023-03-21,Tech,0.076383,0.076383,1.0,29.0,5,0.132281
2023-03-22,Tech,0.06710150375939848,0.06710150375939848,1.0,39.0,5,0.076383
2023-03-23,Tech,0.14067571428571427,0.14067571428571427,1.0,35.0,5,0.06710150375939848
2023-03-24,Tech,0.05278452380952381,0.05278452380952381,1.0,29.0,5,0.14067571428571427
2023-03-27,Tech,0.14751697435897435,0.14751697435897435,1.0,48.0,5,0.05278452380952381
2023-03-28,Tech,0.12816,0.12816,1.0,20.0,5,0.14751697435897435
2023-03-29,Tech,0.10954111111111109,0.10954111111111109,1.0,26.0,5,0.12816
2023-03-30,Tech,0.16753085714285715,0.16753085714285715,1.0,31.0,5,0.10954111111111109
2023-03-31,Tech,0.16470066666666666,0.16470066666666666,1.0,22.0,5,0.16753085714285715
2023-04-03,Tech,0.15130659336066232,0.15130659336066232,1.0,64.0,5,0.16470066666666666
2023-04-04,Tech,0.13741923376623377,0.13741923376623377,1.0,33.0,5,0.15130659336066232
2023-04-05,Tech,0.08087736842105264,0.1010967105263158,0.8,31.0,5,0.13741923376623377
2023-04-06,Tech,0.3205784615384616,0.3205784615384616,1.0,19.0,5,0.08087736842105264
2023-04-10,Tech,0.1854388230190862,0.1854388230190862,1.0,56.0,5,0.3205784615384616
2023-04-11,Tech,0.062146,0.062146,1.0,21.0,5,0.1854388230190862
2023-04-12,Tech,0.12446133333333334,0.12446133333333334,1.0,27.0,5,0.062146
2023-04-13,Tech,0.04786155158730159,0.04786155158730159,1.0,45.0,5,0.12446133333333334
2023-04-14,Tech,0.17543914285714285,0.17543914285714285,1.0,36.0,5,0.04786155158730159
2023-04-17,Tech,0.13280434523809526,0.13280434523809526,1.0,37.0,5,0.17543914285714285
2023-04-18,Tech,0.23927952380952378,0.23927952380952378,1.0,42.0,5,0.13280434523809526
2023-04-19,Tech,0.078788,0.078788,1.0,24.0,5,0.23927952380952378
2023-04-20,Tech,0.05877822222222223,0.05877822222222223,1.0,36.0,5,0.078788
2023-04-21,Tech,0.11072671428571428,0.11072671428571428,1.0,30.0,5,0.05877822222222223
2023-04-24,Tech,0.26936488888888893,0.26936488888888893,1.0,35.0,5,0.11072671428571428
2023-04-25,Tech,0.2625952380952381,0.2625952380952381,1.0,36.0,5,0.26936488888888893
2023-04-26,Tech,0.1615395,0.1615395,1.0,25.0,5,0.2625952380952381
2023-04-27,Tech,0.08989261904761905,0.08989261904761905,1.0,49.0,5,0.1615395
2023-04-28,Tech,0.07439678571428571,0.07439678571428571,1.0,45.0,5,0.08989261904761905
2023-05-01,Tech,0.128221,0.128221,1.0,49.0,5,0.07439678571428571
2023-05-02,Tech,0.08393,0.08393,1.0,36.0,5,0.128221
2023-05-03,Tech,0.13577881574308046,0.13577881574308046,1.0,73.0,5,0.08393
2023-05-04,Tech,0.0638133253968254,0.0638133253968254,1.0,61.0,5,0.13577881574308046
2023-05-05,Tech,0.019781904761904757,0.019781904761904757,1.0,18.0,5,0.0638133253968254
2023-05-08,Tech,0.14310771428571428,0.14310771428571428,1.0,38.0,5,0.019781904761904757
2023-05-09,Tech,0.001535128205128211,0.001918910256410264,0.8,35.0,5,0.14310771428571428
2023-05-10,Tech,0.093756,0.11719500000000001,0.8,20.0,5,0.001535128205128211
2023-05-11,Tech,0.019344318181818178,0.02418039772727272,0.8,36.0,5,0.093756
2023-05-12,Tech,0.08232,0.1029,0.8,20.0,5,0.019344318181818178
2023-05-15,Tech,0.17601240259740258,0.17601240259740258,1.0,31.0,5,0.08232
2023-05-16,Tech,0.09343666666666667,0.09343666666666667,1.0,38.0,5,0.17601240259740258
2023-05-17,Tech,0.1553399090909091,0.1553399090909091,1.0,28.0,5,0.09343666666666667
2023-05-18,Tech,0.09935222222222222,0.12419027777777777,0.8,28.0,5,0.1553399090909091
2023-05-19,Tech,0.26405083333333335,0.26405083333333335,1.0,32.0,5,0.09935222222222222
2023-05-22,Tech,0.013900135531135527,0.013900135531135527,1.0,56.0,5,0.26405083333333335
2023-05-23,Tech,0.23763,0.23763,1.0,25.0,5,0.013900135531135527
2023-05-24,Tech,0.038835555555555554,0.038835555555555554,1.0,54.0,5,0.23763
2023-05-25,Tech,0.21084511885277846,0.21084511885277846,1.0,132.0,5,0.038835555555555554
2023-05-26,Tech,0.1484491869918699,0.1484491869918699,1.0,55.0,5,0.21084511885277846
2023-05-30,Tech,0.11461850531632109,0.11461850531632109,1.0,150.0,5,0.1484491869918699
2023-05-31,Tech,0.10738077034559641,0.10738077034559641,1.0,80.0,5,0.11461850531632109
2023-06-01,Tech,0.18715696696696696,0.18715696696696696,1.0,62.0,5,0.10738077034559641
2023-06-02,Tech,0.08822628571428572,0.08822628571428572,1.0,59.0,5,0.18715696696696696
2023-06-05,Tech,0.07892816883116884,0.07892816883116884,1.0,75.0,5,0.08822628571428572
2023-06-06,Tech,0.03486076190476191,0.03486076190476191,1.0,31.0,5,0.07892816883116884
2023-06-07,Tech,0.16502866666666666,0.16502866666666666,1.0,36.0,5,0.03486076190476191
2023-06-08,Tech,0.1472274199134199,0.1472274199134199,1.0,62.0,5,0.16502866666666666
2023-06-09,Tech,0.0666751754385965,0.0666751754385965,1.0,52.0,5,0.1472274199134199
2023-06-12,Tech,0.137238,0.137238,1.0,75.0,5,0.0666751754385965
2023-06-13,Tech,0.1350366218487395,0.1350366218487395,1.0,72.0,5,0.137238
2023-06-14,Tech,0.25176637770897836,0.25176637770897836,1.0,52.0,5,0.1350366218487395
2023-06-15,Tech,0.13887980310012568,0.13887980310012568,1.0,61.0,5,0.25176637770897836
2023-06-16,Tech,0.15471879347826087,0.15471879347826087,1.0,53.0,5,0.13887980310012568
2023-06-20,Tech,0.10264031028368796,0.10264031028368796,1.0,109.0,5,0.15471879347826087
2023-06-21,Tech,0.010122233333333341,0.010122233333333341,1.0,58.0,5,0.10264031028368796
2023-06-22,Tech,0.10630031746031747,0.10630031746031747,1.0,44.0,5,0.010122233333333341
2023-06-23,Tech,0.144575873015873,0.144575873015873,1.0,44.0,5,0.10630031746031747
2023-06-26,Tech,0.177099898989899,0.177099898989899,1.0,49.0,5,0.144575873015873
2023-06-27,Tech,0.1872056666666667,0.1872056666666667,1.0,52.0,5,0.177099898989899
2023-06-28,Tech,0.06507050375736172,0.06507050375736172,1.0,86.0,5,0.1872056666666667
2023-06-29,Tech,0.07811176785714287,0.07811176785714287,1.0,58.0,5,0.06507050375736172
2023-06-30,Tech,0.051834301075268804,0.051834301075268804,1.0,52.0,5,0.07811176785714287
2023-07-03,Tech,0.30577519047619045,0.30577519047619045,1.0,46.0,5,0.051834301075268804
2023-07-05,Tech,0.16567709523809523,0.16567709523809523,1.0,63.0,5,0.30577519047619045
2023-07-06,Tech,0.02953605838605839,0.02953605838605839,1.0,56.0,5,0.16567709523809523
2023-07-07,Tech,0.0105125,0.0105125,1.0,40.0,5,0.02953605838605839
2023-07-10,Tech,0.12032349282296653,0.12032349282296653,1.0,53.0,5,0.0105125
2023-07-11,Tech,0.13265549084249087,0.13265549084249087,1.0,52.0,5,0.12032349282296653
2023-07-12,Tech,0.1314849523809524,0.1314849523809524,1.0,46.0,5,0.13265549084249087
2023-07-13,Tech,0.17219555555555557,0.17219555555555557,1.0,40.0,5,0.1314849523809524
2023-07-14,Tech,0.13538973076923078,0.13538973076923078,1.0,50.0,5,0.17219555555555557
2023-07-17,Tech,0.1269918241758242,0.1269918241758242,1.0,56.0,5,0.13538973076923078
2023-07-18,Tech,0.2781278115942029,0.2781278115942029,1.0,44.0,5,0.1269918241758242
2023-07-19,Tech,0.20008000000000004,0.20008000000000004,1.0,29.0,5,0.2781278115942029
2023-07-20,Tech,0.08798005944055945,0.08798005944055945,1.0,53.0,5,0.20008000000000004
2023-07-21,Tech,0.076594,0.076594,1.0,47.0,5,0.08798005944055945
2023-07-24,Tech,0.17986199999999997,0.17986199999999997,1.0,61.0,5,0.076594
2023-07-25,Tech,0.03021880952380952,0.03021880952380952,1.0,45.0,5,0.17986199999999997
2023-07-26,Tech,0.10108314335664334,0.10108314335664334,1.0,58.0,5,0.03021880952380952
2023-07-27,Tech,0.12376477050734949,0.12376477050734949,1.0,76.0,5,0.10108314335664334
2023-07-28,Tech,0.2677927119309262,0.2677927119309262,1.0,98.0,5,0.12376477050734949
2023-07-31,Tech,0.20762076851851852,0.20762076851851852,1.0,117.0,5,0.2677927119309262
2023-08-01,Tech,0.2314019411764706,0.2314019411764706,1.0,59.0,5,0.20762076851851852
2023-08-02,Tech,0.0394341984329964,0.0394341984329964,1.0,82.0,5,0.2314019411764706
2023-08-03,Tech,0.07331271524771524,0.07331271524771524,1.0,78.0,5,0.0394341984329964
2023-08-04,Tech,0.09834033333333334,0.09834033333333334,1.0,41.0,5,0.07331271524771524
2023-08-07,Tech,0.04869595238095238,0.04869595238095238,1.0,52.0,5,0.09834033333333334
2023-08-08,Tech,0.12853857142857145,0.12853857142857145,1.0,39.0,5,0.04869595238095238
2023-08-09,Tech,0.13470200000000002,0.13470200000000002,1.0,39.0,5,0.12853857142857145
2023-08-10,Tech,0.05415905882352941,0.05415905882352941,1.0,47.0,5,0.13470200000000002
2023-08-11,Tech,0.17536518518518518,0.17536518518518518,1.0,39.0,5,0.05415905882352941
2023-08-14,Tech,0.1630584632034632,0.1630584632034632,1.0,63.0,5,0.17536518518518518
2023-08-15,Tech,0.14746442857142855,0.14746442857142855,1.0,60.0,5,0.1630584632034632
2023-08-16,Tech,0.13696383838383835,0.13696383838383835,1.0,52.0,5,0.14746442857142855
2023-08-17,Tech,0.06674985754985754,0.06674985754985754,1.0,54.0,5,0.13696383838383835
2023-08-18,Tech,0.17531433333333335,0.2191429166666667,0.8,46.0,5,0.06674985754985754
2023-08-21,Tech,0.04014079575596818,0.05017599469496022,0.8,82.0,5,0.17531433333333335
2023-08-22,Tech,0.10145466666666667,0.10145466666666667,1.0,84.0,5,0.04014079575596818
2023-08-23,Tech,0.1822838787878788,0.1822838787878788,1.0,86.0,5,0.10145466666666667
2023-08-24,Tech,0.14148618449505407,0.14148618449505407,1.0,141.0,5,0.1822838787878788
2023-08-25,Tech,0.08583316312056738,0.08583316312056738,1.0,65.0,5,0.14148618449505407
2023-08-28,Tech,0.19405628258266558,0.19405628258266558,1.0,73.0,5,0.08583316312056738
2023-08-29,Tech,0.19284547619047615,0.19284547619047615,1.0,56.0,5,0.19405628258266558
2023-08-30,Tech,0.1363180578898226,0.1363180578898226,1.0,55.0,5,0.19284547619047615
2023-08-31,Tech,0.11424726984126984,0.11424726984126984,1.0,55.0,5,0.1363180578898226
2023-09-01,Tech,0.19511714285714288,0.19511714285714288,1.0,46.0,5,0.11424726984126984
2023-09-05,Tech,0.2237716238095238,0.2237716238095238,1.0,103.0,5,0.19511714285714288
2023-09-06,Tech,0.12363919999999999,0.12363919999999999,1.0,51.0,5,0.2237716238095238
2023-09-07,Tech,0.14306831944444448,0.14306831944444448,1.0,65.0,5,0.12363919999999999
2023-09-08,Tech,0.08995661227661227,0.08995661227661227,1.0,53.0,5,0.14306831944444448
2023-09-11,Tech,0.2296069642857143,0.2296069642857143,1.0,100.0,5,0.08995661227661227
2023-09-12,Tech,0.05733489999999999,0.05733489999999999,1.0,56.0,5,0.2296069642857143
2023-09-13,Tech,0.35456238095238096,0.35456238095238096,1.0,40.0,5,0.05733489999999999
2023-09-14,Tech,0.1890392962962963,0.1890392962962963,1.0,66.0,5,0.35456238095238096
2023-09-15,Tech,0.00045022177419355437,0.00045022177419355437,1.0,84.0,5,0.1890392962962963
2023-09-18,Tech,0.1602160895656068,0.1602160895656068,1.0,64.0,5,0.00045022177419355437
2023-09-19,Tech,0.10178041666666666,0.10178041666666666,1.0,57.0,5,0.1602160895656068
2023-09-20,Tech,0.05181746031746032,0.05181746031746032,1.0,65.0,5,0.10178041666666666
2023-09-21,Tech,0.19070179166666665,0.19070179166666665,1.0,48.0,5,0.05181746031746032
2023-09-22,Tech,0.0753402380952381,0.0753402380952381,1.0,48.0,5,0.19070179166666665
2023-09-25,Tech,0.07919629426129426,0.07919629426129426,1.0,62.0,5,0.0753402380952381
2023-09-26,Tech,0.03336523809523808,0.03336523809523808,1.0,37.0,5,0.07919629426129426
2023-09-27,Tech,0.12309266666666666,0.12309266666666666,1.0,43.0,5,0.03336523809523808
2023-09-28,Tech,0.012029743589743591,0.012029743589743591,1.0,40.0,5,0.12309266666666666
2023-09-29,Tech,0.08306324675324675,0.08306324675324675,1.0,54.0,5,0.012029743589743591
2023-10-02,Tech,0.2007124855144855,0.2007124855144855,1.0,74.0,5,0.08306324675324675
2023-10-03,Tech,0.23842918803418806,0.23842918803418806,1.0,45.0,5,0.2007124855144855
2023-10-04,Tech,0.09405393846153846,0.09405393846153846,1.0,43.0,5,0.23842918803418806
2023-10-05,Tech,0.19903264957264957,0.19903264957264957,1.0,52.0,5,0.09405393846153846
2023-10-06,Tech,0.10261076923076921,0.10261076923076921,1.0,39.0,5,0.19903264957264957
2023-10-09,Tech,0.12840607336523127,0.12840607336523127,1.0,65.0,5,0.10261076923076921
2023-10-10,Tech,0.1344753846153846,0.1344753846153846,1.0,53.0,5,0.12840607336523127
2023-10-11,Tech,0.1886821943241943,0.1886821943241943,1.0,58.0,5,0.1344753846153846
2023-10-12,Tech,0.09079593333333333,0.11349491666666667,0.8,42.0,5,0.1886821943241943
2023-10-13,Tech,0.17785428571428571,0.17785428571428571,1.0,45.0,5,0.09079593333333333
2023-10-16,Tech,0.14096538095238093,0.14096538095238093,1.0,60.0,5,0.17785428571428571
2023-10-17,Tech,0.07868349563748944,0.07868349563748944,1.0,89.0,5,0.14096538095238093
2023-10-18,Tech,0.041984370900417414,0.041984370900417414,1.0,75.0,5,0.07868349563748944
2023-10-19,Tech,0.11965602564102565,0.11965602564102565,1.0,30.0,5,0.041984370900417414
2023-10-20,Tech,0.12302640096618359,0.12302640096618359,1.0,49.0,5,0.11965602564102565
2023-10-23,Tech,0.14122319444444442,0.14122319444444442,1.0,80.0,5,0.12302640096618359
2023-10-24,Tech,0.1734363836163836,0.1734363836163836,1.0,61.0,5,0.14122319444444442
2023-10-25,Tech,0.19069055555555556,0.19069055555555556,1.0,45.0,5,0.1734363836163836
2023-10-26,Tech,0.1250012773109244,0.1250012773109244,1.0,46.0,5,0.19069055555555556
2023-10-27,Tech,0.19318522466039706,0.19318522466039706,1.0,67.0,5,0.1250012773109244
2023-10-30,Tech,0.05461187945387945,0.05461187945387945,1.0,76.0,5,0.19318522466039706
2023-10-31,Tech,0.12405763187855787,0.12405763187855787,1.0,61.0,5,0.05461187945387945
2023-11-01,Tech,0.11055872670807454,0.11055872670807454,1.0,67.0,5,0.12405763187855787
2023-11-02,Tech,0.20395684444444445,0.20395684444444445,1.0,64.0,5,0.11055872670807454
2023-11-03,Tech,0.16064666666666666,0.16064666666666666,1.0,45.0,5,0.20395684444444445
2023-11-06,Tech,0.1889097272727273,0.1889097272727273,1.0,43.0,5,0.16064666666666666
2023-11-07,Tech,0.3667617171717171,0.3667617171717171,1.0,47.0,5,0.1889097272727273
2023-11-08,Tech,0.06203283333333333,0.06203283333333333,1.0,38.0,5,0.3667617171717171
2023-11-09,Tech,0.28195961904761907,0.28195961904761907,1.0,39.0,5,0.06203283333333333
2023-11-10,Tech,0.2693464710144927,0.2693464710144927,1.0,43.0,5,0.28195961904761907
2023-11-13,Tech,0.17638725925925927,0.17638725925925927,1.0,50.0,5,0.2693464710144927
2023-11-14,Tech,0.2695754514106583,0.2695754514106583,1.0,61.0,5,0.17638725925925927
2023-11-15,Tech,0.08193209235209235,0.08193209235209235,1.0,45.0,5,0.2695754514106583
2023-11-16,Tech,0.11617035714285714,0.11617035714285714,1.0,46.0,5,0.08193209235209235
2023-11-17,Tech,0.1710468,0.1710468,1.0,41.0,5,0.11617035714285714
2023-11-20,Tech,0.22806336879432623,0.22806336879432623,1.0,66.0,5,0.1710468
2023-11-21,Tech,0.15805752923976607,0.15805752923976607,1.0,84.0,5,0.22806336879432623
2023-11-22,Tech,0.11854624183006537,0.11854624183006537,1.0,78.0,5,0.15805752923976607
2023-11-24,Tech,0.12308651515151514,0.12308651515151514,1.0,86.0,5,0.11854624183006537
2023-11-27,Tech,0.17775424836601308,0.17775424836601308,1.0,65.0,5,0.12308651515151514
2023-11-28,Tech,0.17152011904761907,0.17152011904761907,1.0,45.0,5,0.17775424836601308
2023-11-29,Tech,0.2234610714285714,0.2234610714285714,1.0,50.0,5,0.17152011904761907
2023-11-30,Tech,0.08120276190476192,0.08120276190476192,1.0,49.0,5,0.2234610714285714
2023-12-01,Tech,0.07821160784313726,0.07821160784313726,1.0,32.0,5,0.08120276190476192
2023-12-04,Tech,0.17558411764705886,0.17558411764705886,1.0,68.0,5,0.07821160784313726
2023-12-05,Tech,0.15690225490196077,0.15690225490196077,1.0,52.0,5,0.17558411764705886
2023-12-06,Tech,0.19203472222222223,0.19203472222222223,1.0,50.0,5,0.15690225490196077
2023-12-07,Tech,0.13713890476190477,0.13713890476190477,1.0,61.0,5,0.19203472222222223
2023-12-08,Tech,0.1863211181399246,0.1863211181399246,1.0,67.0,5,0.13713890476190477
2023-12-11,Tech,0.1318788231292517,0.1318788231292517,1.0,125.0,5,0.1863211181399246
2023-12-12,Tech,0.10504183333333335,0.10504183333333335,1.0,81.0,5,0.1318788231292517
2023-12-13,Tech,0.18121745098039216,0.18121745098039216,1.0,45.0,5,0.10504183333333335
2023-12-14,Tech,0.14742475,0.14742475,1.0,35.0,5,0.18121745098039216
2023-12-15,Tech,0.10970402020202019,0.10970402020202019,1.0,30.0,5,0.14742475
2023-12-18,Tech,0.10739846088435374,0.10739846088435374,1.0,102.0,5,0.10970402020202019
2023-12-19,Tech,0.03930666666666667,0.19653333333333334,0.2,6.0,5,0.10739846088435374
2023-12-20,Tech,-0.002587999999999999,-0.012939999999999997,0.2,5.0,5,0.03930666666666667
2023-12-21,Tech,0.021467499999999997,0.10733749999999999,0.2,8.0,5,-0.002587999999999999
2023-12-22,Tech,0.033516000000000004,0.16758,0.2,5.0,5,0.021467499999999997
2023-12-26,Tech,0.042546,0.21273,0.2,10.0,5,0.033516000000000004
2023-12-27,Tech,0.036335,0.181675,0.2,4.0,5,0.042546
2023-12-28,Tech,0.017029999999999997,0.08514999999999999,0.2,10.0,5,0.036335
2023-12-29,Tech,0.0279675,0.1398375,0.2,8.0,5,0.017029999999999997
2020-01-02,Utilities,0.12738,0.6369,0.2,1.0,5,
2020-01-03,Utilities,0.06774666666666666,0.16936666666666667,0.4,4.0,5,0.12738
2020-01-06,Utilities,0.009050000000000002,0.011312500000000003,0.8,6.0,5,0.06774666666666666
2020-01-07,Utilities,0.12738,0.6369,0.2,1.0,5,0.009050000000000002
2020-01-08,Utilities,0.16784000000000002,0.27973333333333333,0.6,3.0,5,0.12738
2020-01-09,Utilities,0.059199999999999996,0.074,0.8,5.0,5,0.16784000000000002
2020-01-10,Utilities,0.12489666666666666,0.15612083333333332,0.8,7.0,5,0.059199999999999996
2020-01-13,Utilities,0.005279999999999999,0.006599999999999999,0.8,6.0,5,0.12489666666666666
2020-01-14,Utilities,0.17563,0.2927166666666667,0.6,5.0,5,0.005279999999999999
2020-01-15,Utilities,0.09257000000000001,0.11571250000000001,0.8,10.0,5,0.17563
2020-01-16,Utilities,0.12244833333333334,0.15306041666666667,0.8,11.0,5,0.09257000000000001
2020-01-17,Utilities,0.15105022222222225,0.15105022222222225,1.0,17.0,5,0.12244833333333334
2020-01-21,Utilities,0.17614,0.17614,1.0,15.0,5,0.15105022222222225
2020-01-22,Utilities,0.12504916666666666,0.15631145833333332,0.8,18.0,5,0.17614
2020-01-23,Utilities,-0.028099999999999997,-0.035124999999999997,0.8,8.0,5,0.12504916666666666
2020-01-24,Utilities,0.19677858823529412,0.19677858823529412,1.0,28.0,5,-0.028099999999999997
2020-01-27,Utilities,0.00023174603174603293,0.00028968253968254115,0.8,21.0,5,0.19677858823529412
2020-01-28,Utilities,0.015640000000000005,0.019550000000000005,0.8,14.0,5,0.00023174603174603293
2020-01-29,Utilities,0.132215,0.16526875,0.8,11.0,5,0.015640000000000005
2020-01-30,Utilities,0.17081466666666664,0.2135183333333333,0.8,11.0,5,0.132215
2020-01-31,Utilities,0.11301999999999998,0.14127499999999998,0.8,9.0,5,0.17081466666666664
2020-02-03,Utilities,0.21695000000000003,0.2711875,0.8,14.0,5,0.11301999999999998
2020-02-04,Utilities,0.11915,0.1489375,0.8,7.0,5,0.21695000000000003
2020-02-05,Utilities,0.031903333333333325,0.031903333333333325,1.0,18.0,5,0.11915
2020-02-06,Utilities,0.15116000000000002,0.18895,0.8,12.0,5,0.031903333333333325
2020-02-07,Utilities,0.152265,0.19033125,0.8,11.0,5,0.15116000000000002
2020-02-10,Utilities,0.127645,0.15955625,0.8,10.0,5,0.152265
2020-02-11,Utilities,0.16510857142857144,0.20638571428571428,0.8,26.0,5,0.127645
2020-02-12,Utilities,0.29379888888888883,0.36724861111111107,0.8,17.0,5,0.16510857142857144
2020-02-13,Utilities,0.18888733333333335,0.2361091666666667,0.8,28.0,5,0.29379888888888883
2020-02-14,Utilities,0.1447135,0.180891875,0.8,19.0,5,0.18888733333333335
2020-02-18,Utilities,0.23350583333333336,0.2918822916666667,0.8,33.0,5,0.1447135
2020-02-19,Utilities,0.1043290909090909,0.17388181818181817,0.6,13.0,5,0.23350583333333336
2020-02-20,Utilities,0.14252164102564105,0.14252164102564105,1.0,27.0,5,0.1043290909090909
2020-02-21,Utilities,0.171376,0.42844,0.4,10.0,5,0.14252164102564105
2020-02-24,Utilities,0.056410666666666665,0.056410666666666665,1.0,13.0,5,0.171376
2020-02-25,Utilities,0.20595333333333335,0.2574416666666667,0.8,12.0,5,0.056410666666666665
2020-02-26,Utilities,0.12394666666666668,0.3098666666666667,0.4,5.0,5,0.20595333333333335
2020-02-27,Utilities,0.33352166666666666,0.33352166666666666,1.0,21.0,5,0.12394666666666668
2020-02-28,Utilities,-0.09036666666666668,-0.11295833333333336,0.8,12.0,5,0.33352166666666666
2020-03-02,Utilities,0.23984666666666668,0.23984666666666668,1.0,13.0,5,-0.09036666666666668
2020-03-03,Utilities,0.00575,0.0071874999999999994,0.8,9.0,5,0.23984666666666668
2020-03-04,Utilities,0.4725693333333334,0.5907116666666667,0.8,10.0,5,0.00575
2020-03-05,Utilities,0.07459333333333333,0.09324166666666667,0.8,7.0,5,0.4725693333333334
2020-03-06,Utilities,0.13833,0.1729125,0.8,12.0,5,0.07459333333333333
2020-03-09,Utilities,-0.17196333333333333,-0.21495416666666667,0.8,12.0,5,0.13833
2020-03-10,Utilities,0.22297000000000003,0.27871250000000003,0.8,6.0,5,-0.17196333333333333
2020-03-11,Utilities,0.03367333333333334,0.04209166666666667,0.8,7.0,5,0.22297000000000003
2020-03-12,Utilities,-0.009649404761904762,-0.012061755952380952,0.8,26.0,5,0.03367333333333334
2020-03-13,Utilities,0.20162999999999998,0.25203749999999997,0.8,7.0,5,-0.009649404761904762
2020-03-16,Utilities,0.199560380952381,0.24945047619047622,0.8,17.0,5,0.20162999999999998
2020-03-17,Utilities,0.1844866666666667,0.23060833333333336,0.8,7.0,5,0.199560380952381
2020-03-18,Utilities,0.24911,0.3113875,0.8,6.0,5,0.1844866666666667
2020-03-19,Utilities,0.14374666666666663,0.23957777777777775,0.6,6.0,5,0.24911
2020-03-20,Utilities,0.09575166666666665,0.11968958333333332,0.8,10.0,5,0.14374666666666663
2020-03-23,Utilities,0.0063947142857142675,0.007993392857142834,0.8,21.0,5,0.09575166666666665
2020-03-24,Utilities,0.15418,0.38545,0.4,4.0,5,0.0063947142857142675
2020-03-25,Utilities,0.29345,0.3668125,0.8,9.0,5,0.15418
2020-03-26,Utilities,0.12445000000000002,0.12445000000000002,1.0,13.0,5,0.29345
2020-03-27,Utilities,0.29596466666666665,0.4932744444444444,0.6,12.0,5,0.12445000000000002
2020-03-30,Utilities,0.13573785714285716,0.16967232142857144,0.8,14.0,5,0.29596466666666665
2020-03-31,Utilities,-0.140875,-0.17609375,0.8,12.0,5,0.13573785714285716
2020-04-01,Utilities,-0.05755833333333332,-0.05755833333333332,1.0,12.0,5,-0.140875
2020-04-02,Utilities,0.044950000000000004,0.07491666666666667,0.6,4.0,5,-0.05755833333333332
2020-04-03,Utilities,0.21839999999999998,0.27299999999999996,0.8,6.0,5,0.044950000000000004
2020-04-06,Utilities,0.35653166666666664,0.4456645833333333,0.8,12.0,5,0.21839999999999998
2020-04-07,Utilities,0.18673266666666666,0.23341583333333332,0.8,14.0,5,0.35653166666666664
2020-04-08,Utilities,0.05550000000000001,0.13875,0.4,5.0,5,0.18673266666666666
2020-04-09,Utilities,0.39142,0.48927499999999996,0.8,9.0,5,0.05550000000000001
2020-04-13,Utilities,-0.0022397619047619054,-0.002799702380952382,0.8,21.0,5,0.39142
2020-04-14,Utilities,0.18238399999999996,0.22797999999999996,0.8,14.0,5,-0.0022397619047619054
2020-04-15,Utilities,0.043357,0.05419625,0.8,15.0,5,0.18238399999999996
2020-04-16,Utilities,0.20834000000000003,0.260425,0.8,16.0,5,0.043357
2020-04-17,Utilities,0.3065964285714286,0.38324553571428577,0.8,14.0,5,0.20834000000000003
2020-04-20,Utilities,0.015900666666666667,0.015900666666666667,1.0,18.0,5,0.3065964285714286
2020-04-21,Utilities,-0.07370000000000002,-0.07370000000000002,1.0,9.0,5,0.015900666666666667
2020-04-22,Utilities,0.019573823529411772,0.024467279411764714,0.8,25.0,5,-0.07370000000000002
2020-04-23,Utilities,0.14091,0.1761375,0.8,13.0,5,0.019573823529411772
2020-04-24,Utilities,-0.0029299999999999994,-0.004883333333333332,0.6,6.0,5,0.14091
2020-04-27,Utilities,0.21664055555555556,0.27080069444444443,0.8,20.0,5,-0.0029299999999999994
2020-04-28,Utilities,0.16765000000000002,0.2794166666666667,0.6,5.0,5,0.21664055555555556
2020-04-29,Utilities,0.05824,0.09706666666666668,0.6,6.0,5,0.16765000000000002
2020-04-30,Utilities,0.109972,0.137465,0.8,11.0,5,0.05824
2020-05-01,Utilities,0.1049725,0.131215625,0.8,16.0,5,0.109972
2020-05-04,Utilities,0.173365,0.173365,1.0,10.0,5,0.1049725
2020-05-05,Utilities,0.09939054545454545,0.12423818181818182,0.8,26.0,5,0.173365
2020-05-06,Utilities,0.144114,0.18014249999999998,0.8,14.0,5,0.09939054545454545
2020-05-07,Utilities,0.14364333333333335,0.14364333333333335,1.0,15.0,5,0.144114
2020-05-08,Utilities,0.08695139393939393,0.10868924242424241,0.8,21.0,5,0.14364333333333335
2020-05-11,Utilities,0.19041166666666667,0.23801458333333333,0.8,10.0,5,0.08695139393939393
2020-05-12,Utilities,0.151817,0.18977125,0.8,19.0,5,0.19041166666666667
2020-05-13,Utilities,0.2278,0.37966666666666665,0.6,6.0,5,0.151817
2020-05-14,Utilities,0.18148999999999998,0.18148999999999998,1.0,10.0,5,0.2278
2020-05-15,Utilities,0.16685523809523808,0.16685523809523808,1.0,15.0,5,0.18148999999999998
2020-05-18,Utilities,0.26065333333333335,0.3258166666666667,0.8,13.0,5,0.16685523809523808
2020-05-19,Utilities,0.05464,0.2732,0.2,1.0,5,0.26065333333333335
2020-05-20,Utilities,0.017626666666666662,0.04406666666666666,0.4,5.0,5,0.05464
2020-05-21,Utilities,0.26572199999999996,0.33215249999999996,0.8,9.0,5,0.017626666666666662
2020-05-22,Utilities,0.04166,0.10415,0.4,5.0,5,0.26572199999999996
2020-05-26,Utilities,0.19776,0.32959999999999995,0.6,5.0,5,0.04166
2020-05-27,Utilities,0.17199,0.2149875,0.8,7.0,5,0.19776
2020-05-28,Utilities,0.09992000000000001,0.12490000000000001,0.8,10.0,5,0.17199
2020-05-29,Utilities,0.17097333333333334,0.21371666666666667,0.8,12.0,5,0.09992000000000001
2020-06-01,Utilities,0.05445333333333333,0.06806666666666666,0.8,8.0,5,0.17097333333333334
2020-06-02,Utilities,0.131285,0.21880833333333335,0.6,6.0,5,0.05445333333333333
2020-06-03,Utilities,0.0,0.0,0.2,1.0,5,0.131285
2020-06-04,Utilities,-0.036432,-0.060719999999999996,0.6,7.0,5,0.0
2020-06-05,Utilities,0.044555,0.1113875,0.4,6.0,5,-0.036432
2020-06-08,Utilities,0.31623999999999997,0.7906,0.4,2.0,5,0.044555
2020-06-09,Utilities,0.12929000000000002,0.32322500000000004,0.4,5.0,5,0.31623999999999997
2020-06-10,Utilities,0.0,0.0,0.6,3.0,5,0.12929000000000002
2020-06-11,Utilities,0.12728,0.3182,0.4,2.0,5,0.0
2020-06-12,Utilities,0.05464,0.2732,0.2,1.0,5,0.12728
2020-06-15,Utilities,0.21602000000000002,0.54005,0.4,4.0,5,0.05464
2020-06-16,Utilities,0.16722,0.41805000000000003,0.4,3.0,5,0.21602000000000002
2020-06-17,Utilities,0.0,0.0,0.6,3.0,5,0.16722
2020-06-18,Utilities,0.08632,0.4316,0.2,2.0,5,0.0
2020-06-19,Utilities,0.12854000000000002,0.32135,0.4,2.0,5,0.08632
2020-06-22,Utilities,0.017316666666666668,0.028861111111111115,0.6,6.0,5,0.12854000000000002
2020-06-23,Utilities,0.05464,0.0683,0.8,5.0,5,0.017316666666666668
2020-06-24,Utilities,-0.02054,-0.1027,0.2,1.0,5,0.05464
2020-06-25,Utilities,0.0,0.0,0.2,2.0,5,-0.02054
2020-06-26,Utilities,0.068,0.11333333333333334,0.6,4.0,5,0.0
2020-06-29,Utilities,0.0,0.0,0.2,1.0,5,0.068
2020-06-30,Utilities,0.034,0.17,0.2,2.0,5,0.0
2020-07-01,Utilities,0.14079999999999998,0.176,0.8,6.0,5,0.034
2020-07-02,Utilities,0.32296,0.8074,0.4,2.0,5,0.14079999999999998
2020-07-06,Utilities,0.1439150724637681,0.23985845410628018,0.6,37.0,5,0.32296
2020-07-07,Utilities,-0.07184,-0.1796,0.4,3.0,5,0.1439150724637681
2020-07-08,Utilities,-0.05780166666666666,-0.09633611111111111,0.6,8.0,5,-0.07184
2020-07-09,Utilities,0.10533999999999999,0.17556666666666665,0.6,3.0,5,-0.05780166666666666
2020-07-10,Utilities,0.14728,0.36819999999999997,0.4,2.0,5,0.10533999999999999
2020-07-13,Utilities,0.0162,0.020249999999999997,0.8,6.0,5,0.14728
2020-07-14,Utilities,0.10928,0.2732,0.4,2.0,5,0.0162
2020-07-15,Utilities,0.3174,0.529,0.6,4.0,5,0.10928
2020-07-16,Utilities,0.11438,0.142975,0.8,5.0,5,0.3174
2020-07-17,Utilities,0.19182,0.3197,0.6,3.0,5,0.11438
2020-07-20,Utilities,0.007859999999999989,0.013099999999999981,0.6,7.0,5,0.19182
2020-07-21,Utilities,0.0598,0.1495,0.4,3.0,5,0.007859999999999989
2020-07-22,Utilities,0.0,,0.0,0.0,5,0.0598
2020-07-23,Utilities,0.06133000000000001,0.15332500000000002,0.4,4.0,5,0.0
2020-07-24,Utilities,0.16835333333333333,0.2805888888888889,0.6,9.0,5,0.06133000000000001
2020-07-27,Utilities,-0.010634999999999995,-0.013293749999999993,0.8,12.0,5,0.16835333333333333
2020-07-28,Utilities,0.04404,0.2202,0.2,2.0,5,-0.010634999999999995
2020-07-29,Utilities,0.10754,0.17923333333333333,0.6,5.0,5,0.04404
2020-07-30,Utilities,0.08879,0.14798333333333333,0.6,5.0,5,0.10754
2020-07-31,Utilities,0.06955,0.173875,0.4,7.0,5,0.08879
2020-08-03,Utilities,0.13778666666666667,0.3444666666666667,0.4,4.0,5,0.06955
2020-08-04,Utilities,0.23578000000000002,0.3929666666666667,0.6,5.0,5,0.13778666666666667
2020-08-05,Utilities,-0.02054,-0.03423333333333333,0.6,4.0,5,0.23578000000000002
2020-08-06,Utilities,0.02717,0.067925,0.4,8.0,5,-0.02054
2020-08-07,Utilities,0.0,0.0,0.2,1.0,5,0.02717
2020-08-10,Utilities,0.038323333333333334,0.06387222222222222,0.6,6.0,5,0.0
2020-08-11,Utilities,0.14272,0.3568,0.4,2.0,5,0.038323333333333334
2020-08-12,Utilities,0.11162000000000001,0.11162000000000001,1.0,9.0,5,0.14272
2020-08-13,Utilities,0.0,0.0,0.4,2.0,5,0.11162000000000001
2020-08-14,Utilities,0.25476,0.6369,0.4,2.0,5,0.0
2020-08-17,Utilities,0.18951,0.473775,0.4,3.0,5,0.25476
2020-08-18,Utilities,0.09152,0.4576,0.2,1.0,5,0.18951
2020-08-19,Utilities,0.0,,0.0,0.0,5,0.09152
2020-08-20,Utilities,0.18508,0.18508,1.0,8.0,5,0.0
2020-08-21,Utilities,0.13113999999999998,0.32785,0.4,3.0,5,0.18508
2020-08-24,Utilities,-0.018010000000000016,-0.03001666666666669,0.6,4.0,5,0.13113999999999998
2020-08-25,Utilities,0.07224,0.1806,0.4,2.0,5,-0.018010000000000016
2020-08-26,Utilities,0.21067799999999998,0.35112999999999994,0.6,8.0,5,0.07224
2020-08-27,Utilities,0.0843,0.21075,0.4,2.0,5,0.21067799999999998
2020-08-28,Utilities,0.0,,0.0,0.0,5,0.0843
2020-08-31,Utilities,0.03904333333333333,0.03904333333333333,1.0,12.0,5,0.0
2020-09-01,Utilities,0.0,0.0,0.2,1.0,5,0.03904333333333333
2020-09-02,Utilities,0.35608,0.5934666666666667,0.6,3.0,5,0.0
2020-09-03,Utilities,0.09827,0.49135,0.2,2.0,5,0.35608
2020-09-04,Utilities,0.04046,0.2023,0.2,1.0,5,0.09827
2020-09-08,Utilities,-0.16006857142857142,-0.16006857142857142,1.0,11.0,5,0.04046
2020-09-09,Utilities,0.1486,0.743,0.2,1.0,5,-0.16006857142857142
2020-09-10,Utilities,0.0,0.0,0.4,2.0,5,0.1486
2020-09-11,Utilities,0.0843,0.4215,0.2,1.0,5,0.0
2020-09-14,Utilities,0.045895,0.11473749999999999,0.4,5.0,5,0.0843
2020-09-15,Utilities,0.014403333333333332,0.03600833333333333,0.4,7.0,5,0.045895
2020-09-16,Utilities,0.047685,0.1192125,0.4,5.0,5,0.014403333333333332
2020-09-17,Utilities,0.0,,0.0,0.0,5,0.047685
2020-09-18,Utilities,0.0,0.0,0.2,1.0,5,0.0
2020-09-21,Utilities,0.11148,0.5574,0.2,1.0,5,0.0
2020-09-22,Utilities,0.08808,0.4404,0.2,1.0,5,0.11148
2020-09-23,Utilities,0.0,0.0,0.6,3.0,5,0.08808
2020-09-24,Utilities,0.0,0.0,0.2,1.0,5,0.0
2020-09-25,Utilities,0.0,,0.0,0.0,5,0.0
2020-09-28,Utilities,0.06986,0.11643333333333333,0.6,7.0,5,0.0
2020-09-29,Utilities,0.05464,0.1366,0.4,2.0,5,0.06986
2020-09-30,Utilities,0.22145600000000001,0.36909333333333333,0.6,21.0,5,0.05464
2020-10-01,Utilities,0.17616,0.4404,0.4,2.0,5,0.22145600000000001
2020-10-02,Utilities,0.30636,0.5106,0.6,3.0,5,0.17616
2020-10-05,Utilities,0.24665499999999999,0.6166375,0.4,5.0,5,0.30636
2020-10-06,Utilities,0.20806,0.34676666666666667,0.6,5.0,5,0.24665499999999999
2020-10-07,Utilities,0.1366,0.22766666666666668,0.6,4.0,5,0.20806
2020-10-08,Utilities,0.0,0.0,0.6,5.0,5,0.1366
2020-10-09,Utilities,0.08092,0.2023,0.4,2.0,5,0.0
2020-10-12,Utilities,0.19068000000000002,0.4767,0.4,2.0,5,0.08092
2020-10-13,Utilities,-0.008999999999999998,-0.022499999999999992,0.4,2.0,5,0.19068000000000002
2020-10-14,Utilities,0.16392,0.2732,0.6,3.0,5,-0.008999999999999998
2020-10-15,Utilities,0.11438,0.5719,0.2,1.0,5,0.16392
2020-10-16,Utilities,0.0,,0.0,0.0,5,0.11438
2020-10-19,Utilities,0.07921,0.39605,0.2,4.0,5,0.0
2020-10-20,Utilities,0.0,0.0,0.4,3.0,5,0.07921
2020-10-21,Utilities,0.06924333333333334,0.11540555555555555,0.6,8.0,5,0.0
2020-10-22,Utilities,0.10132,0.16886666666666664,0.6,4.0,5,0.06924333333333334
2020-10-23,Utilities,0.08166999999999999,0.204175,0.4,5.0,5,0.10132
2020-10-26,Utilities,0.025755,0.0643875,0.4,8.0,5,0.08166999999999999
2020-10-27,Utilities,0.03558,0.08895,0.4,2.0,5,0.025755
2020-10-28,Utilities,0.0,0.0,0.4,2.0,5,0.03558
2020-10-29,Utilities,0.07909999999999999,0.19774999999999998,0.4,5.0,5,0.0
2020-10-30,Utilities,0.08196,0.1366,0.6,4.0,5,0.07909999999999999
2020-11-02,Utilities,-0.014290000000000002,-0.02381666666666667,0.6,10.0,5,0.08196
2020-11-03,Utilities,0.05719,0.28595,0.2,2.0,5,-0.014290000000000002
2020-11-04,Utilities,0.009925,0.016541666666666666,0.6,7.0,5,0.05719
2020-11-05,Utilities,0.3177,0.397125,0.8,6.0,5,0.009925
2020-11-06,Utilities,0.14980000000000002,0.14980000000000002,1.0,7.0,5,0.3177
2020-11-09,Utilities,0.060571428571428575,0.15142857142857144,0.4,8.0,5,0.14980000000000002
2020-11-10,Utilities,0.05464,0.2732,0.2,1.0,5,0.060571428571428575
2020-11-11,Utilities,0.05913999999999999,0.14784999999999998,0.4,3.0,5,0.05464
2020-11-12,Utilities,0.18991000000000002,0.3165166666666667,0.6,4.0,5,0.05913999999999999
2020-11-13,Utilities,0.0,,0.0,0.0,5,0.18991000000000002
2020-11-16,Utilities,-0.07041,-0.11735,0.6,8.0,5,0.0
2020-11-17,Utilities,0.0,,0.0,0.0,5,-0.07041
2020-11-18,Utilities,0.12498000000000001,0.2083,0.6,5.0,5,0.0
2020-11-19,Utilities,0.01033,0.0129125,0.8,5.0,5,0.12498000000000001
2020-11-20,Utilities,0.02121333333333333,0.05303333333333333,0.4,4.0,5,0.01033
2020-11-23,Utilities,0.12288666666666667,0.3072166666666667,0.4,4.0,5,0.02121333333333333
2020-11-24,Utilities,0.04046,0.2023,0.2,1.0,5,0.12288666666666667
2020-11-25,Utilities,0.15148,0.37870000000000004,0.4,4.0,5,0.04046
2020-11-27,Utilities,0.10533999999999999,0.5267,0.2,1.0,5,0.15148
2020-11-30,Utilities,0.10888999999999997,0.13611249999999997,0.8,7.0,5,0.10533999999999999
2020-12-01,Utilities,0.05464,0.2732,0.2,1.0,5,0.10888999999999997
2020-12-02,Utilities,0.22591,0.2823875,0.8,7.0,5,0.05464
2020-12-03,Utilities,0.0,,0.0,0.0,5,0.22591
2020-12-04,Utilities,0.09046000000000001,0.22615000000000002,0.4,2.0,5,0.0
2020-12-07,Utilities,0.05464,0.2732,0.2,1.0,5,0.09046000000000001
2020-12-08,Utilities,0.20324,0.33873333333333333,0.6,3.0,5,0.05464
2020-12-09,Utilities,0.22949999999999998,0.57375,0.4,2.0,5,0.20324
2020-12-10,Utilities,0.05004666666666666,0.12511666666666665,0.4,4.0,5,0.22949999999999998
2020-12-11,Utilities,0.028099999999999997,0.14049999999999999,0.2,3.0,5,0.05004666666666666
2020-12-14,Utilities,0.07998999999999999,0.13331666666666667,0.6,4.0,5,0.028099999999999997
2020-12-15,Utilities,0.0,,0.0,0.0,5,0.07998999999999999
2020-12-16,Utilities,0.0,0.0,0.2,1.0,5,0.0
2020-12-17,Utilities,0.12379,0.20631666666666668,0.6,6.0,5,0.0
2020-12-18,Utilities,0.05464,0.2732,0.2,2.0,5,0.12379
2020-12-21,Utilities,0.16894,0.211175,0.8,5.0,5,0.05464
2020-12-22,Utilities,0.029599999999999998,0.148,0.2,2.0,5,0.16894
2020-12-23,Utilities,0.05464,0.1366,0.4,2.0,5,0.029599999999999998
2020-12-24,Utilities,0.0,,0.0,0.0,5,0.05464
2020-12-28,Utilities,0.27189,0.45315,0.6,4.0,5,0.0
2020-12-29,Utilities,0.0,,0.0,0.0,5,0.27189
2020-12-30,Utilities,0.0,0.0,0.2,1.0,5,0.0
2020-12-31,Utilities,0.08808,0.4404,0.2,1.0,5,0.0
2021-01-04,Utilities,0.039224999999999996,0.196125,0.2,4.0,5,0.08808
2021-01-05,Utilities,0.12738,0.21230000000000002,0.6,3.0,5,0.039224999999999996
2021-01-06,Utilities,0.0,,0.0,0.0,5,0.12738
2021-01-07,Utilities,0.05464,0.1366,0.4,5.0,5,0.0
2021-01-08,Utilities,0.10117000000000001,0.16861666666666666,0.6,7.0,5,0.05464
2021-01-11,Utilities,0.13816,0.3454,0.4,3.0,5,0.10117000000000001
2021-01-12,Utilities,0.24381,0.40635,0.6,4.0,5,0.13816
2021-01-13,Utilities,0.12496666666666667,0.20827777777777778,0.6,5.0,5,0.24381
2021-01-14,Utilities,-0.07636,-0.3818,0.2,1.0,5,0.12496666666666667
2021-01-15,Utilities,0.08808,0.4404,0.2,1.0,5,-0.07636
2021-01-19,Utilities,0.02732,0.045533333333333335,0.6,4.0,5,0.08808
2021-01-20,Utilities,0.062380000000000005,0.15595,0.4,3.0,5,0.02732
2021-01-21,Utilities,0.0,0.0,0.2,1.0,5,0.062380000000000005
2021-01-22,Utilities,0.09966,0.1661,0.6,3.0,5,0.0
2021-01-25,Utilities,0.11417000000000002,0.19028333333333336,0.6,9.0,5,0.09966
2021-01-26,Utilities,0.0515125,0.2575625,0.2,8.0,5,0.11417000000000002
2021-01-27,Utilities,0.29754,0.49590000000000006,0.6,4.0,5,0.0515125
2021-01-28,Utilities,0.18616,0.31026666666666664,0.6,5.0,5,0.29754
2021-01-29,Utilities,0.11356,0.18926666666666667,0.6,3.0,5,0.18616
2021-02-01,Utilities,0.10162,0.5081,0.2,2.0,5,0.11356
2021-02-02,Utilities,0.05464,0.2732,0.2,1.0,5,0.10162
2021-02-03,Utilities,0.06614333333333333,0.11023888888888889,0.6,6.0,5,0.05464
2021-02-04,Utilities,0.056179999999999994,0.2809,0.2,3.0,5,0.06614333333333333
2021-02-05,Utilities,0.06764,0.11273333333333334,0.6,3.0,5,0.056179999999999994
2021-02-08,Utilities,0.08726,0.21815,0.4,3.0,5,0.06764
2021-02-09,Utilities,0.05464,0.2732,0.2,1.0,5,0.08726
2021-02-10,Utilities,0.08463000000000001,0.211575,0.4,4.0,5,0.05464
2021-02-11,Utilities,-0.009659999999999998,-0.012074999999999999,0.8,6.0,5,0.08463000000000001
2021-02-12,Utilities,0.11191999999999999,0.18653333333333333,0.6,7.0,5,-0.009659999999999998
2021-02-16,Utilities,0.33836999999999995,0.42296249999999996,0.8,9.0,5,0.11191999999999999
2021-02-17,Utilities,0.2889,0.2889,1.0,7.0,5,0.33836999999999995
2021-02-18,Utilities,0.21476,0.26845,0.8,6.0,5,0.2889
2021-02-19,Utilities,0.2403,0.60075,0.4,2.0,5,0.21476
2021-02-22,Utilities,0.16392,0.2732,0.6,5.0,5,0.2403
2021-02-23,Utilities,0.15688,0.2614666666666667,0.6,5.0,5,0.16392
2021-02-24,Utilities,-0.03188,-0.05313333333333333,0.6,4.0,5,0.15688
2021-02-25,Utilities,0.0,0.0,0.6,5.0,5,-0.03188
2021-02-26,Utilities,-0.059199999999999996,-0.09866666666666667,0.6,3.0,5,0.0
2021-03-01,Utilities,-0.004239999999999999,-0.0070666666666666655,0.6,3.0,5,-0.059199999999999996
2021-03-02,Utilities,-0.05671999999999999,-0.07089999999999999,0.8,6.0,5,-0.004239999999999999
2021-03-03,Utilities,0.04046,0.2023,0.2,1.0,5,-0.05671999999999999
2021-03-04,Utilities,0.11126,0.5563,0.2,1.0,5,0.04046
2021-03-05,Utilities,0.038939999999999995,0.19469999999999998,0.2,3.0,5,0.11126
2021-03-08,Utilities,-0.04019,-0.100475,0.4,3.0,5,0.038939999999999995
2021-03-09,Utilities,-0.03412,-0.0853,0.4,2.0,5,-0.04019
2021-03-10,Utilities,0.15676,0.3919,0.4,2.0,5,-0.03412
2021-03-11,Utilities,0.0,,0.0,0.0,5,0.15676
2021-03-12,Utilities,0.1127,0.28175,0.4,2.0,5,0.0
2021-03-15,Utilities,0.14944,0.24906666666666666,0.6,5.0,5,0.1127
2021-03-16,Utilities,0.03833333333333333,0.06388888888888888,0.6,5.0,5,0.14944
2021-03-17,Utilities,0.0,,0.0,0.0,5,0.03833333333333333
2021-03-18,Utilities,0.068,0.17,0.4,2.0,5,0.0
2021-03-19,Utilities,0.0,,0.0,0.0,5,0.068
2021-03-22,Utilities,0.0,,0.0,0.0,5,0.0
2021-03-23,Utilities,0.02732,0.0683,0.4,3.0,5,0.0
2021-03-24,Utilities,0.0,,0.0,0.0,5,0.02732
2021-03-25,Utilities,0.17795999999999998,0.44489999999999996,0.4,4.0,5,0.0
2021-03-26,Utilities,0.059199999999999996,0.296,0.2,1.0,5,0.17795999999999998
2021-03-29,Utilities,0.18943499999999996,0.47358749999999994,0.4,5.0,5,0.059199999999999996
2021-03-30,Utilities,0.0,0.0,0.2,1.0,5,0.18943499999999996
2021-03-31,Utilities,0.05464,0.1366,0.4,2.0,5,0.0
2021-04-01,Utilities,0.042293333333333336,0.07048888888888889,0.6,5.0,5,0.05464
2021-04-05,Utilities,0.053239999999999996,0.08873333333333333,0.6,6.0,5,0.042293333333333336
2021-04-06,Utilities,0.0,0.0,0.4,3.0,5,0.053239999999999996
2021-04-07,Utilities,0.05464,0.1366,0.4,2.0,5,0.0
2021-04-08,Utilities,0.23976000000000003,0.3996,0.6,3.0,5,0.05464
2021-04-09,Utilities,0.05464,0.2732,0.2,1.0,5,0.23976000000000003
2021-04-12,Utilities,0.20356000000000002,0.33926666666666666,0.6,3.0,5,0.05464
2021-04-13,Utilities,0.045533333333333335,0.0758888888888889,0.6,6.0,5,0.20356000000000002
2021-04-14,Utilities,0.34237,0.4279625,0.8,5.0,5,0.045533333333333335
2021-04-15,Utilities,0.07200999999999999,0.36005,0.2,2.0,5,0.34237
2021-04-16,Utilities,0.0,,0.0,0.0,5,0.07200999999999999
2021-04-19,Utilities,0.04523,0.113075,0.4,7.0,5,0.0
2021-04-20,Utilities,0.19656,0.3276,0.6,4.0,5,0.04523
2021-04-21,Utilities,0.08073428571428572,0.20183571428571428,0.4,8.0,5,0.19656
2021-04-22,Utilities,0.10088,0.16813333333333333,0.6,7.0,5,0.08073428571428572
2021-04-23,Utilities,0.05464,0.09106666666666667,0.6,3.0,5,0.10088
2021-04-26,Utilities,0.11087,0.18478333333333333,0.6,5.0,5,0.05464
2021-04-27,Utilities,0.04525,0.07541666666666667,0.6,4.0,5,0.11087
2021-04-28,Utilities,0.10695999999999999,0.17826666666666666,0.6,4.0,5,0.04525
2021-04-29,Utilities,0.03612,0.1806,0.2,2.0,5,0.10695999999999999
2021-04-30,Utilities,0.197405,0.197405,1.0,10.0,5,0.03612
2021-05-03,Utilities,0.1341,0.33525,0.4,3.0,5,0.197405
2021-05-04,Utilities,0.21564,0.3594,0.6,4.0,5,0.1341
2021-05-05,Utilities,0.04424,0.07373333333333333,0.6,5.0,5,0.21564
2021-05-06,Utilities,0.0,0.0,0.2,1.0,5,0.04424
2021-05-07,Utilities,0.11383999999999998,0.1897333333333333,0.6,4.0,5,0.0
2021-05-10,Utilities,0.3546714285714286,0.4433392857142857,0.8,10.0,5,0.11383999999999998
2021-05-11,Utilities,0.0,,0.0,0.0,5,0.3546714285714286
2021-05-12,Utilities,0.21932000000000001,0.3655333333333333,0.6,4.0,5,0.0
2021-05-13,Utilities,0.07636,0.1909,0.4,2.0,5,0.21932000000000001
2021-05-14,Utilities,0.10212000000000002,0.5106,0.2,1.0,5,0.07636
2021-05-17,Utilities,0.05464,0.1366,0.4,3.0,5,0.10212000000000002
2021-05-18,Utilities,0.07224,0.1806,0.4,2.0,5,0.05464
2021-05-19,Utilities,0.13816,0.6908,0.2,1.0,5,0.07224
2021-05-20,Utilities,0.19335,0.19335,1.0,7.0,5,0.13816
2021-05-21,Utilities,0.12738,0.21230000000000002,0.6,3.0,5,0.19335
2021-05-24,Utilities,0.16821999999999998,0.28036666666666665,0.6,5.0,5,0.12738
2021-05-25,Utilities,0.05464,0.2732,0.2,1.0,5,0.16821999999999998
2021-05-26,Utilities,0.0743,0.3715,0.2,2.0,5,0.05464
2021-05-27,Utilities,0.14538,0.36345,0.4,2.0,5,0.0743
2021-05-28,Utilities,0.05464,0.2732,0.2,2.0,5,0.14538
2021-06-01,Utilities,0.12061,0.20101666666666665,0.6,4.0,5,0.05464
2021-06-02,Utilities,0.26078,0.43463333333333337,0.6,3.0,5,0.12061
2021-06-03,Utilities,0.0,0.0,0.8,5.0,5,0.26078
2021-06-04,Utilities,0.12493000000000001,0.62465,0.2,2.0,5,0.0
2021-06-07,Utilities,0.0,,0.0,0.0,5,0.12493000000000001
2021-06-08,Utilities,0.12498000000000001,0.2083,0.6,5.0,5,0.0
2021-06-09,Utilities,0.05464,0.1366,0.4,2.0,5,0.12498000000000001
2021-06-10,Utilities,0.0,0.0,0.2,1.0,5,0.05464
2021-06-11,Utilities,0.0,0.0,0.4,2.0,5,0.0
2021-06-14,Utilities,0.141205,0.23534166666666667,0.6,7.0,5,0.0
2021-06-15,Utilities,0.12498000000000001,0.6249,0.2,1.0,5,0.141205
2021-06-16,Utilities,0.0,0.0,0.4,2.0,5,0.12498000000000001
2021-06-17,Utilities,0.08038,0.4019,0.2,1.0,5,0.0
2021-06-18,Utilities,0.0,0.0,0.2,1.0,5,0.08038
2021-06-21,Utilities,0.10058166666666665,0.12572708333333332,0.8,9.0,5,0.0
2021-06-22,Utilities,0.0,,0.0,0.0,5,0.10058166666666665
2021-06-23,Utilities,-0.05519,-0.13797500000000001,0.4,3.0,5,0.0
2021-06-24,Utilities,0.21954,0.5488500000000001,0.4,3.0,5,-0.05519
2021-06-25,Utilities,0.14192,0.7096,0.2,1.0,5,0.21954
2021-06-28,Utilities,0.20499,0.34165,0.6,4.0,5,0.14192
2021-06-29,Utilities,0.1775,0.29583333333333334,0.6,3.0,5,0.20499
2021-06-30,Utilities,0.04939,0.24695,0.2,2.0,5,0.1775
2021-07-01,Utilities,0.02732,0.1366,0.2,2.0,5,0.04939
2021-07-02,Utilities,0.05464,0.2732,0.2,1.0,5,0.02732
2021-07-06,Utilities,0.08856,0.2214,0.4,3.0,5,0.05464
2021-07-07,Utilities,0.059199999999999996,0.296,0.2,1.0,5,0.08856
2021-07-08,Utilities,0.12696999999999997,0.6348499999999999,0.2,2.0,5,0.059199999999999996
2021-07-09,Utilities,0.02732,0.1366,0.2,2.0,5,0.12696999999999997
2021-07-12,Utilities,0.03642666666666667,0.09106666666666667,0.4,6.0,5,0.02732
2021-07-13,Utilities,0.04182,0.10455,0.4,2.0,5,0.03642666666666667
2021-07-14,Utilities,0.068,0.34,0.2,1.0,5,0.04182
2021-07-15,Utilities,-0.06364,-0.3182,0.2,1.0,5,0.068
2021-07-16,Utilities,0.19391,0.3231833333333333,0.6,8.0,5,-0.06364
2021-07-19,Utilities,0.0341,0.056833333333333326,0.6,4.0,5,0.19391
2021-07-20,Utilities,0.05464,0.1366,0.4,2.0,5,0.0341
2021-07-21,Utilities,-0.03182,-0.07955,0.4,3.0,5,0.05464
2021-07-22,Utilities,0.041695,0.10423750000000001,0.4,5.0,5,-0.03182
2021-07-23,Utilities,0.12654666666666664,0.31636666666666663,0.4,4.0,5,0.041695
2021-07-26,Utilities,0.27130333333333334,0.33912916666666665,0.8,9.0,5,0.12654666666666664
2021-07-27,Utilities,0.0,0.0,0.2,1.0,5,0.27130333333333334
2021-07-28,Utilities,0.0,0.0,0.2,1.0,5,0.0
2021-07-29,Utilities,0.1349,0.22483333333333333,0.6,4.0,5,0.0
2021-07-30,Utilities,0.0,0.0,0.4,2.0,5,0.1349
2021-08-02,Utilities,-0.0511,-0.08516666666666667,0.6,5.0,5,0.0
2021-08-03,Utilities,0.0,0.0,0.2,1.0,5,-0.0511
2021-08-04,Utilities,0.02732,0.1366,0.2,2.0,5,0.0
2021-08-05,Utilities,0.17333333333333334,0.17333333333333334,1.0,7.0,5,0.02732
2021-08-06,Utilities,0.06651,0.166275,0.4,6.0,5,0.17333333333333334
2021-08-09,Utilities,0.15199000000000001,0.2533166666666667,0.6,4.0,5,0.06651
2021-08-10,Utilities,0.14616,0.2436,0.6,3.0,5,0.15199000000000001
2021-08-11,Utilities,0.02732,0.0683,0.4,3.0,5,0.14616
2021-08-12,Utilities,0.02411,0.060275,0.4,3.0,5,0.02732
2021-08-13,Utilities,0.14579999999999999,0.243,0.6,5.0,5,0.02411
2021-08-16,Utilities,0.12589,0.15736250000000002,0.8,8.0,5,0.14579999999999999
2021-08-17,Utilities,0.059199999999999996,0.296,0.2,1.0,5,0.12589
2021-08-18,Utilities,0.0,,0.0,0.0,5,0.059199999999999996
2021-08-19,Utilities,0.0,,0.0,0.0,5,0.0
2021-08-20,Utilities,0.30866,0.5144333333333333,0.6,3.0,5,0.0
2021-08-23,Utilities,-0.004159999999999997,-0.006933333333333329,0.6,5.0,5,0.30866
2021-08-24,Utilities,-0.04646666666666667,-0.07744444444444444,0.6,7.0,5,-0.004159999999999997
2021-08-25,Utilities,0.00464,0.0116,0.4,2.0,5,-0.04646666666666667
2021-08-26,Utilities,0.0,,0.0,0.0,5,0.00464
2021-08-27,Utilities,0.0,0.0,0.2,1.0,5,0.0
2021-08-30,Utilities,0.21960000000000002,0.36600000000000005,0.6,5.0,5,0.0
2021-08-31,Utilities,-0.05464,-0.1366,0.4,4.0,5,0.21960000000000002
2021-09-01,Utilities,0.10398,0.1733,0.6,5.0,5,-0.05464
2021-09-02,Utilities,0.11827999999999998,0.29569999999999996,0.4,2.0,5,0.10398
2021-09-03,Utilities,0.0,0.0,0.2,1.0,5,0.11827999999999998
2021-09-07,Utilities,0.045766666666666664,0.05720833333333333,0.8,8.0,5,0.0
2021-09-08,Utilities,0.0,0.0,0.4,2.0,5,0.045766666666666664
2021-09-09,Utilities,0.0,,0.0,0.0,5,0.0
2021-09-10,Utilities,0.1445,0.36124999999999996,0.4,3.0,5,0.0
2021-09-13,Utilities,0.04946,0.12365,0.4,4.0,5,0.1445
2021-09-14,Utilities,0.04215,0.105375,0.4,3.0,5,0.04946
2021-09-15,Utilities,0.43908,0.5488500000000001,0.8,4.0,5,0.04215
2021-09-16,Utilities,0.18250000000000002,0.3041666666666667,0.6,3.0,5,0.43908
2021-09-17,Utilities,-0.06364,-0.3182,0.2,1.0,5,0.18250000000000002
2021-09-20,Utilities,0.06789,0.16972500000000001,0.4,3.0,5,-0.06364
2021-09-21,Utilities,0.08481,0.42405,0.2,2.0,5,0.06789
2021-09-22,Utilities,0.11834,0.5917,0.2,2.0,5,0.08481
2021-09-23,Utilities,0.15151,0.37877500000000003,0.4,3.0,5,0.11834
2021-09-24,Utilities,0.0,,0.0,0.0,5,0.15151
2021-09-27,Utilities,0.24369000000000002,0.3046125,0.8,11.0,5,0.0
2021-09-28,Utilities,-0.008800000000000002,-0.01466666666666667,0.6,4.0,5,0.24369000000000002
2021-09-29,Utilities,0.052669999999999995,0.26335,0.2,2.0,5,-0.008800000000000002
2021-09-30,Utilities,-0.07981333333333333,-0.13302222222222224,0.6,6.0,5,0.052669999999999995
2021-10-01,Utilities,0.0,0.0,0.6,3.0,5,-0.07981333333333333
2021-10-04,Utilities,-0.05553333333333334,-0.13883333333333334,0.4,4.0,5,0.0
2021-10-05,Utilities,0.01366,0.0683,0.2,4.0,5,-0.05553333333333334
2021-10-06,Utilities,0.0,,0.0,0.0,5,0.01366
2021-10-07,Utilities,0.09878,0.4939,0.2,1.0,5,0.0
2021-10-08,Utilities,0.0,,0.0,0.0,5,0.09878
2021-10-11,Utilities,0.15591666666666665,0.15591666666666665,1.0,9.0,5,0.0
2021-10-12,Utilities,0.0,0.0,0.2,1.0,5,0.15591666666666665
2021-10-13,Utilities,-0.07636,-0.1909,0.4,2.0,5,0.0
2021-10-14,Utilities,-0.008579999999999999,-0.042899999999999994,0.2,2.0,5,-0.07636
2021-10-15,Utilities,0.16632,0.2772,0.6,3.0,5,-0.008579999999999999
2021-10-18,Utilities,0.0679,0.16975,0.4,3.0,5,0.16632
2021-10-19,Utilities,0.03612,0.03612,1.0,6.0,5,0.0679
2021-10-20,Utilities,0.193916,0.32319333333333333,0.6,7.0,5,0.03612
2021-10-21,Utilities,0.0,,0.0,0.0,5,0.193916
2021-10-22,Utilities,0.14152,0.3538,0.4,2.0,5,0.0
2021-10-25,Utilities,0.14616,0.3654,0.4,4.0,5,0.14152
2021-10-26,Utilities,0.05464,0.1366,0.4,2.0,5,0.14616
2021-10-27,Utilities,0.04404,0.0734,0.6,4.0,5,0.05464
2021-10-28,Utilities,-0.07631,-0.190775,0.4,4.0,5,0.04404
2021-10-29,Utilities,0.05464,0.2732,0.2,1.0,5,-0.07631
2021-11-01,Utilities,0.17616,0.2936,0.6,3.0,5,0.05464
2021-11-02,Utilities,0.0,0.0,0.4,3.0,5,0.17616
2021-11-03,Utilities,0.010870000000000008,0.01811666666666668,0.6,4.0,5,0.0
2021-11-04,Utilities,0.08977500000000001,0.149625,0.6,8.0,5,0.010870000000000008
2021-11-05,Utilities,0.0935,0.23374999999999999,0.4,4.0,5,0.08977500000000001
2021-11-08,Utilities,0.05464,0.09106666666666667,0.6,4.0,5,0.0935
2021-11-09,Utilities,-0.012599999999999995,-0.015749999999999993,0.8,5.0,5,0.05464
2021-11-10,Utilities,0.0,0.0,0.4,3.0,5,-0.012599999999999995
2021-11-11,Utilities,-0.00258,-0.0043,0.6,4.0,5,0.0
2021-11-12,Utilities,0.0843,0.4215,0.2,1.0,5,-0.00258
2021-11-15,Utilities,0.31565,0.5260833333333333,0.6,4.0,5,0.0843
2021-11-16,Utilities,0.04526,0.11315,0.4,2.0,5,0.31565
2021-11-17,Utilities,0.12738,0.31845,0.4,2.0,5,0.04526
2021-11-18,Utilities,0.059199999999999996,0.09866666666666667,0.6,3.0,5,0.12738
2021-11-19,Utilities,0.11717999999999999,0.29295,0.4,2.0,5,0.059199999999999996
2021-11-22,Utilities,0.10234666666666666,0.17057777777777774,0.6,6.0,5,0.11717999999999999
2021-11-23,Utilities,0.0,0.0,0.2,1.0,5,0.10234666666666666
2021-11-24,Utilities,0.068,0.34,0.2,1.0,5,0.0
2021-11-26,Utilities,0.0,,0.0,0.0,5,0.068
2021-11-29,Utilities,0.04755,0.23775000000000002,0.2,4.0,5,0.0
2021-11-30,Utilities,0.11713,0.292825,0.4,4.0,5,0.04755
2021-12-01,Utilities,0.02732,0.045533333333333335,0.6,4.0,5,0.11713
2021-12-02,Utilities,0.0,0.0,0.2,1.0,5,0.02732
2021-12-03,Utilities,0.16612,0.4153,0.4,3.0,5,0.0
2021-12-06,Utilities,0.15674,0.2612333333333333,0.6,3.0,5,0.16612
2021-12-07,Utilities,0.16999,0.424975,0.4,3.0,5,0.15674
2021-12-08,Utilities,-0.05464,-0.2732,0.2,1.0,5,0.16999
2021-12-09,Utilities,0.0,,0.0,0.0,5,-0.05464
2021-12-10,Utilities,0.059199999999999996,0.296,0.2,1.0,5,0.0
2021-12-13,Utilities,0.14066,0.35165,0.4,4.0,5,0.059199999999999996
2021-12-14,Utilities,0.1089,0.1815,0.6,3.0,5,0.14066
2021-12-15,Utilities,0.05464,0.09106666666666667,0.6,3.0,5,0.1089
2021-12-16,Utilities,0.0,0.0,0.4,2.0,5,0.05464
2021-12-17,Utilities,0.0,0.0,0.8,4.0,5,0.0
2021-12-20,Utilities,0.17284000000000002,0.2880666666666667,0.6,4.0,5,0.0
2021-12-21,Utilities,0.23176000000000002,0.5794,0.4,2.0,5,0.17284000000000002
2021-12-22,Utilities,0.0,0.0,0.2,1.0,5,0.23176000000000002
2021-12-23,Utilities,0.09152,0.4576,0.2,1.0,5,0.0
2021-12-27,Utilities,-0.02023,-0.10115,0.2,2.0,5,0.09152
2021-12-28,Utilities,-0.00633999999999999,-0.01056666666666665,0.6,3.0,5,-0.02023
2021-12-29,Utilities,0.13183000000000003,0.2197166666666667,0.6,4.0,5,-0.00633999999999999
2021-12-30,Utilities,0.17163,0.429075,0.4,3.0,5,0.13183000000000003
2021-12-31,Utilities,0.05464,0.1366,0.4,3.0,5,0.17163
2022-01-03,Utilities,0.045270000000000005,0.07545,0.6,5.0,5,0.05464
2022-01-04,Utilities,0.20779999999999998,0.20779999999999998,1.0,5.0,5,0.045270000000000005
2022-01-05,Utilities,0.08158000000000001,0.20395000000000002,0.4,2.0,5,0.20779999999999998
2022-01-06,Utilities,0.059199999999999996,0.296,0.2,1.0,5,0.08158000000000001
2022-01-07,Utilities,0.08928,0.14880000000000002,0.6,3.0,5,0.059199999999999996
2022-01-10,Utilities,0.33099,0.41373750000000004,0.8,8.0,5,0.08928
2022-01-11,Utilities,0.059199999999999996,0.148,0.4,2.0,5,0.33099
2022-01-12,Utilities,0.0,0.0,0.2,1.0,5,0.059199999999999996
2022-01-13,Utilities,0.15829,0.26381666666666664,0.6,4.0,5,0.0
2022-01-14,Utilities,0.10338,0.129225,0.8,6.0,5,0.15829
2022-01-18,Utilities,0.3897533333333333,0.3897533333333333,1.0,9.0,5,0.10338
2022-01-19,Utilities,0.16765666666666668,0.16765666666666668,1.0,9.0,5,0.3897533333333333
2022-01-20,Utilities,0.30875,0.38593750000000004,0.8,5.0,5,0.16765666666666668
2022-01-21,Utilities,0.20318,0.20318,1.0,9.0,5,0.30875
2022-01-24,Utilities,0.036655,0.06109166666666666,0.6,6.0,5,0.20318
2022-01-25,Utilities,0.2755333333333333,0.34441666666666665,0.8,16.0,5,0.036655
2022-01-26,Utilities,0.18020999999999998,0.30034999999999995,0.6,4.0,5,0.2755333333333333
2022-01-27,Utilities,0.30990666666666666,0.38738333333333336,0.8,7.0,5,0.18020999999999998
2022-01-28,Utilities,0.2271266666666667,0.2271266666666667,1.0,7.0,5,0.30990666666666666
2022-01-31,Utilities,0.1405,0.175625,0.8,11.0,5,0.2271266666666667
2022-02-01,Utilities,0.30168000000000006,0.37710000000000005,0.8,9.0,5,0.1405
2022-02-02,Utilities,0.15904000000000001,0.2650666666666667,0.6,5.0,5,0.30168000000000006
2022-02-03,Utilities,0.32608000000000004,0.4076,0.8,6.0,5,0.15904000000000001
2022-02-04,Utilities,0.27126666666666666,0.33908333333333335,0.8,10.0,5,0.32608000000000004
2022-02-07,Utilities,0.14033333333333334,0.14033333333333334,1.0,11.0,5,0.27126666666666666
2022-02-08,Utilities,0.15626,0.26043333333333335,0.6,7.0,5,0.14033333333333334
2022-02-09,Utilities,0.20698000000000003,0.3449666666666667,0.6,6.0,5,0.15626
2022-02-10,Utilities,0.24584200000000003,0.24584200000000003,1.0,13.0,5,0.20698000000000003
2022-02-11,Utilities,0.147532,0.147532,1.0,9.0,5,0.24584200000000003
2022-02-14,Utilities,0.24825999999999998,0.24825999999999998,1.0,10.0,5,0.147532
2022-02-15,Utilities,0.2973,0.2973,1.0,7.0,5,0.24825999999999998
2022-02-16,Utilities,0.12082666666666667,0.15103333333333332,0.8,6.0,5,0.2973
2022-02-17,Utilities,0.15680333333333335,0.15680333333333335,1.0,12.0,5,0.12082666666666667
2022-02-18,Utilities,0.01366,0.017075,0.8,8.0,5,0.15680333333333335
2022-02-22,Utilities,0.053558666666666664,0.053558666666666664,1.0,19.0,5,0.01366
2022-02-23,Utilities,0.057573333333333344,0.09595555555555557,0.6,10.0,5,0.053558666666666664
2022-02-24,Utilities,0.07551333333333335,0.09439166666666668,0.8,8.0,5,0.057573333333333344
2022-02-25,Utilities,0.06364,0.1591,0.4,2.0,5,0.07551333333333335
2022-02-28,Utilities,0.16144333333333333,0.2690722222222222,0.6,8.0,5,0.06364
2022-03-01,Utilities,0.19787333333333335,0.24734166666666668,0.8,7.0,5,0.16144333333333333
2022-03-02,Utilities,0.0,0.0,0.4,2.0,5,0.19787333333333335
2022-03-03,Utilities,-0.06364,-0.1591,0.4,2.0,5,0.0
2022-03-04,Utilities,0.15630666666666668,0.19538333333333335,0.8,7.0,5,-0.06364
2022-03-07,Utilities,0.131465,0.21910833333333332,0.6,6.0,5,0.15630666666666668
2022-03-08,Utilities,0.023079999999999996,0.05769999999999999,0.4,3.0,5,0.131465
2022-03-09,Utilities,0.007089999999999999,0.035449999999999995,0.2,2.0,5,0.023079999999999996
2022-03-10,Utilities,0.062360000000000006,0.062360000000000006,1.0,7.0,5,0.007089999999999999
2022-03-11,Utilities,0.11148,0.5574,0.2,1.0,5,0.062360000000000006
2022-03-14,Utilities,0.061453333333333325,0.07681666666666666,0.8,7.0,5,0.11148
2022-03-15,Utilities,0.0951,0.23775000000000002,0.4,2.0,5,0.061453333333333325
2022-03-16,Utilities,0.12,0.15,0.8,6.0,5,0.0951
2022-03-17,Utilities,0.03066,0.07665,0.4,5.0,5,0.12
2022-03-18,Utilities,0.08038,0.4019,0.2,1.0,5,0.03066
2022-03-21,Utilities,0.07914,0.07914,1.0,9.0,5,0.08038
2022-03-22,Utilities,0.20644999999999997,0.516125,0.4,3.0,5,0.07914
2022-03-23,Utilities,0.05464,0.2732,0.2,1.0,5,0.20644999999999997
2022-03-24,Utilities,0.10928,0.2732,0.4,2.0,5,0.05464
2022-03-25,Utilities,0.013179999999999997,0.06589999999999999,0.2,2.0,5,0.10928
2022-03-28,Utilities,0.22599200000000003,0.37665333333333334,0.6,7.0,5,0.013179999999999997
2022-03-29,Utilities,0.040876,0.06812666666666667,0.6,7.0,5,0.22599200000000003
2022-03-30,Utilities,0.3404,0.5673333333333334,0.6,4.0,5,0.040876
2022-03-31,Utilities,0.23757,0.2969625,0.8,6.0,5,0.3404
2022-04-01,Utilities,0.07793333333333333,0.38966666666666666,0.2,3.0,5,0.23757
2022-04-04,Utilities,0.11148,0.1858,0.6,3.0,5,0.07793333333333333
2022-04-05,Utilities,0.10846,0.27115,0.4,2.0,5,0.11148
2022-04-06,Utilities,0.23135,0.38558333333333333,0.6,4.0,5,0.10846
2022-04-07,Utilities,0.10499333333333331,0.17498888888888886,0.6,5.0,5,0.23135
2022-04-08,Utilities,0.0,,0.0,0.0,5,0.10499333333333331
2022-04-11,Utilities,0.15318,0.2553,0.6,4.0,5,0.0
2022-04-12,Utilities,0.2279,0.284875,0.8,4.0,5,0.15318
2022-04-13,Utilities,0.07224,0.3612,0.2,1.0,5,0.2279
2022-04-14,Utilities,0.09022,0.22555,0.4,2.0,5,0.07224
2022-04-18,Utilities,0.09562,0.23904999999999998,0.4,5.0,5,0.09022
2022-04-19,Utilities,0.15676,0.2612666666666667,0.6,3.0,5,0.09562
2022-04-20,Utilities,0.00516,0.0129,0.4,2.0,5,0.15676
2022-04-21,Utilities,0.16344333333333333,0.16344333333333333,1.0,18.0,5,0.00516
2022-04-22,Utilities,0.13824533333333333,0.13824533333333333,1.0,13.0,5,0.16344333333333333
2022-04-25,Utilities,0.196335,0.24541875000000002,0.8,13.0,5,0.13824533333333333
2022-04-26,Utilities,0.28776,0.3597,0.8,4.0,5,0.196335
2022-04-27,Utilities,0.03858,0.06430000000000001,0.6,6.0,5,0.28776
2022-04-28,Utilities,0.23590166666666668,0.23590166666666668,1.0,23.0,5,0.03858
2022-04-29,Utilities,0.18022666666666667,0.3003777777777778,0.6,9.0,5,0.23590166666666668
2022-05-02,Utilities,0.11643466666666666,0.19405777777777777,0.6,12.0,5,0.18022666666666667
2022-05-03,Utilities,0.3642466666666667,0.3642466666666667,1.0,10.0,5,0.11643466666666666
2022-05-04,Utilities,0.09777904761904763,0.1629650793650794,0.6,11.0,5,0.3642466666666667
2022-05-05,Utilities,0.12668666666666667,0.12668666666666667,1.0,19.0,5,0.09777904761904763
2022-05-06,Utilities,0.07384900000000001,0.09231125000000001,0.8,14.0,5,0.12668666666666667
2022-05-09,Utilities,0.09598,0.119975,0.8,12.0,5,0.07384900000000001
2022-05-10,Utilities,0.0,0.0,0.2,1.0,5,0.09598
2022-05-11,Utilities,0.10533999999999999,0.17556666666666665,0.6,5.0,5,0.0
2022-05-12,Utilities,0.004685000000000002,0.007808333333333336,0.6,6.0,5,0.10533999999999999
2022-05-13,Utilities,0.13271,0.331775,0.4,4.0,5,0.004685000000000002
2022-05-16,Utilities,0.10928,0.2732,0.4,2.0,5,0.13271
2022-05-17,Utilities,0.31205999999999995,0.31205999999999995,1.0,5.0,5,0.10928
2022-05-18,Utilities,0.0,0.0,0.4,2.0,5,0.31205999999999995
2022-05-19,Utilities,0.11063,0.276575,0.4,3.0,5,0.0
2022-05-20,Utilities,0.039828333333333334,0.06638055555555555,0.6,9.0,5,0.11063
2022-05-23,Utilities,0.15509,0.1938625,0.8,8.0,5,0.039828333333333334
2022-05-24,Utilities,0.084095,0.21023750000000002,0.4,5.0,5,0.15509
2022-05-25,Utilities,0.10928,0.18213333333333334,0.6,4.0,5,0.084095
2022-05-26,Utilities,0.06777999999999999,0.16945,0.4,3.0,5,0.10928
2022-05-27,Utilities,0.07636,0.3818,0.2,1.0,5,0.06777999999999999
2022-05-31,Utilities,0.21101166666666668,0.21101166666666668,1.0,10.0,5,0.07636
2022-06-01,Utilities,0.34697,0.4337125,0.8,6.0,5,0.21101166666666668
2022-06-02,Utilities,0.2118,0.5295,0.4,3.0,5,0.34697
2022-06-03,Utilities,0.10887,0.18145,0.6,6.0,5,0.2118
2022-06-06,Utilities,0.08502666666666667,0.1417111111111111,0.6,6.0,5,0.10887
2022-06-07,Utilities,0.16316,0.20395,0.8,5.0,5,0.08502666666666667
2022-06-08,Utilities,0.19480000000000003,0.3246666666666667,0.6,3.0,5,0.16316
2022-06-09,Utilities,0.10734666666666666,0.10734666666666666,1.0,11.0,5,0.19480000000000003
2022-06-10,Utilities,0.22898000000000002,0.286225,0.8,8.0,5,0.10734666666666666
2022-06-13,Utilities,0.12030999999999999,0.12030999999999999,1.0,11.0,5,0.22898000000000002
2022-06-14,Utilities,0.09343000000000001,0.1557166666666667,0.6,8.0,5,0.12030999999999999
2022-06-15,Utilities,0.0,0.0,0.6,4.0,5,0.09343000000000001
2022-06-16,Utilities,0.03946000000000001,0.03946000000000001,1.0,9.0,5,0.0
2022-06-17,Utilities,0.1525,0.1525,1.0,6.0,5,0.03946000000000001
2022-06-21,Utilities,0.10598,0.17663333333333334,0.6,7.0,5,0.1525
2022-06-22,Utilities,0.3825033333333333,0.3825033333333333,1.0,11.0,5,0.10598
2022-06-23,Utilities,0.153,0.255,0.6,6.0,5,0.3825033333333333
2022-06-24,Utilities,0.06364,0.1591,0.4,2.0,5,0.153
2022-06-27,Utilities,0.06544000000000001,0.16360000000000002,0.4,9.0,5,0.06364
2022-06-28,Utilities,0.15372333333333335,0.19215416666666668,0.8,7.0,5,0.06544000000000001
2022-06-29,Utilities,0.15225999999999998,0.19032499999999997,0.8,8.0,5,0.15372333333333335
2022-06-30,Utilities,0.14246,0.14246,1.0,6.0,5,0.15225999999999998
2022-07-01,Utilities,-0.03318,-0.055299999999999995,0.6,4.0,5,0.14246
2022-07-05,Utilities,0.16784,0.27973333333333333,0.6,7.0,5,-0.03318
2022-07-06,Utilities,0.24192,0.4032,0.6,4.0,5,0.16784
2022-07-07,Utilities,0.26877,0.44795,0.6,4.0,5,0.24192
2022-07-08,Utilities,0.13102666666666668,0.16378333333333334,0.8,7.0,5,0.26877
2022-07-11,Utilities,0.12399333333333333,0.15499166666666667,0.8,7.0,5,0.13102666666666668
2022-07-12,Utilities,0.0,,0.0,0.0,5,0.12399333333333333
2022-07-13,Utilities,0.08038,0.13396666666666665,0.6,3.0,5,0.0
2022-07-14,Utilities,0.06539,0.10898333333333333,0.6,6.0,5,0.08038
2022-07-15,Utilities,0.17647200000000002,0.29412,0.6,8.0,5,0.06539
2022-07-18,Utilities,0.21922533333333333,0.21922533333333333,1.0,13.0,5,0.17647200000000002
2022-07-19,Utilities,0.19366333333333335,0.24207916666666668,0.8,7.0,5,0.21922533333333333
2022-07-20,Utilities,0.0743,0.092875,0.8,6.0,5,0.19366333333333335
2022-07-21,Utilities,0.0866,0.10825,0.8,5.0,5,0.0743
2022-07-22,Utilities,0.226335,0.226335,1.0,13.0,5,0.0866
2022-07-25,Utilities,0.11213,0.18688333333333332,0.6,8.0,5,0.226335
2022-07-26,Utilities,0.19828800000000002,0.19828800000000002,1.0,12.0,5,0.11213
2022-07-27,Utilities,0.21804,0.21804,1.0,10.0,5,0.19828800000000002
2022-07-28,Utilities,0.2765885714285714,0.2765885714285714,1.0,18.0,5,0.21804
2022-07-29,Utilities,0.31675000000000003,0.31675000000000003,1.0,12.0,5,0.2765885714285714
2022-08-01,Utilities,0.09072,0.1512,0.6,8.0,5,0.31675000000000003
2022-08-02,Utilities,0.068855,0.1721375,0.4,6.0,5,0.09072
2022-08-03,Utilities,0.20356000000000005,0.20356000000000005,1.0,17.0,5,0.068855
2022-08-04,Utilities,0.25571571428571427,0.25571571428571427,1.0,19.0,5,0.20356000000000005
2022-08-05,Utilities,0.14240666666666665,0.17800833333333332,0.8,16.0,5,0.25571571428571427
2022-08-08,Utilities,0.16260200000000002,0.20325250000000003,0.8,14.0,5,0.14240666666666665
2022-08-09,Utilities,0.108384,0.13548,0.8,9.0,5,0.16260200000000002
2022-08-10,Utilities,0.25350666666666666,0.25350666666666666,1.0,10.0,5,0.108384
2022-08-11,Utilities,-0.008853333333333338,-0.022133333333333345,0.4,5.0,5,0.25350666666666666
2022-08-12,Utilities,0.08272,0.4136,0.2,2.0,5,-0.008853333333333338
2022-08-15,Utilities,0.18165,0.2270625,0.8,7.0,5,0.08272
2022-08-16,Utilities,0.104555,0.13069375,0.8,11.0,5,0.18165
2022-08-17,Utilities,0.23064,0.3844,0.6,3.0,5,0.104555
2022-08-18,Utilities,0.19779,0.32965,0.6,6.0,5,0.23064
2022-08-19,Utilities,0.056679999999999994,0.09446666666666666,0.6,6.0,5,0.19779
2022-08-22,Utilities,0.24335333333333337,0.3041916666666667,0.8,6.0,5,0.056679999999999994
2022-08-23,Utilities,0.0407,0.050875000000000004,0.8,5.0,5,0.24335333333333337
2022-08-24,Utilities,0.15559,0.388975,0.4,3.0,5,0.0407
2022-08-25,Utilities,0.09844800000000001,0.24612,0.4,6.0,5,0.15559
2022-08-26,Utilities,0.08196,0.2049,0.4,3.0,5,0.09844800000000001
2022-08-29,Utilities,0.2883,0.360375,0.8,5.0,5,0.08196
2022-08-30,Utilities,0.0354,0.04425,0.8,7.0,5,0.2883
2022-08-31,Utilities,0.13264,0.22106666666666666,0.6,5.0,5,0.0354
2022-09-01,Utilities,0.11444000000000001,0.11444000000000001,1.0,8.0,5,0.13264
2022-09-02,Utilities,0.07584666666666666,0.1264111111111111,0.6,5.0,5,0.11444000000000001
2022-09-06,Utilities,0.21678999999999998,0.2709875,0.8,7.0,5,0.07584666666666666
2022-09-07,Utilities,0.19389,0.19389,1.0,9.0,5,0.21678999999999998
2022-09-08,Utilities,0.15284333333333336,0.15284333333333336,1.0,9.0,5,0.19389
2022-09-09,Utilities,0.24855,0.3106875,0.8,8.0,5,0.15284333333333336
2022-09-12,Utilities,0.19197333333333333,0.23996666666666666,0.8,11.0,5,0.24855
2022-09-13,Utilities,0.00516,0.0086,0.6,3.0,5,0.19197333333333333
2022-09-14,Utilities,0.19888,0.3314666666666667,0.6,4.0,5,0.00516
2022-09-15,Utilities,0.29800166666666666,0.29800166666666666,1.0,14.0,5,0.19888
2022-09-16,Utilities,0.3941733333333333,0.3941733333333333,1.0,8.0,5,0.29800166666666666
2022-09-19,Utilities,0.136476,0.22746,0.6,8.0,5,0.3941733333333333
2022-09-20,Utilities,0.06808,0.0851,0.8,6.0,5,0.136476
2022-09-21,Utilities,0.19994,0.49985,0.4,2.0,5,0.06808
2022-09-22,Utilities,0.11435166666666667,0.14293958333333334,0.8,14.0,5,0.19994
2022-09-23,Utilities,0.11891,0.19818333333333335,0.6,5.0,5,0.11435166666666667
2022-09-26,Utilities,0.5775600000000001,0.5775600000000001,1.0,11.0,5,0.11891
2022-09-27,Utilities,0.07487,0.12478333333333334,0.6,6.0,5,0.5775600000000001
2022-09-28,Utilities,-0.04951666666666665,-0.04951666666666665,1.0,10.0,5,0.07487
2022-09-29,Utilities,0.07636,0.3818,0.2,1.0,5,-0.04951666666666665
2022-09-30,Utilities,0.011859999999999999,0.0593,0.2,3.0,5,0.07636
2022-10-03,Utilities,0.06577999999999999,0.08222499999999999,0.8,7.0,5,0.011859999999999999
2022-10-04,Utilities,0.09498499999999999,0.11873124999999998,0.8,10.0,5,0.06577999999999999
2022-10-05,Utilities,0.22012,0.22012,1.0,7.0,5,0.09498499999999999
2022-10-06,Utilities,0.09963,0.1245375,0.8,7.0,5,0.22012
2022-10-07,Utilities,0.3537833333333333,0.3537833333333333,1.0,8.0,5,0.09963
2022-10-10,Utilities,0.18292000000000003,0.45730000000000004,0.4,3.0,5,0.3537833333333333
2022-10-11,Utilities,0.16333999999999999,0.2722333333333333,0.6,3.0,5,0.18292000000000003
2022-10-12,Utilities,0.01366,0.022766666666666668,0.6,6.0,5,0.16333999999999999
2022-10-13,Utilities,0.05464,0.1366,0.4,2.0,5,0.01366
2022-10-14,Utilities,0.19616000000000003,0.24520000000000003,0.8,6.0,5,0.05464
2022-10-17,Utilities,-0.09354,-0.09354,1.0,9.0,5,0.19616000000000003
2022-10-18,Utilities,0.25529999999999997,0.4255,0.6,3.0,5,-0.09354
2022-10-19,Utilities,-0.004033333333333333,-0.0050416666666666665,0.8,6.0,5,0.25529999999999997
2022-10-20,Utilities,0.12504666666666667,0.12504666666666667,1.0,8.0,5,-0.004033333333333333
2022-10-21,Utilities,0.154305,0.154305,1.0,12.0,5,0.12504666666666667
2022-10-24,Utilities,0.22194000000000003,0.22194000000000003,1.0,8.0,5,0.154305
2022-10-25,Utilities,0.15389333333333335,0.19236666666666669,0.8,10.0,5,0.22194000000000003
2022-10-26,Utilities,0.15272666666666668,0.19090833333333335,0.8,7.0,5,0.15389333333333335
2022-10-27,Utilities,0.03713933333333333,0.04642416666666666,0.8,15.0,5,0.15272666666666668
2022-10-28,Utilities,0.16597111111111112,0.2074638888888889,0.8,12.0,5,0.03713933333333333
2022-10-31,Utilities,0.43570666666666663,0.43570666666666663,1.0,8.0,5,0.16597111111111112
2022-11-01,Utilities,0.22296,0.5574,0.4,2.0,5,0.43570666666666663
2022-11-02,Utilities,0.23074,0.288425,0.8,6.0,5,0.22296
2022-11-03,Utilities,0.18258,0.22822499999999998,0.8,11.0,5,0.23074
2022-11-04,Utilities,0.23613600000000004,0.29517000000000004,0.8,16.0,5,0.18258
2022-11-07,Utilities,0.004706666666666667,0.004706666666666667,1.0,12.0,5,0.23613600000000004
2022-11-08,Utilities,0.11383999999999998,0.1897333333333333,0.6,3.0,5,0.004706666666666667
2022-11-09,Utilities,0.11288000000000001,0.1411,0.8,5.0,5,0.11383999999999998
2022-11-10,Utilities,0.15811,0.395275,0.4,4.0,5,0.11288000000000001
2022-11-11,Utilities,0.11735999999999999,0.11735999999999999,1.0,6.0,5,0.15811
2022-11-14,Utilities,0.056235,0.056235,1.0,12.0,5,0.11735999999999999
2022-11-15,Utilities,0.0551,0.2755,0.2,1.0,5,0.056235
2022-11-16,Utilities,0.17726999999999998,0.2215875,0.8,6.0,5,0.0551
2022-11-17,Utilities,0.0,,0.0,0.0,5,0.17726999999999998
2022-11-18,Utilities,0.063,0.07875,0.8,7.0,5,0.0
2022-11-21,Utilities,0.08793999999999999,0.109925,0.8,9.0,5,0.063
2022-11-22,Utilities,0.0,0.0,0.6,5.0,5,0.08793999999999999
2022-11-23,Utilities,0.19207999999999997,0.24009999999999998,0.8,5.0,5,0.0
2022-11-25,Utilities,0.17414000000000002,0.217675,0.8,5.0,5,0.19207999999999997
2022-11-28,Utilities,0.10212000000000002,0.2553,0.4,2.0,5,0.17414000000000002
2022-11-29,Utilities,0.10366,0.17276666666666665,0.6,5.0,5,0.10212000000000002
2022-11-30,Utilities,0.10178000000000001,0.16963333333333333,0.6,4.0,5,0.10366
2022-12-01,Utilities,0.19726000000000002,0.24657500000000002,0.8,5.0,5,0.10178000000000001
2022-12-02,Utilities,0.17018,0.42545,0.4,2.0,5,0.19726000000000002
2022-12-05,Utilities,0.166295,0.20786875,0.8,8.0,5,0.17018
2022-12-06,Utilities,-0.01531,-0.038275,0.4,3.0,5,0.166295
2022-12-07,Utilities,0.21692,0.3615333333333333,0.6,3.0,5,-0.01531
2022-12-08,Utilities,-0.04526,-0.11315,0.4,2.0,5,0.21692
2022-12-09,Utilities,0.07700666666666667,0.09625833333333333,0.8,7.0,5,-0.04526
2022-12-12,Utilities,0.24037999999999998,0.300475,0.8,6.0,5,0.07700666666666667
2022-12-13,Utilities,0.143075,0.17884375,0.8,7.0,5,0.24037999999999998
2022-12-14,Utilities,0.0,0.0,0.2,1.0,5,0.143075
2022-12-15,Utilities,0.32604,0.40754999999999997,0.8,5.0,5,0.0
2022-12-16,Utilities,0.12691000000000002,0.31727500000000003,0.4,6.0,5,0.32604
2022-12-19,Utilities,0.16788999999999998,0.27981666666666666,0.6,6.0,5,0.12691000000000002
2022-12-20,Utilities,0.34900666666666663,0.4362583333333333,0.8,8.0,5,0.16788999999999998
2022-12-21,Utilities,0.18202000000000002,0.45505,0.4,2.0,5,0.34900666666666663
2022-12-22,Utilities,0.0,0.0,0.4,2.0,5,0.18202000000000002
2022-12-23,Utilities,0.18372000000000002,0.45930000000000004,0.4,3.0,5,0.0
2022-12-27,Utilities,0.07845866666666668,0.13076444444444446,0.6,9.0,5,0.18372000000000002
2022-12-28,Utilities,0.08196,0.1366,0.6,4.0,5,0.07845866666666668
2022-12-29,Utilities,0.0060599999999999985,0.015149999999999997,0.4,2.0,5,0.08196
2022-12-30,Utilities,0.07731999999999999,0.07731999999999999,1.0,5.0,5,0.0060599999999999985
2023-01-03,Utilities,0.10846,0.135575,0.8,4.0,5,0.07731999999999999
2023-01-04,Utilities,0.15975,0.19968750000000002,0.8,8.0,5,0.10846
2023-01-05,Utilities,0.14878666666666668,0.18598333333333333,0.8,8.0,5,0.15975
2023-01-06,Utilities,0.009000000000000003,0.04500000000000001,0.2,2.0,5,0.14878666666666668
2023-01-09,Utilities,0.07377666666666667,0.07377666666666667,1.0,8.0,5,0.009000000000000003
2023-01-10,Utilities,-0.025,-0.125,0.2,2.0,5,0.07377666666666667
2023-01-11,Utilities,0.052160000000000005,0.08693333333333335,0.6,4.0,5,-0.025
2023-01-12,Utilities,0.13546666666666668,0.16933333333333334,0.8,7.0,5,0.052160000000000005
2023-01-13,Utilities,0.19448000000000001,0.32413333333333333,0.6,4.0,5,0.13546666666666668
2023-01-17,Utilities,0.17053,0.21316249999999998,0.8,8.0,5,0.19448000000000001
2023-01-18,Utilities,0.16392,0.2732,0.6,3.0,5,0.17053
2023-01-19,Utilities,0.16392,0.16392,1.0,5.0,5,0.16392
2023-01-20,Utilities,0.09038333333333333,0.15063888888888888,0.6,7.0,5,0.16392
2023-01-23,Utilities,0.20159666666666665,0.20159666666666665,1.0,12.0,5,0.09038333333333333
2023-01-24,Utilities,0.19303,0.24128750000000002,0.8,12.0,5,0.20159666666666665
2023-01-25,Utilities,0.224418,0.2805225,0.8,14.0,5,0.19303
2023-01-26,Utilities,0.16658666666666666,0.16658666666666666,1.0,14.0,5,0.224418
2023-01-27,Utilities,0.21602666666666667,0.27003333333333335,0.8,6.0,5,0.16658666666666666
2023-01-30,Utilities,0.07520000000000002,0.12533333333333335,0.6,6.0,5,0.21602666666666667
2023-01-31,Utilities,0.18501666666666666,0.23127083333333334,0.8,8.0,5,0.07520000000000002
2023-02-01,Utilities,-0.02065,-0.02065,1.0,7.0,5,0.18501666666666666
2023-02-02,Utilities,0.25961333333333336,0.3245166666666667,0.8,8.0,5,-0.02065
2023-02-03,Utilities,0.28668333333333335,0.3583541666666667,0.8,9.0,5,0.25961333333333336
2023-02-06,Utilities,0.15076666666666666,0.15076666666666666,1.0,15.0,5,0.28668333333333335
2023-02-07,Utilities,0.20113666666666666,0.2514208333333333,0.8,10.0,5,0.15076666666666666
2023-02-08,Utilities,0.15810045454545454,0.2635007575757576,0.6,18.0,5,0.20113666666666666
2023-02-09,Utilities,0.22596499999999997,0.22596499999999997,1.0,15.0,5,0.15810045454545454
2023-02-10,Utilities,0.05464,0.09106666666666667,0.6,4.0,5,0.22596499999999997
2023-02-13,Utilities,0.18279666666666666,0.22849583333333334,0.8,9.0,5,0.05464
2023-02-14,Utilities,0.21013600000000002,0.21013600000000002,1.0,11.0,5,0.18279666666666666
2023-02-15,Utilities,0.17741999999999997,0.22177499999999997,0.8,5.0,5,0.21013600000000002
2023-02-16,Utilities,0.20209166666666664,0.2526145833333333,0.8,16.0,5,0.17741999999999997
2023-02-17,Utilities,0.11326666666666667,0.14158333333333334,0.8,10.0,5,0.20209166666666664
2023-02-21,Utilities,0.08508111111111112,0.08508111111111112,1.0,18.0,5,0.11326666666666667
2023-02-22,Utilities,0.10825,0.18041666666666667,0.6,7.0,5,0.08508111111111112
2023-02-23,Utilities,0.13491066666666668,0.16863833333333333,0.8,12.0,5,0.10825
2023-02-24,Utilities,0.137828,0.17228500000000002,0.8,10.0,5,0.13491066666666668
2023-02-27,Utilities,0.191822,0.191822,1.0,12.0,5,0.137828
2023-02-28,Utilities,0.18202000000000002,0.227525,0.8,5.0,5,0.191822
2023-03-01,Utilities,0.2122,0.35366666666666663,0.6,4.0,5,0.18202000000000002
2023-03-02,Utilities,0.05464,0.09106666666666667,0.6,3.0,5,0.2122
2023-03-03,Utilities,0.020780000000000003,0.03463333333333334,0.6,3.0,5,0.05464
2023-03-06,Utilities,0.10745,0.1343125,0.8,9.0,5,0.020780000000000003
2023-03-07,Utilities,0.08139666666666667,0.08139666666666667,1.0,13.0,5,0.10745
2023-03-08,Utilities,-0.007350000000000007,-0.018375000000000016,0.4,5.0,5,0.08139666666666667
2023-03-09,Utilities,0.03182,0.07955,0.4,3.0,5,-0.007350000000000007
2023-03-10,Utilities,0.22115666666666667,0.27644583333333334,0.8,7.0,5,0.03182
2023-03-13,Utilities,0.130795,0.3269875,0.4,5.0,5,0.22115666666666667
2023-03-14,Utilities,-0.002426666666666666,-0.004044444444444443,0.6,5.0,5,0.130795
2023-03-15,Utilities,0.23237500000000005,0.29046875000000005,0.8,9.0,5,-0.002426666666666666
2023-03-16,Utilities,0.1459,0.1459,1.0,9.0,5,0.23237500000000005
2023-03-17,Utilities,0.18417666666666666,0.23022083333333332,0.8,11.0,5,0.1459
2023-03-20,Utilities,0.10989333333333333,0.13736666666666666,0.8,10.0,5,0.18417666666666666
2023-03-21,Utilities,0.19539,0.2442375,0.8,5.0,5,0.10989333333333333
2023-03-22,Utilities,0.03642666666666667,0.045533333333333335,0.8,8.0,5,0.19539
2023-03-23,Utilities,0.085,0.10625000000000001,0.8,7.0,5,0.03642666666666667
2023-03-24,Utilities,0.14006000000000002,0.35015,0.4,2.0,5,0.085
2023-03-27,Utilities,0.075955,0.09494375,0.8,7.0,5,0.14006000000000002
2023-03-28,Utilities,0.318075,0.39759374999999997,0.8,7.0,5,0.075955
2023-03-29,Utilities,0.05637000000000001,0.07046250000000001,0.8,8.0,5,0.318075
2023-03-30,Utilities,0.22937000000000002,0.28671250000000004,0.8,5.0,5,0.05637000000000001
2023-03-31,Utilities,0.08556666666666667,0.1426111111111111,0.6,8.0,5,0.22937000000000002
2023-04-03,Utilities,0.24288499999999996,0.30360624999999997,0.8,8.0,5,0.08556666666666667
2023-04-04,Utilities,0.14489666666666667,0.18112083333333334,0.8,7.0,5,0.24288499999999996
2023-04-05,Utilities,0.05423,0.135575,0.4,5.0,5,0.14489666666666667
2023-04-06,Utilities,0.33824,0.4228,0.8,6.0,5,0.05423
2023-04-10,Utilities,0.186084,0.31014,0.6,7.0,5,0.33824
2023-04-11,Utilities,0.11038,0.11038,1.0,7.0,5,0.186084
2023-04-12,Utilities,0.1857066666666667,0.3095111111111111,0.6,5.0,5,0.11038
2023-04-13,Utilities,0.144018,0.1800225,0.8,9.0,5,0.1857066666666667
2023-04-14,Utilities,0.14492333333333335,0.14492333333333335,1.0,8.0,5,0.144018
2023-04-17,Utilities,0.089345,0.11168125,0.8,10.0,5,0.14492333333333335
2023-04-18,Utilities,0.10065266666666668,0.10065266666666668,1.0,14.0,5,0.089345
2023-04-19,Utilities,0.27201333333333333,0.27201333333333333,1.0,8.0,5,0.10065266666666668
2023-04-20,Utilities,0.11793066666666667,0.11793066666666667,1.0,12.0,5,0.27201333333333333
2023-04-21,Utilities,0.0,0.0,0.6,5.0,5,0.11793066666666667
2023-04-24,Utilities,0.059515384615384616,0.07439423076923077,0.8,18.0,5,0.0
2023-04-25,Utilities,0.15317714285714285,0.15317714285714285,1.0,13.0,5,0.059515384615384616
2023-04-26,Utilities,0.21290095238095236,0.26612619047619046,0.8,13.0,5,0.15317714285714285
2023-04-27,Utilities,0.22373733333333332,0.22373733333333332,1.0,13.0,5,0.21290095238095236
2023-04-28,Utilities,0.11710333333333334,0.11710333333333334,1.0,14.0,5,0.22373733333333332
2023-05-01,Utilities,0.037410000000000006,0.037410000000000006,1.0,13.0,5,0.11710333333333334
2023-05-02,Utilities,0.1708933333333333,0.21361666666666665,0.8,9.0,5,0.037410000000000006
2023-05-03,Utilities,0.28752,0.28752,1.0,10.0,5,0.1708933333333333
2023-05-04,Utilities,0.06549999999999999,0.10916666666666665,0.6,13.0,5,0.28752
2023-05-05,Utilities,0.14708333333333332,0.18385416666666665,0.8,11.0,5,0.06549999999999999
2023-05-08,Utilities,0.20393333333333336,0.2549166666666667,0.8,7.0,5,0.14708333333333332
2023-05-09,Utilities,0.10372142857142856,0.1296517857142857,0.8,13.0,5,0.20393333333333336
2023-05-10,Utilities,0.19761333333333334,0.19761333333333334,1.0,9.0,5,0.10372142857142856
2023-05-11,Utilities,0.23868666666666666,0.29835833333333334,0.8,9.0,5,0.19761333333333334
2023-05-12,Utilities,0.103315,0.12914375,0.8,7.0,5,0.23868666666666666
2023-05-15,Utilities,0.21345333333333336,0.2668166666666667,0.8,6.0,5,0.103315
2023-05-16,Utilities,0.15693000000000001,0.19616250000000002,0.8,5.0,5,0.21345333333333336
2023-05-17,Utilities,0.049895,0.1247375,0.4,5.0,5,0.15693000000000001
2023-05-18,Utilities,0.10533999999999999,0.17556666666666665,0.6,3.0,5,0.049895
2023-05-19,Utilities,0.07308,0.1827,0.4,3.0,5,0.10533999999999999
2023-05-22,Utilities,0.10899999999999999,0.10899999999999999,1.0,11.0,5,0.07308
2023-05-23,Utilities,-0.07224,-0.3612,0.2,1.0,5,0.10899999999999999
2023-05-24,Utilities,0.13824,0.1728,0.8,5.0,5,-0.07224
2023-05-25,Utilities,0.029599999999999998,0.04933333333333333,0.6,5.0,5,0.13824
2023-05-26,Utilities,0.13502,0.22503333333333334,0.6,4.0,5,0.029599999999999998
2023-05-30,Utilities,0.09073333333333332,0.11341666666666665,0.8,12.0,5,0.13502
2023-05-31,Utilities,0.07782,0.3891,0.2,3.0,5,0.09073333333333332
2023-06-01,Utilities,0.20077333333333333,0.20077333333333333,1.0,11.0,5,0.07782
2023-06-02,Utilities,0.14616,0.2436,0.6,3.0,5,0.20077333333333333
2023-06-05,Utilities,0.08196,0.08196,1.0,11.0,5,0.14616
2023-06-06,Utilities,0.0,,0.0,0.0,5,0.08196
2023-06-07,Utilities,0.24211,0.4035166666666667,0.6,4.0,5,0.0
2023-06-08,Utilities,0.12276799999999999,0.15345999999999999,0.8,11.0,5,0.24211
2023-06-09,Utilities,0.07666166666666667,0.09582708333333334,0.8,10.0,5,0.12276799999999999
2023-06-12,Utilities,0.13471333333333332,0.16839166666666666,0.8,7.0,5,0.07666166666666667
2023-06-13,Utilities,0.06226133333333335,0.07782666666666668,0.8,10.0,5,0.13471333333333332
2023-06-14,Utilities,0.16358333333333333,0.4089583333333333,0.4,7.0,5,0.06226133333333335
2023-06-15,Utilities,-0.025,-0.041666666666666664,0.6,4.0,5,0.16358333333333333
2023-06-16,Utilities,0.20981999999999998,0.34969999999999996,0.6,4.0,5,-0.025
2023-06-20,Utilities,-0.052559999999999996,-0.1314,0.4,5.0,5,0.20981999999999998
2023-06-21,Utilities,0.13095333333333334,0.21825555555555556,0.6,8.0,5,-0.052559999999999996
2023-06-22,Utilities,0.2319,0.289875,0.8,8.0,5,0.13095333333333334
2023-06-23,Utilities,0.07865666666666667,0.19664166666666666,0.4,5.0,5,0.2319
2023-06-26,Utilities,0.18896800000000002,0.3149466666666667,0.6,9.0,5,0.07865666666666667
2023-06-27,Utilities,0.23006500000000002,0.23006500000000002,1.0,12.0,5,0.18896800000000002
2023-06-28,Utilities,0.018213333333333335,0.09106666666666667,0.2,3.0,5,0.23006500000000002
2023-06-29,Utilities,0.16724,0.20905,0.8,7.0,5,0.018213333333333335
2023-06-30,Utilities,0.20631,0.20631,1.0,9.0,5,0.16724
2023-07-03,Utilities,0.11047666666666667,0.18412777777777778,0.6,6.0,5,0.20631
2023-07-05,Utilities,0.15462,0.38655,0.4,4.0,5,0.11047666666666667
2023-07-06,Utilities,0.18554533333333337,0.18554533333333337,1.0,13.0,5,0.15462
2023-07-07,Utilities,0.14570666666666668,0.24284444444444445,0.6,6.0,5,0.18554533333333337
2023-07-10,Utilities,0.11566800000000002,0.19278000000000003,0.6,7.0,5,0.14570666666666668
2023-07-11,Utilities,0.18816533333333332,0.23520666666666665,0.8,11.0,5,0.11566800000000002
2023-07-12,Utilities,0.05464,0.09106666666666667,0.6,5.0,5,0.18816533333333332
2023-07-13,Utilities,0.06904,0.0863,0.8,8.0,5,0.05464
2023-07-14,Utilities,0.11593,0.19321666666666668,0.6,8.0,5,0.06904
2023-07-17,Utilities,0.037495,0.0937375,0.4,5.0,5,0.11593
2023-07-18,Utilities,0.17104,0.28506666666666663,0.6,7.0,5,0.037495
2023-07-19,Utilities,-0.00572,-0.0143,0.4,5.0,5,0.17104
2023-07-20,Utilities,0.2292066666666667,0.38201111111111113,0.6,5.0,5,-0.00572
2023-07-21,Utilities,0.07752,0.0969,0.8,8.0,5,0.2292066666666667
2023-07-24,Utilities,0.050826666666666666,0.06353333333333333,0.8,11.0,5,0.07752
2023-07-25,Utilities,0.186216,0.186216,1.0,22.0,5,0.050826666666666666
2023-07-26,Utilities,0.29674999999999996,0.4945833333333333,0.6,4.0,5,0.186216
2023-07-27,Utilities,0.033991428571428575,0.033991428571428575,1.0,20.0,5,0.29674999999999996
2023-07-28,Utilities,0.026973333333333332,0.033716666666666666,0.8,7.0,5,0.033991428571428575
2023-07-31,Utilities,0.27928000000000003,0.3491,0.8,7.0,5,0.026973333333333332
2023-08-01,Utilities,0.052952,0.13238,0.4,6.0,5,0.27928000000000003
2023-08-02,Utilities,0.13568000000000002,0.13568000000000002,1.0,7.0,5,0.052952
2023-08-03,Utilities,0.15888833333333335,0.15888833333333335,1.0,19.0,5,0.13568000000000002
2023-08-04,Utilities,0.10666800000000001,0.10666800000000001,1.0,22.0,5,0.15888833333333335
2023-08-07,Utilities,0.22371499999999997,0.22371499999999997,1.0,8.0,5,0.10666800000000001
2023-08-08,Utilities,-0.01928777777777778,-0.04821944444444445,0.4,11.0,5,0.22371499999999997
2023-08-09,Utilities,0.15255999999999997,0.38139999999999996,0.4,3.0,5,-0.01928777777777778
2023-08-10,Utilities,0.07659,0.07659,1.0,10.0,5,0.15255999999999997
2023-08-11,Utilities,0.12215000000000001,0.20358333333333334,0.6,4.0,5,0.07659
2023-08-14,Utilities,0.1668133333333333,0.4170333333333333,0.4,4.0,5,0.12215000000000001
2023-08-15,Utilities,0.018213333333333335,0.030355555555555556,0.6,8.0,5,0.1668133333333333
2023-08-16,Utilities,0.11248,0.2812,0.4,3.0,5,0.018213333333333335
2023-08-17,Utilities,0.2660133333333333,0.3325166666666667,0.8,7.0,5,0.11248
2023-08-18,Utilities,0.11366000000000001,0.142075,0.8,6.0,5,0.2660133333333333
2023-08-21,Utilities,-0.08815999999999999,-0.08815999999999999,1.0,10.0,5,0.11366000000000001
2023-08-22,Utilities,0.0,0.0,0.8,4.0,5,-0.08815999999999999
2023-08-23,Utilities,0.100745,0.100745,1.0,14.0,5,0.0
2023-08-24,Utilities,0.08522833333333334,0.10653541666666667,0.8,11.0,5,0.100745
2023-08-25,Utilities,0.10336000000000001,0.17226666666666668,0.6,7.0,5,0.08522833333333334
2023-08-28,Utilities,0.03467666666666667,0.04334583333333333,0.8,11.0,5,0.10336000000000001
2023-08-29,Utilities,0.24779999999999996,0.30974999999999997,0.8,7.0,5,0.03467666666666667
2023-08-30,Utilities,0.11819500000000001,0.19699166666666668,0.6,6.0,5,0.24779999999999996
2023-08-31,Utilities,0.23493499999999998,0.23493499999999998,1.0,9.0,5,0.11819500000000001
2023-09-01,Utilities,0.23819000000000004,0.29773750000000004,0.8,5.0,5,0.23493499999999998
2023-09-05,Utilities,0.09990000000000002,0.1665,0.6,8.0,5,0.23819000000000004
2023-09-06,Utilities,0.2382181818181818,0.2382181818181818,1.0,15.0,5,0.09990000000000002
2023-09-07,Utilities,0.284945,0.284945,1.0,11.0,5,0.2382181818181818
2023-09-08,Utilities,0.14417666666666668,0.14417666666666668,1.0,11.0,5,0.284945
2023-09-11,Utilities,-0.11356999999999999,-0.11356999999999999,1.0,13.0,5,0.14417666666666668
2023-09-12,Utilities,0.053059999999999996,0.08843333333333332,0.6,4.0,5,-0.11356999999999999
2023-09-13,Utilities,0.13178,0.13178,1.0,9.0,5,0.053059999999999996
2023-09-14,Utilities,0.21654,0.21654,1.0,7.0,5,0.13178
2023-09-15,Utilities,0.16271,0.27118333333333333,0.6,5.0,5,0.21654
2023-09-18,Utilities,0.06950666666666667,0.11584444444444446,0.6,5.0,5,0.16271
2023-09-19,Utilities,0.22810000000000002,0.3801666666666667,0.6,4.0,5,0.06950666666666667
2023-09-20,Utilities,0.06931666666666667,0.17329166666666668,0.4,5.0,5,0.22810000000000002
2023-09-21,Utilities,0.018453333333333318,0.018453333333333318,1.0,12.0,5,0.06931666666666667
2023-09-22,Utilities,-0.01027,-0.025675,0.4,3.0,5,0.018453333333333318
2023-09-25,Utilities,0.14783333333333334,0.2463888888888889,0.6,8.0,5,-0.01027
2023-09-26,Utilities,0.22532000000000002,0.28165,0.8,8.0,5,0.14783333333333334
2023-09-27,Utilities,-0.007531333333333334,-0.007531333333333334,1.0,18.0,5,0.22532000000000002
2023-09-28,Utilities,0.05127555555555555,0.06409444444444444,0.8,13.0,5,-0.007531333333333334
2023-09-29,Utilities,0.490372,0.490372,1.0,10.0,5,0.05127555555555555
2023-10-02,Utilities,0.21872904761904763,0.21872904761904763,1.0,25.0,5,0.490372
2023-10-03,Utilities,0.18224500000000002,0.18224500000000002,1.0,10.0,5,0.21872904761904763
2023-10-04,Utilities,0.10316666666666667,0.10316666666666667,1.0,8.0,5,0.18224500000000002
2023-10-05,Utilities,0.17467166666666667,0.17467166666666667,1.0,15.0,5,0.10316666666666667
2023-10-06,Utilities,0.136568,0.17071,0.8,13.0,5,0.17467166666666667
2023-10-09,Utilities,0.004685000000000002,0.007808333333333336,0.6,8.0,5,0.136568
2023-10-10,Utilities,0.16906,0.28176666666666667,0.6,7.0,5,0.004685000000000002
2023-10-11,Utilities,0.043239999999999994,0.07206666666666665,0.6,5.0,5,0.16906
2023-10-12,Utilities,0.07370499999999999,0.09213125,0.8,7.0,5,0.043239999999999994
2023-10-13,Utilities,0.44453333333333334,0.44453333333333334,1.0,8.0,5,0.07370499999999999
2023-10-16,Utilities,0.05756,0.07195,0.8,12.0,5,0.44453333333333334
2023-10-17,Utilities,0.16008666666666665,0.20010833333333333,0.8,9.0,5,0.05756
2023-10-18,Utilities,0.051954999999999994,0.1298875,0.4,6.0,5,0.16008666666666665
2023-10-19,Utilities,0.08502,0.1417,0.6,3.0,5,0.051954999999999994
2023-10-20,Utilities,0.07499,0.187475,0.4,3.0,5,0.08502
2023-10-23,Utilities,-0.06622,-0.082775,0.8,8.0,5,0.07499
2023-10-24,Utilities,0.053515,0.08919166666666667,0.6,13.0,5,-0.06622
2023-10-25,Utilities,0.09088666666666667,0.1514777777777778,0.6,11.0,5,0.053515
2023-10-26,Utilities,0.29931142857142856,0.29931142857142856,1.0,18.0,5,0.09088666666666667
2023-10-27,Utilities,0.18636095238095235,0.31060158730158727,0.6,11.0,5,0.29931142857142856
2023-10-30,Utilities,0.033755,0.168775,0.2,4.0,5,0.18636095238095235
2023-10-31,Utilities,0.067172,0.083965,0.8,9.0,5,0.033755
2023-11-01,Utilities,0.11679333333333335,0.11679333333333335,1.0,12.0,5,0.067172
2023-11-02,Utilities,0.2586916825396825,0.2586916825396825,1.0,29.0,5,0.11679333333333335
2023-11-03,Utilities,0.044117142857142855,0.05514642857142857,0.8,16.0,5,0.2586916825396825
2023-11-06,Utilities,0.1590325,0.198790625,0.8,14.0,5,0.044117142857142855
2023-11-07,Utilities,0.19397999999999999,0.242475,0.8,5.0,5,0.1590325
2023-11-08,Utilities,0.088444,0.14740666666666666,0.6,7.0,5,0.19397999999999999
2023-11-09,Utilities,0.19117499999999998,0.318625,0.6,6.0,5,0.088444
2023-11-10,Utilities,0.156945,0.3923625,0.4,5.0,5,0.19117499999999998
2023-11-13,Utilities,0.09497333333333333,0.11871666666666666,0.8,8.0,5,0.156945
2023-11-14,Utilities,0.15672000000000003,0.39180000000000004,0.4,5.0,5,0.09497333333333333
2023-11-15,Utilities,0.0,0.0,0.4,2.0,5,0.15672000000000003
2023-11-16,Utilities,0.27994,0.27994,1.0,11.0,5,0.0
2023-11-17,Utilities,0.11305999999999998,0.14132499999999998,0.8,7.0,5,0.27994
2023-11-20,Utilities,0.02732,0.1366,0.2,2.0,5,0.11305999999999998
2023-11-21,Utilities,0.026019999999999998,0.026019999999999998,1.0,10.0,5,0.02732
2023-11-22,Utilities,0.127844,0.21307333333333334,0.6,7.0,5,0.026019999999999998
2023-11-24,Utilities,0.14172,0.17715,0.8,10.0,5,0.127844
2023-11-27,Utilities,0.094855,0.2371375,0.4,6.0,5,0.14172
2023-11-28,Utilities,0.05464,0.0683,0.8,5.0,5,0.094855
2023-11-29,Utilities,0.106975,0.17829166666666665,0.6,7.0,5,0.05464
2023-11-30,Utilities,0.20907333333333336,0.3484555555555556,0.6,7.0,5,0.106975
2023-12-01,Utilities,0.16358,0.27263333333333334,0.6,5.0,5,0.20907333333333336
2023-12-04,Utilities,0.22261999999999998,0.3710333333333333,0.6,6.0,5,0.16358
2023-12-05,Utilities,0.12248,0.1531,0.8,5.0,5,0.22261999999999998
2023-12-06,Utilities,0.14138666666666666,0.23564444444444443,0.6,5.0,5,0.12248
2023-12-07,Utilities,0.165475,0.165475,1.0,14.0,5,0.14138666666666666
2023-12-08,Utilities,0.02732,0.03415,0.8,5.0,5,0.165475
2023-12-11,Utilities,0.10922799999999999,0.10922799999999999,1.0,14.0,5,0.02732
2023-12-12,Utilities,0.06729,0.06729,1.0,8.0,5,0.10922799999999999
2023-12-13,Utilities,0.08859500000000001,0.14765833333333334,0.6,8.0,5,0.06729
2023-12-14,Utilities,0.14246799999999998,0.23744666666666667,0.6,9.0,5,0.08859500000000001
2023-12-15,Utilities,0.050506666666666665,0.08417777777777778,0.6,5.0,5,0.14246799999999998
2023-12-18,Utilities,0.15420000000000003,0.19275000000000003,0.8,5.0,5,0.050506666666666665
2023-12-19,Utilities,0.0,,0.0,0.0,5,0.15420000000000003
2023-12-20,Utilities,0.0,,0.0,0.0,5,0.0
2023-12-21,Utilities,0.0,,0.0,0.0,5,0.0
2023-12-22,Utilities,0.0,,0.0,0.0,5,0.0
2023-12-26,Utilities,0.0,,0.0,0.0,5,0.0
2023-12-27,Utilities,0.0,,0.0,0.0,5,0.0
2023-12-28,Utilities,0.0,,0.0,0.0,5,0.0
2023-12-29,Utilities,0.0,,0.0,0.0,5,0.0
